[2025-03-14 04:34:12] local.ERROR: Class "\Themes\BC\ThemeProvider" not found {"exception":"[object] (Error(code: 0): Class \"\\Themes\\BC\\ThemeProvider\" not found at /var/www/emaparking_dss/themes/ThemeServiceProvider.php:23)
[stacktrace]
#0 /var/www/emaparking_dss/vendor/laravel/framework/src/Illuminate/Container/BoundMethod.php(36): Themes\\ThemeServiceProvider->boot()
#1 /var/www/emaparking_dss/vendor/laravel/framework/src/Illuminate/Container/Util.php(41): Illuminate\\Container\\BoundMethod::Illuminate\\Container\\{closure}()
#2 /var/www/emaparking_dss/vendor/laravel/framework/src/Illuminate/Container/BoundMethod.php(93): Illuminate\\Container\\Util::unwrapIfClosure()
#3 /var/www/emaparking_dss/vendor/laravel/framework/src/Illuminate/Container/BoundMethod.php(35): Illuminate\\Container\\BoundMethod::callBoundMethod()
#4 /var/www/emaparking_dss/vendor/laravel/framework/src/Illuminate/Container/Container.php(651): Illuminate\\Container\\BoundMethod::call()
#5 /var/www/emaparking_dss/vendor/laravel/framework/src/Illuminate/Foundation/Application.php(933): Illuminate\\Container\\Container->call()
#6 /var/www/emaparking_dss/vendor/laravel/framework/src/Illuminate/Foundation/Application.php(914): Illuminate\\Foundation\\Application->bootProvider()
#7 [internal function]: Illuminate\\Foundation\\Application->Illuminate\\Foundation\\{closure}()
#8 /var/www/emaparking_dss/vendor/laravel/framework/src/Illuminate/Foundation/Application.php(913): array_walk()
#9 /var/www/emaparking_dss/vendor/laravel/framework/src/Illuminate/Foundation/Bootstrap/BootProviders.php(17): Illuminate\\Foundation\\Application->boot()
#10 /var/www/emaparking_dss/vendor/laravel/framework/src/Illuminate/Foundation/Application.php(242): Illuminate\\Foundation\\Bootstrap\\BootProviders->bootstrap()
#11 /var/www/emaparking_dss/vendor/laravel/framework/src/Illuminate/Foundation/Console/Kernel.php(383): Illuminate\\Foundation\\Application->bootstrapWith()
#12 /var/www/emaparking_dss/vendor/laravel/framework/src/Illuminate/Foundation/Console/Kernel.php(153): Illuminate\\Foundation\\Console\\Kernel->bootstrap()
#13 Command line code(1): Illuminate\\Foundation\\Console\\Kernel->handle()
#14 {main}
"} 
[2025-03-14 04:34:12] local.ERROR: Class "\Themes\BC\ThemeProvider" not found {"exception":"[object] (Error(code: 0): Class \"\\Themes\\BC\\ThemeProvider\" not found at /var/www/emaparking_dss/themes/ThemeServiceProvider.php:23)
[stacktrace]
#0 /var/www/emaparking_dss/vendor/laravel/framework/src/Illuminate/Container/BoundMethod.php(36): Themes\\ThemeServiceProvider->boot()
#1 /var/www/emaparking_dss/vendor/laravel/framework/src/Illuminate/Container/Util.php(41): Illuminate\\Container\\BoundMethod::Illuminate\\Container\\{closure}()
#2 /var/www/emaparking_dss/vendor/laravel/framework/src/Illuminate/Container/BoundMethod.php(93): Illuminate\\Container\\Util::unwrapIfClosure()
#3 /var/www/emaparking_dss/vendor/laravel/framework/src/Illuminate/Container/BoundMethod.php(35): Illuminate\\Container\\BoundMethod::callBoundMethod()
#4 /var/www/emaparking_dss/vendor/laravel/framework/src/Illuminate/Container/Container.php(651): Illuminate\\Container\\BoundMethod::call()
#5 /var/www/emaparking_dss/vendor/laravel/framework/src/Illuminate/Foundation/Application.php(933): Illuminate\\Container\\Container->call()
#6 /var/www/emaparking_dss/vendor/laravel/framework/src/Illuminate/Foundation/Application.php(914): Illuminate\\Foundation\\Application->bootProvider()
#7 [internal function]: Illuminate\\Foundation\\Application->Illuminate\\Foundation\\{closure}()
#8 /var/www/emaparking_dss/vendor/laravel/framework/src/Illuminate/Foundation/Application.php(913): array_walk()
#9 /var/www/emaparking_dss/vendor/laravel/framework/src/Illuminate/Foundation/Bootstrap/BootProviders.php(17): Illuminate\\Foundation\\Application->boot()
#10 /var/www/emaparking_dss/vendor/laravel/framework/src/Illuminate/Foundation/Application.php(242): Illuminate\\Foundation\\Bootstrap\\BootProviders->bootstrap()
#11 /var/www/emaparking_dss/vendor/laravel/framework/src/Illuminate/Foundation/Console/Kernel.php(383): Illuminate\\Foundation\\Application->bootstrapWith()
#12 /var/www/emaparking_dss/vendor/laravel/framework/src/Illuminate/Foundation/Console/Kernel.php(153): Illuminate\\Foundation\\Console\\Kernel->bootstrap()
#13 Command line code(1): Illuminate\\Foundation\\Console\\Kernel->handle()
#14 {main}
"} 
[2025-03-14 04:34:12] local.ERROR: Class "\Themes\BC\ThemeProvider" not found {"exception":"[object] (Error(code: 0): Class \"\\Themes\\BC\\ThemeProvider\" not found at /var/www/emaparking_dss/themes/ThemeServiceProvider.php:23)
[stacktrace]
#0 /var/www/emaparking_dss/vendor/laravel/framework/src/Illuminate/Container/BoundMethod.php(36): Themes\\ThemeServiceProvider->boot()
#1 /var/www/emaparking_dss/vendor/laravel/framework/src/Illuminate/Container/Util.php(41): Illuminate\\Container\\BoundMethod::Illuminate\\Container\\{closure}()
#2 /var/www/emaparking_dss/vendor/laravel/framework/src/Illuminate/Container/BoundMethod.php(93): Illuminate\\Container\\Util::unwrapIfClosure()
#3 /var/www/emaparking_dss/vendor/laravel/framework/src/Illuminate/Container/BoundMethod.php(35): Illuminate\\Container\\BoundMethod::callBoundMethod()
#4 /var/www/emaparking_dss/vendor/laravel/framework/src/Illuminate/Container/Container.php(651): Illuminate\\Container\\BoundMethod::call()
#5 /var/www/emaparking_dss/vendor/laravel/framework/src/Illuminate/Foundation/Application.php(933): Illuminate\\Container\\Container->call()
#6 /var/www/emaparking_dss/vendor/laravel/framework/src/Illuminate/Foundation/Application.php(914): Illuminate\\Foundation\\Application->bootProvider()
#7 [internal function]: Illuminate\\Foundation\\Application->Illuminate\\Foundation\\{closure}()
#8 /var/www/emaparking_dss/vendor/laravel/framework/src/Illuminate/Foundation/Application.php(913): array_walk()
#9 /var/www/emaparking_dss/vendor/laravel/framework/src/Illuminate/Foundation/Bootstrap/BootProviders.php(17): Illuminate\\Foundation\\Application->boot()
#10 /var/www/emaparking_dss/vendor/laravel/framework/src/Illuminate/Foundation/Application.php(242): Illuminate\\Foundation\\Bootstrap\\BootProviders->bootstrap()
#11 /var/www/emaparking_dss/vendor/laravel/framework/src/Illuminate/Foundation/Console/Kernel.php(383): Illuminate\\Foundation\\Application->bootstrapWith()
#12 /var/www/emaparking_dss/vendor/laravel/framework/src/Illuminate/Foundation/Console/Kernel.php(153): Illuminate\\Foundation\\Console\\Kernel->bootstrap()
#13 Command line code(1): Illuminate\\Foundation\\Console\\Kernel->handle()
#14 {main}
"} 
[2025-03-14 04:34:12] local.ERROR: Class "\Themes\BC\ThemeProvider" not found {"exception":"[object] (Error(code: 0): Class \"\\Themes\\BC\\ThemeProvider\" not found at /var/www/emaparking_dss/themes/ThemeServiceProvider.php:23)
[stacktrace]
#0 /var/www/emaparking_dss/vendor/laravel/framework/src/Illuminate/Container/BoundMethod.php(36): Themes\\ThemeServiceProvider->boot()
#1 /var/www/emaparking_dss/vendor/laravel/framework/src/Illuminate/Container/Util.php(41): Illuminate\\Container\\BoundMethod::Illuminate\\Container\\{closure}()
#2 /var/www/emaparking_dss/vendor/laravel/framework/src/Illuminate/Container/BoundMethod.php(93): Illuminate\\Container\\Util::unwrapIfClosure()
#3 /var/www/emaparking_dss/vendor/laravel/framework/src/Illuminate/Container/BoundMethod.php(35): Illuminate\\Container\\BoundMethod::callBoundMethod()
#4 /var/www/emaparking_dss/vendor/laravel/framework/src/Illuminate/Container/Container.php(651): Illuminate\\Container\\BoundMethod::call()
#5 /var/www/emaparking_dss/vendor/laravel/framework/src/Illuminate/Foundation/Application.php(933): Illuminate\\Container\\Container->call()
#6 /var/www/emaparking_dss/vendor/laravel/framework/src/Illuminate/Foundation/Application.php(914): Illuminate\\Foundation\\Application->bootProvider()
#7 [internal function]: Illuminate\\Foundation\\Application->Illuminate\\Foundation\\{closure}()
#8 /var/www/emaparking_dss/vendor/laravel/framework/src/Illuminate/Foundation/Application.php(913): array_walk()
#9 /var/www/emaparking_dss/vendor/laravel/framework/src/Illuminate/Foundation/Bootstrap/BootProviders.php(17): Illuminate\\Foundation\\Application->boot()
#10 /var/www/emaparking_dss/vendor/laravel/framework/src/Illuminate/Foundation/Application.php(242): Illuminate\\Foundation\\Bootstrap\\BootProviders->bootstrap()
#11 /var/www/emaparking_dss/vendor/laravel/framework/src/Illuminate/Foundation/Console/Kernel.php(383): Illuminate\\Foundation\\Application->bootstrapWith()
#12 /var/www/emaparking_dss/vendor/laravel/framework/src/Illuminate/Foundation/Console/Kernel.php(153): Illuminate\\Foundation\\Console\\Kernel->bootstrap()
#13 Command line code(1): Illuminate\\Foundation\\Console\\Kernel->handle()
#14 {main}
"} 
[2025-03-14 04:34:12] local.ERROR: Class "\Themes\BC\ThemeProvider" not found {"exception":"[object] (Error(code: 0): Class \"\\Themes\\BC\\ThemeProvider\" not found at /var/www/emaparking_dss/themes/ThemeServiceProvider.php:23)
[stacktrace]
#0 /var/www/emaparking_dss/vendor/laravel/framework/src/Illuminate/Container/BoundMethod.php(36): Themes\\ThemeServiceProvider->boot()
#1 /var/www/emaparking_dss/vendor/laravel/framework/src/Illuminate/Container/Util.php(41): Illuminate\\Container\\BoundMethod::Illuminate\\Container\\{closure}()
#2 /var/www/emaparking_dss/vendor/laravel/framework/src/Illuminate/Container/BoundMethod.php(93): Illuminate\\Container\\Util::unwrapIfClosure()
#3 /var/www/emaparking_dss/vendor/laravel/framework/src/Illuminate/Container/BoundMethod.php(35): Illuminate\\Container\\BoundMethod::callBoundMethod()
#4 /var/www/emaparking_dss/vendor/laravel/framework/src/Illuminate/Container/Container.php(651): Illuminate\\Container\\BoundMethod::call()
#5 /var/www/emaparking_dss/vendor/laravel/framework/src/Illuminate/Foundation/Application.php(933): Illuminate\\Container\\Container->call()
#6 /var/www/emaparking_dss/vendor/laravel/framework/src/Illuminate/Foundation/Application.php(914): Illuminate\\Foundation\\Application->bootProvider()
#7 [internal function]: Illuminate\\Foundation\\Application->Illuminate\\Foundation\\{closure}()
#8 /var/www/emaparking_dss/vendor/laravel/framework/src/Illuminate/Foundation/Application.php(913): array_walk()
#9 /var/www/emaparking_dss/vendor/laravel/framework/src/Illuminate/Foundation/Bootstrap/BootProviders.php(17): Illuminate\\Foundation\\Application->boot()
#10 /var/www/emaparking_dss/vendor/laravel/framework/src/Illuminate/Foundation/Application.php(242): Illuminate\\Foundation\\Bootstrap\\BootProviders->bootstrap()
#11 /var/www/emaparking_dss/vendor/laravel/framework/src/Illuminate/Foundation/Console/Kernel.php(383): Illuminate\\Foundation\\Application->bootstrapWith()
#12 /var/www/emaparking_dss/vendor/laravel/framework/src/Illuminate/Foundation/Console/Kernel.php(153): Illuminate\\Foundation\\Console\\Kernel->bootstrap()
#13 Command line code(1): Illuminate\\Foundation\\Console\\Kernel->handle()
#14 {main}
"} 
[2025-03-14 04:34:12] local.ERROR: Class "\Themes\BC\ThemeProvider" not found {"exception":"[object] (Error(code: 0): Class \"\\Themes\\BC\\ThemeProvider\" not found at /var/www/emaparking_dss/themes/ThemeServiceProvider.php:23)
[stacktrace]
#0 /var/www/emaparking_dss/vendor/laravel/framework/src/Illuminate/Container/BoundMethod.php(36): Themes\\ThemeServiceProvider->boot()
#1 /var/www/emaparking_dss/vendor/laravel/framework/src/Illuminate/Container/Util.php(41): Illuminate\\Container\\BoundMethod::Illuminate\\Container\\{closure}()
#2 /var/www/emaparking_dss/vendor/laravel/framework/src/Illuminate/Container/BoundMethod.php(93): Illuminate\\Container\\Util::unwrapIfClosure()
#3 /var/www/emaparking_dss/vendor/laravel/framework/src/Illuminate/Container/BoundMethod.php(35): Illuminate\\Container\\BoundMethod::callBoundMethod()
#4 /var/www/emaparking_dss/vendor/laravel/framework/src/Illuminate/Container/Container.php(651): Illuminate\\Container\\BoundMethod::call()
#5 /var/www/emaparking_dss/vendor/laravel/framework/src/Illuminate/Foundation/Application.php(933): Illuminate\\Container\\Container->call()
#6 /var/www/emaparking_dss/vendor/laravel/framework/src/Illuminate/Foundation/Application.php(914): Illuminate\\Foundation\\Application->bootProvider()
#7 [internal function]: Illuminate\\Foundation\\Application->Illuminate\\Foundation\\{closure}()
#8 /var/www/emaparking_dss/vendor/laravel/framework/src/Illuminate/Foundation/Application.php(913): array_walk()
#9 /var/www/emaparking_dss/vendor/laravel/framework/src/Illuminate/Foundation/Bootstrap/BootProviders.php(17): Illuminate\\Foundation\\Application->boot()
#10 /var/www/emaparking_dss/vendor/laravel/framework/src/Illuminate/Foundation/Application.php(242): Illuminate\\Foundation\\Bootstrap\\BootProviders->bootstrap()
#11 /var/www/emaparking_dss/vendor/laravel/framework/src/Illuminate/Foundation/Console/Kernel.php(383): Illuminate\\Foundation\\Application->bootstrapWith()
#12 /var/www/emaparking_dss/vendor/laravel/framework/src/Illuminate/Foundation/Console/Kernel.php(153): Illuminate\\Foundation\\Console\\Kernel->bootstrap()
#13 Command line code(1): Illuminate\\Foundation\\Console\\Kernel->handle()
#14 {main}
"} 
[2025-03-14 04:34:12] local.ERROR: Class "\Themes\BC\ThemeProvider" not found {"exception":"[object] (Error(code: 0): Class \"\\Themes\\BC\\ThemeProvider\" not found at /var/www/emaparking_dss/themes/ThemeServiceProvider.php:23)
[stacktrace]
#0 /var/www/emaparking_dss/vendor/laravel/framework/src/Illuminate/Container/BoundMethod.php(36): Themes\\ThemeServiceProvider->boot()
#1 /var/www/emaparking_dss/vendor/laravel/framework/src/Illuminate/Container/Util.php(41): Illuminate\\Container\\BoundMethod::Illuminate\\Container\\{closure}()
#2 /var/www/emaparking_dss/vendor/laravel/framework/src/Illuminate/Container/BoundMethod.php(93): Illuminate\\Container\\Util::unwrapIfClosure()
#3 /var/www/emaparking_dss/vendor/laravel/framework/src/Illuminate/Container/BoundMethod.php(35): Illuminate\\Container\\BoundMethod::callBoundMethod()
#4 /var/www/emaparking_dss/vendor/laravel/framework/src/Illuminate/Container/Container.php(651): Illuminate\\Container\\BoundMethod::call()
#5 /var/www/emaparking_dss/vendor/laravel/framework/src/Illuminate/Foundation/Application.php(933): Illuminate\\Container\\Container->call()
#6 /var/www/emaparking_dss/vendor/laravel/framework/src/Illuminate/Foundation/Application.php(914): Illuminate\\Foundation\\Application->bootProvider()
#7 [internal function]: Illuminate\\Foundation\\Application->Illuminate\\Foundation\\{closure}()
#8 /var/www/emaparking_dss/vendor/laravel/framework/src/Illuminate/Foundation/Application.php(913): array_walk()
#9 /var/www/emaparking_dss/vendor/laravel/framework/src/Illuminate/Foundation/Bootstrap/BootProviders.php(17): Illuminate\\Foundation\\Application->boot()
#10 /var/www/emaparking_dss/vendor/laravel/framework/src/Illuminate/Foundation/Application.php(242): Illuminate\\Foundation\\Bootstrap\\BootProviders->bootstrap()
#11 /var/www/emaparking_dss/vendor/laravel/framework/src/Illuminate/Foundation/Console/Kernel.php(383): Illuminate\\Foundation\\Application->bootstrapWith()
#12 /var/www/emaparking_dss/vendor/laravel/framework/src/Illuminate/Foundation/Console/Kernel.php(153): Illuminate\\Foundation\\Console\\Kernel->bootstrap()
#13 Command line code(1): Illuminate\\Foundation\\Console\\Kernel->handle()
#14 {main}
"} 
[2025-03-14 04:34:12] local.ERROR: Class "\Themes\BC\ThemeProvider" not found {"exception":"[object] (Error(code: 0): Class \"\\Themes\\BC\\ThemeProvider\" not found at /var/www/emaparking_dss/themes/ThemeServiceProvider.php:23)
[stacktrace]
#0 /var/www/emaparking_dss/vendor/laravel/framework/src/Illuminate/Container/BoundMethod.php(36): Themes\\ThemeServiceProvider->boot()
#1 /var/www/emaparking_dss/vendor/laravel/framework/src/Illuminate/Container/Util.php(41): Illuminate\\Container\\BoundMethod::Illuminate\\Container\\{closure}()
#2 /var/www/emaparking_dss/vendor/laravel/framework/src/Illuminate/Container/BoundMethod.php(93): Illuminate\\Container\\Util::unwrapIfClosure()
#3 /var/www/emaparking_dss/vendor/laravel/framework/src/Illuminate/Container/BoundMethod.php(35): Illuminate\\Container\\BoundMethod::callBoundMethod()
#4 /var/www/emaparking_dss/vendor/laravel/framework/src/Illuminate/Container/Container.php(651): Illuminate\\Container\\BoundMethod::call()
#5 /var/www/emaparking_dss/vendor/laravel/framework/src/Illuminate/Foundation/Application.php(933): Illuminate\\Container\\Container->call()
#6 /var/www/emaparking_dss/vendor/laravel/framework/src/Illuminate/Foundation/Application.php(914): Illuminate\\Foundation\\Application->bootProvider()
#7 [internal function]: Illuminate\\Foundation\\Application->Illuminate\\Foundation\\{closure}()
#8 /var/www/emaparking_dss/vendor/laravel/framework/src/Illuminate/Foundation/Application.php(913): array_walk()
#9 /var/www/emaparking_dss/vendor/laravel/framework/src/Illuminate/Foundation/Bootstrap/BootProviders.php(17): Illuminate\\Foundation\\Application->boot()
#10 /var/www/emaparking_dss/vendor/laravel/framework/src/Illuminate/Foundation/Application.php(242): Illuminate\\Foundation\\Bootstrap\\BootProviders->bootstrap()
#11 /var/www/emaparking_dss/vendor/laravel/framework/src/Illuminate/Foundation/Console/Kernel.php(383): Illuminate\\Foundation\\Application->bootstrapWith()
#12 /var/www/emaparking_dss/vendor/laravel/framework/src/Illuminate/Foundation/Console/Kernel.php(153): Illuminate\\Foundation\\Console\\Kernel->bootstrap()
#13 Command line code(1): Illuminate\\Foundation\\Console\\Kernel->handle()
#14 {main}
"} 
[2025-03-14 04:34:12] local.ERROR: Class "\Themes\BC\ThemeProvider" not found {"exception":"[object] (Error(code: 0): Class \"\\Themes\\BC\\ThemeProvider\" not found at /var/www/emaparking_dss/themes/ThemeServiceProvider.php:23)
[stacktrace]
#0 /var/www/emaparking_dss/vendor/laravel/framework/src/Illuminate/Container/BoundMethod.php(36): Themes\\ThemeServiceProvider->boot()
#1 /var/www/emaparking_dss/vendor/laravel/framework/src/Illuminate/Container/Util.php(41): Illuminate\\Container\\BoundMethod::Illuminate\\Container\\{closure}()
#2 /var/www/emaparking_dss/vendor/laravel/framework/src/Illuminate/Container/BoundMethod.php(93): Illuminate\\Container\\Util::unwrapIfClosure()
#3 /var/www/emaparking_dss/vendor/laravel/framework/src/Illuminate/Container/BoundMethod.php(35): Illuminate\\Container\\BoundMethod::callBoundMethod()
#4 /var/www/emaparking_dss/vendor/laravel/framework/src/Illuminate/Container/Container.php(651): Illuminate\\Container\\BoundMethod::call()
#5 /var/www/emaparking_dss/vendor/laravel/framework/src/Illuminate/Foundation/Application.php(933): Illuminate\\Container\\Container->call()
#6 /var/www/emaparking_dss/vendor/laravel/framework/src/Illuminate/Foundation/Application.php(914): Illuminate\\Foundation\\Application->bootProvider()
#7 [internal function]: Illuminate\\Foundation\\Application->Illuminate\\Foundation\\{closure}()
#8 /var/www/emaparking_dss/vendor/laravel/framework/src/Illuminate/Foundation/Application.php(913): array_walk()
#9 /var/www/emaparking_dss/vendor/laravel/framework/src/Illuminate/Foundation/Bootstrap/BootProviders.php(17): Illuminate\\Foundation\\Application->boot()
#10 /var/www/emaparking_dss/vendor/laravel/framework/src/Illuminate/Foundation/Application.php(242): Illuminate\\Foundation\\Bootstrap\\BootProviders->bootstrap()
#11 /var/www/emaparking_dss/vendor/laravel/framework/src/Illuminate/Foundation/Console/Kernel.php(383): Illuminate\\Foundation\\Application->bootstrapWith()
#12 /var/www/emaparking_dss/vendor/laravel/framework/src/Illuminate/Foundation/Console/Kernel.php(153): Illuminate\\Foundation\\Console\\Kernel->bootstrap()
#13 Command line code(1): Illuminate\\Foundation\\Console\\Kernel->handle()
#14 {main}
"} 
[2025-03-14 04:35:12] local.ERROR: Class "\Themes\BC\ThemeProvider" not found {"exception":"[object] (Error(code: 0): Class \"\\Themes\\BC\\ThemeProvider\" not found at /var/www/emaparking_dss/themes/ThemeServiceProvider.php:23)
[stacktrace]
#0 /var/www/emaparking_dss/vendor/laravel/framework/src/Illuminate/Container/BoundMethod.php(36): Themes\\ThemeServiceProvider->boot()
#1 /var/www/emaparking_dss/vendor/laravel/framework/src/Illuminate/Container/Util.php(41): Illuminate\\Container\\BoundMethod::Illuminate\\Container\\{closure}()
#2 /var/www/emaparking_dss/vendor/laravel/framework/src/Illuminate/Container/BoundMethod.php(93): Illuminate\\Container\\Util::unwrapIfClosure()
#3 /var/www/emaparking_dss/vendor/laravel/framework/src/Illuminate/Container/BoundMethod.php(35): Illuminate\\Container\\BoundMethod::callBoundMethod()
#4 /var/www/emaparking_dss/vendor/laravel/framework/src/Illuminate/Container/Container.php(651): Illuminate\\Container\\BoundMethod::call()
#5 /var/www/emaparking_dss/vendor/laravel/framework/src/Illuminate/Foundation/Application.php(933): Illuminate\\Container\\Container->call()
#6 /var/www/emaparking_dss/vendor/laravel/framework/src/Illuminate/Foundation/Application.php(914): Illuminate\\Foundation\\Application->bootProvider()
#7 [internal function]: Illuminate\\Foundation\\Application->Illuminate\\Foundation\\{closure}()
#8 /var/www/emaparking_dss/vendor/laravel/framework/src/Illuminate/Foundation/Application.php(913): array_walk()
#9 /var/www/emaparking_dss/vendor/laravel/framework/src/Illuminate/Foundation/Bootstrap/BootProviders.php(17): Illuminate\\Foundation\\Application->boot()
#10 /var/www/emaparking_dss/vendor/laravel/framework/src/Illuminate/Foundation/Application.php(242): Illuminate\\Foundation\\Bootstrap\\BootProviders->bootstrap()
#11 /var/www/emaparking_dss/vendor/laravel/framework/src/Illuminate/Foundation/Console/Kernel.php(383): Illuminate\\Foundation\\Application->bootstrapWith()
#12 /var/www/emaparking_dss/vendor/laravel/framework/src/Illuminate/Foundation/Console/Kernel.php(153): Illuminate\\Foundation\\Console\\Kernel->bootstrap()
#13 Command line code(1): Illuminate\\Foundation\\Console\\Kernel->handle()
#14 {main}
"} 
[2025-03-14 04:35:12] local.ERROR: Class "\Themes\BC\ThemeProvider" not found {"exception":"[object] (Error(code: 0): Class \"\\Themes\\BC\\ThemeProvider\" not found at /var/www/emaparking_dss/themes/ThemeServiceProvider.php:23)
[stacktrace]
#0 /var/www/emaparking_dss/vendor/laravel/framework/src/Illuminate/Container/BoundMethod.php(36): Themes\\ThemeServiceProvider->boot()
#1 /var/www/emaparking_dss/vendor/laravel/framework/src/Illuminate/Container/Util.php(41): Illuminate\\Container\\BoundMethod::Illuminate\\Container\\{closure}()
#2 /var/www/emaparking_dss/vendor/laravel/framework/src/Illuminate/Container/BoundMethod.php(93): Illuminate\\Container\\Util::unwrapIfClosure()
#3 /var/www/emaparking_dss/vendor/laravel/framework/src/Illuminate/Container/BoundMethod.php(35): Illuminate\\Container\\BoundMethod::callBoundMethod()
#4 /var/www/emaparking_dss/vendor/laravel/framework/src/Illuminate/Container/Container.php(651): Illuminate\\Container\\BoundMethod::call()
#5 /var/www/emaparking_dss/vendor/laravel/framework/src/Illuminate/Foundation/Application.php(933): Illuminate\\Container\\Container->call()
#6 /var/www/emaparking_dss/vendor/laravel/framework/src/Illuminate/Foundation/Application.php(914): Illuminate\\Foundation\\Application->bootProvider()
#7 [internal function]: Illuminate\\Foundation\\Application->Illuminate\\Foundation\\{closure}()
#8 /var/www/emaparking_dss/vendor/laravel/framework/src/Illuminate/Foundation/Application.php(913): array_walk()
#9 /var/www/emaparking_dss/vendor/laravel/framework/src/Illuminate/Foundation/Bootstrap/BootProviders.php(17): Illuminate\\Foundation\\Application->boot()
#10 /var/www/emaparking_dss/vendor/laravel/framework/src/Illuminate/Foundation/Application.php(242): Illuminate\\Foundation\\Bootstrap\\BootProviders->bootstrap()
#11 /var/www/emaparking_dss/vendor/laravel/framework/src/Illuminate/Foundation/Console/Kernel.php(383): Illuminate\\Foundation\\Application->bootstrapWith()
#12 /var/www/emaparking_dss/vendor/laravel/framework/src/Illuminate/Foundation/Console/Kernel.php(153): Illuminate\\Foundation\\Console\\Kernel->bootstrap()
#13 Command line code(1): Illuminate\\Foundation\\Console\\Kernel->handle()
#14 {main}
"} 
[2025-03-14 04:36:12] local.ERROR: Class "\Themes\BC\ThemeProvider" not found {"exception":"[object] (Error(code: 0): Class \"\\Themes\\BC\\ThemeProvider\" not found at /var/www/emaparking_dss/themes/ThemeServiceProvider.php:23)
[stacktrace]
#0 /var/www/emaparking_dss/vendor/laravel/framework/src/Illuminate/Container/BoundMethod.php(36): Themes\\ThemeServiceProvider->boot()
#1 /var/www/emaparking_dss/vendor/laravel/framework/src/Illuminate/Container/Util.php(41): Illuminate\\Container\\BoundMethod::Illuminate\\Container\\{closure}()
#2 /var/www/emaparking_dss/vendor/laravel/framework/src/Illuminate/Container/BoundMethod.php(93): Illuminate\\Container\\Util::unwrapIfClosure()
#3 /var/www/emaparking_dss/vendor/laravel/framework/src/Illuminate/Container/BoundMethod.php(35): Illuminate\\Container\\BoundMethod::callBoundMethod()
#4 /var/www/emaparking_dss/vendor/laravel/framework/src/Illuminate/Container/Container.php(651): Illuminate\\Container\\BoundMethod::call()
#5 /var/www/emaparking_dss/vendor/laravel/framework/src/Illuminate/Foundation/Application.php(933): Illuminate\\Container\\Container->call()
#6 /var/www/emaparking_dss/vendor/laravel/framework/src/Illuminate/Foundation/Application.php(914): Illuminate\\Foundation\\Application->bootProvider()
#7 [internal function]: Illuminate\\Foundation\\Application->Illuminate\\Foundation\\{closure}()
#8 /var/www/emaparking_dss/vendor/laravel/framework/src/Illuminate/Foundation/Application.php(913): array_walk()
#9 /var/www/emaparking_dss/vendor/laravel/framework/src/Illuminate/Foundation/Bootstrap/BootProviders.php(17): Illuminate\\Foundation\\Application->boot()
#10 /var/www/emaparking_dss/vendor/laravel/framework/src/Illuminate/Foundation/Application.php(242): Illuminate\\Foundation\\Bootstrap\\BootProviders->bootstrap()
#11 /var/www/emaparking_dss/vendor/laravel/framework/src/Illuminate/Foundation/Console/Kernel.php(383): Illuminate\\Foundation\\Application->bootstrapWith()
#12 /var/www/emaparking_dss/vendor/laravel/framework/src/Illuminate/Foundation/Console/Kernel.php(153): Illuminate\\Foundation\\Console\\Kernel->bootstrap()
#13 Command line code(1): Illuminate\\Foundation\\Console\\Kernel->handle()
#14 {main}
"} 
[2025-03-14 04:36:12] local.ERROR: Class "\Themes\BC\ThemeProvider" not found {"exception":"[object] (Error(code: 0): Class \"\\Themes\\BC\\ThemeProvider\" not found at /var/www/emaparking_dss/themes/ThemeServiceProvider.php:23)
[stacktrace]
#0 /var/www/emaparking_dss/vendor/laravel/framework/src/Illuminate/Container/BoundMethod.php(36): Themes\\ThemeServiceProvider->boot()
#1 /var/www/emaparking_dss/vendor/laravel/framework/src/Illuminate/Container/Util.php(41): Illuminate\\Container\\BoundMethod::Illuminate\\Container\\{closure}()
#2 /var/www/emaparking_dss/vendor/laravel/framework/src/Illuminate/Container/BoundMethod.php(93): Illuminate\\Container\\Util::unwrapIfClosure()
#3 /var/www/emaparking_dss/vendor/laravel/framework/src/Illuminate/Container/BoundMethod.php(35): Illuminate\\Container\\BoundMethod::callBoundMethod()
#4 /var/www/emaparking_dss/vendor/laravel/framework/src/Illuminate/Container/Container.php(651): Illuminate\\Container\\BoundMethod::call()
#5 /var/www/emaparking_dss/vendor/laravel/framework/src/Illuminate/Foundation/Application.php(933): Illuminate\\Container\\Container->call()
#6 /var/www/emaparking_dss/vendor/laravel/framework/src/Illuminate/Foundation/Application.php(914): Illuminate\\Foundation\\Application->bootProvider()
#7 [internal function]: Illuminate\\Foundation\\Application->Illuminate\\Foundation\\{closure}()
#8 /var/www/emaparking_dss/vendor/laravel/framework/src/Illuminate/Foundation/Application.php(913): array_walk()
#9 /var/www/emaparking_dss/vendor/laravel/framework/src/Illuminate/Foundation/Bootstrap/BootProviders.php(17): Illuminate\\Foundation\\Application->boot()
#10 /var/www/emaparking_dss/vendor/laravel/framework/src/Illuminate/Foundation/Application.php(242): Illuminate\\Foundation\\Bootstrap\\BootProviders->bootstrap()
#11 /var/www/emaparking_dss/vendor/laravel/framework/src/Illuminate/Foundation/Console/Kernel.php(383): Illuminate\\Foundation\\Application->bootstrapWith()
#12 /var/www/emaparking_dss/vendor/laravel/framework/src/Illuminate/Foundation/Console/Kernel.php(153): Illuminate\\Foundation\\Console\\Kernel->bootstrap()
#13 Command line code(1): Illuminate\\Foundation\\Console\\Kernel->handle()
#14 {main}
"} 
[2025-03-14 04:37:12] local.ERROR: Class "\Themes\BC\ThemeProvider" not found {"exception":"[object] (Error(code: 0): Class \"\\Themes\\BC\\ThemeProvider\" not found at /var/www/emaparking_dss/themes/ThemeServiceProvider.php:23)
[stacktrace]
#0 /var/www/emaparking_dss/vendor/laravel/framework/src/Illuminate/Container/BoundMethod.php(36): Themes\\ThemeServiceProvider->boot()
#1 /var/www/emaparking_dss/vendor/laravel/framework/src/Illuminate/Container/Util.php(41): Illuminate\\Container\\BoundMethod::Illuminate\\Container\\{closure}()
#2 /var/www/emaparking_dss/vendor/laravel/framework/src/Illuminate/Container/BoundMethod.php(93): Illuminate\\Container\\Util::unwrapIfClosure()
#3 /var/www/emaparking_dss/vendor/laravel/framework/src/Illuminate/Container/BoundMethod.php(35): Illuminate\\Container\\BoundMethod::callBoundMethod()
#4 /var/www/emaparking_dss/vendor/laravel/framework/src/Illuminate/Container/Container.php(651): Illuminate\\Container\\BoundMethod::call()
#5 /var/www/emaparking_dss/vendor/laravel/framework/src/Illuminate/Foundation/Application.php(933): Illuminate\\Container\\Container->call()
#6 /var/www/emaparking_dss/vendor/laravel/framework/src/Illuminate/Foundation/Application.php(914): Illuminate\\Foundation\\Application->bootProvider()
#7 [internal function]: Illuminate\\Foundation\\Application->Illuminate\\Foundation\\{closure}()
#8 /var/www/emaparking_dss/vendor/laravel/framework/src/Illuminate/Foundation/Application.php(913): array_walk()
#9 /var/www/emaparking_dss/vendor/laravel/framework/src/Illuminate/Foundation/Bootstrap/BootProviders.php(17): Illuminate\\Foundation\\Application->boot()
#10 /var/www/emaparking_dss/vendor/laravel/framework/src/Illuminate/Foundation/Application.php(242): Illuminate\\Foundation\\Bootstrap\\BootProviders->bootstrap()
#11 /var/www/emaparking_dss/vendor/laravel/framework/src/Illuminate/Foundation/Console/Kernel.php(383): Illuminate\\Foundation\\Application->bootstrapWith()
#12 /var/www/emaparking_dss/vendor/laravel/framework/src/Illuminate/Foundation/Console/Kernel.php(153): Illuminate\\Foundation\\Console\\Kernel->bootstrap()
#13 Command line code(1): Illuminate\\Foundation\\Console\\Kernel->handle()
#14 {main}
"} 
[2025-03-14 04:37:12] local.ERROR: Class "\Themes\BC\ThemeProvider" not found {"exception":"[object] (Error(code: 0): Class \"\\Themes\\BC\\ThemeProvider\" not found at /var/www/emaparking_dss/themes/ThemeServiceProvider.php:23)
[stacktrace]
#0 /var/www/emaparking_dss/vendor/laravel/framework/src/Illuminate/Container/BoundMethod.php(36): Themes\\ThemeServiceProvider->boot()
#1 /var/www/emaparking_dss/vendor/laravel/framework/src/Illuminate/Container/Util.php(41): Illuminate\\Container\\BoundMethod::Illuminate\\Container\\{closure}()
#2 /var/www/emaparking_dss/vendor/laravel/framework/src/Illuminate/Container/BoundMethod.php(93): Illuminate\\Container\\Util::unwrapIfClosure()
#3 /var/www/emaparking_dss/vendor/laravel/framework/src/Illuminate/Container/BoundMethod.php(35): Illuminate\\Container\\BoundMethod::callBoundMethod()
#4 /var/www/emaparking_dss/vendor/laravel/framework/src/Illuminate/Container/Container.php(651): Illuminate\\Container\\BoundMethod::call()
#5 /var/www/emaparking_dss/vendor/laravel/framework/src/Illuminate/Foundation/Application.php(933): Illuminate\\Container\\Container->call()
#6 /var/www/emaparking_dss/vendor/laravel/framework/src/Illuminate/Foundation/Application.php(914): Illuminate\\Foundation\\Application->bootProvider()
#7 [internal function]: Illuminate\\Foundation\\Application->Illuminate\\Foundation\\{closure}()
#8 /var/www/emaparking_dss/vendor/laravel/framework/src/Illuminate/Foundation/Application.php(913): array_walk()
#9 /var/www/emaparking_dss/vendor/laravel/framework/src/Illuminate/Foundation/Bootstrap/BootProviders.php(17): Illuminate\\Foundation\\Application->boot()
#10 /var/www/emaparking_dss/vendor/laravel/framework/src/Illuminate/Foundation/Application.php(242): Illuminate\\Foundation\\Bootstrap\\BootProviders->bootstrap()
#11 /var/www/emaparking_dss/vendor/laravel/framework/src/Illuminate/Foundation/Console/Kernel.php(383): Illuminate\\Foundation\\Application->bootstrapWith()
#12 /var/www/emaparking_dss/vendor/laravel/framework/src/Illuminate/Foundation/Console/Kernel.php(153): Illuminate\\Foundation\\Console\\Kernel->bootstrap()
#13 Command line code(1): Illuminate\\Foundation\\Console\\Kernel->handle()
#14 {main}
"} 
[2025-03-14 04:38:12] local.ERROR: Class "\Themes\BC\ThemeProvider" not found {"exception":"[object] (Error(code: 0): Class \"\\Themes\\BC\\ThemeProvider\" not found at /var/www/emaparking_dss/themes/ThemeServiceProvider.php:23)
[stacktrace]
#0 /var/www/emaparking_dss/vendor/laravel/framework/src/Illuminate/Container/BoundMethod.php(36): Themes\\ThemeServiceProvider->boot()
#1 /var/www/emaparking_dss/vendor/laravel/framework/src/Illuminate/Container/Util.php(41): Illuminate\\Container\\BoundMethod::Illuminate\\Container\\{closure}()
#2 /var/www/emaparking_dss/vendor/laravel/framework/src/Illuminate/Container/BoundMethod.php(93): Illuminate\\Container\\Util::unwrapIfClosure()
#3 /var/www/emaparking_dss/vendor/laravel/framework/src/Illuminate/Container/BoundMethod.php(35): Illuminate\\Container\\BoundMethod::callBoundMethod()
#4 /var/www/emaparking_dss/vendor/laravel/framework/src/Illuminate/Container/Container.php(651): Illuminate\\Container\\BoundMethod::call()
#5 /var/www/emaparking_dss/vendor/laravel/framework/src/Illuminate/Foundation/Application.php(933): Illuminate\\Container\\Container->call()
#6 /var/www/emaparking_dss/vendor/laravel/framework/src/Illuminate/Foundation/Application.php(914): Illuminate\\Foundation\\Application->bootProvider()
#7 [internal function]: Illuminate\\Foundation\\Application->Illuminate\\Foundation\\{closure}()
#8 /var/www/emaparking_dss/vendor/laravel/framework/src/Illuminate/Foundation/Application.php(913): array_walk()
#9 /var/www/emaparking_dss/vendor/laravel/framework/src/Illuminate/Foundation/Bootstrap/BootProviders.php(17): Illuminate\\Foundation\\Application->boot()
#10 /var/www/emaparking_dss/vendor/laravel/framework/src/Illuminate/Foundation/Application.php(242): Illuminate\\Foundation\\Bootstrap\\BootProviders->bootstrap()
#11 /var/www/emaparking_dss/vendor/laravel/framework/src/Illuminate/Foundation/Console/Kernel.php(383): Illuminate\\Foundation\\Application->bootstrapWith()
#12 /var/www/emaparking_dss/vendor/laravel/framework/src/Illuminate/Foundation/Console/Kernel.php(153): Illuminate\\Foundation\\Console\\Kernel->bootstrap()
#13 Command line code(1): Illuminate\\Foundation\\Console\\Kernel->handle()
#14 {main}
"} 
[2025-03-14 04:38:12] local.ERROR: Class "\Themes\BC\ThemeProvider" not found {"exception":"[object] (Error(code: 0): Class \"\\Themes\\BC\\ThemeProvider\" not found at /var/www/emaparking_dss/themes/ThemeServiceProvider.php:23)
[stacktrace]
#0 /var/www/emaparking_dss/vendor/laravel/framework/src/Illuminate/Container/BoundMethod.php(36): Themes\\ThemeServiceProvider->boot()
#1 /var/www/emaparking_dss/vendor/laravel/framework/src/Illuminate/Container/Util.php(41): Illuminate\\Container\\BoundMethod::Illuminate\\Container\\{closure}()
#2 /var/www/emaparking_dss/vendor/laravel/framework/src/Illuminate/Container/BoundMethod.php(93): Illuminate\\Container\\Util::unwrapIfClosure()
#3 /var/www/emaparking_dss/vendor/laravel/framework/src/Illuminate/Container/BoundMethod.php(35): Illuminate\\Container\\BoundMethod::callBoundMethod()
#4 /var/www/emaparking_dss/vendor/laravel/framework/src/Illuminate/Container/Container.php(651): Illuminate\\Container\\BoundMethod::call()
#5 /var/www/emaparking_dss/vendor/laravel/framework/src/Illuminate/Foundation/Application.php(933): Illuminate\\Container\\Container->call()
#6 /var/www/emaparking_dss/vendor/laravel/framework/src/Illuminate/Foundation/Application.php(914): Illuminate\\Foundation\\Application->bootProvider()
#7 [internal function]: Illuminate\\Foundation\\Application->Illuminate\\Foundation\\{closure}()
#8 /var/www/emaparking_dss/vendor/laravel/framework/src/Illuminate/Foundation/Application.php(913): array_walk()
#9 /var/www/emaparking_dss/vendor/laravel/framework/src/Illuminate/Foundation/Bootstrap/BootProviders.php(17): Illuminate\\Foundation\\Application->boot()
#10 /var/www/emaparking_dss/vendor/laravel/framework/src/Illuminate/Foundation/Application.php(242): Illuminate\\Foundation\\Bootstrap\\BootProviders->bootstrap()
#11 /var/www/emaparking_dss/vendor/laravel/framework/src/Illuminate/Foundation/Console/Kernel.php(383): Illuminate\\Foundation\\Application->bootstrapWith()
#12 /var/www/emaparking_dss/vendor/laravel/framework/src/Illuminate/Foundation/Console/Kernel.php(153): Illuminate\\Foundation\\Console\\Kernel->bootstrap()
#13 Command line code(1): Illuminate\\Foundation\\Console\\Kernel->handle()
#14 {main}
"} 
[2025-03-14 04:39:12] local.ERROR: Class "\Themes\BC\ThemeProvider" not found {"exception":"[object] (Error(code: 0): Class \"\\Themes\\BC\\ThemeProvider\" not found at /var/www/emaparking_dss/themes/ThemeServiceProvider.php:23)
[stacktrace]
#0 /var/www/emaparking_dss/vendor/laravel/framework/src/Illuminate/Container/BoundMethod.php(36): Themes\\ThemeServiceProvider->boot()
#1 /var/www/emaparking_dss/vendor/laravel/framework/src/Illuminate/Container/Util.php(41): Illuminate\\Container\\BoundMethod::Illuminate\\Container\\{closure}()
#2 /var/www/emaparking_dss/vendor/laravel/framework/src/Illuminate/Container/BoundMethod.php(93): Illuminate\\Container\\Util::unwrapIfClosure()
#3 /var/www/emaparking_dss/vendor/laravel/framework/src/Illuminate/Container/BoundMethod.php(35): Illuminate\\Container\\BoundMethod::callBoundMethod()
#4 /var/www/emaparking_dss/vendor/laravel/framework/src/Illuminate/Container/Container.php(651): Illuminate\\Container\\BoundMethod::call()
#5 /var/www/emaparking_dss/vendor/laravel/framework/src/Illuminate/Foundation/Application.php(933): Illuminate\\Container\\Container->call()
#6 /var/www/emaparking_dss/vendor/laravel/framework/src/Illuminate/Foundation/Application.php(914): Illuminate\\Foundation\\Application->bootProvider()
#7 [internal function]: Illuminate\\Foundation\\Application->Illuminate\\Foundation\\{closure}()
#8 /var/www/emaparking_dss/vendor/laravel/framework/src/Illuminate/Foundation/Application.php(913): array_walk()
#9 /var/www/emaparking_dss/vendor/laravel/framework/src/Illuminate/Foundation/Bootstrap/BootProviders.php(17): Illuminate\\Foundation\\Application->boot()
#10 /var/www/emaparking_dss/vendor/laravel/framework/src/Illuminate/Foundation/Application.php(242): Illuminate\\Foundation\\Bootstrap\\BootProviders->bootstrap()
#11 /var/www/emaparking_dss/vendor/laravel/framework/src/Illuminate/Foundation/Console/Kernel.php(383): Illuminate\\Foundation\\Application->bootstrapWith()
#12 /var/www/emaparking_dss/vendor/laravel/framework/src/Illuminate/Foundation/Console/Kernel.php(153): Illuminate\\Foundation\\Console\\Kernel->bootstrap()
#13 Command line code(1): Illuminate\\Foundation\\Console\\Kernel->handle()
#14 {main}
"} 
[2025-03-14 04:39:12] local.ERROR: Class "\Themes\BC\ThemeProvider" not found {"exception":"[object] (Error(code: 0): Class \"\\Themes\\BC\\ThemeProvider\" not found at /var/www/emaparking_dss/themes/ThemeServiceProvider.php:23)
[stacktrace]
#0 /var/www/emaparking_dss/vendor/laravel/framework/src/Illuminate/Container/BoundMethod.php(36): Themes\\ThemeServiceProvider->boot()
#1 /var/www/emaparking_dss/vendor/laravel/framework/src/Illuminate/Container/Util.php(41): Illuminate\\Container\\BoundMethod::Illuminate\\Container\\{closure}()
#2 /var/www/emaparking_dss/vendor/laravel/framework/src/Illuminate/Container/BoundMethod.php(93): Illuminate\\Container\\Util::unwrapIfClosure()
#3 /var/www/emaparking_dss/vendor/laravel/framework/src/Illuminate/Container/BoundMethod.php(35): Illuminate\\Container\\BoundMethod::callBoundMethod()
#4 /var/www/emaparking_dss/vendor/laravel/framework/src/Illuminate/Container/Container.php(651): Illuminate\\Container\\BoundMethod::call()
#5 /var/www/emaparking_dss/vendor/laravel/framework/src/Illuminate/Foundation/Application.php(933): Illuminate\\Container\\Container->call()
#6 /var/www/emaparking_dss/vendor/laravel/framework/src/Illuminate/Foundation/Application.php(914): Illuminate\\Foundation\\Application->bootProvider()
#7 [internal function]: Illuminate\\Foundation\\Application->Illuminate\\Foundation\\{closure}()
#8 /var/www/emaparking_dss/vendor/laravel/framework/src/Illuminate/Foundation/Application.php(913): array_walk()
#9 /var/www/emaparking_dss/vendor/laravel/framework/src/Illuminate/Foundation/Bootstrap/BootProviders.php(17): Illuminate\\Foundation\\Application->boot()
#10 /var/www/emaparking_dss/vendor/laravel/framework/src/Illuminate/Foundation/Application.php(242): Illuminate\\Foundation\\Bootstrap\\BootProviders->bootstrap()
#11 /var/www/emaparking_dss/vendor/laravel/framework/src/Illuminate/Foundation/Console/Kernel.php(383): Illuminate\\Foundation\\Application->bootstrapWith()
#12 /var/www/emaparking_dss/vendor/laravel/framework/src/Illuminate/Foundation/Console/Kernel.php(153): Illuminate\\Foundation\\Console\\Kernel->bootstrap()
#13 Command line code(1): Illuminate\\Foundation\\Console\\Kernel->handle()
#14 {main}
"} 
[2025-03-14 04:40:12] local.ERROR: Class "\Themes\BC\ThemeProvider" not found {"exception":"[object] (Error(code: 0): Class \"\\Themes\\BC\\ThemeProvider\" not found at /var/www/emaparking_dss/themes/ThemeServiceProvider.php:23)
[stacktrace]
#0 /var/www/emaparking_dss/vendor/laravel/framework/src/Illuminate/Container/BoundMethod.php(36): Themes\\ThemeServiceProvider->boot()
#1 /var/www/emaparking_dss/vendor/laravel/framework/src/Illuminate/Container/Util.php(41): Illuminate\\Container\\BoundMethod::Illuminate\\Container\\{closure}()
#2 /var/www/emaparking_dss/vendor/laravel/framework/src/Illuminate/Container/BoundMethod.php(93): Illuminate\\Container\\Util::unwrapIfClosure()
#3 /var/www/emaparking_dss/vendor/laravel/framework/src/Illuminate/Container/BoundMethod.php(35): Illuminate\\Container\\BoundMethod::callBoundMethod()
#4 /var/www/emaparking_dss/vendor/laravel/framework/src/Illuminate/Container/Container.php(651): Illuminate\\Container\\BoundMethod::call()
#5 /var/www/emaparking_dss/vendor/laravel/framework/src/Illuminate/Foundation/Application.php(933): Illuminate\\Container\\Container->call()
#6 /var/www/emaparking_dss/vendor/laravel/framework/src/Illuminate/Foundation/Application.php(914): Illuminate\\Foundation\\Application->bootProvider()
#7 [internal function]: Illuminate\\Foundation\\Application->Illuminate\\Foundation\\{closure}()
#8 /var/www/emaparking_dss/vendor/laravel/framework/src/Illuminate/Foundation/Application.php(913): array_walk()
#9 /var/www/emaparking_dss/vendor/laravel/framework/src/Illuminate/Foundation/Bootstrap/BootProviders.php(17): Illuminate\\Foundation\\Application->boot()
#10 /var/www/emaparking_dss/vendor/laravel/framework/src/Illuminate/Foundation/Application.php(242): Illuminate\\Foundation\\Bootstrap\\BootProviders->bootstrap()
#11 /var/www/emaparking_dss/vendor/laravel/framework/src/Illuminate/Foundation/Console/Kernel.php(383): Illuminate\\Foundation\\Application->bootstrapWith()
#12 /var/www/emaparking_dss/vendor/laravel/framework/src/Illuminate/Foundation/Console/Kernel.php(153): Illuminate\\Foundation\\Console\\Kernel->bootstrap()
#13 Command line code(1): Illuminate\\Foundation\\Console\\Kernel->handle()
#14 {main}
"} 
[2025-03-14 04:40:12] local.ERROR: Class "\Themes\BC\ThemeProvider" not found {"exception":"[object] (Error(code: 0): Class \"\\Themes\\BC\\ThemeProvider\" not found at /var/www/emaparking_dss/themes/ThemeServiceProvider.php:23)
[stacktrace]
#0 /var/www/emaparking_dss/vendor/laravel/framework/src/Illuminate/Container/BoundMethod.php(36): Themes\\ThemeServiceProvider->boot()
#1 /var/www/emaparking_dss/vendor/laravel/framework/src/Illuminate/Container/Util.php(41): Illuminate\\Container\\BoundMethod::Illuminate\\Container\\{closure}()
#2 /var/www/emaparking_dss/vendor/laravel/framework/src/Illuminate/Container/BoundMethod.php(93): Illuminate\\Container\\Util::unwrapIfClosure()
#3 /var/www/emaparking_dss/vendor/laravel/framework/src/Illuminate/Container/BoundMethod.php(35): Illuminate\\Container\\BoundMethod::callBoundMethod()
#4 /var/www/emaparking_dss/vendor/laravel/framework/src/Illuminate/Container/Container.php(651): Illuminate\\Container\\BoundMethod::call()
#5 /var/www/emaparking_dss/vendor/laravel/framework/src/Illuminate/Foundation/Application.php(933): Illuminate\\Container\\Container->call()
#6 /var/www/emaparking_dss/vendor/laravel/framework/src/Illuminate/Foundation/Application.php(914): Illuminate\\Foundation\\Application->bootProvider()
#7 [internal function]: Illuminate\\Foundation\\Application->Illuminate\\Foundation\\{closure}()
#8 /var/www/emaparking_dss/vendor/laravel/framework/src/Illuminate/Foundation/Application.php(913): array_walk()
#9 /var/www/emaparking_dss/vendor/laravel/framework/src/Illuminate/Foundation/Bootstrap/BootProviders.php(17): Illuminate\\Foundation\\Application->boot()
#10 /var/www/emaparking_dss/vendor/laravel/framework/src/Illuminate/Foundation/Application.php(242): Illuminate\\Foundation\\Bootstrap\\BootProviders->bootstrap()
#11 /var/www/emaparking_dss/vendor/laravel/framework/src/Illuminate/Foundation/Console/Kernel.php(383): Illuminate\\Foundation\\Application->bootstrapWith()
#12 /var/www/emaparking_dss/vendor/laravel/framework/src/Illuminate/Foundation/Console/Kernel.php(153): Illuminate\\Foundation\\Console\\Kernel->bootstrap()
#13 Command line code(1): Illuminate\\Foundation\\Console\\Kernel->handle()
#14 {main}
"} 
[2025-03-14 04:41:12] local.ERROR: Class "\Themes\BC\ThemeProvider" not found {"exception":"[object] (Error(code: 0): Class \"\\Themes\\BC\\ThemeProvider\" not found at /var/www/emaparking_dss/themes/ThemeServiceProvider.php:23)
[stacktrace]
#0 /var/www/emaparking_dss/vendor/laravel/framework/src/Illuminate/Container/BoundMethod.php(36): Themes\\ThemeServiceProvider->boot()
#1 /var/www/emaparking_dss/vendor/laravel/framework/src/Illuminate/Container/Util.php(41): Illuminate\\Container\\BoundMethod::Illuminate\\Container\\{closure}()
#2 /var/www/emaparking_dss/vendor/laravel/framework/src/Illuminate/Container/BoundMethod.php(93): Illuminate\\Container\\Util::unwrapIfClosure()
#3 /var/www/emaparking_dss/vendor/laravel/framework/src/Illuminate/Container/BoundMethod.php(35): Illuminate\\Container\\BoundMethod::callBoundMethod()
#4 /var/www/emaparking_dss/vendor/laravel/framework/src/Illuminate/Container/Container.php(651): Illuminate\\Container\\BoundMethod::call()
#5 /var/www/emaparking_dss/vendor/laravel/framework/src/Illuminate/Foundation/Application.php(933): Illuminate\\Container\\Container->call()
#6 /var/www/emaparking_dss/vendor/laravel/framework/src/Illuminate/Foundation/Application.php(914): Illuminate\\Foundation\\Application->bootProvider()
#7 [internal function]: Illuminate\\Foundation\\Application->Illuminate\\Foundation\\{closure}()
#8 /var/www/emaparking_dss/vendor/laravel/framework/src/Illuminate/Foundation/Application.php(913): array_walk()
#9 /var/www/emaparking_dss/vendor/laravel/framework/src/Illuminate/Foundation/Bootstrap/BootProviders.php(17): Illuminate\\Foundation\\Application->boot()
#10 /var/www/emaparking_dss/vendor/laravel/framework/src/Illuminate/Foundation/Application.php(242): Illuminate\\Foundation\\Bootstrap\\BootProviders->bootstrap()
#11 /var/www/emaparking_dss/vendor/laravel/framework/src/Illuminate/Foundation/Console/Kernel.php(383): Illuminate\\Foundation\\Application->bootstrapWith()
#12 /var/www/emaparking_dss/vendor/laravel/framework/src/Illuminate/Foundation/Console/Kernel.php(153): Illuminate\\Foundation\\Console\\Kernel->bootstrap()
#13 Command line code(1): Illuminate\\Foundation\\Console\\Kernel->handle()
#14 {main}
"} 
[2025-03-14 04:41:12] local.ERROR: Class "\Themes\BC\ThemeProvider" not found {"exception":"[object] (Error(code: 0): Class \"\\Themes\\BC\\ThemeProvider\" not found at /var/www/emaparking_dss/themes/ThemeServiceProvider.php:23)
[stacktrace]
#0 /var/www/emaparking_dss/vendor/laravel/framework/src/Illuminate/Container/BoundMethod.php(36): Themes\\ThemeServiceProvider->boot()
#1 /var/www/emaparking_dss/vendor/laravel/framework/src/Illuminate/Container/Util.php(41): Illuminate\\Container\\BoundMethod::Illuminate\\Container\\{closure}()
#2 /var/www/emaparking_dss/vendor/laravel/framework/src/Illuminate/Container/BoundMethod.php(93): Illuminate\\Container\\Util::unwrapIfClosure()
#3 /var/www/emaparking_dss/vendor/laravel/framework/src/Illuminate/Container/BoundMethod.php(35): Illuminate\\Container\\BoundMethod::callBoundMethod()
#4 /var/www/emaparking_dss/vendor/laravel/framework/src/Illuminate/Container/Container.php(651): Illuminate\\Container\\BoundMethod::call()
#5 /var/www/emaparking_dss/vendor/laravel/framework/src/Illuminate/Foundation/Application.php(933): Illuminate\\Container\\Container->call()
#6 /var/www/emaparking_dss/vendor/laravel/framework/src/Illuminate/Foundation/Application.php(914): Illuminate\\Foundation\\Application->bootProvider()
#7 [internal function]: Illuminate\\Foundation\\Application->Illuminate\\Foundation\\{closure}()
#8 /var/www/emaparking_dss/vendor/laravel/framework/src/Illuminate/Foundation/Application.php(913): array_walk()
#9 /var/www/emaparking_dss/vendor/laravel/framework/src/Illuminate/Foundation/Bootstrap/BootProviders.php(17): Illuminate\\Foundation\\Application->boot()
#10 /var/www/emaparking_dss/vendor/laravel/framework/src/Illuminate/Foundation/Application.php(242): Illuminate\\Foundation\\Bootstrap\\BootProviders->bootstrap()
#11 /var/www/emaparking_dss/vendor/laravel/framework/src/Illuminate/Foundation/Console/Kernel.php(383): Illuminate\\Foundation\\Application->bootstrapWith()
#12 /var/www/emaparking_dss/vendor/laravel/framework/src/Illuminate/Foundation/Console/Kernel.php(153): Illuminate\\Foundation\\Console\\Kernel->bootstrap()
#13 Command line code(1): Illuminate\\Foundation\\Console\\Kernel->handle()
#14 {main}
"} 
[2025-03-14 04:42:11] local.ERROR: Class "\Themes\BC\ThemeProvider" not found {"exception":"[object] (Error(code: 0): Class \"\\Themes\\BC\\ThemeProvider\" not found at /var/www/emaparking_dss/themes/ThemeServiceProvider.php:23)
[stacktrace]
#0 /var/www/emaparking_dss/vendor/laravel/framework/src/Illuminate/Container/BoundMethod.php(36): Themes\\ThemeServiceProvider->boot()
#1 /var/www/emaparking_dss/vendor/laravel/framework/src/Illuminate/Container/Util.php(41): Illuminate\\Container\\BoundMethod::Illuminate\\Container\\{closure}()
#2 /var/www/emaparking_dss/vendor/laravel/framework/src/Illuminate/Container/BoundMethod.php(93): Illuminate\\Container\\Util::unwrapIfClosure()
#3 /var/www/emaparking_dss/vendor/laravel/framework/src/Illuminate/Container/BoundMethod.php(35): Illuminate\\Container\\BoundMethod::callBoundMethod()
#4 /var/www/emaparking_dss/vendor/laravel/framework/src/Illuminate/Container/Container.php(651): Illuminate\\Container\\BoundMethod::call()
#5 /var/www/emaparking_dss/vendor/laravel/framework/src/Illuminate/Foundation/Application.php(933): Illuminate\\Container\\Container->call()
#6 /var/www/emaparking_dss/vendor/laravel/framework/src/Illuminate/Foundation/Application.php(914): Illuminate\\Foundation\\Application->bootProvider()
#7 [internal function]: Illuminate\\Foundation\\Application->Illuminate\\Foundation\\{closure}()
#8 /var/www/emaparking_dss/vendor/laravel/framework/src/Illuminate/Foundation/Application.php(913): array_walk()
#9 /var/www/emaparking_dss/vendor/laravel/framework/src/Illuminate/Foundation/Bootstrap/BootProviders.php(17): Illuminate\\Foundation\\Application->boot()
#10 /var/www/emaparking_dss/vendor/laravel/framework/src/Illuminate/Foundation/Application.php(242): Illuminate\\Foundation\\Bootstrap\\BootProviders->bootstrap()
#11 /var/www/emaparking_dss/vendor/laravel/framework/src/Illuminate/Foundation/Console/Kernel.php(383): Illuminate\\Foundation\\Application->bootstrapWith()
#12 /var/www/emaparking_dss/vendor/laravel/framework/src/Illuminate/Foundation/Console/Kernel.php(153): Illuminate\\Foundation\\Console\\Kernel->bootstrap()
#13 Command line code(1): Illuminate\\Foundation\\Console\\Kernel->handle()
#14 {main}
"} 
[2025-03-14 04:42:12] local.ERROR: Class "\Themes\BC\ThemeProvider" not found {"exception":"[object] (Error(code: 0): Class \"\\Themes\\BC\\ThemeProvider\" not found at /var/www/emaparking_dss/themes/ThemeServiceProvider.php:23)
[stacktrace]
#0 /var/www/emaparking_dss/vendor/laravel/framework/src/Illuminate/Container/BoundMethod.php(36): Themes\\ThemeServiceProvider->boot()
#1 /var/www/emaparking_dss/vendor/laravel/framework/src/Illuminate/Container/Util.php(41): Illuminate\\Container\\BoundMethod::Illuminate\\Container\\{closure}()
#2 /var/www/emaparking_dss/vendor/laravel/framework/src/Illuminate/Container/BoundMethod.php(93): Illuminate\\Container\\Util::unwrapIfClosure()
#3 /var/www/emaparking_dss/vendor/laravel/framework/src/Illuminate/Container/BoundMethod.php(35): Illuminate\\Container\\BoundMethod::callBoundMethod()
#4 /var/www/emaparking_dss/vendor/laravel/framework/src/Illuminate/Container/Container.php(651): Illuminate\\Container\\BoundMethod::call()
#5 /var/www/emaparking_dss/vendor/laravel/framework/src/Illuminate/Foundation/Application.php(933): Illuminate\\Container\\Container->call()
#6 /var/www/emaparking_dss/vendor/laravel/framework/src/Illuminate/Foundation/Application.php(914): Illuminate\\Foundation\\Application->bootProvider()
#7 [internal function]: Illuminate\\Foundation\\Application->Illuminate\\Foundation\\{closure}()
#8 /var/www/emaparking_dss/vendor/laravel/framework/src/Illuminate/Foundation/Application.php(913): array_walk()
#9 /var/www/emaparking_dss/vendor/laravel/framework/src/Illuminate/Foundation/Bootstrap/BootProviders.php(17): Illuminate\\Foundation\\Application->boot()
#10 /var/www/emaparking_dss/vendor/laravel/framework/src/Illuminate/Foundation/Application.php(242): Illuminate\\Foundation\\Bootstrap\\BootProviders->bootstrap()
#11 /var/www/emaparking_dss/vendor/laravel/framework/src/Illuminate/Foundation/Console/Kernel.php(383): Illuminate\\Foundation\\Application->bootstrapWith()
#12 /var/www/emaparking_dss/vendor/laravel/framework/src/Illuminate/Foundation/Console/Kernel.php(153): Illuminate\\Foundation\\Console\\Kernel->bootstrap()
#13 Command line code(1): Illuminate\\Foundation\\Console\\Kernel->handle()
#14 {main}
"} 
[2025-03-14 04:43:12] local.ERROR: Class "\Themes\BC\ThemeProvider" not found {"exception":"[object] (Error(code: 0): Class \"\\Themes\\BC\\ThemeProvider\" not found at /var/www/emaparking_dss/themes/ThemeServiceProvider.php:23)
[stacktrace]
#0 /var/www/emaparking_dss/vendor/laravel/framework/src/Illuminate/Container/BoundMethod.php(36): Themes\\ThemeServiceProvider->boot()
#1 /var/www/emaparking_dss/vendor/laravel/framework/src/Illuminate/Container/Util.php(41): Illuminate\\Container\\BoundMethod::Illuminate\\Container\\{closure}()
#2 /var/www/emaparking_dss/vendor/laravel/framework/src/Illuminate/Container/BoundMethod.php(93): Illuminate\\Container\\Util::unwrapIfClosure()
#3 /var/www/emaparking_dss/vendor/laravel/framework/src/Illuminate/Container/BoundMethod.php(35): Illuminate\\Container\\BoundMethod::callBoundMethod()
#4 /var/www/emaparking_dss/vendor/laravel/framework/src/Illuminate/Container/Container.php(651): Illuminate\\Container\\BoundMethod::call()
#5 /var/www/emaparking_dss/vendor/laravel/framework/src/Illuminate/Foundation/Application.php(933): Illuminate\\Container\\Container->call()
#6 /var/www/emaparking_dss/vendor/laravel/framework/src/Illuminate/Foundation/Application.php(914): Illuminate\\Foundation\\Application->bootProvider()
#7 [internal function]: Illuminate\\Foundation\\Application->Illuminate\\Foundation\\{closure}()
#8 /var/www/emaparking_dss/vendor/laravel/framework/src/Illuminate/Foundation/Application.php(913): array_walk()
#9 /var/www/emaparking_dss/vendor/laravel/framework/src/Illuminate/Foundation/Bootstrap/BootProviders.php(17): Illuminate\\Foundation\\Application->boot()
#10 /var/www/emaparking_dss/vendor/laravel/framework/src/Illuminate/Foundation/Application.php(242): Illuminate\\Foundation\\Bootstrap\\BootProviders->bootstrap()
#11 /var/www/emaparking_dss/vendor/laravel/framework/src/Illuminate/Foundation/Console/Kernel.php(383): Illuminate\\Foundation\\Application->bootstrapWith()
#12 /var/www/emaparking_dss/vendor/laravel/framework/src/Illuminate/Foundation/Console/Kernel.php(153): Illuminate\\Foundation\\Console\\Kernel->bootstrap()
#13 Command line code(1): Illuminate\\Foundation\\Console\\Kernel->handle()
#14 {main}
"} 
[2025-03-14 04:43:12] local.ERROR: Class "\Themes\BC\ThemeProvider" not found {"exception":"[object] (Error(code: 0): Class \"\\Themes\\BC\\ThemeProvider\" not found at /var/www/emaparking_dss/themes/ThemeServiceProvider.php:23)
[stacktrace]
#0 /var/www/emaparking_dss/vendor/laravel/framework/src/Illuminate/Container/BoundMethod.php(36): Themes\\ThemeServiceProvider->boot()
#1 /var/www/emaparking_dss/vendor/laravel/framework/src/Illuminate/Container/Util.php(41): Illuminate\\Container\\BoundMethod::Illuminate\\Container\\{closure}()
#2 /var/www/emaparking_dss/vendor/laravel/framework/src/Illuminate/Container/BoundMethod.php(93): Illuminate\\Container\\Util::unwrapIfClosure()
#3 /var/www/emaparking_dss/vendor/laravel/framework/src/Illuminate/Container/BoundMethod.php(35): Illuminate\\Container\\BoundMethod::callBoundMethod()
#4 /var/www/emaparking_dss/vendor/laravel/framework/src/Illuminate/Container/Container.php(651): Illuminate\\Container\\BoundMethod::call()
#5 /var/www/emaparking_dss/vendor/laravel/framework/src/Illuminate/Foundation/Application.php(933): Illuminate\\Container\\Container->call()
#6 /var/www/emaparking_dss/vendor/laravel/framework/src/Illuminate/Foundation/Application.php(914): Illuminate\\Foundation\\Application->bootProvider()
#7 [internal function]: Illuminate\\Foundation\\Application->Illuminate\\Foundation\\{closure}()
#8 /var/www/emaparking_dss/vendor/laravel/framework/src/Illuminate/Foundation/Application.php(913): array_walk()
#9 /var/www/emaparking_dss/vendor/laravel/framework/src/Illuminate/Foundation/Bootstrap/BootProviders.php(17): Illuminate\\Foundation\\Application->boot()
#10 /var/www/emaparking_dss/vendor/laravel/framework/src/Illuminate/Foundation/Application.php(242): Illuminate\\Foundation\\Bootstrap\\BootProviders->bootstrap()
#11 /var/www/emaparking_dss/vendor/laravel/framework/src/Illuminate/Foundation/Console/Kernel.php(383): Illuminate\\Foundation\\Application->bootstrapWith()
#12 /var/www/emaparking_dss/vendor/laravel/framework/src/Illuminate/Foundation/Console/Kernel.php(153): Illuminate\\Foundation\\Console\\Kernel->bootstrap()
#13 Command line code(1): Illuminate\\Foundation\\Console\\Kernel->handle()
#14 {main}
"} 
[2025-03-14 04:44:12] local.ERROR: Class "\Themes\BC\ThemeProvider" not found {"exception":"[object] (Error(code: 0): Class \"\\Themes\\BC\\ThemeProvider\" not found at /var/www/emaparking_dss/themes/ThemeServiceProvider.php:23)
[stacktrace]
#0 /var/www/emaparking_dss/vendor/laravel/framework/src/Illuminate/Container/BoundMethod.php(36): Themes\\ThemeServiceProvider->boot()
#1 /var/www/emaparking_dss/vendor/laravel/framework/src/Illuminate/Container/Util.php(41): Illuminate\\Container\\BoundMethod::Illuminate\\Container\\{closure}()
#2 /var/www/emaparking_dss/vendor/laravel/framework/src/Illuminate/Container/BoundMethod.php(93): Illuminate\\Container\\Util::unwrapIfClosure()
#3 /var/www/emaparking_dss/vendor/laravel/framework/src/Illuminate/Container/BoundMethod.php(35): Illuminate\\Container\\BoundMethod::callBoundMethod()
#4 /var/www/emaparking_dss/vendor/laravel/framework/src/Illuminate/Container/Container.php(651): Illuminate\\Container\\BoundMethod::call()
#5 /var/www/emaparking_dss/vendor/laravel/framework/src/Illuminate/Foundation/Application.php(933): Illuminate\\Container\\Container->call()
#6 /var/www/emaparking_dss/vendor/laravel/framework/src/Illuminate/Foundation/Application.php(914): Illuminate\\Foundation\\Application->bootProvider()
#7 [internal function]: Illuminate\\Foundation\\Application->Illuminate\\Foundation\\{closure}()
#8 /var/www/emaparking_dss/vendor/laravel/framework/src/Illuminate/Foundation/Application.php(913): array_walk()
#9 /var/www/emaparking_dss/vendor/laravel/framework/src/Illuminate/Foundation/Bootstrap/BootProviders.php(17): Illuminate\\Foundation\\Application->boot()
#10 /var/www/emaparking_dss/vendor/laravel/framework/src/Illuminate/Foundation/Application.php(242): Illuminate\\Foundation\\Bootstrap\\BootProviders->bootstrap()
#11 /var/www/emaparking_dss/vendor/laravel/framework/src/Illuminate/Foundation/Console/Kernel.php(383): Illuminate\\Foundation\\Application->bootstrapWith()
#12 /var/www/emaparking_dss/vendor/laravel/framework/src/Illuminate/Foundation/Console/Kernel.php(153): Illuminate\\Foundation\\Console\\Kernel->bootstrap()
#13 Command line code(1): Illuminate\\Foundation\\Console\\Kernel->handle()
#14 {main}
"} 
[2025-03-14 04:44:12] local.ERROR: Class "\Themes\BC\ThemeProvider" not found {"exception":"[object] (Error(code: 0): Class \"\\Themes\\BC\\ThemeProvider\" not found at /var/www/emaparking_dss/themes/ThemeServiceProvider.php:23)
[stacktrace]
#0 /var/www/emaparking_dss/vendor/laravel/framework/src/Illuminate/Container/BoundMethod.php(36): Themes\\ThemeServiceProvider->boot()
#1 /var/www/emaparking_dss/vendor/laravel/framework/src/Illuminate/Container/Util.php(41): Illuminate\\Container\\BoundMethod::Illuminate\\Container\\{closure}()
#2 /var/www/emaparking_dss/vendor/laravel/framework/src/Illuminate/Container/BoundMethod.php(93): Illuminate\\Container\\Util::unwrapIfClosure()
#3 /var/www/emaparking_dss/vendor/laravel/framework/src/Illuminate/Container/BoundMethod.php(35): Illuminate\\Container\\BoundMethod::callBoundMethod()
#4 /var/www/emaparking_dss/vendor/laravel/framework/src/Illuminate/Container/Container.php(651): Illuminate\\Container\\BoundMethod::call()
#5 /var/www/emaparking_dss/vendor/laravel/framework/src/Illuminate/Foundation/Application.php(933): Illuminate\\Container\\Container->call()
#6 /var/www/emaparking_dss/vendor/laravel/framework/src/Illuminate/Foundation/Application.php(914): Illuminate\\Foundation\\Application->bootProvider()
#7 [internal function]: Illuminate\\Foundation\\Application->Illuminate\\Foundation\\{closure}()
#8 /var/www/emaparking_dss/vendor/laravel/framework/src/Illuminate/Foundation/Application.php(913): array_walk()
#9 /var/www/emaparking_dss/vendor/laravel/framework/src/Illuminate/Foundation/Bootstrap/BootProviders.php(17): Illuminate\\Foundation\\Application->boot()
#10 /var/www/emaparking_dss/vendor/laravel/framework/src/Illuminate/Foundation/Application.php(242): Illuminate\\Foundation\\Bootstrap\\BootProviders->bootstrap()
#11 /var/www/emaparking_dss/vendor/laravel/framework/src/Illuminate/Foundation/Console/Kernel.php(383): Illuminate\\Foundation\\Application->bootstrapWith()
#12 /var/www/emaparking_dss/vendor/laravel/framework/src/Illuminate/Foundation/Console/Kernel.php(153): Illuminate\\Foundation\\Console\\Kernel->bootstrap()
#13 Command line code(1): Illuminate\\Foundation\\Console\\Kernel->handle()
#14 {main}
"} 
[2025-03-14 04:44:13] local.ERROR: Class "\Themes\BC\ThemeProvider" not found {"exception":"[object] (Error(code: 0): Class \"\\Themes\\BC\\ThemeProvider\" not found at /var/www/emaparking_dss/themes/ThemeServiceProvider.php:23)
[stacktrace]
#0 /var/www/emaparking_dss/vendor/laravel/framework/src/Illuminate/Container/BoundMethod.php(36): Themes\\ThemeServiceProvider->boot()
#1 /var/www/emaparking_dss/vendor/laravel/framework/src/Illuminate/Container/Util.php(41): Illuminate\\Container\\BoundMethod::Illuminate\\Container\\{closure}()
#2 /var/www/emaparking_dss/vendor/laravel/framework/src/Illuminate/Container/BoundMethod.php(93): Illuminate\\Container\\Util::unwrapIfClosure()
#3 /var/www/emaparking_dss/vendor/laravel/framework/src/Illuminate/Container/BoundMethod.php(35): Illuminate\\Container\\BoundMethod::callBoundMethod()
#4 /var/www/emaparking_dss/vendor/laravel/framework/src/Illuminate/Container/Container.php(651): Illuminate\\Container\\BoundMethod::call()
#5 /var/www/emaparking_dss/vendor/laravel/framework/src/Illuminate/Foundation/Application.php(933): Illuminate\\Container\\Container->call()
#6 /var/www/emaparking_dss/vendor/laravel/framework/src/Illuminate/Foundation/Application.php(914): Illuminate\\Foundation\\Application->bootProvider()
#7 [internal function]: Illuminate\\Foundation\\Application->Illuminate\\Foundation\\{closure}()
#8 /var/www/emaparking_dss/vendor/laravel/framework/src/Illuminate/Foundation/Application.php(913): array_walk()
#9 /var/www/emaparking_dss/vendor/laravel/framework/src/Illuminate/Foundation/Bootstrap/BootProviders.php(17): Illuminate\\Foundation\\Application->boot()
#10 /var/www/emaparking_dss/vendor/laravel/framework/src/Illuminate/Foundation/Application.php(242): Illuminate\\Foundation\\Bootstrap\\BootProviders->bootstrap()
#11 /var/www/emaparking_dss/vendor/laravel/framework/src/Illuminate/Foundation/Console/Kernel.php(383): Illuminate\\Foundation\\Application->bootstrapWith()
#12 /var/www/emaparking_dss/vendor/laravel/framework/src/Illuminate/Foundation/Console/Kernel.php(153): Illuminate\\Foundation\\Console\\Kernel->bootstrap()
#13 Command line code(1): Illuminate\\Foundation\\Console\\Kernel->handle()
#14 {main}
"} 
[2025-03-14 04:45:12] local.ERROR: Class "\Themes\BC\ThemeProvider" not found {"exception":"[object] (Error(code: 0): Class \"\\Themes\\BC\\ThemeProvider\" not found at /var/www/emaparking_dss/themes/ThemeServiceProvider.php:23)
[stacktrace]
#0 /var/www/emaparking_dss/vendor/laravel/framework/src/Illuminate/Container/BoundMethod.php(36): Themes\\ThemeServiceProvider->boot()
#1 /var/www/emaparking_dss/vendor/laravel/framework/src/Illuminate/Container/Util.php(41): Illuminate\\Container\\BoundMethod::Illuminate\\Container\\{closure}()
#2 /var/www/emaparking_dss/vendor/laravel/framework/src/Illuminate/Container/BoundMethod.php(93): Illuminate\\Container\\Util::unwrapIfClosure()
#3 /var/www/emaparking_dss/vendor/laravel/framework/src/Illuminate/Container/BoundMethod.php(35): Illuminate\\Container\\BoundMethod::callBoundMethod()
#4 /var/www/emaparking_dss/vendor/laravel/framework/src/Illuminate/Container/Container.php(651): Illuminate\\Container\\BoundMethod::call()
#5 /var/www/emaparking_dss/vendor/laravel/framework/src/Illuminate/Foundation/Application.php(933): Illuminate\\Container\\Container->call()
#6 /var/www/emaparking_dss/vendor/laravel/framework/src/Illuminate/Foundation/Application.php(914): Illuminate\\Foundation\\Application->bootProvider()
#7 [internal function]: Illuminate\\Foundation\\Application->Illuminate\\Foundation\\{closure}()
#8 /var/www/emaparking_dss/vendor/laravel/framework/src/Illuminate/Foundation/Application.php(913): array_walk()
#9 /var/www/emaparking_dss/vendor/laravel/framework/src/Illuminate/Foundation/Bootstrap/BootProviders.php(17): Illuminate\\Foundation\\Application->boot()
#10 /var/www/emaparking_dss/vendor/laravel/framework/src/Illuminate/Foundation/Application.php(242): Illuminate\\Foundation\\Bootstrap\\BootProviders->bootstrap()
#11 /var/www/emaparking_dss/vendor/laravel/framework/src/Illuminate/Foundation/Console/Kernel.php(383): Illuminate\\Foundation\\Application->bootstrapWith()
#12 /var/www/emaparking_dss/vendor/laravel/framework/src/Illuminate/Foundation/Console/Kernel.php(153): Illuminate\\Foundation\\Console\\Kernel->bootstrap()
#13 Command line code(1): Illuminate\\Foundation\\Console\\Kernel->handle()
#14 {main}
"} 
[2025-03-14 04:45:12] local.ERROR: Class "\Themes\BC\ThemeProvider" not found {"exception":"[object] (Error(code: 0): Class \"\\Themes\\BC\\ThemeProvider\" not found at /var/www/emaparking_dss/themes/ThemeServiceProvider.php:23)
[stacktrace]
#0 /var/www/emaparking_dss/vendor/laravel/framework/src/Illuminate/Container/BoundMethod.php(36): Themes\\ThemeServiceProvider->boot()
#1 /var/www/emaparking_dss/vendor/laravel/framework/src/Illuminate/Container/Util.php(41): Illuminate\\Container\\BoundMethod::Illuminate\\Container\\{closure}()
#2 /var/www/emaparking_dss/vendor/laravel/framework/src/Illuminate/Container/BoundMethod.php(93): Illuminate\\Container\\Util::unwrapIfClosure()
#3 /var/www/emaparking_dss/vendor/laravel/framework/src/Illuminate/Container/BoundMethod.php(35): Illuminate\\Container\\BoundMethod::callBoundMethod()
#4 /var/www/emaparking_dss/vendor/laravel/framework/src/Illuminate/Container/Container.php(651): Illuminate\\Container\\BoundMethod::call()
#5 /var/www/emaparking_dss/vendor/laravel/framework/src/Illuminate/Foundation/Application.php(933): Illuminate\\Container\\Container->call()
#6 /var/www/emaparking_dss/vendor/laravel/framework/src/Illuminate/Foundation/Application.php(914): Illuminate\\Foundation\\Application->bootProvider()
#7 [internal function]: Illuminate\\Foundation\\Application->Illuminate\\Foundation\\{closure}()
#8 /var/www/emaparking_dss/vendor/laravel/framework/src/Illuminate/Foundation/Application.php(913): array_walk()
#9 /var/www/emaparking_dss/vendor/laravel/framework/src/Illuminate/Foundation/Bootstrap/BootProviders.php(17): Illuminate\\Foundation\\Application->boot()
#10 /var/www/emaparking_dss/vendor/laravel/framework/src/Illuminate/Foundation/Application.php(242): Illuminate\\Foundation\\Bootstrap\\BootProviders->bootstrap()
#11 /var/www/emaparking_dss/vendor/laravel/framework/src/Illuminate/Foundation/Console/Kernel.php(383): Illuminate\\Foundation\\Application->bootstrapWith()
#12 /var/www/emaparking_dss/vendor/laravel/framework/src/Illuminate/Foundation/Console/Kernel.php(153): Illuminate\\Foundation\\Console\\Kernel->bootstrap()
#13 Command line code(1): Illuminate\\Foundation\\Console\\Kernel->handle()
#14 {main}
"} 
[2025-03-14 04:46:12] local.ERROR: Class "\Themes\BC\ThemeProvider" not found {"exception":"[object] (Error(code: 0): Class \"\\Themes\\BC\\ThemeProvider\" not found at /var/www/emaparking_dss/themes/ThemeServiceProvider.php:23)
[stacktrace]
#0 /var/www/emaparking_dss/vendor/laravel/framework/src/Illuminate/Container/BoundMethod.php(36): Themes\\ThemeServiceProvider->boot()
#1 /var/www/emaparking_dss/vendor/laravel/framework/src/Illuminate/Container/Util.php(41): Illuminate\\Container\\BoundMethod::Illuminate\\Container\\{closure}()
#2 /var/www/emaparking_dss/vendor/laravel/framework/src/Illuminate/Container/BoundMethod.php(93): Illuminate\\Container\\Util::unwrapIfClosure()
#3 /var/www/emaparking_dss/vendor/laravel/framework/src/Illuminate/Container/BoundMethod.php(35): Illuminate\\Container\\BoundMethod::callBoundMethod()
#4 /var/www/emaparking_dss/vendor/laravel/framework/src/Illuminate/Container/Container.php(651): Illuminate\\Container\\BoundMethod::call()
#5 /var/www/emaparking_dss/vendor/laravel/framework/src/Illuminate/Foundation/Application.php(933): Illuminate\\Container\\Container->call()
#6 /var/www/emaparking_dss/vendor/laravel/framework/src/Illuminate/Foundation/Application.php(914): Illuminate\\Foundation\\Application->bootProvider()
#7 [internal function]: Illuminate\\Foundation\\Application->Illuminate\\Foundation\\{closure}()
#8 /var/www/emaparking_dss/vendor/laravel/framework/src/Illuminate/Foundation/Application.php(913): array_walk()
#9 /var/www/emaparking_dss/vendor/laravel/framework/src/Illuminate/Foundation/Bootstrap/BootProviders.php(17): Illuminate\\Foundation\\Application->boot()
#10 /var/www/emaparking_dss/vendor/laravel/framework/src/Illuminate/Foundation/Application.php(242): Illuminate\\Foundation\\Bootstrap\\BootProviders->bootstrap()
#11 /var/www/emaparking_dss/vendor/laravel/framework/src/Illuminate/Foundation/Console/Kernel.php(383): Illuminate\\Foundation\\Application->bootstrapWith()
#12 /var/www/emaparking_dss/vendor/laravel/framework/src/Illuminate/Foundation/Console/Kernel.php(153): Illuminate\\Foundation\\Console\\Kernel->bootstrap()
#13 Command line code(1): Illuminate\\Foundation\\Console\\Kernel->handle()
#14 {main}
"} 
[2025-03-14 04:46:12] local.ERROR: Class "\Themes\BC\ThemeProvider" not found {"exception":"[object] (Error(code: 0): Class \"\\Themes\\BC\\ThemeProvider\" not found at /var/www/emaparking_dss/themes/ThemeServiceProvider.php:23)
[stacktrace]
#0 /var/www/emaparking_dss/vendor/laravel/framework/src/Illuminate/Container/BoundMethod.php(36): Themes\\ThemeServiceProvider->boot()
#1 /var/www/emaparking_dss/vendor/laravel/framework/src/Illuminate/Container/Util.php(41): Illuminate\\Container\\BoundMethod::Illuminate\\Container\\{closure}()
#2 /var/www/emaparking_dss/vendor/laravel/framework/src/Illuminate/Container/BoundMethod.php(93): Illuminate\\Container\\Util::unwrapIfClosure()
#3 /var/www/emaparking_dss/vendor/laravel/framework/src/Illuminate/Container/BoundMethod.php(35): Illuminate\\Container\\BoundMethod::callBoundMethod()
#4 /var/www/emaparking_dss/vendor/laravel/framework/src/Illuminate/Container/Container.php(651): Illuminate\\Container\\BoundMethod::call()
#5 /var/www/emaparking_dss/vendor/laravel/framework/src/Illuminate/Foundation/Application.php(933): Illuminate\\Container\\Container->call()
#6 /var/www/emaparking_dss/vendor/laravel/framework/src/Illuminate/Foundation/Application.php(914): Illuminate\\Foundation\\Application->bootProvider()
#7 [internal function]: Illuminate\\Foundation\\Application->Illuminate\\Foundation\\{closure}()
#8 /var/www/emaparking_dss/vendor/laravel/framework/src/Illuminate/Foundation/Application.php(913): array_walk()
#9 /var/www/emaparking_dss/vendor/laravel/framework/src/Illuminate/Foundation/Bootstrap/BootProviders.php(17): Illuminate\\Foundation\\Application->boot()
#10 /var/www/emaparking_dss/vendor/laravel/framework/src/Illuminate/Foundation/Application.php(242): Illuminate\\Foundation\\Bootstrap\\BootProviders->bootstrap()
#11 /var/www/emaparking_dss/vendor/laravel/framework/src/Illuminate/Foundation/Console/Kernel.php(383): Illuminate\\Foundation\\Application->bootstrapWith()
#12 /var/www/emaparking_dss/vendor/laravel/framework/src/Illuminate/Foundation/Console/Kernel.php(153): Illuminate\\Foundation\\Console\\Kernel->bootstrap()
#13 Command line code(1): Illuminate\\Foundation\\Console\\Kernel->handle()
#14 {main}
"} 
[2025-03-14 04:47:12] local.ERROR: Class "\Themes\BC\ThemeProvider" not found {"exception":"[object] (Error(code: 0): Class \"\\Themes\\BC\\ThemeProvider\" not found at /var/www/emaparking_dss/themes/ThemeServiceProvider.php:23)
[stacktrace]
#0 /var/www/emaparking_dss/vendor/laravel/framework/src/Illuminate/Container/BoundMethod.php(36): Themes\\ThemeServiceProvider->boot()
#1 /var/www/emaparking_dss/vendor/laravel/framework/src/Illuminate/Container/Util.php(41): Illuminate\\Container\\BoundMethod::Illuminate\\Container\\{closure}()
#2 /var/www/emaparking_dss/vendor/laravel/framework/src/Illuminate/Container/BoundMethod.php(93): Illuminate\\Container\\Util::unwrapIfClosure()
#3 /var/www/emaparking_dss/vendor/laravel/framework/src/Illuminate/Container/BoundMethod.php(35): Illuminate\\Container\\BoundMethod::callBoundMethod()
#4 /var/www/emaparking_dss/vendor/laravel/framework/src/Illuminate/Container/Container.php(651): Illuminate\\Container\\BoundMethod::call()
#5 /var/www/emaparking_dss/vendor/laravel/framework/src/Illuminate/Foundation/Application.php(933): Illuminate\\Container\\Container->call()
#6 /var/www/emaparking_dss/vendor/laravel/framework/src/Illuminate/Foundation/Application.php(914): Illuminate\\Foundation\\Application->bootProvider()
#7 [internal function]: Illuminate\\Foundation\\Application->Illuminate\\Foundation\\{closure}()
#8 /var/www/emaparking_dss/vendor/laravel/framework/src/Illuminate/Foundation/Application.php(913): array_walk()
#9 /var/www/emaparking_dss/vendor/laravel/framework/src/Illuminate/Foundation/Bootstrap/BootProviders.php(17): Illuminate\\Foundation\\Application->boot()
#10 /var/www/emaparking_dss/vendor/laravel/framework/src/Illuminate/Foundation/Application.php(242): Illuminate\\Foundation\\Bootstrap\\BootProviders->bootstrap()
#11 /var/www/emaparking_dss/vendor/laravel/framework/src/Illuminate/Foundation/Console/Kernel.php(383): Illuminate\\Foundation\\Application->bootstrapWith()
#12 /var/www/emaparking_dss/vendor/laravel/framework/src/Illuminate/Foundation/Console/Kernel.php(153): Illuminate\\Foundation\\Console\\Kernel->bootstrap()
#13 Command line code(1): Illuminate\\Foundation\\Console\\Kernel->handle()
#14 {main}
"} 
[2025-03-14 04:47:12] local.ERROR: Class "\Themes\BC\ThemeProvider" not found {"exception":"[object] (Error(code: 0): Class \"\\Themes\\BC\\ThemeProvider\" not found at /var/www/emaparking_dss/themes/ThemeServiceProvider.php:23)
[stacktrace]
#0 /var/www/emaparking_dss/vendor/laravel/framework/src/Illuminate/Container/BoundMethod.php(36): Themes\\ThemeServiceProvider->boot()
#1 /var/www/emaparking_dss/vendor/laravel/framework/src/Illuminate/Container/Util.php(41): Illuminate\\Container\\BoundMethod::Illuminate\\Container\\{closure}()
#2 /var/www/emaparking_dss/vendor/laravel/framework/src/Illuminate/Container/BoundMethod.php(93): Illuminate\\Container\\Util::unwrapIfClosure()
#3 /var/www/emaparking_dss/vendor/laravel/framework/src/Illuminate/Container/BoundMethod.php(35): Illuminate\\Container\\BoundMethod::callBoundMethod()
#4 /var/www/emaparking_dss/vendor/laravel/framework/src/Illuminate/Container/Container.php(651): Illuminate\\Container\\BoundMethod::call()
#5 /var/www/emaparking_dss/vendor/laravel/framework/src/Illuminate/Foundation/Application.php(933): Illuminate\\Container\\Container->call()
#6 /var/www/emaparking_dss/vendor/laravel/framework/src/Illuminate/Foundation/Application.php(914): Illuminate\\Foundation\\Application->bootProvider()
#7 [internal function]: Illuminate\\Foundation\\Application->Illuminate\\Foundation\\{closure}()
#8 /var/www/emaparking_dss/vendor/laravel/framework/src/Illuminate/Foundation/Application.php(913): array_walk()
#9 /var/www/emaparking_dss/vendor/laravel/framework/src/Illuminate/Foundation/Bootstrap/BootProviders.php(17): Illuminate\\Foundation\\Application->boot()
#10 /var/www/emaparking_dss/vendor/laravel/framework/src/Illuminate/Foundation/Application.php(242): Illuminate\\Foundation\\Bootstrap\\BootProviders->bootstrap()
#11 /var/www/emaparking_dss/vendor/laravel/framework/src/Illuminate/Foundation/Console/Kernel.php(383): Illuminate\\Foundation\\Application->bootstrapWith()
#12 /var/www/emaparking_dss/vendor/laravel/framework/src/Illuminate/Foundation/Console/Kernel.php(153): Illuminate\\Foundation\\Console\\Kernel->bootstrap()
#13 Command line code(1): Illuminate\\Foundation\\Console\\Kernel->handle()
#14 {main}
"} 
[2025-03-14 04:48:12] local.ERROR: Class "\Themes\BC\ThemeProvider" not found {"exception":"[object] (Error(code: 0): Class \"\\Themes\\BC\\ThemeProvider\" not found at /var/www/emaparking_dss/themes/ThemeServiceProvider.php:23)
[stacktrace]
#0 /var/www/emaparking_dss/vendor/laravel/framework/src/Illuminate/Container/BoundMethod.php(36): Themes\\ThemeServiceProvider->boot()
#1 /var/www/emaparking_dss/vendor/laravel/framework/src/Illuminate/Container/Util.php(41): Illuminate\\Container\\BoundMethod::Illuminate\\Container\\{closure}()
#2 /var/www/emaparking_dss/vendor/laravel/framework/src/Illuminate/Container/BoundMethod.php(93): Illuminate\\Container\\Util::unwrapIfClosure()
#3 /var/www/emaparking_dss/vendor/laravel/framework/src/Illuminate/Container/BoundMethod.php(35): Illuminate\\Container\\BoundMethod::callBoundMethod()
#4 /var/www/emaparking_dss/vendor/laravel/framework/src/Illuminate/Container/Container.php(651): Illuminate\\Container\\BoundMethod::call()
#5 /var/www/emaparking_dss/vendor/laravel/framework/src/Illuminate/Foundation/Application.php(933): Illuminate\\Container\\Container->call()
#6 /var/www/emaparking_dss/vendor/laravel/framework/src/Illuminate/Foundation/Application.php(914): Illuminate\\Foundation\\Application->bootProvider()
#7 [internal function]: Illuminate\\Foundation\\Application->Illuminate\\Foundation\\{closure}()
#8 /var/www/emaparking_dss/vendor/laravel/framework/src/Illuminate/Foundation/Application.php(913): array_walk()
#9 /var/www/emaparking_dss/vendor/laravel/framework/src/Illuminate/Foundation/Bootstrap/BootProviders.php(17): Illuminate\\Foundation\\Application->boot()
#10 /var/www/emaparking_dss/vendor/laravel/framework/src/Illuminate/Foundation/Application.php(242): Illuminate\\Foundation\\Bootstrap\\BootProviders->bootstrap()
#11 /var/www/emaparking_dss/vendor/laravel/framework/src/Illuminate/Foundation/Console/Kernel.php(383): Illuminate\\Foundation\\Application->bootstrapWith()
#12 /var/www/emaparking_dss/vendor/laravel/framework/src/Illuminate/Foundation/Console/Kernel.php(153): Illuminate\\Foundation\\Console\\Kernel->bootstrap()
#13 Command line code(1): Illuminate\\Foundation\\Console\\Kernel->handle()
#14 {main}
"} 
[2025-03-14 04:48:12] local.ERROR: Class "\Themes\BC\ThemeProvider" not found {"exception":"[object] (Error(code: 0): Class \"\\Themes\\BC\\ThemeProvider\" not found at /var/www/emaparking_dss/themes/ThemeServiceProvider.php:23)
[stacktrace]
#0 /var/www/emaparking_dss/vendor/laravel/framework/src/Illuminate/Container/BoundMethod.php(36): Themes\\ThemeServiceProvider->boot()
#1 /var/www/emaparking_dss/vendor/laravel/framework/src/Illuminate/Container/Util.php(41): Illuminate\\Container\\BoundMethod::Illuminate\\Container\\{closure}()
#2 /var/www/emaparking_dss/vendor/laravel/framework/src/Illuminate/Container/BoundMethod.php(93): Illuminate\\Container\\Util::unwrapIfClosure()
#3 /var/www/emaparking_dss/vendor/laravel/framework/src/Illuminate/Container/BoundMethod.php(35): Illuminate\\Container\\BoundMethod::callBoundMethod()
#4 /var/www/emaparking_dss/vendor/laravel/framework/src/Illuminate/Container/Container.php(651): Illuminate\\Container\\BoundMethod::call()
#5 /var/www/emaparking_dss/vendor/laravel/framework/src/Illuminate/Foundation/Application.php(933): Illuminate\\Container\\Container->call()
#6 /var/www/emaparking_dss/vendor/laravel/framework/src/Illuminate/Foundation/Application.php(914): Illuminate\\Foundation\\Application->bootProvider()
#7 [internal function]: Illuminate\\Foundation\\Application->Illuminate\\Foundation\\{closure}()
#8 /var/www/emaparking_dss/vendor/laravel/framework/src/Illuminate/Foundation/Application.php(913): array_walk()
#9 /var/www/emaparking_dss/vendor/laravel/framework/src/Illuminate/Foundation/Bootstrap/BootProviders.php(17): Illuminate\\Foundation\\Application->boot()
#10 /var/www/emaparking_dss/vendor/laravel/framework/src/Illuminate/Foundation/Application.php(242): Illuminate\\Foundation\\Bootstrap\\BootProviders->bootstrap()
#11 /var/www/emaparking_dss/vendor/laravel/framework/src/Illuminate/Foundation/Console/Kernel.php(383): Illuminate\\Foundation\\Application->bootstrapWith()
#12 /var/www/emaparking_dss/vendor/laravel/framework/src/Illuminate/Foundation/Console/Kernel.php(153): Illuminate\\Foundation\\Console\\Kernel->bootstrap()
#13 Command line code(1): Illuminate\\Foundation\\Console\\Kernel->handle()
#14 {main}
"} 
[2025-03-14 04:49:12] local.ERROR: Class "\Themes\BC\ThemeProvider" not found {"exception":"[object] (Error(code: 0): Class \"\\Themes\\BC\\ThemeProvider\" not found at /var/www/emaparking_dss/themes/ThemeServiceProvider.php:23)
[stacktrace]
#0 /var/www/emaparking_dss/vendor/laravel/framework/src/Illuminate/Container/BoundMethod.php(36): Themes\\ThemeServiceProvider->boot()
#1 /var/www/emaparking_dss/vendor/laravel/framework/src/Illuminate/Container/Util.php(41): Illuminate\\Container\\BoundMethod::Illuminate\\Container\\{closure}()
#2 /var/www/emaparking_dss/vendor/laravel/framework/src/Illuminate/Container/BoundMethod.php(93): Illuminate\\Container\\Util::unwrapIfClosure()
#3 /var/www/emaparking_dss/vendor/laravel/framework/src/Illuminate/Container/BoundMethod.php(35): Illuminate\\Container\\BoundMethod::callBoundMethod()
#4 /var/www/emaparking_dss/vendor/laravel/framework/src/Illuminate/Container/Container.php(651): Illuminate\\Container\\BoundMethod::call()
#5 /var/www/emaparking_dss/vendor/laravel/framework/src/Illuminate/Foundation/Application.php(933): Illuminate\\Container\\Container->call()
#6 /var/www/emaparking_dss/vendor/laravel/framework/src/Illuminate/Foundation/Application.php(914): Illuminate\\Foundation\\Application->bootProvider()
#7 [internal function]: Illuminate\\Foundation\\Application->Illuminate\\Foundation\\{closure}()
#8 /var/www/emaparking_dss/vendor/laravel/framework/src/Illuminate/Foundation/Application.php(913): array_walk()
#9 /var/www/emaparking_dss/vendor/laravel/framework/src/Illuminate/Foundation/Bootstrap/BootProviders.php(17): Illuminate\\Foundation\\Application->boot()
#10 /var/www/emaparking_dss/vendor/laravel/framework/src/Illuminate/Foundation/Application.php(242): Illuminate\\Foundation\\Bootstrap\\BootProviders->bootstrap()
#11 /var/www/emaparking_dss/vendor/laravel/framework/src/Illuminate/Foundation/Console/Kernel.php(383): Illuminate\\Foundation\\Application->bootstrapWith()
#12 /var/www/emaparking_dss/vendor/laravel/framework/src/Illuminate/Foundation/Console/Kernel.php(153): Illuminate\\Foundation\\Console\\Kernel->bootstrap()
#13 Command line code(1): Illuminate\\Foundation\\Console\\Kernel->handle()
#14 {main}
"} 
[2025-03-14 04:49:12] local.ERROR: Class "\Themes\BC\ThemeProvider" not found {"exception":"[object] (Error(code: 0): Class \"\\Themes\\BC\\ThemeProvider\" not found at /var/www/emaparking_dss/themes/ThemeServiceProvider.php:23)
[stacktrace]
#0 /var/www/emaparking_dss/vendor/laravel/framework/src/Illuminate/Container/BoundMethod.php(36): Themes\\ThemeServiceProvider->boot()
#1 /var/www/emaparking_dss/vendor/laravel/framework/src/Illuminate/Container/Util.php(41): Illuminate\\Container\\BoundMethod::Illuminate\\Container\\{closure}()
#2 /var/www/emaparking_dss/vendor/laravel/framework/src/Illuminate/Container/BoundMethod.php(93): Illuminate\\Container\\Util::unwrapIfClosure()
#3 /var/www/emaparking_dss/vendor/laravel/framework/src/Illuminate/Container/BoundMethod.php(35): Illuminate\\Container\\BoundMethod::callBoundMethod()
#4 /var/www/emaparking_dss/vendor/laravel/framework/src/Illuminate/Container/Container.php(651): Illuminate\\Container\\BoundMethod::call()
#5 /var/www/emaparking_dss/vendor/laravel/framework/src/Illuminate/Foundation/Application.php(933): Illuminate\\Container\\Container->call()
#6 /var/www/emaparking_dss/vendor/laravel/framework/src/Illuminate/Foundation/Application.php(914): Illuminate\\Foundation\\Application->bootProvider()
#7 [internal function]: Illuminate\\Foundation\\Application->Illuminate\\Foundation\\{closure}()
#8 /var/www/emaparking_dss/vendor/laravel/framework/src/Illuminate/Foundation/Application.php(913): array_walk()
#9 /var/www/emaparking_dss/vendor/laravel/framework/src/Illuminate/Foundation/Bootstrap/BootProviders.php(17): Illuminate\\Foundation\\Application->boot()
#10 /var/www/emaparking_dss/vendor/laravel/framework/src/Illuminate/Foundation/Application.php(242): Illuminate\\Foundation\\Bootstrap\\BootProviders->bootstrap()
#11 /var/www/emaparking_dss/vendor/laravel/framework/src/Illuminate/Foundation/Console/Kernel.php(383): Illuminate\\Foundation\\Application->bootstrapWith()
#12 /var/www/emaparking_dss/vendor/laravel/framework/src/Illuminate/Foundation/Console/Kernel.php(153): Illuminate\\Foundation\\Console\\Kernel->bootstrap()
#13 Command line code(1): Illuminate\\Foundation\\Console\\Kernel->handle()
#14 {main}
"} 
[2025-03-14 04:50:12] local.ERROR: Class "\Themes\BC\ThemeProvider" not found {"exception":"[object] (Error(code: 0): Class \"\\Themes\\BC\\ThemeProvider\" not found at /var/www/emaparking_dss/themes/ThemeServiceProvider.php:23)
[stacktrace]
#0 /var/www/emaparking_dss/vendor/laravel/framework/src/Illuminate/Container/BoundMethod.php(36): Themes\\ThemeServiceProvider->boot()
#1 /var/www/emaparking_dss/vendor/laravel/framework/src/Illuminate/Container/Util.php(41): Illuminate\\Container\\BoundMethod::Illuminate\\Container\\{closure}()
#2 /var/www/emaparking_dss/vendor/laravel/framework/src/Illuminate/Container/BoundMethod.php(93): Illuminate\\Container\\Util::unwrapIfClosure()
#3 /var/www/emaparking_dss/vendor/laravel/framework/src/Illuminate/Container/BoundMethod.php(35): Illuminate\\Container\\BoundMethod::callBoundMethod()
#4 /var/www/emaparking_dss/vendor/laravel/framework/src/Illuminate/Container/Container.php(651): Illuminate\\Container\\BoundMethod::call()
#5 /var/www/emaparking_dss/vendor/laravel/framework/src/Illuminate/Foundation/Application.php(933): Illuminate\\Container\\Container->call()
#6 /var/www/emaparking_dss/vendor/laravel/framework/src/Illuminate/Foundation/Application.php(914): Illuminate\\Foundation\\Application->bootProvider()
#7 [internal function]: Illuminate\\Foundation\\Application->Illuminate\\Foundation\\{closure}()
#8 /var/www/emaparking_dss/vendor/laravel/framework/src/Illuminate/Foundation/Application.php(913): array_walk()
#9 /var/www/emaparking_dss/vendor/laravel/framework/src/Illuminate/Foundation/Bootstrap/BootProviders.php(17): Illuminate\\Foundation\\Application->boot()
#10 /var/www/emaparking_dss/vendor/laravel/framework/src/Illuminate/Foundation/Application.php(242): Illuminate\\Foundation\\Bootstrap\\BootProviders->bootstrap()
#11 /var/www/emaparking_dss/vendor/laravel/framework/src/Illuminate/Foundation/Console/Kernel.php(383): Illuminate\\Foundation\\Application->bootstrapWith()
#12 /var/www/emaparking_dss/vendor/laravel/framework/src/Illuminate/Foundation/Console/Kernel.php(153): Illuminate\\Foundation\\Console\\Kernel->bootstrap()
#13 Command line code(1): Illuminate\\Foundation\\Console\\Kernel->handle()
#14 {main}
"} 
[2025-03-14 04:50:12] local.ERROR: Class "\Themes\BC\ThemeProvider" not found {"exception":"[object] (Error(code: 0): Class \"\\Themes\\BC\\ThemeProvider\" not found at /var/www/emaparking_dss/themes/ThemeServiceProvider.php:23)
[stacktrace]
#0 /var/www/emaparking_dss/vendor/laravel/framework/src/Illuminate/Container/BoundMethod.php(36): Themes\\ThemeServiceProvider->boot()
#1 /var/www/emaparking_dss/vendor/laravel/framework/src/Illuminate/Container/Util.php(41): Illuminate\\Container\\BoundMethod::Illuminate\\Container\\{closure}()
#2 /var/www/emaparking_dss/vendor/laravel/framework/src/Illuminate/Container/BoundMethod.php(93): Illuminate\\Container\\Util::unwrapIfClosure()
#3 /var/www/emaparking_dss/vendor/laravel/framework/src/Illuminate/Container/BoundMethod.php(35): Illuminate\\Container\\BoundMethod::callBoundMethod()
#4 /var/www/emaparking_dss/vendor/laravel/framework/src/Illuminate/Container/Container.php(651): Illuminate\\Container\\BoundMethod::call()
#5 /var/www/emaparking_dss/vendor/laravel/framework/src/Illuminate/Foundation/Application.php(933): Illuminate\\Container\\Container->call()
#6 /var/www/emaparking_dss/vendor/laravel/framework/src/Illuminate/Foundation/Application.php(914): Illuminate\\Foundation\\Application->bootProvider()
#7 [internal function]: Illuminate\\Foundation\\Application->Illuminate\\Foundation\\{closure}()
#8 /var/www/emaparking_dss/vendor/laravel/framework/src/Illuminate/Foundation/Application.php(913): array_walk()
#9 /var/www/emaparking_dss/vendor/laravel/framework/src/Illuminate/Foundation/Bootstrap/BootProviders.php(17): Illuminate\\Foundation\\Application->boot()
#10 /var/www/emaparking_dss/vendor/laravel/framework/src/Illuminate/Foundation/Application.php(242): Illuminate\\Foundation\\Bootstrap\\BootProviders->bootstrap()
#11 /var/www/emaparking_dss/vendor/laravel/framework/src/Illuminate/Foundation/Console/Kernel.php(383): Illuminate\\Foundation\\Application->bootstrapWith()
#12 /var/www/emaparking_dss/vendor/laravel/framework/src/Illuminate/Foundation/Console/Kernel.php(153): Illuminate\\Foundation\\Console\\Kernel->bootstrap()
#13 Command line code(1): Illuminate\\Foundation\\Console\\Kernel->handle()
#14 {main}
"} 
[2025-03-14 04:51:12] local.ERROR: Class "\Themes\BC\ThemeProvider" not found {"exception":"[object] (Error(code: 0): Class \"\\Themes\\BC\\ThemeProvider\" not found at /var/www/emaparking_dss/themes/ThemeServiceProvider.php:23)
[stacktrace]
#0 /var/www/emaparking_dss/vendor/laravel/framework/src/Illuminate/Container/BoundMethod.php(36): Themes\\ThemeServiceProvider->boot()
#1 /var/www/emaparking_dss/vendor/laravel/framework/src/Illuminate/Container/Util.php(41): Illuminate\\Container\\BoundMethod::Illuminate\\Container\\{closure}()
#2 /var/www/emaparking_dss/vendor/laravel/framework/src/Illuminate/Container/BoundMethod.php(93): Illuminate\\Container\\Util::unwrapIfClosure()
#3 /var/www/emaparking_dss/vendor/laravel/framework/src/Illuminate/Container/BoundMethod.php(35): Illuminate\\Container\\BoundMethod::callBoundMethod()
#4 /var/www/emaparking_dss/vendor/laravel/framework/src/Illuminate/Container/Container.php(651): Illuminate\\Container\\BoundMethod::call()
#5 /var/www/emaparking_dss/vendor/laravel/framework/src/Illuminate/Foundation/Application.php(933): Illuminate\\Container\\Container->call()
#6 /var/www/emaparking_dss/vendor/laravel/framework/src/Illuminate/Foundation/Application.php(914): Illuminate\\Foundation\\Application->bootProvider()
#7 [internal function]: Illuminate\\Foundation\\Application->Illuminate\\Foundation\\{closure}()
#8 /var/www/emaparking_dss/vendor/laravel/framework/src/Illuminate/Foundation/Application.php(913): array_walk()
#9 /var/www/emaparking_dss/vendor/laravel/framework/src/Illuminate/Foundation/Bootstrap/BootProviders.php(17): Illuminate\\Foundation\\Application->boot()
#10 /var/www/emaparking_dss/vendor/laravel/framework/src/Illuminate/Foundation/Application.php(242): Illuminate\\Foundation\\Bootstrap\\BootProviders->bootstrap()
#11 /var/www/emaparking_dss/vendor/laravel/framework/src/Illuminate/Foundation/Console/Kernel.php(383): Illuminate\\Foundation\\Application->bootstrapWith()
#12 /var/www/emaparking_dss/vendor/laravel/framework/src/Illuminate/Foundation/Console/Kernel.php(153): Illuminate\\Foundation\\Console\\Kernel->bootstrap()
#13 Command line code(1): Illuminate\\Foundation\\Console\\Kernel->handle()
#14 {main}
"} 
[2025-03-14 04:51:12] local.ERROR: Class "\Themes\BC\ThemeProvider" not found {"exception":"[object] (Error(code: 0): Class \"\\Themes\\BC\\ThemeProvider\" not found at /var/www/emaparking_dss/themes/ThemeServiceProvider.php:23)
[stacktrace]
#0 /var/www/emaparking_dss/vendor/laravel/framework/src/Illuminate/Container/BoundMethod.php(36): Themes\\ThemeServiceProvider->boot()
#1 /var/www/emaparking_dss/vendor/laravel/framework/src/Illuminate/Container/Util.php(41): Illuminate\\Container\\BoundMethod::Illuminate\\Container\\{closure}()
#2 /var/www/emaparking_dss/vendor/laravel/framework/src/Illuminate/Container/BoundMethod.php(93): Illuminate\\Container\\Util::unwrapIfClosure()
#3 /var/www/emaparking_dss/vendor/laravel/framework/src/Illuminate/Container/BoundMethod.php(35): Illuminate\\Container\\BoundMethod::callBoundMethod()
#4 /var/www/emaparking_dss/vendor/laravel/framework/src/Illuminate/Container/Container.php(651): Illuminate\\Container\\BoundMethod::call()
#5 /var/www/emaparking_dss/vendor/laravel/framework/src/Illuminate/Foundation/Application.php(933): Illuminate\\Container\\Container->call()
#6 /var/www/emaparking_dss/vendor/laravel/framework/src/Illuminate/Foundation/Application.php(914): Illuminate\\Foundation\\Application->bootProvider()
#7 [internal function]: Illuminate\\Foundation\\Application->Illuminate\\Foundation\\{closure}()
#8 /var/www/emaparking_dss/vendor/laravel/framework/src/Illuminate/Foundation/Application.php(913): array_walk()
#9 /var/www/emaparking_dss/vendor/laravel/framework/src/Illuminate/Foundation/Bootstrap/BootProviders.php(17): Illuminate\\Foundation\\Application->boot()
#10 /var/www/emaparking_dss/vendor/laravel/framework/src/Illuminate/Foundation/Application.php(242): Illuminate\\Foundation\\Bootstrap\\BootProviders->bootstrap()
#11 /var/www/emaparking_dss/vendor/laravel/framework/src/Illuminate/Foundation/Console/Kernel.php(383): Illuminate\\Foundation\\Application->bootstrapWith()
#12 /var/www/emaparking_dss/vendor/laravel/framework/src/Illuminate/Foundation/Console/Kernel.php(153): Illuminate\\Foundation\\Console\\Kernel->bootstrap()
#13 Command line code(1): Illuminate\\Foundation\\Console\\Kernel->handle()
#14 {main}
"} 
[2025-03-14 04:52:12] local.ERROR: Class "\Themes\BC\ThemeProvider" not found {"exception":"[object] (Error(code: 0): Class \"\\Themes\\BC\\ThemeProvider\" not found at /var/www/emaparking_dss/themes/ThemeServiceProvider.php:23)
[stacktrace]
#0 /var/www/emaparking_dss/vendor/laravel/framework/src/Illuminate/Container/BoundMethod.php(36): Themes\\ThemeServiceProvider->boot()
#1 /var/www/emaparking_dss/vendor/laravel/framework/src/Illuminate/Container/Util.php(41): Illuminate\\Container\\BoundMethod::Illuminate\\Container\\{closure}()
#2 /var/www/emaparking_dss/vendor/laravel/framework/src/Illuminate/Container/BoundMethod.php(93): Illuminate\\Container\\Util::unwrapIfClosure()
#3 /var/www/emaparking_dss/vendor/laravel/framework/src/Illuminate/Container/BoundMethod.php(35): Illuminate\\Container\\BoundMethod::callBoundMethod()
#4 /var/www/emaparking_dss/vendor/laravel/framework/src/Illuminate/Container/Container.php(651): Illuminate\\Container\\BoundMethod::call()
#5 /var/www/emaparking_dss/vendor/laravel/framework/src/Illuminate/Foundation/Application.php(933): Illuminate\\Container\\Container->call()
#6 /var/www/emaparking_dss/vendor/laravel/framework/src/Illuminate/Foundation/Application.php(914): Illuminate\\Foundation\\Application->bootProvider()
#7 [internal function]: Illuminate\\Foundation\\Application->Illuminate\\Foundation\\{closure}()
#8 /var/www/emaparking_dss/vendor/laravel/framework/src/Illuminate/Foundation/Application.php(913): array_walk()
#9 /var/www/emaparking_dss/vendor/laravel/framework/src/Illuminate/Foundation/Bootstrap/BootProviders.php(17): Illuminate\\Foundation\\Application->boot()
#10 /var/www/emaparking_dss/vendor/laravel/framework/src/Illuminate/Foundation/Application.php(242): Illuminate\\Foundation\\Bootstrap\\BootProviders->bootstrap()
#11 /var/www/emaparking_dss/vendor/laravel/framework/src/Illuminate/Foundation/Console/Kernel.php(383): Illuminate\\Foundation\\Application->bootstrapWith()
#12 /var/www/emaparking_dss/vendor/laravel/framework/src/Illuminate/Foundation/Console/Kernel.php(153): Illuminate\\Foundation\\Console\\Kernel->bootstrap()
#13 Command line code(1): Illuminate\\Foundation\\Console\\Kernel->handle()
#14 {main}
"} 
[2025-03-14 04:52:12] local.ERROR: Class "\Themes\BC\ThemeProvider" not found {"exception":"[object] (Error(code: 0): Class \"\\Themes\\BC\\ThemeProvider\" not found at /var/www/emaparking_dss/themes/ThemeServiceProvider.php:23)
[stacktrace]
#0 /var/www/emaparking_dss/vendor/laravel/framework/src/Illuminate/Container/BoundMethod.php(36): Themes\\ThemeServiceProvider->boot()
#1 /var/www/emaparking_dss/vendor/laravel/framework/src/Illuminate/Container/Util.php(41): Illuminate\\Container\\BoundMethod::Illuminate\\Container\\{closure}()
#2 /var/www/emaparking_dss/vendor/laravel/framework/src/Illuminate/Container/BoundMethod.php(93): Illuminate\\Container\\Util::unwrapIfClosure()
#3 /var/www/emaparking_dss/vendor/laravel/framework/src/Illuminate/Container/BoundMethod.php(35): Illuminate\\Container\\BoundMethod::callBoundMethod()
#4 /var/www/emaparking_dss/vendor/laravel/framework/src/Illuminate/Container/Container.php(651): Illuminate\\Container\\BoundMethod::call()
#5 /var/www/emaparking_dss/vendor/laravel/framework/src/Illuminate/Foundation/Application.php(933): Illuminate\\Container\\Container->call()
#6 /var/www/emaparking_dss/vendor/laravel/framework/src/Illuminate/Foundation/Application.php(914): Illuminate\\Foundation\\Application->bootProvider()
#7 [internal function]: Illuminate\\Foundation\\Application->Illuminate\\Foundation\\{closure}()
#8 /var/www/emaparking_dss/vendor/laravel/framework/src/Illuminate/Foundation/Application.php(913): array_walk()
#9 /var/www/emaparking_dss/vendor/laravel/framework/src/Illuminate/Foundation/Bootstrap/BootProviders.php(17): Illuminate\\Foundation\\Application->boot()
#10 /var/www/emaparking_dss/vendor/laravel/framework/src/Illuminate/Foundation/Application.php(242): Illuminate\\Foundation\\Bootstrap\\BootProviders->bootstrap()
#11 /var/www/emaparking_dss/vendor/laravel/framework/src/Illuminate/Foundation/Console/Kernel.php(383): Illuminate\\Foundation\\Application->bootstrapWith()
#12 /var/www/emaparking_dss/vendor/laravel/framework/src/Illuminate/Foundation/Console/Kernel.php(153): Illuminate\\Foundation\\Console\\Kernel->bootstrap()
#13 Command line code(1): Illuminate\\Foundation\\Console\\Kernel->handle()
#14 {main}
"} 
[2025-03-14 04:53:12] local.ERROR: Class "\Themes\BC\ThemeProvider" not found {"exception":"[object] (Error(code: 0): Class \"\\Themes\\BC\\ThemeProvider\" not found at /var/www/emaparking_dss/themes/ThemeServiceProvider.php:23)
[stacktrace]
#0 /var/www/emaparking_dss/vendor/laravel/framework/src/Illuminate/Container/BoundMethod.php(36): Themes\\ThemeServiceProvider->boot()
#1 /var/www/emaparking_dss/vendor/laravel/framework/src/Illuminate/Container/Util.php(41): Illuminate\\Container\\BoundMethod::Illuminate\\Container\\{closure}()
#2 /var/www/emaparking_dss/vendor/laravel/framework/src/Illuminate/Container/BoundMethod.php(93): Illuminate\\Container\\Util::unwrapIfClosure()
#3 /var/www/emaparking_dss/vendor/laravel/framework/src/Illuminate/Container/BoundMethod.php(35): Illuminate\\Container\\BoundMethod::callBoundMethod()
#4 /var/www/emaparking_dss/vendor/laravel/framework/src/Illuminate/Container/Container.php(651): Illuminate\\Container\\BoundMethod::call()
#5 /var/www/emaparking_dss/vendor/laravel/framework/src/Illuminate/Foundation/Application.php(933): Illuminate\\Container\\Container->call()
#6 /var/www/emaparking_dss/vendor/laravel/framework/src/Illuminate/Foundation/Application.php(914): Illuminate\\Foundation\\Application->bootProvider()
#7 [internal function]: Illuminate\\Foundation\\Application->Illuminate\\Foundation\\{closure}()
#8 /var/www/emaparking_dss/vendor/laravel/framework/src/Illuminate/Foundation/Application.php(913): array_walk()
#9 /var/www/emaparking_dss/vendor/laravel/framework/src/Illuminate/Foundation/Bootstrap/BootProviders.php(17): Illuminate\\Foundation\\Application->boot()
#10 /var/www/emaparking_dss/vendor/laravel/framework/src/Illuminate/Foundation/Application.php(242): Illuminate\\Foundation\\Bootstrap\\BootProviders->bootstrap()
#11 /var/www/emaparking_dss/vendor/laravel/framework/src/Illuminate/Foundation/Console/Kernel.php(383): Illuminate\\Foundation\\Application->bootstrapWith()
#12 /var/www/emaparking_dss/vendor/laravel/framework/src/Illuminate/Foundation/Console/Kernel.php(153): Illuminate\\Foundation\\Console\\Kernel->bootstrap()
#13 Command line code(1): Illuminate\\Foundation\\Console\\Kernel->handle()
#14 {main}
"} 
[2025-03-14 04:53:12] local.ERROR: Class "\Themes\BC\ThemeProvider" not found {"exception":"[object] (Error(code: 0): Class \"\\Themes\\BC\\ThemeProvider\" not found at /var/www/emaparking_dss/themes/ThemeServiceProvider.php:23)
[stacktrace]
#0 /var/www/emaparking_dss/vendor/laravel/framework/src/Illuminate/Container/BoundMethod.php(36): Themes\\ThemeServiceProvider->boot()
#1 /var/www/emaparking_dss/vendor/laravel/framework/src/Illuminate/Container/Util.php(41): Illuminate\\Container\\BoundMethod::Illuminate\\Container\\{closure}()
#2 /var/www/emaparking_dss/vendor/laravel/framework/src/Illuminate/Container/BoundMethod.php(93): Illuminate\\Container\\Util::unwrapIfClosure()
#3 /var/www/emaparking_dss/vendor/laravel/framework/src/Illuminate/Container/BoundMethod.php(35): Illuminate\\Container\\BoundMethod::callBoundMethod()
#4 /var/www/emaparking_dss/vendor/laravel/framework/src/Illuminate/Container/Container.php(651): Illuminate\\Container\\BoundMethod::call()
#5 /var/www/emaparking_dss/vendor/laravel/framework/src/Illuminate/Foundation/Application.php(933): Illuminate\\Container\\Container->call()
#6 /var/www/emaparking_dss/vendor/laravel/framework/src/Illuminate/Foundation/Application.php(914): Illuminate\\Foundation\\Application->bootProvider()
#7 [internal function]: Illuminate\\Foundation\\Application->Illuminate\\Foundation\\{closure}()
#8 /var/www/emaparking_dss/vendor/laravel/framework/src/Illuminate/Foundation/Application.php(913): array_walk()
#9 /var/www/emaparking_dss/vendor/laravel/framework/src/Illuminate/Foundation/Bootstrap/BootProviders.php(17): Illuminate\\Foundation\\Application->boot()
#10 /var/www/emaparking_dss/vendor/laravel/framework/src/Illuminate/Foundation/Application.php(242): Illuminate\\Foundation\\Bootstrap\\BootProviders->bootstrap()
#11 /var/www/emaparking_dss/vendor/laravel/framework/src/Illuminate/Foundation/Console/Kernel.php(383): Illuminate\\Foundation\\Application->bootstrapWith()
#12 /var/www/emaparking_dss/vendor/laravel/framework/src/Illuminate/Foundation/Console/Kernel.php(153): Illuminate\\Foundation\\Console\\Kernel->bootstrap()
#13 Command line code(1): Illuminate\\Foundation\\Console\\Kernel->handle()
#14 {main}
"} 
[2025-03-14 04:54:12] local.ERROR: Class "\Themes\BC\ThemeProvider" not found {"exception":"[object] (Error(code: 0): Class \"\\Themes\\BC\\ThemeProvider\" not found at /var/www/emaparking_dss/themes/ThemeServiceProvider.php:23)
[stacktrace]
#0 /var/www/emaparking_dss/vendor/laravel/framework/src/Illuminate/Container/BoundMethod.php(36): Themes\\ThemeServiceProvider->boot()
#1 /var/www/emaparking_dss/vendor/laravel/framework/src/Illuminate/Container/Util.php(41): Illuminate\\Container\\BoundMethod::Illuminate\\Container\\{closure}()
#2 /var/www/emaparking_dss/vendor/laravel/framework/src/Illuminate/Container/BoundMethod.php(93): Illuminate\\Container\\Util::unwrapIfClosure()
#3 /var/www/emaparking_dss/vendor/laravel/framework/src/Illuminate/Container/BoundMethod.php(35): Illuminate\\Container\\BoundMethod::callBoundMethod()
#4 /var/www/emaparking_dss/vendor/laravel/framework/src/Illuminate/Container/Container.php(651): Illuminate\\Container\\BoundMethod::call()
#5 /var/www/emaparking_dss/vendor/laravel/framework/src/Illuminate/Foundation/Application.php(933): Illuminate\\Container\\Container->call()
#6 /var/www/emaparking_dss/vendor/laravel/framework/src/Illuminate/Foundation/Application.php(914): Illuminate\\Foundation\\Application->bootProvider()
#7 [internal function]: Illuminate\\Foundation\\Application->Illuminate\\Foundation\\{closure}()
#8 /var/www/emaparking_dss/vendor/laravel/framework/src/Illuminate/Foundation/Application.php(913): array_walk()
#9 /var/www/emaparking_dss/vendor/laravel/framework/src/Illuminate/Foundation/Bootstrap/BootProviders.php(17): Illuminate\\Foundation\\Application->boot()
#10 /var/www/emaparking_dss/vendor/laravel/framework/src/Illuminate/Foundation/Application.php(242): Illuminate\\Foundation\\Bootstrap\\BootProviders->bootstrap()
#11 /var/www/emaparking_dss/vendor/laravel/framework/src/Illuminate/Foundation/Console/Kernel.php(383): Illuminate\\Foundation\\Application->bootstrapWith()
#12 /var/www/emaparking_dss/vendor/laravel/framework/src/Illuminate/Foundation/Console/Kernel.php(153): Illuminate\\Foundation\\Console\\Kernel->bootstrap()
#13 Command line code(1): Illuminate\\Foundation\\Console\\Kernel->handle()
#14 {main}
"} 
[2025-03-14 04:54:12] local.ERROR: Class "\Themes\BC\ThemeProvider" not found {"exception":"[object] (Error(code: 0): Class \"\\Themes\\BC\\ThemeProvider\" not found at /var/www/emaparking_dss/themes/ThemeServiceProvider.php:23)
[stacktrace]
#0 /var/www/emaparking_dss/vendor/laravel/framework/src/Illuminate/Container/BoundMethod.php(36): Themes\\ThemeServiceProvider->boot()
#1 /var/www/emaparking_dss/vendor/laravel/framework/src/Illuminate/Container/Util.php(41): Illuminate\\Container\\BoundMethod::Illuminate\\Container\\{closure}()
#2 /var/www/emaparking_dss/vendor/laravel/framework/src/Illuminate/Container/BoundMethod.php(93): Illuminate\\Container\\Util::unwrapIfClosure()
#3 /var/www/emaparking_dss/vendor/laravel/framework/src/Illuminate/Container/BoundMethod.php(35): Illuminate\\Container\\BoundMethod::callBoundMethod()
#4 /var/www/emaparking_dss/vendor/laravel/framework/src/Illuminate/Container/Container.php(651): Illuminate\\Container\\BoundMethod::call()
#5 /var/www/emaparking_dss/vendor/laravel/framework/src/Illuminate/Foundation/Application.php(933): Illuminate\\Container\\Container->call()
#6 /var/www/emaparking_dss/vendor/laravel/framework/src/Illuminate/Foundation/Application.php(914): Illuminate\\Foundation\\Application->bootProvider()
#7 [internal function]: Illuminate\\Foundation\\Application->Illuminate\\Foundation\\{closure}()
#8 /var/www/emaparking_dss/vendor/laravel/framework/src/Illuminate/Foundation/Application.php(913): array_walk()
#9 /var/www/emaparking_dss/vendor/laravel/framework/src/Illuminate/Foundation/Bootstrap/BootProviders.php(17): Illuminate\\Foundation\\Application->boot()
#10 /var/www/emaparking_dss/vendor/laravel/framework/src/Illuminate/Foundation/Application.php(242): Illuminate\\Foundation\\Bootstrap\\BootProviders->bootstrap()
#11 /var/www/emaparking_dss/vendor/laravel/framework/src/Illuminate/Foundation/Console/Kernel.php(383): Illuminate\\Foundation\\Application->bootstrapWith()
#12 /var/www/emaparking_dss/vendor/laravel/framework/src/Illuminate/Foundation/Console/Kernel.php(153): Illuminate\\Foundation\\Console\\Kernel->bootstrap()
#13 Command line code(1): Illuminate\\Foundation\\Console\\Kernel->handle()
#14 {main}
"} 
[2025-03-14 04:54:13] local.ERROR: Class "\Themes\BC\ThemeProvider" not found {"exception":"[object] (Error(code: 0): Class \"\\Themes\\BC\\ThemeProvider\" not found at /var/www/emaparking_dss/themes/ThemeServiceProvider.php:23)
[stacktrace]
#0 /var/www/emaparking_dss/vendor/laravel/framework/src/Illuminate/Container/BoundMethod.php(36): Themes\\ThemeServiceProvider->boot()
#1 /var/www/emaparking_dss/vendor/laravel/framework/src/Illuminate/Container/Util.php(41): Illuminate\\Container\\BoundMethod::Illuminate\\Container\\{closure}()
#2 /var/www/emaparking_dss/vendor/laravel/framework/src/Illuminate/Container/BoundMethod.php(93): Illuminate\\Container\\Util::unwrapIfClosure()
#3 /var/www/emaparking_dss/vendor/laravel/framework/src/Illuminate/Container/BoundMethod.php(35): Illuminate\\Container\\BoundMethod::callBoundMethod()
#4 /var/www/emaparking_dss/vendor/laravel/framework/src/Illuminate/Container/Container.php(651): Illuminate\\Container\\BoundMethod::call()
#5 /var/www/emaparking_dss/vendor/laravel/framework/src/Illuminate/Foundation/Application.php(933): Illuminate\\Container\\Container->call()
#6 /var/www/emaparking_dss/vendor/laravel/framework/src/Illuminate/Foundation/Application.php(914): Illuminate\\Foundation\\Application->bootProvider()
#7 [internal function]: Illuminate\\Foundation\\Application->Illuminate\\Foundation\\{closure}()
#8 /var/www/emaparking_dss/vendor/laravel/framework/src/Illuminate/Foundation/Application.php(913): array_walk()
#9 /var/www/emaparking_dss/vendor/laravel/framework/src/Illuminate/Foundation/Bootstrap/BootProviders.php(17): Illuminate\\Foundation\\Application->boot()
#10 /var/www/emaparking_dss/vendor/laravel/framework/src/Illuminate/Foundation/Application.php(242): Illuminate\\Foundation\\Bootstrap\\BootProviders->bootstrap()
#11 /var/www/emaparking_dss/vendor/laravel/framework/src/Illuminate/Foundation/Console/Kernel.php(383): Illuminate\\Foundation\\Application->bootstrapWith()
#12 /var/www/emaparking_dss/vendor/laravel/framework/src/Illuminate/Foundation/Console/Kernel.php(153): Illuminate\\Foundation\\Console\\Kernel->bootstrap()
#13 Command line code(1): Illuminate\\Foundation\\Console\\Kernel->handle()
#14 {main}
"} 
[2025-03-14 04:55:12] local.ERROR: Class "\Themes\BC\ThemeProvider" not found {"exception":"[object] (Error(code: 0): Class \"\\Themes\\BC\\ThemeProvider\" not found at /var/www/emaparking_dss/themes/ThemeServiceProvider.php:23)
[stacktrace]
#0 /var/www/emaparking_dss/vendor/laravel/framework/src/Illuminate/Container/BoundMethod.php(36): Themes\\ThemeServiceProvider->boot()
#1 /var/www/emaparking_dss/vendor/laravel/framework/src/Illuminate/Container/Util.php(41): Illuminate\\Container\\BoundMethod::Illuminate\\Container\\{closure}()
#2 /var/www/emaparking_dss/vendor/laravel/framework/src/Illuminate/Container/BoundMethod.php(93): Illuminate\\Container\\Util::unwrapIfClosure()
#3 /var/www/emaparking_dss/vendor/laravel/framework/src/Illuminate/Container/BoundMethod.php(35): Illuminate\\Container\\BoundMethod::callBoundMethod()
#4 /var/www/emaparking_dss/vendor/laravel/framework/src/Illuminate/Container/Container.php(651): Illuminate\\Container\\BoundMethod::call()
#5 /var/www/emaparking_dss/vendor/laravel/framework/src/Illuminate/Foundation/Application.php(933): Illuminate\\Container\\Container->call()
#6 /var/www/emaparking_dss/vendor/laravel/framework/src/Illuminate/Foundation/Application.php(914): Illuminate\\Foundation\\Application->bootProvider()
#7 [internal function]: Illuminate\\Foundation\\Application->Illuminate\\Foundation\\{closure}()
#8 /var/www/emaparking_dss/vendor/laravel/framework/src/Illuminate/Foundation/Application.php(913): array_walk()
#9 /var/www/emaparking_dss/vendor/laravel/framework/src/Illuminate/Foundation/Bootstrap/BootProviders.php(17): Illuminate\\Foundation\\Application->boot()
#10 /var/www/emaparking_dss/vendor/laravel/framework/src/Illuminate/Foundation/Application.php(242): Illuminate\\Foundation\\Bootstrap\\BootProviders->bootstrap()
#11 /var/www/emaparking_dss/vendor/laravel/framework/src/Illuminate/Foundation/Console/Kernel.php(383): Illuminate\\Foundation\\Application->bootstrapWith()
#12 /var/www/emaparking_dss/vendor/laravel/framework/src/Illuminate/Foundation/Console/Kernel.php(153): Illuminate\\Foundation\\Console\\Kernel->bootstrap()
#13 Command line code(1): Illuminate\\Foundation\\Console\\Kernel->handle()
#14 {main}
"} 
[2025-03-14 04:55:12] local.ERROR: Class "\Themes\BC\ThemeProvider" not found {"exception":"[object] (Error(code: 0): Class \"\\Themes\\BC\\ThemeProvider\" not found at /var/www/emaparking_dss/themes/ThemeServiceProvider.php:23)
[stacktrace]
#0 /var/www/emaparking_dss/vendor/laravel/framework/src/Illuminate/Container/BoundMethod.php(36): Themes\\ThemeServiceProvider->boot()
#1 /var/www/emaparking_dss/vendor/laravel/framework/src/Illuminate/Container/Util.php(41): Illuminate\\Container\\BoundMethod::Illuminate\\Container\\{closure}()
#2 /var/www/emaparking_dss/vendor/laravel/framework/src/Illuminate/Container/BoundMethod.php(93): Illuminate\\Container\\Util::unwrapIfClosure()
#3 /var/www/emaparking_dss/vendor/laravel/framework/src/Illuminate/Container/BoundMethod.php(35): Illuminate\\Container\\BoundMethod::callBoundMethod()
#4 /var/www/emaparking_dss/vendor/laravel/framework/src/Illuminate/Container/Container.php(651): Illuminate\\Container\\BoundMethod::call()
#5 /var/www/emaparking_dss/vendor/laravel/framework/src/Illuminate/Foundation/Application.php(933): Illuminate\\Container\\Container->call()
#6 /var/www/emaparking_dss/vendor/laravel/framework/src/Illuminate/Foundation/Application.php(914): Illuminate\\Foundation\\Application->bootProvider()
#7 [internal function]: Illuminate\\Foundation\\Application->Illuminate\\Foundation\\{closure}()
#8 /var/www/emaparking_dss/vendor/laravel/framework/src/Illuminate/Foundation/Application.php(913): array_walk()
#9 /var/www/emaparking_dss/vendor/laravel/framework/src/Illuminate/Foundation/Bootstrap/BootProviders.php(17): Illuminate\\Foundation\\Application->boot()
#10 /var/www/emaparking_dss/vendor/laravel/framework/src/Illuminate/Foundation/Application.php(242): Illuminate\\Foundation\\Bootstrap\\BootProviders->bootstrap()
#11 /var/www/emaparking_dss/vendor/laravel/framework/src/Illuminate/Foundation/Console/Kernel.php(383): Illuminate\\Foundation\\Application->bootstrapWith()
#12 /var/www/emaparking_dss/vendor/laravel/framework/src/Illuminate/Foundation/Console/Kernel.php(153): Illuminate\\Foundation\\Console\\Kernel->bootstrap()
#13 Command line code(1): Illuminate\\Foundation\\Console\\Kernel->handle()
#14 {main}
"} 
[2025-03-14 04:56:12] local.ERROR: Class "\Themes\BC\ThemeProvider" not found {"exception":"[object] (Error(code: 0): Class \"\\Themes\\BC\\ThemeProvider\" not found at /var/www/emaparking_dss/themes/ThemeServiceProvider.php:23)
[stacktrace]
#0 /var/www/emaparking_dss/vendor/laravel/framework/src/Illuminate/Container/BoundMethod.php(36): Themes\\ThemeServiceProvider->boot()
#1 /var/www/emaparking_dss/vendor/laravel/framework/src/Illuminate/Container/Util.php(41): Illuminate\\Container\\BoundMethod::Illuminate\\Container\\{closure}()
#2 /var/www/emaparking_dss/vendor/laravel/framework/src/Illuminate/Container/BoundMethod.php(93): Illuminate\\Container\\Util::unwrapIfClosure()
#3 /var/www/emaparking_dss/vendor/laravel/framework/src/Illuminate/Container/BoundMethod.php(35): Illuminate\\Container\\BoundMethod::callBoundMethod()
#4 /var/www/emaparking_dss/vendor/laravel/framework/src/Illuminate/Container/Container.php(651): Illuminate\\Container\\BoundMethod::call()
#5 /var/www/emaparking_dss/vendor/laravel/framework/src/Illuminate/Foundation/Application.php(933): Illuminate\\Container\\Container->call()
#6 /var/www/emaparking_dss/vendor/laravel/framework/src/Illuminate/Foundation/Application.php(914): Illuminate\\Foundation\\Application->bootProvider()
#7 [internal function]: Illuminate\\Foundation\\Application->Illuminate\\Foundation\\{closure}()
#8 /var/www/emaparking_dss/vendor/laravel/framework/src/Illuminate/Foundation/Application.php(913): array_walk()
#9 /var/www/emaparking_dss/vendor/laravel/framework/src/Illuminate/Foundation/Bootstrap/BootProviders.php(17): Illuminate\\Foundation\\Application->boot()
#10 /var/www/emaparking_dss/vendor/laravel/framework/src/Illuminate/Foundation/Application.php(242): Illuminate\\Foundation\\Bootstrap\\BootProviders->bootstrap()
#11 /var/www/emaparking_dss/vendor/laravel/framework/src/Illuminate/Foundation/Console/Kernel.php(383): Illuminate\\Foundation\\Application->bootstrapWith()
#12 /var/www/emaparking_dss/vendor/laravel/framework/src/Illuminate/Foundation/Console/Kernel.php(153): Illuminate\\Foundation\\Console\\Kernel->bootstrap()
#13 Command line code(1): Illuminate\\Foundation\\Console\\Kernel->handle()
#14 {main}
"} 
[2025-03-14 04:56:12] local.ERROR: Class "\Themes\BC\ThemeProvider" not found {"exception":"[object] (Error(code: 0): Class \"\\Themes\\BC\\ThemeProvider\" not found at /var/www/emaparking_dss/themes/ThemeServiceProvider.php:23)
[stacktrace]
#0 /var/www/emaparking_dss/vendor/laravel/framework/src/Illuminate/Container/BoundMethod.php(36): Themes\\ThemeServiceProvider->boot()
#1 /var/www/emaparking_dss/vendor/laravel/framework/src/Illuminate/Container/Util.php(41): Illuminate\\Container\\BoundMethod::Illuminate\\Container\\{closure}()
#2 /var/www/emaparking_dss/vendor/laravel/framework/src/Illuminate/Container/BoundMethod.php(93): Illuminate\\Container\\Util::unwrapIfClosure()
#3 /var/www/emaparking_dss/vendor/laravel/framework/src/Illuminate/Container/BoundMethod.php(35): Illuminate\\Container\\BoundMethod::callBoundMethod()
#4 /var/www/emaparking_dss/vendor/laravel/framework/src/Illuminate/Container/Container.php(651): Illuminate\\Container\\BoundMethod::call()
#5 /var/www/emaparking_dss/vendor/laravel/framework/src/Illuminate/Foundation/Application.php(933): Illuminate\\Container\\Container->call()
#6 /var/www/emaparking_dss/vendor/laravel/framework/src/Illuminate/Foundation/Application.php(914): Illuminate\\Foundation\\Application->bootProvider()
#7 [internal function]: Illuminate\\Foundation\\Application->Illuminate\\Foundation\\{closure}()
#8 /var/www/emaparking_dss/vendor/laravel/framework/src/Illuminate/Foundation/Application.php(913): array_walk()
#9 /var/www/emaparking_dss/vendor/laravel/framework/src/Illuminate/Foundation/Bootstrap/BootProviders.php(17): Illuminate\\Foundation\\Application->boot()
#10 /var/www/emaparking_dss/vendor/laravel/framework/src/Illuminate/Foundation/Application.php(242): Illuminate\\Foundation\\Bootstrap\\BootProviders->bootstrap()
#11 /var/www/emaparking_dss/vendor/laravel/framework/src/Illuminate/Foundation/Console/Kernel.php(383): Illuminate\\Foundation\\Application->bootstrapWith()
#12 /var/www/emaparking_dss/vendor/laravel/framework/src/Illuminate/Foundation/Console/Kernel.php(153): Illuminate\\Foundation\\Console\\Kernel->bootstrap()
#13 Command line code(1): Illuminate\\Foundation\\Console\\Kernel->handle()
#14 {main}
"} 
[2025-03-14 04:57:12] local.ERROR: Class "\Themes\BC\ThemeProvider" not found {"exception":"[object] (Error(code: 0): Class \"\\Themes\\BC\\ThemeProvider\" not found at /var/www/emaparking_dss/themes/ThemeServiceProvider.php:23)
[stacktrace]
#0 /var/www/emaparking_dss/vendor/laravel/framework/src/Illuminate/Container/BoundMethod.php(36): Themes\\ThemeServiceProvider->boot()
#1 /var/www/emaparking_dss/vendor/laravel/framework/src/Illuminate/Container/Util.php(41): Illuminate\\Container\\BoundMethod::Illuminate\\Container\\{closure}()
#2 /var/www/emaparking_dss/vendor/laravel/framework/src/Illuminate/Container/BoundMethod.php(93): Illuminate\\Container\\Util::unwrapIfClosure()
#3 /var/www/emaparking_dss/vendor/laravel/framework/src/Illuminate/Container/BoundMethod.php(35): Illuminate\\Container\\BoundMethod::callBoundMethod()
#4 /var/www/emaparking_dss/vendor/laravel/framework/src/Illuminate/Container/Container.php(651): Illuminate\\Container\\BoundMethod::call()
#5 /var/www/emaparking_dss/vendor/laravel/framework/src/Illuminate/Foundation/Application.php(933): Illuminate\\Container\\Container->call()
#6 /var/www/emaparking_dss/vendor/laravel/framework/src/Illuminate/Foundation/Application.php(914): Illuminate\\Foundation\\Application->bootProvider()
#7 [internal function]: Illuminate\\Foundation\\Application->Illuminate\\Foundation\\{closure}()
#8 /var/www/emaparking_dss/vendor/laravel/framework/src/Illuminate/Foundation/Application.php(913): array_walk()
#9 /var/www/emaparking_dss/vendor/laravel/framework/src/Illuminate/Foundation/Bootstrap/BootProviders.php(17): Illuminate\\Foundation\\Application->boot()
#10 /var/www/emaparking_dss/vendor/laravel/framework/src/Illuminate/Foundation/Application.php(242): Illuminate\\Foundation\\Bootstrap\\BootProviders->bootstrap()
#11 /var/www/emaparking_dss/vendor/laravel/framework/src/Illuminate/Foundation/Console/Kernel.php(383): Illuminate\\Foundation\\Application->bootstrapWith()
#12 /var/www/emaparking_dss/vendor/laravel/framework/src/Illuminate/Foundation/Console/Kernel.php(153): Illuminate\\Foundation\\Console\\Kernel->bootstrap()
#13 Command line code(1): Illuminate\\Foundation\\Console\\Kernel->handle()
#14 {main}
"} 
[2025-03-14 04:57:13] local.ERROR: Class "\Themes\BC\ThemeProvider" not found {"exception":"[object] (Error(code: 0): Class \"\\Themes\\BC\\ThemeProvider\" not found at /var/www/emaparking_dss/themes/ThemeServiceProvider.php:23)
[stacktrace]
#0 /var/www/emaparking_dss/vendor/laravel/framework/src/Illuminate/Container/BoundMethod.php(36): Themes\\ThemeServiceProvider->boot()
#1 /var/www/emaparking_dss/vendor/laravel/framework/src/Illuminate/Container/Util.php(41): Illuminate\\Container\\BoundMethod::Illuminate\\Container\\{closure}()
#2 /var/www/emaparking_dss/vendor/laravel/framework/src/Illuminate/Container/BoundMethod.php(93): Illuminate\\Container\\Util::unwrapIfClosure()
#3 /var/www/emaparking_dss/vendor/laravel/framework/src/Illuminate/Container/BoundMethod.php(35): Illuminate\\Container\\BoundMethod::callBoundMethod()
#4 /var/www/emaparking_dss/vendor/laravel/framework/src/Illuminate/Container/Container.php(651): Illuminate\\Container\\BoundMethod::call()
#5 /var/www/emaparking_dss/vendor/laravel/framework/src/Illuminate/Foundation/Application.php(933): Illuminate\\Container\\Container->call()
#6 /var/www/emaparking_dss/vendor/laravel/framework/src/Illuminate/Foundation/Application.php(914): Illuminate\\Foundation\\Application->bootProvider()
#7 [internal function]: Illuminate\\Foundation\\Application->Illuminate\\Foundation\\{closure}()
#8 /var/www/emaparking_dss/vendor/laravel/framework/src/Illuminate/Foundation/Application.php(913): array_walk()
#9 /var/www/emaparking_dss/vendor/laravel/framework/src/Illuminate/Foundation/Bootstrap/BootProviders.php(17): Illuminate\\Foundation\\Application->boot()
#10 /var/www/emaparking_dss/vendor/laravel/framework/src/Illuminate/Foundation/Application.php(242): Illuminate\\Foundation\\Bootstrap\\BootProviders->bootstrap()
#11 /var/www/emaparking_dss/vendor/laravel/framework/src/Illuminate/Foundation/Console/Kernel.php(383): Illuminate\\Foundation\\Application->bootstrapWith()
#12 /var/www/emaparking_dss/vendor/laravel/framework/src/Illuminate/Foundation/Console/Kernel.php(153): Illuminate\\Foundation\\Console\\Kernel->bootstrap()
#13 Command line code(1): Illuminate\\Foundation\\Console\\Kernel->handle()
#14 {main}
"} 
[2025-03-14 04:58:12] local.ERROR: Class "\Themes\BC\ThemeProvider" not found {"exception":"[object] (Error(code: 0): Class \"\\Themes\\BC\\ThemeProvider\" not found at /var/www/emaparking_dss/themes/ThemeServiceProvider.php:23)
[stacktrace]
#0 /var/www/emaparking_dss/vendor/laravel/framework/src/Illuminate/Container/BoundMethod.php(36): Themes\\ThemeServiceProvider->boot()
#1 /var/www/emaparking_dss/vendor/laravel/framework/src/Illuminate/Container/Util.php(41): Illuminate\\Container\\BoundMethod::Illuminate\\Container\\{closure}()
#2 /var/www/emaparking_dss/vendor/laravel/framework/src/Illuminate/Container/BoundMethod.php(93): Illuminate\\Container\\Util::unwrapIfClosure()
#3 /var/www/emaparking_dss/vendor/laravel/framework/src/Illuminate/Container/BoundMethod.php(35): Illuminate\\Container\\BoundMethod::callBoundMethod()
#4 /var/www/emaparking_dss/vendor/laravel/framework/src/Illuminate/Container/Container.php(651): Illuminate\\Container\\BoundMethod::call()
#5 /var/www/emaparking_dss/vendor/laravel/framework/src/Illuminate/Foundation/Application.php(933): Illuminate\\Container\\Container->call()
#6 /var/www/emaparking_dss/vendor/laravel/framework/src/Illuminate/Foundation/Application.php(914): Illuminate\\Foundation\\Application->bootProvider()
#7 [internal function]: Illuminate\\Foundation\\Application->Illuminate\\Foundation\\{closure}()
#8 /var/www/emaparking_dss/vendor/laravel/framework/src/Illuminate/Foundation/Application.php(913): array_walk()
#9 /var/www/emaparking_dss/vendor/laravel/framework/src/Illuminate/Foundation/Bootstrap/BootProviders.php(17): Illuminate\\Foundation\\Application->boot()
#10 /var/www/emaparking_dss/vendor/laravel/framework/src/Illuminate/Foundation/Application.php(242): Illuminate\\Foundation\\Bootstrap\\BootProviders->bootstrap()
#11 /var/www/emaparking_dss/vendor/laravel/framework/src/Illuminate/Foundation/Console/Kernel.php(383): Illuminate\\Foundation\\Application->bootstrapWith()
#12 /var/www/emaparking_dss/vendor/laravel/framework/src/Illuminate/Foundation/Console/Kernel.php(153): Illuminate\\Foundation\\Console\\Kernel->bootstrap()
#13 Command line code(1): Illuminate\\Foundation\\Console\\Kernel->handle()
#14 {main}
"} 
[2025-03-14 04:58:12] local.ERROR: Class "\Themes\BC\ThemeProvider" not found {"exception":"[object] (Error(code: 0): Class \"\\Themes\\BC\\ThemeProvider\" not found at /var/www/emaparking_dss/themes/ThemeServiceProvider.php:23)
[stacktrace]
#0 /var/www/emaparking_dss/vendor/laravel/framework/src/Illuminate/Container/BoundMethod.php(36): Themes\\ThemeServiceProvider->boot()
#1 /var/www/emaparking_dss/vendor/laravel/framework/src/Illuminate/Container/Util.php(41): Illuminate\\Container\\BoundMethod::Illuminate\\Container\\{closure}()
#2 /var/www/emaparking_dss/vendor/laravel/framework/src/Illuminate/Container/BoundMethod.php(93): Illuminate\\Container\\Util::unwrapIfClosure()
#3 /var/www/emaparking_dss/vendor/laravel/framework/src/Illuminate/Container/BoundMethod.php(35): Illuminate\\Container\\BoundMethod::callBoundMethod()
#4 /var/www/emaparking_dss/vendor/laravel/framework/src/Illuminate/Container/Container.php(651): Illuminate\\Container\\BoundMethod::call()
#5 /var/www/emaparking_dss/vendor/laravel/framework/src/Illuminate/Foundation/Application.php(933): Illuminate\\Container\\Container->call()
#6 /var/www/emaparking_dss/vendor/laravel/framework/src/Illuminate/Foundation/Application.php(914): Illuminate\\Foundation\\Application->bootProvider()
#7 [internal function]: Illuminate\\Foundation\\Application->Illuminate\\Foundation\\{closure}()
#8 /var/www/emaparking_dss/vendor/laravel/framework/src/Illuminate/Foundation/Application.php(913): array_walk()
#9 /var/www/emaparking_dss/vendor/laravel/framework/src/Illuminate/Foundation/Bootstrap/BootProviders.php(17): Illuminate\\Foundation\\Application->boot()
#10 /var/www/emaparking_dss/vendor/laravel/framework/src/Illuminate/Foundation/Application.php(242): Illuminate\\Foundation\\Bootstrap\\BootProviders->bootstrap()
#11 /var/www/emaparking_dss/vendor/laravel/framework/src/Illuminate/Foundation/Console/Kernel.php(383): Illuminate\\Foundation\\Application->bootstrapWith()
#12 /var/www/emaparking_dss/vendor/laravel/framework/src/Illuminate/Foundation/Console/Kernel.php(153): Illuminate\\Foundation\\Console\\Kernel->bootstrap()
#13 Command line code(1): Illuminate\\Foundation\\Console\\Kernel->handle()
#14 {main}
"} 
[2025-03-14 04:59:12] local.ERROR: Class "\Themes\BC\ThemeProvider" not found {"exception":"[object] (Error(code: 0): Class \"\\Themes\\BC\\ThemeProvider\" not found at /var/www/emaparking_dss/themes/ThemeServiceProvider.php:23)
[stacktrace]
#0 /var/www/emaparking_dss/vendor/laravel/framework/src/Illuminate/Container/BoundMethod.php(36): Themes\\ThemeServiceProvider->boot()
#1 /var/www/emaparking_dss/vendor/laravel/framework/src/Illuminate/Container/Util.php(41): Illuminate\\Container\\BoundMethod::Illuminate\\Container\\{closure}()
#2 /var/www/emaparking_dss/vendor/laravel/framework/src/Illuminate/Container/BoundMethod.php(93): Illuminate\\Container\\Util::unwrapIfClosure()
#3 /var/www/emaparking_dss/vendor/laravel/framework/src/Illuminate/Container/BoundMethod.php(35): Illuminate\\Container\\BoundMethod::callBoundMethod()
#4 /var/www/emaparking_dss/vendor/laravel/framework/src/Illuminate/Container/Container.php(651): Illuminate\\Container\\BoundMethod::call()
#5 /var/www/emaparking_dss/vendor/laravel/framework/src/Illuminate/Foundation/Application.php(933): Illuminate\\Container\\Container->call()
#6 /var/www/emaparking_dss/vendor/laravel/framework/src/Illuminate/Foundation/Application.php(914): Illuminate\\Foundation\\Application->bootProvider()
#7 [internal function]: Illuminate\\Foundation\\Application->Illuminate\\Foundation\\{closure}()
#8 /var/www/emaparking_dss/vendor/laravel/framework/src/Illuminate/Foundation/Application.php(913): array_walk()
#9 /var/www/emaparking_dss/vendor/laravel/framework/src/Illuminate/Foundation/Bootstrap/BootProviders.php(17): Illuminate\\Foundation\\Application->boot()
#10 /var/www/emaparking_dss/vendor/laravel/framework/src/Illuminate/Foundation/Application.php(242): Illuminate\\Foundation\\Bootstrap\\BootProviders->bootstrap()
#11 /var/www/emaparking_dss/vendor/laravel/framework/src/Illuminate/Foundation/Console/Kernel.php(383): Illuminate\\Foundation\\Application->bootstrapWith()
#12 /var/www/emaparking_dss/vendor/laravel/framework/src/Illuminate/Foundation/Console/Kernel.php(153): Illuminate\\Foundation\\Console\\Kernel->bootstrap()
#13 Command line code(1): Illuminate\\Foundation\\Console\\Kernel->handle()
#14 {main}
"} 
[2025-03-14 04:59:12] local.ERROR: Class "\Themes\BC\ThemeProvider" not found {"exception":"[object] (Error(code: 0): Class \"\\Themes\\BC\\ThemeProvider\" not found at /var/www/emaparking_dss/themes/ThemeServiceProvider.php:23)
[stacktrace]
#0 /var/www/emaparking_dss/vendor/laravel/framework/src/Illuminate/Container/BoundMethod.php(36): Themes\\ThemeServiceProvider->boot()
#1 /var/www/emaparking_dss/vendor/laravel/framework/src/Illuminate/Container/Util.php(41): Illuminate\\Container\\BoundMethod::Illuminate\\Container\\{closure}()
#2 /var/www/emaparking_dss/vendor/laravel/framework/src/Illuminate/Container/BoundMethod.php(93): Illuminate\\Container\\Util::unwrapIfClosure()
#3 /var/www/emaparking_dss/vendor/laravel/framework/src/Illuminate/Container/BoundMethod.php(35): Illuminate\\Container\\BoundMethod::callBoundMethod()
#4 /var/www/emaparking_dss/vendor/laravel/framework/src/Illuminate/Container/Container.php(651): Illuminate\\Container\\BoundMethod::call()
#5 /var/www/emaparking_dss/vendor/laravel/framework/src/Illuminate/Foundation/Application.php(933): Illuminate\\Container\\Container->call()
#6 /var/www/emaparking_dss/vendor/laravel/framework/src/Illuminate/Foundation/Application.php(914): Illuminate\\Foundation\\Application->bootProvider()
#7 [internal function]: Illuminate\\Foundation\\Application->Illuminate\\Foundation\\{closure}()
#8 /var/www/emaparking_dss/vendor/laravel/framework/src/Illuminate/Foundation/Application.php(913): array_walk()
#9 /var/www/emaparking_dss/vendor/laravel/framework/src/Illuminate/Foundation/Bootstrap/BootProviders.php(17): Illuminate\\Foundation\\Application->boot()
#10 /var/www/emaparking_dss/vendor/laravel/framework/src/Illuminate/Foundation/Application.php(242): Illuminate\\Foundation\\Bootstrap\\BootProviders->bootstrap()
#11 /var/www/emaparking_dss/vendor/laravel/framework/src/Illuminate/Foundation/Console/Kernel.php(383): Illuminate\\Foundation\\Application->bootstrapWith()
#12 /var/www/emaparking_dss/vendor/laravel/framework/src/Illuminate/Foundation/Console/Kernel.php(153): Illuminate\\Foundation\\Console\\Kernel->bootstrap()
#13 Command line code(1): Illuminate\\Foundation\\Console\\Kernel->handle()
#14 {main}
"} 
[2025-03-14 05:00:12] local.ERROR: Class "\Themes\BC\ThemeProvider" not found {"exception":"[object] (Error(code: 0): Class \"\\Themes\\BC\\ThemeProvider\" not found at /var/www/emaparking_dss/themes/ThemeServiceProvider.php:23)
[stacktrace]
#0 /var/www/emaparking_dss/vendor/laravel/framework/src/Illuminate/Container/BoundMethod.php(36): Themes\\ThemeServiceProvider->boot()
#1 /var/www/emaparking_dss/vendor/laravel/framework/src/Illuminate/Container/Util.php(41): Illuminate\\Container\\BoundMethod::Illuminate\\Container\\{closure}()
#2 /var/www/emaparking_dss/vendor/laravel/framework/src/Illuminate/Container/BoundMethod.php(93): Illuminate\\Container\\Util::unwrapIfClosure()
#3 /var/www/emaparking_dss/vendor/laravel/framework/src/Illuminate/Container/BoundMethod.php(35): Illuminate\\Container\\BoundMethod::callBoundMethod()
#4 /var/www/emaparking_dss/vendor/laravel/framework/src/Illuminate/Container/Container.php(651): Illuminate\\Container\\BoundMethod::call()
#5 /var/www/emaparking_dss/vendor/laravel/framework/src/Illuminate/Foundation/Application.php(933): Illuminate\\Container\\Container->call()
#6 /var/www/emaparking_dss/vendor/laravel/framework/src/Illuminate/Foundation/Application.php(914): Illuminate\\Foundation\\Application->bootProvider()
#7 [internal function]: Illuminate\\Foundation\\Application->Illuminate\\Foundation\\{closure}()
#8 /var/www/emaparking_dss/vendor/laravel/framework/src/Illuminate/Foundation/Application.php(913): array_walk()
#9 /var/www/emaparking_dss/vendor/laravel/framework/src/Illuminate/Foundation/Bootstrap/BootProviders.php(17): Illuminate\\Foundation\\Application->boot()
#10 /var/www/emaparking_dss/vendor/laravel/framework/src/Illuminate/Foundation/Application.php(242): Illuminate\\Foundation\\Bootstrap\\BootProviders->bootstrap()
#11 /var/www/emaparking_dss/vendor/laravel/framework/src/Illuminate/Foundation/Console/Kernel.php(383): Illuminate\\Foundation\\Application->bootstrapWith()
#12 /var/www/emaparking_dss/vendor/laravel/framework/src/Illuminate/Foundation/Console/Kernel.php(153): Illuminate\\Foundation\\Console\\Kernel->bootstrap()
#13 Command line code(1): Illuminate\\Foundation\\Console\\Kernel->handle()
#14 {main}
"} 
[2025-03-14 05:00:12] local.ERROR: Class "\Themes\BC\ThemeProvider" not found {"exception":"[object] (Error(code: 0): Class \"\\Themes\\BC\\ThemeProvider\" not found at /var/www/emaparking_dss/themes/ThemeServiceProvider.php:23)
[stacktrace]
#0 /var/www/emaparking_dss/vendor/laravel/framework/src/Illuminate/Container/BoundMethod.php(36): Themes\\ThemeServiceProvider->boot()
#1 /var/www/emaparking_dss/vendor/laravel/framework/src/Illuminate/Container/Util.php(41): Illuminate\\Container\\BoundMethod::Illuminate\\Container\\{closure}()
#2 /var/www/emaparking_dss/vendor/laravel/framework/src/Illuminate/Container/BoundMethod.php(93): Illuminate\\Container\\Util::unwrapIfClosure()
#3 /var/www/emaparking_dss/vendor/laravel/framework/src/Illuminate/Container/BoundMethod.php(35): Illuminate\\Container\\BoundMethod::callBoundMethod()
#4 /var/www/emaparking_dss/vendor/laravel/framework/src/Illuminate/Container/Container.php(651): Illuminate\\Container\\BoundMethod::call()
#5 /var/www/emaparking_dss/vendor/laravel/framework/src/Illuminate/Foundation/Application.php(933): Illuminate\\Container\\Container->call()
#6 /var/www/emaparking_dss/vendor/laravel/framework/src/Illuminate/Foundation/Application.php(914): Illuminate\\Foundation\\Application->bootProvider()
#7 [internal function]: Illuminate\\Foundation\\Application->Illuminate\\Foundation\\{closure}()
#8 /var/www/emaparking_dss/vendor/laravel/framework/src/Illuminate/Foundation/Application.php(913): array_walk()
#9 /var/www/emaparking_dss/vendor/laravel/framework/src/Illuminate/Foundation/Bootstrap/BootProviders.php(17): Illuminate\\Foundation\\Application->boot()
#10 /var/www/emaparking_dss/vendor/laravel/framework/src/Illuminate/Foundation/Application.php(242): Illuminate\\Foundation\\Bootstrap\\BootProviders->bootstrap()
#11 /var/www/emaparking_dss/vendor/laravel/framework/src/Illuminate/Foundation/Console/Kernel.php(383): Illuminate\\Foundation\\Application->bootstrapWith()
#12 /var/www/emaparking_dss/vendor/laravel/framework/src/Illuminate/Foundation/Console/Kernel.php(153): Illuminate\\Foundation\\Console\\Kernel->bootstrap()
#13 Command line code(1): Illuminate\\Foundation\\Console\\Kernel->handle()
#14 {main}
"} 
[2025-03-14 05:01:12] local.ERROR: Class "\Themes\BC\ThemeProvider" not found {"exception":"[object] (Error(code: 0): Class \"\\Themes\\BC\\ThemeProvider\" not found at /var/www/emaparking_dss/themes/ThemeServiceProvider.php:23)
[stacktrace]
#0 /var/www/emaparking_dss/vendor/laravel/framework/src/Illuminate/Container/BoundMethod.php(36): Themes\\ThemeServiceProvider->boot()
#1 /var/www/emaparking_dss/vendor/laravel/framework/src/Illuminate/Container/Util.php(41): Illuminate\\Container\\BoundMethod::Illuminate\\Container\\{closure}()
#2 /var/www/emaparking_dss/vendor/laravel/framework/src/Illuminate/Container/BoundMethod.php(93): Illuminate\\Container\\Util::unwrapIfClosure()
#3 /var/www/emaparking_dss/vendor/laravel/framework/src/Illuminate/Container/BoundMethod.php(35): Illuminate\\Container\\BoundMethod::callBoundMethod()
#4 /var/www/emaparking_dss/vendor/laravel/framework/src/Illuminate/Container/Container.php(651): Illuminate\\Container\\BoundMethod::call()
#5 /var/www/emaparking_dss/vendor/laravel/framework/src/Illuminate/Foundation/Application.php(933): Illuminate\\Container\\Container->call()
#6 /var/www/emaparking_dss/vendor/laravel/framework/src/Illuminate/Foundation/Application.php(914): Illuminate\\Foundation\\Application->bootProvider()
#7 [internal function]: Illuminate\\Foundation\\Application->Illuminate\\Foundation\\{closure}()
#8 /var/www/emaparking_dss/vendor/laravel/framework/src/Illuminate/Foundation/Application.php(913): array_walk()
#9 /var/www/emaparking_dss/vendor/laravel/framework/src/Illuminate/Foundation/Bootstrap/BootProviders.php(17): Illuminate\\Foundation\\Application->boot()
#10 /var/www/emaparking_dss/vendor/laravel/framework/src/Illuminate/Foundation/Application.php(242): Illuminate\\Foundation\\Bootstrap\\BootProviders->bootstrap()
#11 /var/www/emaparking_dss/vendor/laravel/framework/src/Illuminate/Foundation/Console/Kernel.php(383): Illuminate\\Foundation\\Application->bootstrapWith()
#12 /var/www/emaparking_dss/vendor/laravel/framework/src/Illuminate/Foundation/Console/Kernel.php(153): Illuminate\\Foundation\\Console\\Kernel->bootstrap()
#13 Command line code(1): Illuminate\\Foundation\\Console\\Kernel->handle()
#14 {main}
"} 
[2025-03-14 05:01:12] local.ERROR: Class "\Themes\BC\ThemeProvider" not found {"exception":"[object] (Error(code: 0): Class \"\\Themes\\BC\\ThemeProvider\" not found at /var/www/emaparking_dss/themes/ThemeServiceProvider.php:23)
[stacktrace]
#0 /var/www/emaparking_dss/vendor/laravel/framework/src/Illuminate/Container/BoundMethod.php(36): Themes\\ThemeServiceProvider->boot()
#1 /var/www/emaparking_dss/vendor/laravel/framework/src/Illuminate/Container/Util.php(41): Illuminate\\Container\\BoundMethod::Illuminate\\Container\\{closure}()
#2 /var/www/emaparking_dss/vendor/laravel/framework/src/Illuminate/Container/BoundMethod.php(93): Illuminate\\Container\\Util::unwrapIfClosure()
#3 /var/www/emaparking_dss/vendor/laravel/framework/src/Illuminate/Container/BoundMethod.php(35): Illuminate\\Container\\BoundMethod::callBoundMethod()
#4 /var/www/emaparking_dss/vendor/laravel/framework/src/Illuminate/Container/Container.php(651): Illuminate\\Container\\BoundMethod::call()
#5 /var/www/emaparking_dss/vendor/laravel/framework/src/Illuminate/Foundation/Application.php(933): Illuminate\\Container\\Container->call()
#6 /var/www/emaparking_dss/vendor/laravel/framework/src/Illuminate/Foundation/Application.php(914): Illuminate\\Foundation\\Application->bootProvider()
#7 [internal function]: Illuminate\\Foundation\\Application->Illuminate\\Foundation\\{closure}()
#8 /var/www/emaparking_dss/vendor/laravel/framework/src/Illuminate/Foundation/Application.php(913): array_walk()
#9 /var/www/emaparking_dss/vendor/laravel/framework/src/Illuminate/Foundation/Bootstrap/BootProviders.php(17): Illuminate\\Foundation\\Application->boot()
#10 /var/www/emaparking_dss/vendor/laravel/framework/src/Illuminate/Foundation/Application.php(242): Illuminate\\Foundation\\Bootstrap\\BootProviders->bootstrap()
#11 /var/www/emaparking_dss/vendor/laravel/framework/src/Illuminate/Foundation/Console/Kernel.php(383): Illuminate\\Foundation\\Application->bootstrapWith()
#12 /var/www/emaparking_dss/vendor/laravel/framework/src/Illuminate/Foundation/Console/Kernel.php(153): Illuminate\\Foundation\\Console\\Kernel->bootstrap()
#13 Command line code(1): Illuminate\\Foundation\\Console\\Kernel->handle()
#14 {main}
"} 
[2025-03-14 05:02:12] local.ERROR: Class "\Themes\BC\ThemeProvider" not found {"exception":"[object] (Error(code: 0): Class \"\\Themes\\BC\\ThemeProvider\" not found at /var/www/emaparking_dss/themes/ThemeServiceProvider.php:23)
[stacktrace]
#0 /var/www/emaparking_dss/vendor/laravel/framework/src/Illuminate/Container/BoundMethod.php(36): Themes\\ThemeServiceProvider->boot()
#1 /var/www/emaparking_dss/vendor/laravel/framework/src/Illuminate/Container/Util.php(41): Illuminate\\Container\\BoundMethod::Illuminate\\Container\\{closure}()
#2 /var/www/emaparking_dss/vendor/laravel/framework/src/Illuminate/Container/BoundMethod.php(93): Illuminate\\Container\\Util::unwrapIfClosure()
#3 /var/www/emaparking_dss/vendor/laravel/framework/src/Illuminate/Container/BoundMethod.php(35): Illuminate\\Container\\BoundMethod::callBoundMethod()
#4 /var/www/emaparking_dss/vendor/laravel/framework/src/Illuminate/Container/Container.php(651): Illuminate\\Container\\BoundMethod::call()
#5 /var/www/emaparking_dss/vendor/laravel/framework/src/Illuminate/Foundation/Application.php(933): Illuminate\\Container\\Container->call()
#6 /var/www/emaparking_dss/vendor/laravel/framework/src/Illuminate/Foundation/Application.php(914): Illuminate\\Foundation\\Application->bootProvider()
#7 [internal function]: Illuminate\\Foundation\\Application->Illuminate\\Foundation\\{closure}()
#8 /var/www/emaparking_dss/vendor/laravel/framework/src/Illuminate/Foundation/Application.php(913): array_walk()
#9 /var/www/emaparking_dss/vendor/laravel/framework/src/Illuminate/Foundation/Bootstrap/BootProviders.php(17): Illuminate\\Foundation\\Application->boot()
#10 /var/www/emaparking_dss/vendor/laravel/framework/src/Illuminate/Foundation/Application.php(242): Illuminate\\Foundation\\Bootstrap\\BootProviders->bootstrap()
#11 /var/www/emaparking_dss/vendor/laravel/framework/src/Illuminate/Foundation/Console/Kernel.php(383): Illuminate\\Foundation\\Application->bootstrapWith()
#12 /var/www/emaparking_dss/vendor/laravel/framework/src/Illuminate/Foundation/Console/Kernel.php(153): Illuminate\\Foundation\\Console\\Kernel->bootstrap()
#13 Command line code(1): Illuminate\\Foundation\\Console\\Kernel->handle()
#14 {main}
"} 
[2025-03-14 05:02:12] local.ERROR: Class "\Themes\BC\ThemeProvider" not found {"exception":"[object] (Error(code: 0): Class \"\\Themes\\BC\\ThemeProvider\" not found at /var/www/emaparking_dss/themes/ThemeServiceProvider.php:23)
[stacktrace]
#0 /var/www/emaparking_dss/vendor/laravel/framework/src/Illuminate/Container/BoundMethod.php(36): Themes\\ThemeServiceProvider->boot()
#1 /var/www/emaparking_dss/vendor/laravel/framework/src/Illuminate/Container/Util.php(41): Illuminate\\Container\\BoundMethod::Illuminate\\Container\\{closure}()
#2 /var/www/emaparking_dss/vendor/laravel/framework/src/Illuminate/Container/BoundMethod.php(93): Illuminate\\Container\\Util::unwrapIfClosure()
#3 /var/www/emaparking_dss/vendor/laravel/framework/src/Illuminate/Container/BoundMethod.php(35): Illuminate\\Container\\BoundMethod::callBoundMethod()
#4 /var/www/emaparking_dss/vendor/laravel/framework/src/Illuminate/Container/Container.php(651): Illuminate\\Container\\BoundMethod::call()
#5 /var/www/emaparking_dss/vendor/laravel/framework/src/Illuminate/Foundation/Application.php(933): Illuminate\\Container\\Container->call()
#6 /var/www/emaparking_dss/vendor/laravel/framework/src/Illuminate/Foundation/Application.php(914): Illuminate\\Foundation\\Application->bootProvider()
#7 [internal function]: Illuminate\\Foundation\\Application->Illuminate\\Foundation\\{closure}()
#8 /var/www/emaparking_dss/vendor/laravel/framework/src/Illuminate/Foundation/Application.php(913): array_walk()
#9 /var/www/emaparking_dss/vendor/laravel/framework/src/Illuminate/Foundation/Bootstrap/BootProviders.php(17): Illuminate\\Foundation\\Application->boot()
#10 /var/www/emaparking_dss/vendor/laravel/framework/src/Illuminate/Foundation/Application.php(242): Illuminate\\Foundation\\Bootstrap\\BootProviders->bootstrap()
#11 /var/www/emaparking_dss/vendor/laravel/framework/src/Illuminate/Foundation/Console/Kernel.php(383): Illuminate\\Foundation\\Application->bootstrapWith()
#12 /var/www/emaparking_dss/vendor/laravel/framework/src/Illuminate/Foundation/Console/Kernel.php(153): Illuminate\\Foundation\\Console\\Kernel->bootstrap()
#13 Command line code(1): Illuminate\\Foundation\\Console\\Kernel->handle()
#14 {main}
"} 
[2025-03-14 05:03:12] local.ERROR: Class "\Themes\BC\ThemeProvider" not found {"exception":"[object] (Error(code: 0): Class \"\\Themes\\BC\\ThemeProvider\" not found at /var/www/emaparking_dss/themes/ThemeServiceProvider.php:23)
[stacktrace]
#0 /var/www/emaparking_dss/vendor/laravel/framework/src/Illuminate/Container/BoundMethod.php(36): Themes\\ThemeServiceProvider->boot()
#1 /var/www/emaparking_dss/vendor/laravel/framework/src/Illuminate/Container/Util.php(41): Illuminate\\Container\\BoundMethod::Illuminate\\Container\\{closure}()
#2 /var/www/emaparking_dss/vendor/laravel/framework/src/Illuminate/Container/BoundMethod.php(93): Illuminate\\Container\\Util::unwrapIfClosure()
#3 /var/www/emaparking_dss/vendor/laravel/framework/src/Illuminate/Container/BoundMethod.php(35): Illuminate\\Container\\BoundMethod::callBoundMethod()
#4 /var/www/emaparking_dss/vendor/laravel/framework/src/Illuminate/Container/Container.php(651): Illuminate\\Container\\BoundMethod::call()
#5 /var/www/emaparking_dss/vendor/laravel/framework/src/Illuminate/Foundation/Application.php(933): Illuminate\\Container\\Container->call()
#6 /var/www/emaparking_dss/vendor/laravel/framework/src/Illuminate/Foundation/Application.php(914): Illuminate\\Foundation\\Application->bootProvider()
#7 [internal function]: Illuminate\\Foundation\\Application->Illuminate\\Foundation\\{closure}()
#8 /var/www/emaparking_dss/vendor/laravel/framework/src/Illuminate/Foundation/Application.php(913): array_walk()
#9 /var/www/emaparking_dss/vendor/laravel/framework/src/Illuminate/Foundation/Bootstrap/BootProviders.php(17): Illuminate\\Foundation\\Application->boot()
#10 /var/www/emaparking_dss/vendor/laravel/framework/src/Illuminate/Foundation/Application.php(242): Illuminate\\Foundation\\Bootstrap\\BootProviders->bootstrap()
#11 /var/www/emaparking_dss/vendor/laravel/framework/src/Illuminate/Foundation/Console/Kernel.php(383): Illuminate\\Foundation\\Application->bootstrapWith()
#12 /var/www/emaparking_dss/vendor/laravel/framework/src/Illuminate/Foundation/Console/Kernel.php(153): Illuminate\\Foundation\\Console\\Kernel->bootstrap()
#13 Command line code(1): Illuminate\\Foundation\\Console\\Kernel->handle()
#14 {main}
"} 
[2025-03-14 05:03:12] local.ERROR: Class "\Themes\BC\ThemeProvider" not found {"exception":"[object] (Error(code: 0): Class \"\\Themes\\BC\\ThemeProvider\" not found at /var/www/emaparking_dss/themes/ThemeServiceProvider.php:23)
[stacktrace]
#0 /var/www/emaparking_dss/vendor/laravel/framework/src/Illuminate/Container/BoundMethod.php(36): Themes\\ThemeServiceProvider->boot()
#1 /var/www/emaparking_dss/vendor/laravel/framework/src/Illuminate/Container/Util.php(41): Illuminate\\Container\\BoundMethod::Illuminate\\Container\\{closure}()
#2 /var/www/emaparking_dss/vendor/laravel/framework/src/Illuminate/Container/BoundMethod.php(93): Illuminate\\Container\\Util::unwrapIfClosure()
#3 /var/www/emaparking_dss/vendor/laravel/framework/src/Illuminate/Container/BoundMethod.php(35): Illuminate\\Container\\BoundMethod::callBoundMethod()
#4 /var/www/emaparking_dss/vendor/laravel/framework/src/Illuminate/Container/Container.php(651): Illuminate\\Container\\BoundMethod::call()
#5 /var/www/emaparking_dss/vendor/laravel/framework/src/Illuminate/Foundation/Application.php(933): Illuminate\\Container\\Container->call()
#6 /var/www/emaparking_dss/vendor/laravel/framework/src/Illuminate/Foundation/Application.php(914): Illuminate\\Foundation\\Application->bootProvider()
#7 [internal function]: Illuminate\\Foundation\\Application->Illuminate\\Foundation\\{closure}()
#8 /var/www/emaparking_dss/vendor/laravel/framework/src/Illuminate/Foundation/Application.php(913): array_walk()
#9 /var/www/emaparking_dss/vendor/laravel/framework/src/Illuminate/Foundation/Bootstrap/BootProviders.php(17): Illuminate\\Foundation\\Application->boot()
#10 /var/www/emaparking_dss/vendor/laravel/framework/src/Illuminate/Foundation/Application.php(242): Illuminate\\Foundation\\Bootstrap\\BootProviders->bootstrap()
#11 /var/www/emaparking_dss/vendor/laravel/framework/src/Illuminate/Foundation/Console/Kernel.php(383): Illuminate\\Foundation\\Application->bootstrapWith()
#12 /var/www/emaparking_dss/vendor/laravel/framework/src/Illuminate/Foundation/Console/Kernel.php(153): Illuminate\\Foundation\\Console\\Kernel->bootstrap()
#13 Command line code(1): Illuminate\\Foundation\\Console\\Kernel->handle()
#14 {main}
"} 
[2025-03-14 05:04:12] local.ERROR: Class "\Themes\BC\ThemeProvider" not found {"exception":"[object] (Error(code: 0): Class \"\\Themes\\BC\\ThemeProvider\" not found at /var/www/emaparking_dss/themes/ThemeServiceProvider.php:23)
[stacktrace]
#0 /var/www/emaparking_dss/vendor/laravel/framework/src/Illuminate/Container/BoundMethod.php(36): Themes\\ThemeServiceProvider->boot()
#1 /var/www/emaparking_dss/vendor/laravel/framework/src/Illuminate/Container/Util.php(41): Illuminate\\Container\\BoundMethod::Illuminate\\Container\\{closure}()
#2 /var/www/emaparking_dss/vendor/laravel/framework/src/Illuminate/Container/BoundMethod.php(93): Illuminate\\Container\\Util::unwrapIfClosure()
#3 /var/www/emaparking_dss/vendor/laravel/framework/src/Illuminate/Container/BoundMethod.php(35): Illuminate\\Container\\BoundMethod::callBoundMethod()
#4 /var/www/emaparking_dss/vendor/laravel/framework/src/Illuminate/Container/Container.php(651): Illuminate\\Container\\BoundMethod::call()
#5 /var/www/emaparking_dss/vendor/laravel/framework/src/Illuminate/Foundation/Application.php(933): Illuminate\\Container\\Container->call()
#6 /var/www/emaparking_dss/vendor/laravel/framework/src/Illuminate/Foundation/Application.php(914): Illuminate\\Foundation\\Application->bootProvider()
#7 [internal function]: Illuminate\\Foundation\\Application->Illuminate\\Foundation\\{closure}()
#8 /var/www/emaparking_dss/vendor/laravel/framework/src/Illuminate/Foundation/Application.php(913): array_walk()
#9 /var/www/emaparking_dss/vendor/laravel/framework/src/Illuminate/Foundation/Bootstrap/BootProviders.php(17): Illuminate\\Foundation\\Application->boot()
#10 /var/www/emaparking_dss/vendor/laravel/framework/src/Illuminate/Foundation/Application.php(242): Illuminate\\Foundation\\Bootstrap\\BootProviders->bootstrap()
#11 /var/www/emaparking_dss/vendor/laravel/framework/src/Illuminate/Foundation/Console/Kernel.php(383): Illuminate\\Foundation\\Application->bootstrapWith()
#12 /var/www/emaparking_dss/vendor/laravel/framework/src/Illuminate/Foundation/Console/Kernel.php(153): Illuminate\\Foundation\\Console\\Kernel->bootstrap()
#13 Command line code(1): Illuminate\\Foundation\\Console\\Kernel->handle()
#14 {main}
"} 
[2025-03-14 05:04:12] local.ERROR: Class "\Themes\BC\ThemeProvider" not found {"exception":"[object] (Error(code: 0): Class \"\\Themes\\BC\\ThemeProvider\" not found at /var/www/emaparking_dss/themes/ThemeServiceProvider.php:23)
[stacktrace]
#0 /var/www/emaparking_dss/vendor/laravel/framework/src/Illuminate/Container/BoundMethod.php(36): Themes\\ThemeServiceProvider->boot()
#1 /var/www/emaparking_dss/vendor/laravel/framework/src/Illuminate/Container/Util.php(41): Illuminate\\Container\\BoundMethod::Illuminate\\Container\\{closure}()
#2 /var/www/emaparking_dss/vendor/laravel/framework/src/Illuminate/Container/BoundMethod.php(93): Illuminate\\Container\\Util::unwrapIfClosure()
#3 /var/www/emaparking_dss/vendor/laravel/framework/src/Illuminate/Container/BoundMethod.php(35): Illuminate\\Container\\BoundMethod::callBoundMethod()
#4 /var/www/emaparking_dss/vendor/laravel/framework/src/Illuminate/Container/Container.php(651): Illuminate\\Container\\BoundMethod::call()
#5 /var/www/emaparking_dss/vendor/laravel/framework/src/Illuminate/Foundation/Application.php(933): Illuminate\\Container\\Container->call()
#6 /var/www/emaparking_dss/vendor/laravel/framework/src/Illuminate/Foundation/Application.php(914): Illuminate\\Foundation\\Application->bootProvider()
#7 [internal function]: Illuminate\\Foundation\\Application->Illuminate\\Foundation\\{closure}()
#8 /var/www/emaparking_dss/vendor/laravel/framework/src/Illuminate/Foundation/Application.php(913): array_walk()
#9 /var/www/emaparking_dss/vendor/laravel/framework/src/Illuminate/Foundation/Bootstrap/BootProviders.php(17): Illuminate\\Foundation\\Application->boot()
#10 /var/www/emaparking_dss/vendor/laravel/framework/src/Illuminate/Foundation/Application.php(242): Illuminate\\Foundation\\Bootstrap\\BootProviders->bootstrap()
#11 /var/www/emaparking_dss/vendor/laravel/framework/src/Illuminate/Foundation/Console/Kernel.php(383): Illuminate\\Foundation\\Application->bootstrapWith()
#12 /var/www/emaparking_dss/vendor/laravel/framework/src/Illuminate/Foundation/Console/Kernel.php(153): Illuminate\\Foundation\\Console\\Kernel->bootstrap()
#13 Command line code(1): Illuminate\\Foundation\\Console\\Kernel->handle()
#14 {main}
"} 
[2025-03-14 05:04:13] local.ERROR: Class "\Themes\BC\ThemeProvider" not found {"exception":"[object] (Error(code: 0): Class \"\\Themes\\BC\\ThemeProvider\" not found at /var/www/emaparking_dss/themes/ThemeServiceProvider.php:23)
[stacktrace]
#0 /var/www/emaparking_dss/vendor/laravel/framework/src/Illuminate/Container/BoundMethod.php(36): Themes\\ThemeServiceProvider->boot()
#1 /var/www/emaparking_dss/vendor/laravel/framework/src/Illuminate/Container/Util.php(41): Illuminate\\Container\\BoundMethod::Illuminate\\Container\\{closure}()
#2 /var/www/emaparking_dss/vendor/laravel/framework/src/Illuminate/Container/BoundMethod.php(93): Illuminate\\Container\\Util::unwrapIfClosure()
#3 /var/www/emaparking_dss/vendor/laravel/framework/src/Illuminate/Container/BoundMethod.php(35): Illuminate\\Container\\BoundMethod::callBoundMethod()
#4 /var/www/emaparking_dss/vendor/laravel/framework/src/Illuminate/Container/Container.php(651): Illuminate\\Container\\BoundMethod::call()
#5 /var/www/emaparking_dss/vendor/laravel/framework/src/Illuminate/Foundation/Application.php(933): Illuminate\\Container\\Container->call()
#6 /var/www/emaparking_dss/vendor/laravel/framework/src/Illuminate/Foundation/Application.php(914): Illuminate\\Foundation\\Application->bootProvider()
#7 [internal function]: Illuminate\\Foundation\\Application->Illuminate\\Foundation\\{closure}()
#8 /var/www/emaparking_dss/vendor/laravel/framework/src/Illuminate/Foundation/Application.php(913): array_walk()
#9 /var/www/emaparking_dss/vendor/laravel/framework/src/Illuminate/Foundation/Bootstrap/BootProviders.php(17): Illuminate\\Foundation\\Application->boot()
#10 /var/www/emaparking_dss/vendor/laravel/framework/src/Illuminate/Foundation/Application.php(242): Illuminate\\Foundation\\Bootstrap\\BootProviders->bootstrap()
#11 /var/www/emaparking_dss/vendor/laravel/framework/src/Illuminate/Foundation/Console/Kernel.php(383): Illuminate\\Foundation\\Application->bootstrapWith()
#12 /var/www/emaparking_dss/vendor/laravel/framework/src/Illuminate/Foundation/Console/Kernel.php(153): Illuminate\\Foundation\\Console\\Kernel->bootstrap()
#13 Command line code(1): Illuminate\\Foundation\\Console\\Kernel->handle()
#14 {main}
"} 
[2025-03-14 05:05:12] local.ERROR: Class "\Themes\BC\ThemeProvider" not found {"exception":"[object] (Error(code: 0): Class \"\\Themes\\BC\\ThemeProvider\" not found at /var/www/emaparking_dss/themes/ThemeServiceProvider.php:23)
[stacktrace]
#0 /var/www/emaparking_dss/vendor/laravel/framework/src/Illuminate/Container/BoundMethod.php(36): Themes\\ThemeServiceProvider->boot()
#1 /var/www/emaparking_dss/vendor/laravel/framework/src/Illuminate/Container/Util.php(41): Illuminate\\Container\\BoundMethod::Illuminate\\Container\\{closure}()
#2 /var/www/emaparking_dss/vendor/laravel/framework/src/Illuminate/Container/BoundMethod.php(93): Illuminate\\Container\\Util::unwrapIfClosure()
#3 /var/www/emaparking_dss/vendor/laravel/framework/src/Illuminate/Container/BoundMethod.php(35): Illuminate\\Container\\BoundMethod::callBoundMethod()
#4 /var/www/emaparking_dss/vendor/laravel/framework/src/Illuminate/Container/Container.php(651): Illuminate\\Container\\BoundMethod::call()
#5 /var/www/emaparking_dss/vendor/laravel/framework/src/Illuminate/Foundation/Application.php(933): Illuminate\\Container\\Container->call()
#6 /var/www/emaparking_dss/vendor/laravel/framework/src/Illuminate/Foundation/Application.php(914): Illuminate\\Foundation\\Application->bootProvider()
#7 [internal function]: Illuminate\\Foundation\\Application->Illuminate\\Foundation\\{closure}()
#8 /var/www/emaparking_dss/vendor/laravel/framework/src/Illuminate/Foundation/Application.php(913): array_walk()
#9 /var/www/emaparking_dss/vendor/laravel/framework/src/Illuminate/Foundation/Bootstrap/BootProviders.php(17): Illuminate\\Foundation\\Application->boot()
#10 /var/www/emaparking_dss/vendor/laravel/framework/src/Illuminate/Foundation/Application.php(242): Illuminate\\Foundation\\Bootstrap\\BootProviders->bootstrap()
#11 /var/www/emaparking_dss/vendor/laravel/framework/src/Illuminate/Foundation/Console/Kernel.php(383): Illuminate\\Foundation\\Application->bootstrapWith()
#12 /var/www/emaparking_dss/vendor/laravel/framework/src/Illuminate/Foundation/Console/Kernel.php(153): Illuminate\\Foundation\\Console\\Kernel->bootstrap()
#13 Command line code(1): Illuminate\\Foundation\\Console\\Kernel->handle()
#14 {main}
"} 
[2025-03-14 05:05:12] local.ERROR: Class "\Themes\BC\ThemeProvider" not found {"exception":"[object] (Error(code: 0): Class \"\\Themes\\BC\\ThemeProvider\" not found at /var/www/emaparking_dss/themes/ThemeServiceProvider.php:23)
[stacktrace]
#0 /var/www/emaparking_dss/vendor/laravel/framework/src/Illuminate/Container/BoundMethod.php(36): Themes\\ThemeServiceProvider->boot()
#1 /var/www/emaparking_dss/vendor/laravel/framework/src/Illuminate/Container/Util.php(41): Illuminate\\Container\\BoundMethod::Illuminate\\Container\\{closure}()
#2 /var/www/emaparking_dss/vendor/laravel/framework/src/Illuminate/Container/BoundMethod.php(93): Illuminate\\Container\\Util::unwrapIfClosure()
#3 /var/www/emaparking_dss/vendor/laravel/framework/src/Illuminate/Container/BoundMethod.php(35): Illuminate\\Container\\BoundMethod::callBoundMethod()
#4 /var/www/emaparking_dss/vendor/laravel/framework/src/Illuminate/Container/Container.php(651): Illuminate\\Container\\BoundMethod::call()
#5 /var/www/emaparking_dss/vendor/laravel/framework/src/Illuminate/Foundation/Application.php(933): Illuminate\\Container\\Container->call()
#6 /var/www/emaparking_dss/vendor/laravel/framework/src/Illuminate/Foundation/Application.php(914): Illuminate\\Foundation\\Application->bootProvider()
#7 [internal function]: Illuminate\\Foundation\\Application->Illuminate\\Foundation\\{closure}()
#8 /var/www/emaparking_dss/vendor/laravel/framework/src/Illuminate/Foundation/Application.php(913): array_walk()
#9 /var/www/emaparking_dss/vendor/laravel/framework/src/Illuminate/Foundation/Bootstrap/BootProviders.php(17): Illuminate\\Foundation\\Application->boot()
#10 /var/www/emaparking_dss/vendor/laravel/framework/src/Illuminate/Foundation/Application.php(242): Illuminate\\Foundation\\Bootstrap\\BootProviders->bootstrap()
#11 /var/www/emaparking_dss/vendor/laravel/framework/src/Illuminate/Foundation/Console/Kernel.php(383): Illuminate\\Foundation\\Application->bootstrapWith()
#12 /var/www/emaparking_dss/vendor/laravel/framework/src/Illuminate/Foundation/Console/Kernel.php(153): Illuminate\\Foundation\\Console\\Kernel->bootstrap()
#13 Command line code(1): Illuminate\\Foundation\\Console\\Kernel->handle()
#14 {main}
"} 
[2025-03-14 05:06:12] local.ERROR: Class "\Themes\BC\ThemeProvider" not found {"exception":"[object] (Error(code: 0): Class \"\\Themes\\BC\\ThemeProvider\" not found at /var/www/emaparking_dss/themes/ThemeServiceProvider.php:23)
[stacktrace]
#0 /var/www/emaparking_dss/vendor/laravel/framework/src/Illuminate/Container/BoundMethod.php(36): Themes\\ThemeServiceProvider->boot()
#1 /var/www/emaparking_dss/vendor/laravel/framework/src/Illuminate/Container/Util.php(41): Illuminate\\Container\\BoundMethod::Illuminate\\Container\\{closure}()
#2 /var/www/emaparking_dss/vendor/laravel/framework/src/Illuminate/Container/BoundMethod.php(93): Illuminate\\Container\\Util::unwrapIfClosure()
#3 /var/www/emaparking_dss/vendor/laravel/framework/src/Illuminate/Container/BoundMethod.php(35): Illuminate\\Container\\BoundMethod::callBoundMethod()
#4 /var/www/emaparking_dss/vendor/laravel/framework/src/Illuminate/Container/Container.php(651): Illuminate\\Container\\BoundMethod::call()
#5 /var/www/emaparking_dss/vendor/laravel/framework/src/Illuminate/Foundation/Application.php(933): Illuminate\\Container\\Container->call()
#6 /var/www/emaparking_dss/vendor/laravel/framework/src/Illuminate/Foundation/Application.php(914): Illuminate\\Foundation\\Application->bootProvider()
#7 [internal function]: Illuminate\\Foundation\\Application->Illuminate\\Foundation\\{closure}()
#8 /var/www/emaparking_dss/vendor/laravel/framework/src/Illuminate/Foundation/Application.php(913): array_walk()
#9 /var/www/emaparking_dss/vendor/laravel/framework/src/Illuminate/Foundation/Bootstrap/BootProviders.php(17): Illuminate\\Foundation\\Application->boot()
#10 /var/www/emaparking_dss/vendor/laravel/framework/src/Illuminate/Foundation/Application.php(242): Illuminate\\Foundation\\Bootstrap\\BootProviders->bootstrap()
#11 /var/www/emaparking_dss/vendor/laravel/framework/src/Illuminate/Foundation/Console/Kernel.php(383): Illuminate\\Foundation\\Application->bootstrapWith()
#12 /var/www/emaparking_dss/vendor/laravel/framework/src/Illuminate/Foundation/Console/Kernel.php(153): Illuminate\\Foundation\\Console\\Kernel->bootstrap()
#13 Command line code(1): Illuminate\\Foundation\\Console\\Kernel->handle()
#14 {main}
"} 
[2025-03-14 05:06:12] local.ERROR: Class "\Themes\BC\ThemeProvider" not found {"exception":"[object] (Error(code: 0): Class \"\\Themes\\BC\\ThemeProvider\" not found at /var/www/emaparking_dss/themes/ThemeServiceProvider.php:23)
[stacktrace]
#0 /var/www/emaparking_dss/vendor/laravel/framework/src/Illuminate/Container/BoundMethod.php(36): Themes\\ThemeServiceProvider->boot()
#1 /var/www/emaparking_dss/vendor/laravel/framework/src/Illuminate/Container/Util.php(41): Illuminate\\Container\\BoundMethod::Illuminate\\Container\\{closure}()
#2 /var/www/emaparking_dss/vendor/laravel/framework/src/Illuminate/Container/BoundMethod.php(93): Illuminate\\Container\\Util::unwrapIfClosure()
#3 /var/www/emaparking_dss/vendor/laravel/framework/src/Illuminate/Container/BoundMethod.php(35): Illuminate\\Container\\BoundMethod::callBoundMethod()
#4 /var/www/emaparking_dss/vendor/laravel/framework/src/Illuminate/Container/Container.php(651): Illuminate\\Container\\BoundMethod::call()
#5 /var/www/emaparking_dss/vendor/laravel/framework/src/Illuminate/Foundation/Application.php(933): Illuminate\\Container\\Container->call()
#6 /var/www/emaparking_dss/vendor/laravel/framework/src/Illuminate/Foundation/Application.php(914): Illuminate\\Foundation\\Application->bootProvider()
#7 [internal function]: Illuminate\\Foundation\\Application->Illuminate\\Foundation\\{closure}()
#8 /var/www/emaparking_dss/vendor/laravel/framework/src/Illuminate/Foundation/Application.php(913): array_walk()
#9 /var/www/emaparking_dss/vendor/laravel/framework/src/Illuminate/Foundation/Bootstrap/BootProviders.php(17): Illuminate\\Foundation\\Application->boot()
#10 /var/www/emaparking_dss/vendor/laravel/framework/src/Illuminate/Foundation/Application.php(242): Illuminate\\Foundation\\Bootstrap\\BootProviders->bootstrap()
#11 /var/www/emaparking_dss/vendor/laravel/framework/src/Illuminate/Foundation/Console/Kernel.php(383): Illuminate\\Foundation\\Application->bootstrapWith()
#12 /var/www/emaparking_dss/vendor/laravel/framework/src/Illuminate/Foundation/Console/Kernel.php(153): Illuminate\\Foundation\\Console\\Kernel->bootstrap()
#13 Command line code(1): Illuminate\\Foundation\\Console\\Kernel->handle()
#14 {main}
"} 
[2025-03-14 05:07:13] local.ERROR: Class "\Themes\BC\ThemeProvider" not found {"exception":"[object] (Error(code: 0): Class \"\\Themes\\BC\\ThemeProvider\" not found at /var/www/emaparking_dss/themes/ThemeServiceProvider.php:23)
[stacktrace]
#0 /var/www/emaparking_dss/vendor/laravel/framework/src/Illuminate/Container/BoundMethod.php(36): Themes\\ThemeServiceProvider->boot()
#1 /var/www/emaparking_dss/vendor/laravel/framework/src/Illuminate/Container/Util.php(41): Illuminate\\Container\\BoundMethod::Illuminate\\Container\\{closure}()
#2 /var/www/emaparking_dss/vendor/laravel/framework/src/Illuminate/Container/BoundMethod.php(93): Illuminate\\Container\\Util::unwrapIfClosure()
#3 /var/www/emaparking_dss/vendor/laravel/framework/src/Illuminate/Container/BoundMethod.php(35): Illuminate\\Container\\BoundMethod::callBoundMethod()
#4 /var/www/emaparking_dss/vendor/laravel/framework/src/Illuminate/Container/Container.php(651): Illuminate\\Container\\BoundMethod::call()
#5 /var/www/emaparking_dss/vendor/laravel/framework/src/Illuminate/Foundation/Application.php(933): Illuminate\\Container\\Container->call()
#6 /var/www/emaparking_dss/vendor/laravel/framework/src/Illuminate/Foundation/Application.php(914): Illuminate\\Foundation\\Application->bootProvider()
#7 [internal function]: Illuminate\\Foundation\\Application->Illuminate\\Foundation\\{closure}()
#8 /var/www/emaparking_dss/vendor/laravel/framework/src/Illuminate/Foundation/Application.php(913): array_walk()
#9 /var/www/emaparking_dss/vendor/laravel/framework/src/Illuminate/Foundation/Bootstrap/BootProviders.php(17): Illuminate\\Foundation\\Application->boot()
#10 /var/www/emaparking_dss/vendor/laravel/framework/src/Illuminate/Foundation/Application.php(242): Illuminate\\Foundation\\Bootstrap\\BootProviders->bootstrap()
#11 /var/www/emaparking_dss/vendor/laravel/framework/src/Illuminate/Foundation/Console/Kernel.php(383): Illuminate\\Foundation\\Application->bootstrapWith()
#12 /var/www/emaparking_dss/vendor/laravel/framework/src/Illuminate/Foundation/Console/Kernel.php(153): Illuminate\\Foundation\\Console\\Kernel->bootstrap()
#13 Command line code(1): Illuminate\\Foundation\\Console\\Kernel->handle()
#14 {main}
"} 
[2025-03-14 05:07:13] local.ERROR: Class "\Themes\BC\ThemeProvider" not found {"exception":"[object] (Error(code: 0): Class \"\\Themes\\BC\\ThemeProvider\" not found at /var/www/emaparking_dss/themes/ThemeServiceProvider.php:23)
[stacktrace]
#0 /var/www/emaparking_dss/vendor/laravel/framework/src/Illuminate/Container/BoundMethod.php(36): Themes\\ThemeServiceProvider->boot()
#1 /var/www/emaparking_dss/vendor/laravel/framework/src/Illuminate/Container/Util.php(41): Illuminate\\Container\\BoundMethod::Illuminate\\Container\\{closure}()
#2 /var/www/emaparking_dss/vendor/laravel/framework/src/Illuminate/Container/BoundMethod.php(93): Illuminate\\Container\\Util::unwrapIfClosure()
#3 /var/www/emaparking_dss/vendor/laravel/framework/src/Illuminate/Container/BoundMethod.php(35): Illuminate\\Container\\BoundMethod::callBoundMethod()
#4 /var/www/emaparking_dss/vendor/laravel/framework/src/Illuminate/Container/Container.php(651): Illuminate\\Container\\BoundMethod::call()
#5 /var/www/emaparking_dss/vendor/laravel/framework/src/Illuminate/Foundation/Application.php(933): Illuminate\\Container\\Container->call()
#6 /var/www/emaparking_dss/vendor/laravel/framework/src/Illuminate/Foundation/Application.php(914): Illuminate\\Foundation\\Application->bootProvider()
#7 [internal function]: Illuminate\\Foundation\\Application->Illuminate\\Foundation\\{closure}()
#8 /var/www/emaparking_dss/vendor/laravel/framework/src/Illuminate/Foundation/Application.php(913): array_walk()
#9 /var/www/emaparking_dss/vendor/laravel/framework/src/Illuminate/Foundation/Bootstrap/BootProviders.php(17): Illuminate\\Foundation\\Application->boot()
#10 /var/www/emaparking_dss/vendor/laravel/framework/src/Illuminate/Foundation/Application.php(242): Illuminate\\Foundation\\Bootstrap\\BootProviders->bootstrap()
#11 /var/www/emaparking_dss/vendor/laravel/framework/src/Illuminate/Foundation/Console/Kernel.php(383): Illuminate\\Foundation\\Application->bootstrapWith()
#12 /var/www/emaparking_dss/vendor/laravel/framework/src/Illuminate/Foundation/Console/Kernel.php(153): Illuminate\\Foundation\\Console\\Kernel->bootstrap()
#13 Command line code(1): Illuminate\\Foundation\\Console\\Kernel->handle()
#14 {main}
"} 
[2025-03-14 05:08:12] local.ERROR: Class "\Themes\BC\ThemeProvider" not found {"exception":"[object] (Error(code: 0): Class \"\\Themes\\BC\\ThemeProvider\" not found at /var/www/emaparking_dss/themes/ThemeServiceProvider.php:23)
[stacktrace]
#0 /var/www/emaparking_dss/vendor/laravel/framework/src/Illuminate/Container/BoundMethod.php(36): Themes\\ThemeServiceProvider->boot()
#1 /var/www/emaparking_dss/vendor/laravel/framework/src/Illuminate/Container/Util.php(41): Illuminate\\Container\\BoundMethod::Illuminate\\Container\\{closure}()
#2 /var/www/emaparking_dss/vendor/laravel/framework/src/Illuminate/Container/BoundMethod.php(93): Illuminate\\Container\\Util::unwrapIfClosure()
#3 /var/www/emaparking_dss/vendor/laravel/framework/src/Illuminate/Container/BoundMethod.php(35): Illuminate\\Container\\BoundMethod::callBoundMethod()
#4 /var/www/emaparking_dss/vendor/laravel/framework/src/Illuminate/Container/Container.php(651): Illuminate\\Container\\BoundMethod::call()
#5 /var/www/emaparking_dss/vendor/laravel/framework/src/Illuminate/Foundation/Application.php(933): Illuminate\\Container\\Container->call()
#6 /var/www/emaparking_dss/vendor/laravel/framework/src/Illuminate/Foundation/Application.php(914): Illuminate\\Foundation\\Application->bootProvider()
#7 [internal function]: Illuminate\\Foundation\\Application->Illuminate\\Foundation\\{closure}()
#8 /var/www/emaparking_dss/vendor/laravel/framework/src/Illuminate/Foundation/Application.php(913): array_walk()
#9 /var/www/emaparking_dss/vendor/laravel/framework/src/Illuminate/Foundation/Bootstrap/BootProviders.php(17): Illuminate\\Foundation\\Application->boot()
#10 /var/www/emaparking_dss/vendor/laravel/framework/src/Illuminate/Foundation/Application.php(242): Illuminate\\Foundation\\Bootstrap\\BootProviders->bootstrap()
#11 /var/www/emaparking_dss/vendor/laravel/framework/src/Illuminate/Foundation/Console/Kernel.php(383): Illuminate\\Foundation\\Application->bootstrapWith()
#12 /var/www/emaparking_dss/vendor/laravel/framework/src/Illuminate/Foundation/Console/Kernel.php(153): Illuminate\\Foundation\\Console\\Kernel->bootstrap()
#13 Command line code(1): Illuminate\\Foundation\\Console\\Kernel->handle()
#14 {main}
"} 
[2025-03-14 05:08:13] local.ERROR: Class "\Themes\BC\ThemeProvider" not found {"exception":"[object] (Error(code: 0): Class \"\\Themes\\BC\\ThemeProvider\" not found at /var/www/emaparking_dss/themes/ThemeServiceProvider.php:23)
[stacktrace]
#0 /var/www/emaparking_dss/vendor/laravel/framework/src/Illuminate/Container/BoundMethod.php(36): Themes\\ThemeServiceProvider->boot()
#1 /var/www/emaparking_dss/vendor/laravel/framework/src/Illuminate/Container/Util.php(41): Illuminate\\Container\\BoundMethod::Illuminate\\Container\\{closure}()
#2 /var/www/emaparking_dss/vendor/laravel/framework/src/Illuminate/Container/BoundMethod.php(93): Illuminate\\Container\\Util::unwrapIfClosure()
#3 /var/www/emaparking_dss/vendor/laravel/framework/src/Illuminate/Container/BoundMethod.php(35): Illuminate\\Container\\BoundMethod::callBoundMethod()
#4 /var/www/emaparking_dss/vendor/laravel/framework/src/Illuminate/Container/Container.php(651): Illuminate\\Container\\BoundMethod::call()
#5 /var/www/emaparking_dss/vendor/laravel/framework/src/Illuminate/Foundation/Application.php(933): Illuminate\\Container\\Container->call()
#6 /var/www/emaparking_dss/vendor/laravel/framework/src/Illuminate/Foundation/Application.php(914): Illuminate\\Foundation\\Application->bootProvider()
#7 [internal function]: Illuminate\\Foundation\\Application->Illuminate\\Foundation\\{closure}()
#8 /var/www/emaparking_dss/vendor/laravel/framework/src/Illuminate/Foundation/Application.php(913): array_walk()
#9 /var/www/emaparking_dss/vendor/laravel/framework/src/Illuminate/Foundation/Bootstrap/BootProviders.php(17): Illuminate\\Foundation\\Application->boot()
#10 /var/www/emaparking_dss/vendor/laravel/framework/src/Illuminate/Foundation/Application.php(242): Illuminate\\Foundation\\Bootstrap\\BootProviders->bootstrap()
#11 /var/www/emaparking_dss/vendor/laravel/framework/src/Illuminate/Foundation/Console/Kernel.php(383): Illuminate\\Foundation\\Application->bootstrapWith()
#12 /var/www/emaparking_dss/vendor/laravel/framework/src/Illuminate/Foundation/Console/Kernel.php(153): Illuminate\\Foundation\\Console\\Kernel->bootstrap()
#13 Command line code(1): Illuminate\\Foundation\\Console\\Kernel->handle()
#14 {main}
"} 
[2025-03-14 05:09:12] local.ERROR: Class "\Themes\BC\ThemeProvider" not found {"exception":"[object] (Error(code: 0): Class \"\\Themes\\BC\\ThemeProvider\" not found at /var/www/emaparking_dss/themes/ThemeServiceProvider.php:23)
[stacktrace]
#0 /var/www/emaparking_dss/vendor/laravel/framework/src/Illuminate/Container/BoundMethod.php(36): Themes\\ThemeServiceProvider->boot()
#1 /var/www/emaparking_dss/vendor/laravel/framework/src/Illuminate/Container/Util.php(41): Illuminate\\Container\\BoundMethod::Illuminate\\Container\\{closure}()
#2 /var/www/emaparking_dss/vendor/laravel/framework/src/Illuminate/Container/BoundMethod.php(93): Illuminate\\Container\\Util::unwrapIfClosure()
#3 /var/www/emaparking_dss/vendor/laravel/framework/src/Illuminate/Container/BoundMethod.php(35): Illuminate\\Container\\BoundMethod::callBoundMethod()
#4 /var/www/emaparking_dss/vendor/laravel/framework/src/Illuminate/Container/Container.php(651): Illuminate\\Container\\BoundMethod::call()
#5 /var/www/emaparking_dss/vendor/laravel/framework/src/Illuminate/Foundation/Application.php(933): Illuminate\\Container\\Container->call()
#6 /var/www/emaparking_dss/vendor/laravel/framework/src/Illuminate/Foundation/Application.php(914): Illuminate\\Foundation\\Application->bootProvider()
#7 [internal function]: Illuminate\\Foundation\\Application->Illuminate\\Foundation\\{closure}()
#8 /var/www/emaparking_dss/vendor/laravel/framework/src/Illuminate/Foundation/Application.php(913): array_walk()
#9 /var/www/emaparking_dss/vendor/laravel/framework/src/Illuminate/Foundation/Bootstrap/BootProviders.php(17): Illuminate\\Foundation\\Application->boot()
#10 /var/www/emaparking_dss/vendor/laravel/framework/src/Illuminate/Foundation/Application.php(242): Illuminate\\Foundation\\Bootstrap\\BootProviders->bootstrap()
#11 /var/www/emaparking_dss/vendor/laravel/framework/src/Illuminate/Foundation/Console/Kernel.php(383): Illuminate\\Foundation\\Application->bootstrapWith()
#12 /var/www/emaparking_dss/vendor/laravel/framework/src/Illuminate/Foundation/Console/Kernel.php(153): Illuminate\\Foundation\\Console\\Kernel->bootstrap()
#13 Command line code(1): Illuminate\\Foundation\\Console\\Kernel->handle()
#14 {main}
"} 
[2025-03-14 05:09:13] local.ERROR: Class "\Themes\BC\ThemeProvider" not found {"exception":"[object] (Error(code: 0): Class \"\\Themes\\BC\\ThemeProvider\" not found at /var/www/emaparking_dss/themes/ThemeServiceProvider.php:23)
[stacktrace]
#0 /var/www/emaparking_dss/vendor/laravel/framework/src/Illuminate/Container/BoundMethod.php(36): Themes\\ThemeServiceProvider->boot()
#1 /var/www/emaparking_dss/vendor/laravel/framework/src/Illuminate/Container/Util.php(41): Illuminate\\Container\\BoundMethod::Illuminate\\Container\\{closure}()
#2 /var/www/emaparking_dss/vendor/laravel/framework/src/Illuminate/Container/BoundMethod.php(93): Illuminate\\Container\\Util::unwrapIfClosure()
#3 /var/www/emaparking_dss/vendor/laravel/framework/src/Illuminate/Container/BoundMethod.php(35): Illuminate\\Container\\BoundMethod::callBoundMethod()
#4 /var/www/emaparking_dss/vendor/laravel/framework/src/Illuminate/Container/Container.php(651): Illuminate\\Container\\BoundMethod::call()
#5 /var/www/emaparking_dss/vendor/laravel/framework/src/Illuminate/Foundation/Application.php(933): Illuminate\\Container\\Container->call()
#6 /var/www/emaparking_dss/vendor/laravel/framework/src/Illuminate/Foundation/Application.php(914): Illuminate\\Foundation\\Application->bootProvider()
#7 [internal function]: Illuminate\\Foundation\\Application->Illuminate\\Foundation\\{closure}()
#8 /var/www/emaparking_dss/vendor/laravel/framework/src/Illuminate/Foundation/Application.php(913): array_walk()
#9 /var/www/emaparking_dss/vendor/laravel/framework/src/Illuminate/Foundation/Bootstrap/BootProviders.php(17): Illuminate\\Foundation\\Application->boot()
#10 /var/www/emaparking_dss/vendor/laravel/framework/src/Illuminate/Foundation/Application.php(242): Illuminate\\Foundation\\Bootstrap\\BootProviders->bootstrap()
#11 /var/www/emaparking_dss/vendor/laravel/framework/src/Illuminate/Foundation/Console/Kernel.php(383): Illuminate\\Foundation\\Application->bootstrapWith()
#12 /var/www/emaparking_dss/vendor/laravel/framework/src/Illuminate/Foundation/Console/Kernel.php(153): Illuminate\\Foundation\\Console\\Kernel->bootstrap()
#13 Command line code(1): Illuminate\\Foundation\\Console\\Kernel->handle()
#14 {main}
"} 
[2025-03-14 05:10:12] local.ERROR: Class "\Themes\BC\ThemeProvider" not found {"exception":"[object] (Error(code: 0): Class \"\\Themes\\BC\\ThemeProvider\" not found at /var/www/emaparking_dss/themes/ThemeServiceProvider.php:23)
[stacktrace]
#0 /var/www/emaparking_dss/vendor/laravel/framework/src/Illuminate/Container/BoundMethod.php(36): Themes\\ThemeServiceProvider->boot()
#1 /var/www/emaparking_dss/vendor/laravel/framework/src/Illuminate/Container/Util.php(41): Illuminate\\Container\\BoundMethod::Illuminate\\Container\\{closure}()
#2 /var/www/emaparking_dss/vendor/laravel/framework/src/Illuminate/Container/BoundMethod.php(93): Illuminate\\Container\\Util::unwrapIfClosure()
#3 /var/www/emaparking_dss/vendor/laravel/framework/src/Illuminate/Container/BoundMethod.php(35): Illuminate\\Container\\BoundMethod::callBoundMethod()
#4 /var/www/emaparking_dss/vendor/laravel/framework/src/Illuminate/Container/Container.php(651): Illuminate\\Container\\BoundMethod::call()
#5 /var/www/emaparking_dss/vendor/laravel/framework/src/Illuminate/Foundation/Application.php(933): Illuminate\\Container\\Container->call()
#6 /var/www/emaparking_dss/vendor/laravel/framework/src/Illuminate/Foundation/Application.php(914): Illuminate\\Foundation\\Application->bootProvider()
#7 [internal function]: Illuminate\\Foundation\\Application->Illuminate\\Foundation\\{closure}()
#8 /var/www/emaparking_dss/vendor/laravel/framework/src/Illuminate/Foundation/Application.php(913): array_walk()
#9 /var/www/emaparking_dss/vendor/laravel/framework/src/Illuminate/Foundation/Bootstrap/BootProviders.php(17): Illuminate\\Foundation\\Application->boot()
#10 /var/www/emaparking_dss/vendor/laravel/framework/src/Illuminate/Foundation/Application.php(242): Illuminate\\Foundation\\Bootstrap\\BootProviders->bootstrap()
#11 /var/www/emaparking_dss/vendor/laravel/framework/src/Illuminate/Foundation/Console/Kernel.php(383): Illuminate\\Foundation\\Application->bootstrapWith()
#12 /var/www/emaparking_dss/vendor/laravel/framework/src/Illuminate/Foundation/Console/Kernel.php(153): Illuminate\\Foundation\\Console\\Kernel->bootstrap()
#13 Command line code(1): Illuminate\\Foundation\\Console\\Kernel->handle()
#14 {main}
"} 
[2025-03-14 05:10:12] local.ERROR: Class "\Themes\BC\ThemeProvider" not found {"exception":"[object] (Error(code: 0): Class \"\\Themes\\BC\\ThemeProvider\" not found at /var/www/emaparking_dss/themes/ThemeServiceProvider.php:23)
[stacktrace]
#0 /var/www/emaparking_dss/vendor/laravel/framework/src/Illuminate/Container/BoundMethod.php(36): Themes\\ThemeServiceProvider->boot()
#1 /var/www/emaparking_dss/vendor/laravel/framework/src/Illuminate/Container/Util.php(41): Illuminate\\Container\\BoundMethod::Illuminate\\Container\\{closure}()
#2 /var/www/emaparking_dss/vendor/laravel/framework/src/Illuminate/Container/BoundMethod.php(93): Illuminate\\Container\\Util::unwrapIfClosure()
#3 /var/www/emaparking_dss/vendor/laravel/framework/src/Illuminate/Container/BoundMethod.php(35): Illuminate\\Container\\BoundMethod::callBoundMethod()
#4 /var/www/emaparking_dss/vendor/laravel/framework/src/Illuminate/Container/Container.php(651): Illuminate\\Container\\BoundMethod::call()
#5 /var/www/emaparking_dss/vendor/laravel/framework/src/Illuminate/Foundation/Application.php(933): Illuminate\\Container\\Container->call()
#6 /var/www/emaparking_dss/vendor/laravel/framework/src/Illuminate/Foundation/Application.php(914): Illuminate\\Foundation\\Application->bootProvider()
#7 [internal function]: Illuminate\\Foundation\\Application->Illuminate\\Foundation\\{closure}()
#8 /var/www/emaparking_dss/vendor/laravel/framework/src/Illuminate/Foundation/Application.php(913): array_walk()
#9 /var/www/emaparking_dss/vendor/laravel/framework/src/Illuminate/Foundation/Bootstrap/BootProviders.php(17): Illuminate\\Foundation\\Application->boot()
#10 /var/www/emaparking_dss/vendor/laravel/framework/src/Illuminate/Foundation/Application.php(242): Illuminate\\Foundation\\Bootstrap\\BootProviders->bootstrap()
#11 /var/www/emaparking_dss/vendor/laravel/framework/src/Illuminate/Foundation/Console/Kernel.php(383): Illuminate\\Foundation\\Application->bootstrapWith()
#12 /var/www/emaparking_dss/vendor/laravel/framework/src/Illuminate/Foundation/Console/Kernel.php(153): Illuminate\\Foundation\\Console\\Kernel->bootstrap()
#13 Command line code(1): Illuminate\\Foundation\\Console\\Kernel->handle()
#14 {main}
"} 
[2025-03-14 05:11:12] local.ERROR: Class "\Themes\BC\ThemeProvider" not found {"exception":"[object] (Error(code: 0): Class \"\\Themes\\BC\\ThemeProvider\" not found at /var/www/emaparking_dss/themes/ThemeServiceProvider.php:23)
[stacktrace]
#0 /var/www/emaparking_dss/vendor/laravel/framework/src/Illuminate/Container/BoundMethod.php(36): Themes\\ThemeServiceProvider->boot()
#1 /var/www/emaparking_dss/vendor/laravel/framework/src/Illuminate/Container/Util.php(41): Illuminate\\Container\\BoundMethod::Illuminate\\Container\\{closure}()
#2 /var/www/emaparking_dss/vendor/laravel/framework/src/Illuminate/Container/BoundMethod.php(93): Illuminate\\Container\\Util::unwrapIfClosure()
#3 /var/www/emaparking_dss/vendor/laravel/framework/src/Illuminate/Container/BoundMethod.php(35): Illuminate\\Container\\BoundMethod::callBoundMethod()
#4 /var/www/emaparking_dss/vendor/laravel/framework/src/Illuminate/Container/Container.php(651): Illuminate\\Container\\BoundMethod::call()
#5 /var/www/emaparking_dss/vendor/laravel/framework/src/Illuminate/Foundation/Application.php(933): Illuminate\\Container\\Container->call()
#6 /var/www/emaparking_dss/vendor/laravel/framework/src/Illuminate/Foundation/Application.php(914): Illuminate\\Foundation\\Application->bootProvider()
#7 [internal function]: Illuminate\\Foundation\\Application->Illuminate\\Foundation\\{closure}()
#8 /var/www/emaparking_dss/vendor/laravel/framework/src/Illuminate/Foundation/Application.php(913): array_walk()
#9 /var/www/emaparking_dss/vendor/laravel/framework/src/Illuminate/Foundation/Bootstrap/BootProviders.php(17): Illuminate\\Foundation\\Application->boot()
#10 /var/www/emaparking_dss/vendor/laravel/framework/src/Illuminate/Foundation/Application.php(242): Illuminate\\Foundation\\Bootstrap\\BootProviders->bootstrap()
#11 /var/www/emaparking_dss/vendor/laravel/framework/src/Illuminate/Foundation/Console/Kernel.php(383): Illuminate\\Foundation\\Application->bootstrapWith()
#12 /var/www/emaparking_dss/vendor/laravel/framework/src/Illuminate/Foundation/Console/Kernel.php(153): Illuminate\\Foundation\\Console\\Kernel->bootstrap()
#13 Command line code(1): Illuminate\\Foundation\\Console\\Kernel->handle()
#14 {main}
"} 
[2025-03-14 05:11:12] local.ERROR: Class "\Themes\BC\ThemeProvider" not found {"exception":"[object] (Error(code: 0): Class \"\\Themes\\BC\\ThemeProvider\" not found at /var/www/emaparking_dss/themes/ThemeServiceProvider.php:23)
[stacktrace]
#0 /var/www/emaparking_dss/vendor/laravel/framework/src/Illuminate/Container/BoundMethod.php(36): Themes\\ThemeServiceProvider->boot()
#1 /var/www/emaparking_dss/vendor/laravel/framework/src/Illuminate/Container/Util.php(41): Illuminate\\Container\\BoundMethod::Illuminate\\Container\\{closure}()
#2 /var/www/emaparking_dss/vendor/laravel/framework/src/Illuminate/Container/BoundMethod.php(93): Illuminate\\Container\\Util::unwrapIfClosure()
#3 /var/www/emaparking_dss/vendor/laravel/framework/src/Illuminate/Container/BoundMethod.php(35): Illuminate\\Container\\BoundMethod::callBoundMethod()
#4 /var/www/emaparking_dss/vendor/laravel/framework/src/Illuminate/Container/Container.php(651): Illuminate\\Container\\BoundMethod::call()
#5 /var/www/emaparking_dss/vendor/laravel/framework/src/Illuminate/Foundation/Application.php(933): Illuminate\\Container\\Container->call()
#6 /var/www/emaparking_dss/vendor/laravel/framework/src/Illuminate/Foundation/Application.php(914): Illuminate\\Foundation\\Application->bootProvider()
#7 [internal function]: Illuminate\\Foundation\\Application->Illuminate\\Foundation\\{closure}()
#8 /var/www/emaparking_dss/vendor/laravel/framework/src/Illuminate/Foundation/Application.php(913): array_walk()
#9 /var/www/emaparking_dss/vendor/laravel/framework/src/Illuminate/Foundation/Bootstrap/BootProviders.php(17): Illuminate\\Foundation\\Application->boot()
#10 /var/www/emaparking_dss/vendor/laravel/framework/src/Illuminate/Foundation/Application.php(242): Illuminate\\Foundation\\Bootstrap\\BootProviders->bootstrap()
#11 /var/www/emaparking_dss/vendor/laravel/framework/src/Illuminate/Foundation/Console/Kernel.php(383): Illuminate\\Foundation\\Application->bootstrapWith()
#12 /var/www/emaparking_dss/vendor/laravel/framework/src/Illuminate/Foundation/Console/Kernel.php(153): Illuminate\\Foundation\\Console\\Kernel->bootstrap()
#13 Command line code(1): Illuminate\\Foundation\\Console\\Kernel->handle()
#14 {main}
"} 
[2025-03-14 05:12:12] local.ERROR: Class "\Themes\BC\ThemeProvider" not found {"exception":"[object] (Error(code: 0): Class \"\\Themes\\BC\\ThemeProvider\" not found at /var/www/emaparking_dss/themes/ThemeServiceProvider.php:23)
[stacktrace]
#0 /var/www/emaparking_dss/vendor/laravel/framework/src/Illuminate/Container/BoundMethod.php(36): Themes\\ThemeServiceProvider->boot()
#1 /var/www/emaparking_dss/vendor/laravel/framework/src/Illuminate/Container/Util.php(41): Illuminate\\Container\\BoundMethod::Illuminate\\Container\\{closure}()
#2 /var/www/emaparking_dss/vendor/laravel/framework/src/Illuminate/Container/BoundMethod.php(93): Illuminate\\Container\\Util::unwrapIfClosure()
#3 /var/www/emaparking_dss/vendor/laravel/framework/src/Illuminate/Container/BoundMethod.php(35): Illuminate\\Container\\BoundMethod::callBoundMethod()
#4 /var/www/emaparking_dss/vendor/laravel/framework/src/Illuminate/Container/Container.php(651): Illuminate\\Container\\BoundMethod::call()
#5 /var/www/emaparking_dss/vendor/laravel/framework/src/Illuminate/Foundation/Application.php(933): Illuminate\\Container\\Container->call()
#6 /var/www/emaparking_dss/vendor/laravel/framework/src/Illuminate/Foundation/Application.php(914): Illuminate\\Foundation\\Application->bootProvider()
#7 [internal function]: Illuminate\\Foundation\\Application->Illuminate\\Foundation\\{closure}()
#8 /var/www/emaparking_dss/vendor/laravel/framework/src/Illuminate/Foundation/Application.php(913): array_walk()
#9 /var/www/emaparking_dss/vendor/laravel/framework/src/Illuminate/Foundation/Bootstrap/BootProviders.php(17): Illuminate\\Foundation\\Application->boot()
#10 /var/www/emaparking_dss/vendor/laravel/framework/src/Illuminate/Foundation/Application.php(242): Illuminate\\Foundation\\Bootstrap\\BootProviders->bootstrap()
#11 /var/www/emaparking_dss/vendor/laravel/framework/src/Illuminate/Foundation/Console/Kernel.php(383): Illuminate\\Foundation\\Application->bootstrapWith()
#12 /var/www/emaparking_dss/vendor/laravel/framework/src/Illuminate/Foundation/Console/Kernel.php(153): Illuminate\\Foundation\\Console\\Kernel->bootstrap()
#13 Command line code(1): Illuminate\\Foundation\\Console\\Kernel->handle()
#14 {main}
"} 
[2025-03-14 05:12:12] local.ERROR: Class "\Themes\BC\ThemeProvider" not found {"exception":"[object] (Error(code: 0): Class \"\\Themes\\BC\\ThemeProvider\" not found at /var/www/emaparking_dss/themes/ThemeServiceProvider.php:23)
[stacktrace]
#0 /var/www/emaparking_dss/vendor/laravel/framework/src/Illuminate/Container/BoundMethod.php(36): Themes\\ThemeServiceProvider->boot()
#1 /var/www/emaparking_dss/vendor/laravel/framework/src/Illuminate/Container/Util.php(41): Illuminate\\Container\\BoundMethod::Illuminate\\Container\\{closure}()
#2 /var/www/emaparking_dss/vendor/laravel/framework/src/Illuminate/Container/BoundMethod.php(93): Illuminate\\Container\\Util::unwrapIfClosure()
#3 /var/www/emaparking_dss/vendor/laravel/framework/src/Illuminate/Container/BoundMethod.php(35): Illuminate\\Container\\BoundMethod::callBoundMethod()
#4 /var/www/emaparking_dss/vendor/laravel/framework/src/Illuminate/Container/Container.php(651): Illuminate\\Container\\BoundMethod::call()
#5 /var/www/emaparking_dss/vendor/laravel/framework/src/Illuminate/Foundation/Application.php(933): Illuminate\\Container\\Container->call()
#6 /var/www/emaparking_dss/vendor/laravel/framework/src/Illuminate/Foundation/Application.php(914): Illuminate\\Foundation\\Application->bootProvider()
#7 [internal function]: Illuminate\\Foundation\\Application->Illuminate\\Foundation\\{closure}()
#8 /var/www/emaparking_dss/vendor/laravel/framework/src/Illuminate/Foundation/Application.php(913): array_walk()
#9 /var/www/emaparking_dss/vendor/laravel/framework/src/Illuminate/Foundation/Bootstrap/BootProviders.php(17): Illuminate\\Foundation\\Application->boot()
#10 /var/www/emaparking_dss/vendor/laravel/framework/src/Illuminate/Foundation/Application.php(242): Illuminate\\Foundation\\Bootstrap\\BootProviders->bootstrap()
#11 /var/www/emaparking_dss/vendor/laravel/framework/src/Illuminate/Foundation/Console/Kernel.php(383): Illuminate\\Foundation\\Application->bootstrapWith()
#12 /var/www/emaparking_dss/vendor/laravel/framework/src/Illuminate/Foundation/Console/Kernel.php(153): Illuminate\\Foundation\\Console\\Kernel->bootstrap()
#13 Command line code(1): Illuminate\\Foundation\\Console\\Kernel->handle()
#14 {main}
"} 
[2025-03-14 05:13:12] local.ERROR: Class "\Themes\BC\ThemeProvider" not found {"exception":"[object] (Error(code: 0): Class \"\\Themes\\BC\\ThemeProvider\" not found at /var/www/emaparking_dss/themes/ThemeServiceProvider.php:23)
[stacktrace]
#0 /var/www/emaparking_dss/vendor/laravel/framework/src/Illuminate/Container/BoundMethod.php(36): Themes\\ThemeServiceProvider->boot()
#1 /var/www/emaparking_dss/vendor/laravel/framework/src/Illuminate/Container/Util.php(41): Illuminate\\Container\\BoundMethod::Illuminate\\Container\\{closure}()
#2 /var/www/emaparking_dss/vendor/laravel/framework/src/Illuminate/Container/BoundMethod.php(93): Illuminate\\Container\\Util::unwrapIfClosure()
#3 /var/www/emaparking_dss/vendor/laravel/framework/src/Illuminate/Container/BoundMethod.php(35): Illuminate\\Container\\BoundMethod::callBoundMethod()
#4 /var/www/emaparking_dss/vendor/laravel/framework/src/Illuminate/Container/Container.php(651): Illuminate\\Container\\BoundMethod::call()
#5 /var/www/emaparking_dss/vendor/laravel/framework/src/Illuminate/Foundation/Application.php(933): Illuminate\\Container\\Container->call()
#6 /var/www/emaparking_dss/vendor/laravel/framework/src/Illuminate/Foundation/Application.php(914): Illuminate\\Foundation\\Application->bootProvider()
#7 [internal function]: Illuminate\\Foundation\\Application->Illuminate\\Foundation\\{closure}()
#8 /var/www/emaparking_dss/vendor/laravel/framework/src/Illuminate/Foundation/Application.php(913): array_walk()
#9 /var/www/emaparking_dss/vendor/laravel/framework/src/Illuminate/Foundation/Bootstrap/BootProviders.php(17): Illuminate\\Foundation\\Application->boot()
#10 /var/www/emaparking_dss/vendor/laravel/framework/src/Illuminate/Foundation/Application.php(242): Illuminate\\Foundation\\Bootstrap\\BootProviders->bootstrap()
#11 /var/www/emaparking_dss/vendor/laravel/framework/src/Illuminate/Foundation/Console/Kernel.php(383): Illuminate\\Foundation\\Application->bootstrapWith()
#12 /var/www/emaparking_dss/vendor/laravel/framework/src/Illuminate/Foundation/Console/Kernel.php(153): Illuminate\\Foundation\\Console\\Kernel->bootstrap()
#13 Command line code(1): Illuminate\\Foundation\\Console\\Kernel->handle()
#14 {main}
"} 
[2025-03-14 05:13:12] local.ERROR: Class "\Themes\BC\ThemeProvider" not found {"exception":"[object] (Error(code: 0): Class \"\\Themes\\BC\\ThemeProvider\" not found at /var/www/emaparking_dss/themes/ThemeServiceProvider.php:23)
[stacktrace]
#0 /var/www/emaparking_dss/vendor/laravel/framework/src/Illuminate/Container/BoundMethod.php(36): Themes\\ThemeServiceProvider->boot()
#1 /var/www/emaparking_dss/vendor/laravel/framework/src/Illuminate/Container/Util.php(41): Illuminate\\Container\\BoundMethod::Illuminate\\Container\\{closure}()
#2 /var/www/emaparking_dss/vendor/laravel/framework/src/Illuminate/Container/BoundMethod.php(93): Illuminate\\Container\\Util::unwrapIfClosure()
#3 /var/www/emaparking_dss/vendor/laravel/framework/src/Illuminate/Container/BoundMethod.php(35): Illuminate\\Container\\BoundMethod::callBoundMethod()
#4 /var/www/emaparking_dss/vendor/laravel/framework/src/Illuminate/Container/Container.php(651): Illuminate\\Container\\BoundMethod::call()
#5 /var/www/emaparking_dss/vendor/laravel/framework/src/Illuminate/Foundation/Application.php(933): Illuminate\\Container\\Container->call()
#6 /var/www/emaparking_dss/vendor/laravel/framework/src/Illuminate/Foundation/Application.php(914): Illuminate\\Foundation\\Application->bootProvider()
#7 [internal function]: Illuminate\\Foundation\\Application->Illuminate\\Foundation\\{closure}()
#8 /var/www/emaparking_dss/vendor/laravel/framework/src/Illuminate/Foundation/Application.php(913): array_walk()
#9 /var/www/emaparking_dss/vendor/laravel/framework/src/Illuminate/Foundation/Bootstrap/BootProviders.php(17): Illuminate\\Foundation\\Application->boot()
#10 /var/www/emaparking_dss/vendor/laravel/framework/src/Illuminate/Foundation/Application.php(242): Illuminate\\Foundation\\Bootstrap\\BootProviders->bootstrap()
#11 /var/www/emaparking_dss/vendor/laravel/framework/src/Illuminate/Foundation/Console/Kernel.php(383): Illuminate\\Foundation\\Application->bootstrapWith()
#12 /var/www/emaparking_dss/vendor/laravel/framework/src/Illuminate/Foundation/Console/Kernel.php(153): Illuminate\\Foundation\\Console\\Kernel->bootstrap()
#13 Command line code(1): Illuminate\\Foundation\\Console\\Kernel->handle()
#14 {main}
"} 
[2025-03-14 05:14:12] local.ERROR: Class "\Themes\BC\ThemeProvider" not found {"exception":"[object] (Error(code: 0): Class \"\\Themes\\BC\\ThemeProvider\" not found at /var/www/emaparking_dss/themes/ThemeServiceProvider.php:23)
[stacktrace]
#0 /var/www/emaparking_dss/vendor/laravel/framework/src/Illuminate/Container/BoundMethod.php(36): Themes\\ThemeServiceProvider->boot()
#1 /var/www/emaparking_dss/vendor/laravel/framework/src/Illuminate/Container/Util.php(41): Illuminate\\Container\\BoundMethod::Illuminate\\Container\\{closure}()
#2 /var/www/emaparking_dss/vendor/laravel/framework/src/Illuminate/Container/BoundMethod.php(93): Illuminate\\Container\\Util::unwrapIfClosure()
#3 /var/www/emaparking_dss/vendor/laravel/framework/src/Illuminate/Container/BoundMethod.php(35): Illuminate\\Container\\BoundMethod::callBoundMethod()
#4 /var/www/emaparking_dss/vendor/laravel/framework/src/Illuminate/Container/Container.php(651): Illuminate\\Container\\BoundMethod::call()
#5 /var/www/emaparking_dss/vendor/laravel/framework/src/Illuminate/Foundation/Application.php(933): Illuminate\\Container\\Container->call()
#6 /var/www/emaparking_dss/vendor/laravel/framework/src/Illuminate/Foundation/Application.php(914): Illuminate\\Foundation\\Application->bootProvider()
#7 [internal function]: Illuminate\\Foundation\\Application->Illuminate\\Foundation\\{closure}()
#8 /var/www/emaparking_dss/vendor/laravel/framework/src/Illuminate/Foundation/Application.php(913): array_walk()
#9 /var/www/emaparking_dss/vendor/laravel/framework/src/Illuminate/Foundation/Bootstrap/BootProviders.php(17): Illuminate\\Foundation\\Application->boot()
#10 /var/www/emaparking_dss/vendor/laravel/framework/src/Illuminate/Foundation/Application.php(242): Illuminate\\Foundation\\Bootstrap\\BootProviders->bootstrap()
#11 /var/www/emaparking_dss/vendor/laravel/framework/src/Illuminate/Foundation/Console/Kernel.php(383): Illuminate\\Foundation\\Application->bootstrapWith()
#12 /var/www/emaparking_dss/vendor/laravel/framework/src/Illuminate/Foundation/Console/Kernel.php(153): Illuminate\\Foundation\\Console\\Kernel->bootstrap()
#13 Command line code(1): Illuminate\\Foundation\\Console\\Kernel->handle()
#14 {main}
"} 
[2025-03-14 05:14:12] local.ERROR: Class "\Themes\BC\ThemeProvider" not found {"exception":"[object] (Error(code: 0): Class \"\\Themes\\BC\\ThemeProvider\" not found at /var/www/emaparking_dss/themes/ThemeServiceProvider.php:23)
[stacktrace]
#0 /var/www/emaparking_dss/vendor/laravel/framework/src/Illuminate/Container/BoundMethod.php(36): Themes\\ThemeServiceProvider->boot()
#1 /var/www/emaparking_dss/vendor/laravel/framework/src/Illuminate/Container/Util.php(41): Illuminate\\Container\\BoundMethod::Illuminate\\Container\\{closure}()
#2 /var/www/emaparking_dss/vendor/laravel/framework/src/Illuminate/Container/BoundMethod.php(93): Illuminate\\Container\\Util::unwrapIfClosure()
#3 /var/www/emaparking_dss/vendor/laravel/framework/src/Illuminate/Container/BoundMethod.php(35): Illuminate\\Container\\BoundMethod::callBoundMethod()
#4 /var/www/emaparking_dss/vendor/laravel/framework/src/Illuminate/Container/Container.php(651): Illuminate\\Container\\BoundMethod::call()
#5 /var/www/emaparking_dss/vendor/laravel/framework/src/Illuminate/Foundation/Application.php(933): Illuminate\\Container\\Container->call()
#6 /var/www/emaparking_dss/vendor/laravel/framework/src/Illuminate/Foundation/Application.php(914): Illuminate\\Foundation\\Application->bootProvider()
#7 [internal function]: Illuminate\\Foundation\\Application->Illuminate\\Foundation\\{closure}()
#8 /var/www/emaparking_dss/vendor/laravel/framework/src/Illuminate/Foundation/Application.php(913): array_walk()
#9 /var/www/emaparking_dss/vendor/laravel/framework/src/Illuminate/Foundation/Bootstrap/BootProviders.php(17): Illuminate\\Foundation\\Application->boot()
#10 /var/www/emaparking_dss/vendor/laravel/framework/src/Illuminate/Foundation/Application.php(242): Illuminate\\Foundation\\Bootstrap\\BootProviders->bootstrap()
#11 /var/www/emaparking_dss/vendor/laravel/framework/src/Illuminate/Foundation/Console/Kernel.php(383): Illuminate\\Foundation\\Application->bootstrapWith()
#12 /var/www/emaparking_dss/vendor/laravel/framework/src/Illuminate/Foundation/Console/Kernel.php(153): Illuminate\\Foundation\\Console\\Kernel->bootstrap()
#13 Command line code(1): Illuminate\\Foundation\\Console\\Kernel->handle()
#14 {main}
"} 
[2025-03-14 05:14:13] local.ERROR: Class "\Themes\BC\ThemeProvider" not found {"exception":"[object] (Error(code: 0): Class \"\\Themes\\BC\\ThemeProvider\" not found at /var/www/emaparking_dss/themes/ThemeServiceProvider.php:23)
[stacktrace]
#0 /var/www/emaparking_dss/vendor/laravel/framework/src/Illuminate/Container/BoundMethod.php(36): Themes\\ThemeServiceProvider->boot()
#1 /var/www/emaparking_dss/vendor/laravel/framework/src/Illuminate/Container/Util.php(41): Illuminate\\Container\\BoundMethod::Illuminate\\Container\\{closure}()
#2 /var/www/emaparking_dss/vendor/laravel/framework/src/Illuminate/Container/BoundMethod.php(93): Illuminate\\Container\\Util::unwrapIfClosure()
#3 /var/www/emaparking_dss/vendor/laravel/framework/src/Illuminate/Container/BoundMethod.php(35): Illuminate\\Container\\BoundMethod::callBoundMethod()
#4 /var/www/emaparking_dss/vendor/laravel/framework/src/Illuminate/Container/Container.php(651): Illuminate\\Container\\BoundMethod::call()
#5 /var/www/emaparking_dss/vendor/laravel/framework/src/Illuminate/Foundation/Application.php(933): Illuminate\\Container\\Container->call()
#6 /var/www/emaparking_dss/vendor/laravel/framework/src/Illuminate/Foundation/Application.php(914): Illuminate\\Foundation\\Application->bootProvider()
#7 [internal function]: Illuminate\\Foundation\\Application->Illuminate\\Foundation\\{closure}()
#8 /var/www/emaparking_dss/vendor/laravel/framework/src/Illuminate/Foundation/Application.php(913): array_walk()
#9 /var/www/emaparking_dss/vendor/laravel/framework/src/Illuminate/Foundation/Bootstrap/BootProviders.php(17): Illuminate\\Foundation\\Application->boot()
#10 /var/www/emaparking_dss/vendor/laravel/framework/src/Illuminate/Foundation/Application.php(242): Illuminate\\Foundation\\Bootstrap\\BootProviders->bootstrap()
#11 /var/www/emaparking_dss/vendor/laravel/framework/src/Illuminate/Foundation/Console/Kernel.php(383): Illuminate\\Foundation\\Application->bootstrapWith()
#12 /var/www/emaparking_dss/vendor/laravel/framework/src/Illuminate/Foundation/Console/Kernel.php(153): Illuminate\\Foundation\\Console\\Kernel->bootstrap()
#13 Command line code(1): Illuminate\\Foundation\\Console\\Kernel->handle()
#14 {main}
"} 
[2025-03-14 05:15:12] local.ERROR: Class "\Themes\BC\ThemeProvider" not found {"exception":"[object] (Error(code: 0): Class \"\\Themes\\BC\\ThemeProvider\" not found at /var/www/emaparking_dss/themes/ThemeServiceProvider.php:23)
[stacktrace]
#0 /var/www/emaparking_dss/vendor/laravel/framework/src/Illuminate/Container/BoundMethod.php(36): Themes\\ThemeServiceProvider->boot()
#1 /var/www/emaparking_dss/vendor/laravel/framework/src/Illuminate/Container/Util.php(41): Illuminate\\Container\\BoundMethod::Illuminate\\Container\\{closure}()
#2 /var/www/emaparking_dss/vendor/laravel/framework/src/Illuminate/Container/BoundMethod.php(93): Illuminate\\Container\\Util::unwrapIfClosure()
#3 /var/www/emaparking_dss/vendor/laravel/framework/src/Illuminate/Container/BoundMethod.php(35): Illuminate\\Container\\BoundMethod::callBoundMethod()
#4 /var/www/emaparking_dss/vendor/laravel/framework/src/Illuminate/Container/Container.php(651): Illuminate\\Container\\BoundMethod::call()
#5 /var/www/emaparking_dss/vendor/laravel/framework/src/Illuminate/Foundation/Application.php(933): Illuminate\\Container\\Container->call()
#6 /var/www/emaparking_dss/vendor/laravel/framework/src/Illuminate/Foundation/Application.php(914): Illuminate\\Foundation\\Application->bootProvider()
#7 [internal function]: Illuminate\\Foundation\\Application->Illuminate\\Foundation\\{closure}()
#8 /var/www/emaparking_dss/vendor/laravel/framework/src/Illuminate/Foundation/Application.php(913): array_walk()
#9 /var/www/emaparking_dss/vendor/laravel/framework/src/Illuminate/Foundation/Bootstrap/BootProviders.php(17): Illuminate\\Foundation\\Application->boot()
#10 /var/www/emaparking_dss/vendor/laravel/framework/src/Illuminate/Foundation/Application.php(242): Illuminate\\Foundation\\Bootstrap\\BootProviders->bootstrap()
#11 /var/www/emaparking_dss/vendor/laravel/framework/src/Illuminate/Foundation/Console/Kernel.php(383): Illuminate\\Foundation\\Application->bootstrapWith()
#12 /var/www/emaparking_dss/vendor/laravel/framework/src/Illuminate/Foundation/Console/Kernel.php(153): Illuminate\\Foundation\\Console\\Kernel->bootstrap()
#13 Command line code(1): Illuminate\\Foundation\\Console\\Kernel->handle()
#14 {main}
"} 
[2025-03-14 05:15:13] local.ERROR: Class "\Themes\BC\ThemeProvider" not found {"exception":"[object] (Error(code: 0): Class \"\\Themes\\BC\\ThemeProvider\" not found at /var/www/emaparking_dss/themes/ThemeServiceProvider.php:23)
[stacktrace]
#0 /var/www/emaparking_dss/vendor/laravel/framework/src/Illuminate/Container/BoundMethod.php(36): Themes\\ThemeServiceProvider->boot()
#1 /var/www/emaparking_dss/vendor/laravel/framework/src/Illuminate/Container/Util.php(41): Illuminate\\Container\\BoundMethod::Illuminate\\Container\\{closure}()
#2 /var/www/emaparking_dss/vendor/laravel/framework/src/Illuminate/Container/BoundMethod.php(93): Illuminate\\Container\\Util::unwrapIfClosure()
#3 /var/www/emaparking_dss/vendor/laravel/framework/src/Illuminate/Container/BoundMethod.php(35): Illuminate\\Container\\BoundMethod::callBoundMethod()
#4 /var/www/emaparking_dss/vendor/laravel/framework/src/Illuminate/Container/Container.php(651): Illuminate\\Container\\BoundMethod::call()
#5 /var/www/emaparking_dss/vendor/laravel/framework/src/Illuminate/Foundation/Application.php(933): Illuminate\\Container\\Container->call()
#6 /var/www/emaparking_dss/vendor/laravel/framework/src/Illuminate/Foundation/Application.php(914): Illuminate\\Foundation\\Application->bootProvider()
#7 [internal function]: Illuminate\\Foundation\\Application->Illuminate\\Foundation\\{closure}()
#8 /var/www/emaparking_dss/vendor/laravel/framework/src/Illuminate/Foundation/Application.php(913): array_walk()
#9 /var/www/emaparking_dss/vendor/laravel/framework/src/Illuminate/Foundation/Bootstrap/BootProviders.php(17): Illuminate\\Foundation\\Application->boot()
#10 /var/www/emaparking_dss/vendor/laravel/framework/src/Illuminate/Foundation/Application.php(242): Illuminate\\Foundation\\Bootstrap\\BootProviders->bootstrap()
#11 /var/www/emaparking_dss/vendor/laravel/framework/src/Illuminate/Foundation/Console/Kernel.php(383): Illuminate\\Foundation\\Application->bootstrapWith()
#12 /var/www/emaparking_dss/vendor/laravel/framework/src/Illuminate/Foundation/Console/Kernel.php(153): Illuminate\\Foundation\\Console\\Kernel->bootstrap()
#13 Command line code(1): Illuminate\\Foundation\\Console\\Kernel->handle()
#14 {main}
"} 
[2025-03-14 05:16:12] local.ERROR: Class "\Themes\BC\ThemeProvider" not found {"exception":"[object] (Error(code: 0): Class \"\\Themes\\BC\\ThemeProvider\" not found at /var/www/emaparking_dss/themes/ThemeServiceProvider.php:23)
[stacktrace]
#0 /var/www/emaparking_dss/vendor/laravel/framework/src/Illuminate/Container/BoundMethod.php(36): Themes\\ThemeServiceProvider->boot()
#1 /var/www/emaparking_dss/vendor/laravel/framework/src/Illuminate/Container/Util.php(41): Illuminate\\Container\\BoundMethod::Illuminate\\Container\\{closure}()
#2 /var/www/emaparking_dss/vendor/laravel/framework/src/Illuminate/Container/BoundMethod.php(93): Illuminate\\Container\\Util::unwrapIfClosure()
#3 /var/www/emaparking_dss/vendor/laravel/framework/src/Illuminate/Container/BoundMethod.php(35): Illuminate\\Container\\BoundMethod::callBoundMethod()
#4 /var/www/emaparking_dss/vendor/laravel/framework/src/Illuminate/Container/Container.php(651): Illuminate\\Container\\BoundMethod::call()
#5 /var/www/emaparking_dss/vendor/laravel/framework/src/Illuminate/Foundation/Application.php(933): Illuminate\\Container\\Container->call()
#6 /var/www/emaparking_dss/vendor/laravel/framework/src/Illuminate/Foundation/Application.php(914): Illuminate\\Foundation\\Application->bootProvider()
#7 [internal function]: Illuminate\\Foundation\\Application->Illuminate\\Foundation\\{closure}()
#8 /var/www/emaparking_dss/vendor/laravel/framework/src/Illuminate/Foundation/Application.php(913): array_walk()
#9 /var/www/emaparking_dss/vendor/laravel/framework/src/Illuminate/Foundation/Bootstrap/BootProviders.php(17): Illuminate\\Foundation\\Application->boot()
#10 /var/www/emaparking_dss/vendor/laravel/framework/src/Illuminate/Foundation/Application.php(242): Illuminate\\Foundation\\Bootstrap\\BootProviders->bootstrap()
#11 /var/www/emaparking_dss/vendor/laravel/framework/src/Illuminate/Foundation/Console/Kernel.php(383): Illuminate\\Foundation\\Application->bootstrapWith()
#12 /var/www/emaparking_dss/vendor/laravel/framework/src/Illuminate/Foundation/Console/Kernel.php(153): Illuminate\\Foundation\\Console\\Kernel->bootstrap()
#13 Command line code(1): Illuminate\\Foundation\\Console\\Kernel->handle()
#14 {main}
"} 
[2025-03-14 05:16:13] local.ERROR: Class "\Themes\BC\ThemeProvider" not found {"exception":"[object] (Error(code: 0): Class \"\\Themes\\BC\\ThemeProvider\" not found at /var/www/emaparking_dss/themes/ThemeServiceProvider.php:23)
[stacktrace]
#0 /var/www/emaparking_dss/vendor/laravel/framework/src/Illuminate/Container/BoundMethod.php(36): Themes\\ThemeServiceProvider->boot()
#1 /var/www/emaparking_dss/vendor/laravel/framework/src/Illuminate/Container/Util.php(41): Illuminate\\Container\\BoundMethod::Illuminate\\Container\\{closure}()
#2 /var/www/emaparking_dss/vendor/laravel/framework/src/Illuminate/Container/BoundMethod.php(93): Illuminate\\Container\\Util::unwrapIfClosure()
#3 /var/www/emaparking_dss/vendor/laravel/framework/src/Illuminate/Container/BoundMethod.php(35): Illuminate\\Container\\BoundMethod::callBoundMethod()
#4 /var/www/emaparking_dss/vendor/laravel/framework/src/Illuminate/Container/Container.php(651): Illuminate\\Container\\BoundMethod::call()
#5 /var/www/emaparking_dss/vendor/laravel/framework/src/Illuminate/Foundation/Application.php(933): Illuminate\\Container\\Container->call()
#6 /var/www/emaparking_dss/vendor/laravel/framework/src/Illuminate/Foundation/Application.php(914): Illuminate\\Foundation\\Application->bootProvider()
#7 [internal function]: Illuminate\\Foundation\\Application->Illuminate\\Foundation\\{closure}()
#8 /var/www/emaparking_dss/vendor/laravel/framework/src/Illuminate/Foundation/Application.php(913): array_walk()
#9 /var/www/emaparking_dss/vendor/laravel/framework/src/Illuminate/Foundation/Bootstrap/BootProviders.php(17): Illuminate\\Foundation\\Application->boot()
#10 /var/www/emaparking_dss/vendor/laravel/framework/src/Illuminate/Foundation/Application.php(242): Illuminate\\Foundation\\Bootstrap\\BootProviders->bootstrap()
#11 /var/www/emaparking_dss/vendor/laravel/framework/src/Illuminate/Foundation/Console/Kernel.php(383): Illuminate\\Foundation\\Application->bootstrapWith()
#12 /var/www/emaparking_dss/vendor/laravel/framework/src/Illuminate/Foundation/Console/Kernel.php(153): Illuminate\\Foundation\\Console\\Kernel->bootstrap()
#13 Command line code(1): Illuminate\\Foundation\\Console\\Kernel->handle()
#14 {main}
"} 
[2025-03-14 05:17:12] local.ERROR: Class "\Themes\BC\ThemeProvider" not found {"exception":"[object] (Error(code: 0): Class \"\\Themes\\BC\\ThemeProvider\" not found at /var/www/emaparking_dss/themes/ThemeServiceProvider.php:23)
[stacktrace]
#0 /var/www/emaparking_dss/vendor/laravel/framework/src/Illuminate/Container/BoundMethod.php(36): Themes\\ThemeServiceProvider->boot()
#1 /var/www/emaparking_dss/vendor/laravel/framework/src/Illuminate/Container/Util.php(41): Illuminate\\Container\\BoundMethod::Illuminate\\Container\\{closure}()
#2 /var/www/emaparking_dss/vendor/laravel/framework/src/Illuminate/Container/BoundMethod.php(93): Illuminate\\Container\\Util::unwrapIfClosure()
#3 /var/www/emaparking_dss/vendor/laravel/framework/src/Illuminate/Container/BoundMethod.php(35): Illuminate\\Container\\BoundMethod::callBoundMethod()
#4 /var/www/emaparking_dss/vendor/laravel/framework/src/Illuminate/Container/Container.php(651): Illuminate\\Container\\BoundMethod::call()
#5 /var/www/emaparking_dss/vendor/laravel/framework/src/Illuminate/Foundation/Application.php(933): Illuminate\\Container\\Container->call()
#6 /var/www/emaparking_dss/vendor/laravel/framework/src/Illuminate/Foundation/Application.php(914): Illuminate\\Foundation\\Application->bootProvider()
#7 [internal function]: Illuminate\\Foundation\\Application->Illuminate\\Foundation\\{closure}()
#8 /var/www/emaparking_dss/vendor/laravel/framework/src/Illuminate/Foundation/Application.php(913): array_walk()
#9 /var/www/emaparking_dss/vendor/laravel/framework/src/Illuminate/Foundation/Bootstrap/BootProviders.php(17): Illuminate\\Foundation\\Application->boot()
#10 /var/www/emaparking_dss/vendor/laravel/framework/src/Illuminate/Foundation/Application.php(242): Illuminate\\Foundation\\Bootstrap\\BootProviders->bootstrap()
#11 /var/www/emaparking_dss/vendor/laravel/framework/src/Illuminate/Foundation/Console/Kernel.php(383): Illuminate\\Foundation\\Application->bootstrapWith()
#12 /var/www/emaparking_dss/vendor/laravel/framework/src/Illuminate/Foundation/Console/Kernel.php(153): Illuminate\\Foundation\\Console\\Kernel->bootstrap()
#13 Command line code(1): Illuminate\\Foundation\\Console\\Kernel->handle()
#14 {main}
"} 
[2025-03-14 05:17:12] local.ERROR: Class "\Themes\BC\ThemeProvider" not found {"exception":"[object] (Error(code: 0): Class \"\\Themes\\BC\\ThemeProvider\" not found at /var/www/emaparking_dss/themes/ThemeServiceProvider.php:23)
[stacktrace]
#0 /var/www/emaparking_dss/vendor/laravel/framework/src/Illuminate/Container/BoundMethod.php(36): Themes\\ThemeServiceProvider->boot()
#1 /var/www/emaparking_dss/vendor/laravel/framework/src/Illuminate/Container/Util.php(41): Illuminate\\Container\\BoundMethod::Illuminate\\Container\\{closure}()
#2 /var/www/emaparking_dss/vendor/laravel/framework/src/Illuminate/Container/BoundMethod.php(93): Illuminate\\Container\\Util::unwrapIfClosure()
#3 /var/www/emaparking_dss/vendor/laravel/framework/src/Illuminate/Container/BoundMethod.php(35): Illuminate\\Container\\BoundMethod::callBoundMethod()
#4 /var/www/emaparking_dss/vendor/laravel/framework/src/Illuminate/Container/Container.php(651): Illuminate\\Container\\BoundMethod::call()
#5 /var/www/emaparking_dss/vendor/laravel/framework/src/Illuminate/Foundation/Application.php(933): Illuminate\\Container\\Container->call()
#6 /var/www/emaparking_dss/vendor/laravel/framework/src/Illuminate/Foundation/Application.php(914): Illuminate\\Foundation\\Application->bootProvider()
#7 [internal function]: Illuminate\\Foundation\\Application->Illuminate\\Foundation\\{closure}()
#8 /var/www/emaparking_dss/vendor/laravel/framework/src/Illuminate/Foundation/Application.php(913): array_walk()
#9 /var/www/emaparking_dss/vendor/laravel/framework/src/Illuminate/Foundation/Bootstrap/BootProviders.php(17): Illuminate\\Foundation\\Application->boot()
#10 /var/www/emaparking_dss/vendor/laravel/framework/src/Illuminate/Foundation/Application.php(242): Illuminate\\Foundation\\Bootstrap\\BootProviders->bootstrap()
#11 /var/www/emaparking_dss/vendor/laravel/framework/src/Illuminate/Foundation/Console/Kernel.php(383): Illuminate\\Foundation\\Application->bootstrapWith()
#12 /var/www/emaparking_dss/vendor/laravel/framework/src/Illuminate/Foundation/Console/Kernel.php(153): Illuminate\\Foundation\\Console\\Kernel->bootstrap()
#13 Command line code(1): Illuminate\\Foundation\\Console\\Kernel->handle()
#14 {main}
"} 
[2025-03-14 05:18:12] local.ERROR: Class "\Themes\BC\ThemeProvider" not found {"exception":"[object] (Error(code: 0): Class \"\\Themes\\BC\\ThemeProvider\" not found at /var/www/emaparking_dss/themes/ThemeServiceProvider.php:23)
[stacktrace]
#0 /var/www/emaparking_dss/vendor/laravel/framework/src/Illuminate/Container/BoundMethod.php(36): Themes\\ThemeServiceProvider->boot()
#1 /var/www/emaparking_dss/vendor/laravel/framework/src/Illuminate/Container/Util.php(41): Illuminate\\Container\\BoundMethod::Illuminate\\Container\\{closure}()
#2 /var/www/emaparking_dss/vendor/laravel/framework/src/Illuminate/Container/BoundMethod.php(93): Illuminate\\Container\\Util::unwrapIfClosure()
#3 /var/www/emaparking_dss/vendor/laravel/framework/src/Illuminate/Container/BoundMethod.php(35): Illuminate\\Container\\BoundMethod::callBoundMethod()
#4 /var/www/emaparking_dss/vendor/laravel/framework/src/Illuminate/Container/Container.php(651): Illuminate\\Container\\BoundMethod::call()
#5 /var/www/emaparking_dss/vendor/laravel/framework/src/Illuminate/Foundation/Application.php(933): Illuminate\\Container\\Container->call()
#6 /var/www/emaparking_dss/vendor/laravel/framework/src/Illuminate/Foundation/Application.php(914): Illuminate\\Foundation\\Application->bootProvider()
#7 [internal function]: Illuminate\\Foundation\\Application->Illuminate\\Foundation\\{closure}()
#8 /var/www/emaparking_dss/vendor/laravel/framework/src/Illuminate/Foundation/Application.php(913): array_walk()
#9 /var/www/emaparking_dss/vendor/laravel/framework/src/Illuminate/Foundation/Bootstrap/BootProviders.php(17): Illuminate\\Foundation\\Application->boot()
#10 /var/www/emaparking_dss/vendor/laravel/framework/src/Illuminate/Foundation/Application.php(242): Illuminate\\Foundation\\Bootstrap\\BootProviders->bootstrap()
#11 /var/www/emaparking_dss/vendor/laravel/framework/src/Illuminate/Foundation/Console/Kernel.php(383): Illuminate\\Foundation\\Application->bootstrapWith()
#12 /var/www/emaparking_dss/vendor/laravel/framework/src/Illuminate/Foundation/Console/Kernel.php(153): Illuminate\\Foundation\\Console\\Kernel->bootstrap()
#13 Command line code(1): Illuminate\\Foundation\\Console\\Kernel->handle()
#14 {main}
"} 
[2025-03-14 05:18:13] local.ERROR: Class "\Themes\BC\ThemeProvider" not found {"exception":"[object] (Error(code: 0): Class \"\\Themes\\BC\\ThemeProvider\" not found at /var/www/emaparking_dss/themes/ThemeServiceProvider.php:23)
[stacktrace]
#0 /var/www/emaparking_dss/vendor/laravel/framework/src/Illuminate/Container/BoundMethod.php(36): Themes\\ThemeServiceProvider->boot()
#1 /var/www/emaparking_dss/vendor/laravel/framework/src/Illuminate/Container/Util.php(41): Illuminate\\Container\\BoundMethod::Illuminate\\Container\\{closure}()
#2 /var/www/emaparking_dss/vendor/laravel/framework/src/Illuminate/Container/BoundMethod.php(93): Illuminate\\Container\\Util::unwrapIfClosure()
#3 /var/www/emaparking_dss/vendor/laravel/framework/src/Illuminate/Container/BoundMethod.php(35): Illuminate\\Container\\BoundMethod::callBoundMethod()
#4 /var/www/emaparking_dss/vendor/laravel/framework/src/Illuminate/Container/Container.php(651): Illuminate\\Container\\BoundMethod::call()
#5 /var/www/emaparking_dss/vendor/laravel/framework/src/Illuminate/Foundation/Application.php(933): Illuminate\\Container\\Container->call()
#6 /var/www/emaparking_dss/vendor/laravel/framework/src/Illuminate/Foundation/Application.php(914): Illuminate\\Foundation\\Application->bootProvider()
#7 [internal function]: Illuminate\\Foundation\\Application->Illuminate\\Foundation\\{closure}()
#8 /var/www/emaparking_dss/vendor/laravel/framework/src/Illuminate/Foundation/Application.php(913): array_walk()
#9 /var/www/emaparking_dss/vendor/laravel/framework/src/Illuminate/Foundation/Bootstrap/BootProviders.php(17): Illuminate\\Foundation\\Application->boot()
#10 /var/www/emaparking_dss/vendor/laravel/framework/src/Illuminate/Foundation/Application.php(242): Illuminate\\Foundation\\Bootstrap\\BootProviders->bootstrap()
#11 /var/www/emaparking_dss/vendor/laravel/framework/src/Illuminate/Foundation/Console/Kernel.php(383): Illuminate\\Foundation\\Application->bootstrapWith()
#12 /var/www/emaparking_dss/vendor/laravel/framework/src/Illuminate/Foundation/Console/Kernel.php(153): Illuminate\\Foundation\\Console\\Kernel->bootstrap()
#13 Command line code(1): Illuminate\\Foundation\\Console\\Kernel->handle()
#14 {main}
"} 
[2025-03-14 05:20:12] local.ERROR: Class "\Themes\BC\ThemeProvider" not found {"exception":"[object] (Error(code: 0): Class \"\\Themes\\BC\\ThemeProvider\" not found at /var/www/emaparking_dss/themes/ThemeServiceProvider.php:23)
[stacktrace]
#0 /var/www/emaparking_dss/vendor/laravel/framework/src/Illuminate/Container/BoundMethod.php(36): Themes\\ThemeServiceProvider->boot()
#1 /var/www/emaparking_dss/vendor/laravel/framework/src/Illuminate/Container/Util.php(41): Illuminate\\Container\\BoundMethod::Illuminate\\Container\\{closure}()
#2 /var/www/emaparking_dss/vendor/laravel/framework/src/Illuminate/Container/BoundMethod.php(93): Illuminate\\Container\\Util::unwrapIfClosure()
#3 /var/www/emaparking_dss/vendor/laravel/framework/src/Illuminate/Container/BoundMethod.php(35): Illuminate\\Container\\BoundMethod::callBoundMethod()
#4 /var/www/emaparking_dss/vendor/laravel/framework/src/Illuminate/Container/Container.php(651): Illuminate\\Container\\BoundMethod::call()
#5 /var/www/emaparking_dss/vendor/laravel/framework/src/Illuminate/Foundation/Application.php(933): Illuminate\\Container\\Container->call()
#6 /var/www/emaparking_dss/vendor/laravel/framework/src/Illuminate/Foundation/Application.php(914): Illuminate\\Foundation\\Application->bootProvider()
#7 [internal function]: Illuminate\\Foundation\\Application->Illuminate\\Foundation\\{closure}()
#8 /var/www/emaparking_dss/vendor/laravel/framework/src/Illuminate/Foundation/Application.php(913): array_walk()
#9 /var/www/emaparking_dss/vendor/laravel/framework/src/Illuminate/Foundation/Bootstrap/BootProviders.php(17): Illuminate\\Foundation\\Application->boot()
#10 /var/www/emaparking_dss/vendor/laravel/framework/src/Illuminate/Foundation/Application.php(242): Illuminate\\Foundation\\Bootstrap\\BootProviders->bootstrap()
#11 /var/www/emaparking_dss/vendor/laravel/framework/src/Illuminate/Foundation/Console/Kernel.php(383): Illuminate\\Foundation\\Application->bootstrapWith()
#12 /var/www/emaparking_dss/vendor/laravel/framework/src/Illuminate/Foundation/Console/Kernel.php(153): Illuminate\\Foundation\\Console\\Kernel->bootstrap()
#13 Command line code(1): Illuminate\\Foundation\\Console\\Kernel->handle()
#14 {main}
"} 
[2025-03-14 05:20:12] local.ERROR: Class "\Themes\BC\ThemeProvider" not found {"exception":"[object] (Error(code: 0): Class \"\\Themes\\BC\\ThemeProvider\" not found at /var/www/emaparking_dss/themes/ThemeServiceProvider.php:23)
[stacktrace]
#0 /var/www/emaparking_dss/vendor/laravel/framework/src/Illuminate/Container/BoundMethod.php(36): Themes\\ThemeServiceProvider->boot()
#1 /var/www/emaparking_dss/vendor/laravel/framework/src/Illuminate/Container/Util.php(41): Illuminate\\Container\\BoundMethod::Illuminate\\Container\\{closure}()
#2 /var/www/emaparking_dss/vendor/laravel/framework/src/Illuminate/Container/BoundMethod.php(93): Illuminate\\Container\\Util::unwrapIfClosure()
#3 /var/www/emaparking_dss/vendor/laravel/framework/src/Illuminate/Container/BoundMethod.php(35): Illuminate\\Container\\BoundMethod::callBoundMethod()
#4 /var/www/emaparking_dss/vendor/laravel/framework/src/Illuminate/Container/Container.php(651): Illuminate\\Container\\BoundMethod::call()
#5 /var/www/emaparking_dss/vendor/laravel/framework/src/Illuminate/Foundation/Application.php(933): Illuminate\\Container\\Container->call()
#6 /var/www/emaparking_dss/vendor/laravel/framework/src/Illuminate/Foundation/Application.php(914): Illuminate\\Foundation\\Application->bootProvider()
#7 [internal function]: Illuminate\\Foundation\\Application->Illuminate\\Foundation\\{closure}()
#8 /var/www/emaparking_dss/vendor/laravel/framework/src/Illuminate/Foundation/Application.php(913): array_walk()
#9 /var/www/emaparking_dss/vendor/laravel/framework/src/Illuminate/Foundation/Bootstrap/BootProviders.php(17): Illuminate\\Foundation\\Application->boot()
#10 /var/www/emaparking_dss/vendor/laravel/framework/src/Illuminate/Foundation/Application.php(242): Illuminate\\Foundation\\Bootstrap\\BootProviders->bootstrap()
#11 /var/www/emaparking_dss/vendor/laravel/framework/src/Illuminate/Foundation/Console/Kernel.php(383): Illuminate\\Foundation\\Application->bootstrapWith()
#12 /var/www/emaparking_dss/vendor/laravel/framework/src/Illuminate/Foundation/Console/Kernel.php(153): Illuminate\\Foundation\\Console\\Kernel->bootstrap()
#13 Command line code(1): Illuminate\\Foundation\\Console\\Kernel->handle()
#14 {main}
"} 
[2025-03-14 05:21:12] local.ERROR: Class "\Themes\BC\ThemeProvider" not found {"exception":"[object] (Error(code: 0): Class \"\\Themes\\BC\\ThemeProvider\" not found at /var/www/emaparking_dss/themes/ThemeServiceProvider.php:23)
[stacktrace]
#0 /var/www/emaparking_dss/vendor/laravel/framework/src/Illuminate/Container/BoundMethod.php(36): Themes\\ThemeServiceProvider->boot()
#1 /var/www/emaparking_dss/vendor/laravel/framework/src/Illuminate/Container/Util.php(41): Illuminate\\Container\\BoundMethod::Illuminate\\Container\\{closure}()
#2 /var/www/emaparking_dss/vendor/laravel/framework/src/Illuminate/Container/BoundMethod.php(93): Illuminate\\Container\\Util::unwrapIfClosure()
#3 /var/www/emaparking_dss/vendor/laravel/framework/src/Illuminate/Container/BoundMethod.php(35): Illuminate\\Container\\BoundMethod::callBoundMethod()
#4 /var/www/emaparking_dss/vendor/laravel/framework/src/Illuminate/Container/Container.php(651): Illuminate\\Container\\BoundMethod::call()
#5 /var/www/emaparking_dss/vendor/laravel/framework/src/Illuminate/Foundation/Application.php(933): Illuminate\\Container\\Container->call()
#6 /var/www/emaparking_dss/vendor/laravel/framework/src/Illuminate/Foundation/Application.php(914): Illuminate\\Foundation\\Application->bootProvider()
#7 [internal function]: Illuminate\\Foundation\\Application->Illuminate\\Foundation\\{closure}()
#8 /var/www/emaparking_dss/vendor/laravel/framework/src/Illuminate/Foundation/Application.php(913): array_walk()
#9 /var/www/emaparking_dss/vendor/laravel/framework/src/Illuminate/Foundation/Bootstrap/BootProviders.php(17): Illuminate\\Foundation\\Application->boot()
#10 /var/www/emaparking_dss/vendor/laravel/framework/src/Illuminate/Foundation/Application.php(242): Illuminate\\Foundation\\Bootstrap\\BootProviders->bootstrap()
#11 /var/www/emaparking_dss/vendor/laravel/framework/src/Illuminate/Foundation/Console/Kernel.php(383): Illuminate\\Foundation\\Application->bootstrapWith()
#12 /var/www/emaparking_dss/vendor/laravel/framework/src/Illuminate/Foundation/Console/Kernel.php(153): Illuminate\\Foundation\\Console\\Kernel->bootstrap()
#13 Command line code(1): Illuminate\\Foundation\\Console\\Kernel->handle()
#14 {main}
"} 
[2025-03-14 05:21:12] local.ERROR: Class "\Themes\BC\ThemeProvider" not found {"exception":"[object] (Error(code: 0): Class \"\\Themes\\BC\\ThemeProvider\" not found at /var/www/emaparking_dss/themes/ThemeServiceProvider.php:23)
[stacktrace]
#0 /var/www/emaparking_dss/vendor/laravel/framework/src/Illuminate/Container/BoundMethod.php(36): Themes\\ThemeServiceProvider->boot()
#1 /var/www/emaparking_dss/vendor/laravel/framework/src/Illuminate/Container/Util.php(41): Illuminate\\Container\\BoundMethod::Illuminate\\Container\\{closure}()
#2 /var/www/emaparking_dss/vendor/laravel/framework/src/Illuminate/Container/BoundMethod.php(93): Illuminate\\Container\\Util::unwrapIfClosure()
#3 /var/www/emaparking_dss/vendor/laravel/framework/src/Illuminate/Container/BoundMethod.php(35): Illuminate\\Container\\BoundMethod::callBoundMethod()
#4 /var/www/emaparking_dss/vendor/laravel/framework/src/Illuminate/Container/Container.php(651): Illuminate\\Container\\BoundMethod::call()
#5 /var/www/emaparking_dss/vendor/laravel/framework/src/Illuminate/Foundation/Application.php(933): Illuminate\\Container\\Container->call()
#6 /var/www/emaparking_dss/vendor/laravel/framework/src/Illuminate/Foundation/Application.php(914): Illuminate\\Foundation\\Application->bootProvider()
#7 [internal function]: Illuminate\\Foundation\\Application->Illuminate\\Foundation\\{closure}()
#8 /var/www/emaparking_dss/vendor/laravel/framework/src/Illuminate/Foundation/Application.php(913): array_walk()
#9 /var/www/emaparking_dss/vendor/laravel/framework/src/Illuminate/Foundation/Bootstrap/BootProviders.php(17): Illuminate\\Foundation\\Application->boot()
#10 /var/www/emaparking_dss/vendor/laravel/framework/src/Illuminate/Foundation/Application.php(242): Illuminate\\Foundation\\Bootstrap\\BootProviders->bootstrap()
#11 /var/www/emaparking_dss/vendor/laravel/framework/src/Illuminate/Foundation/Console/Kernel.php(383): Illuminate\\Foundation\\Application->bootstrapWith()
#12 /var/www/emaparking_dss/vendor/laravel/framework/src/Illuminate/Foundation/Console/Kernel.php(153): Illuminate\\Foundation\\Console\\Kernel->bootstrap()
#13 Command line code(1): Illuminate\\Foundation\\Console\\Kernel->handle()
#14 {main}
"} 
[2025-03-14 05:22:13] local.ERROR: Class "\Themes\BC\ThemeProvider" not found {"exception":"[object] (Error(code: 0): Class \"\\Themes\\BC\\ThemeProvider\" not found at /var/www/emaparking_dss/themes/ThemeServiceProvider.php:23)
[stacktrace]
#0 /var/www/emaparking_dss/vendor/laravel/framework/src/Illuminate/Container/BoundMethod.php(36): Themes\\ThemeServiceProvider->boot()
#1 /var/www/emaparking_dss/vendor/laravel/framework/src/Illuminate/Container/Util.php(41): Illuminate\\Container\\BoundMethod::Illuminate\\Container\\{closure}()
#2 /var/www/emaparking_dss/vendor/laravel/framework/src/Illuminate/Container/BoundMethod.php(93): Illuminate\\Container\\Util::unwrapIfClosure()
#3 /var/www/emaparking_dss/vendor/laravel/framework/src/Illuminate/Container/BoundMethod.php(35): Illuminate\\Container\\BoundMethod::callBoundMethod()
#4 /var/www/emaparking_dss/vendor/laravel/framework/src/Illuminate/Container/Container.php(651): Illuminate\\Container\\BoundMethod::call()
#5 /var/www/emaparking_dss/vendor/laravel/framework/src/Illuminate/Foundation/Application.php(933): Illuminate\\Container\\Container->call()
#6 /var/www/emaparking_dss/vendor/laravel/framework/src/Illuminate/Foundation/Application.php(914): Illuminate\\Foundation\\Application->bootProvider()
#7 [internal function]: Illuminate\\Foundation\\Application->Illuminate\\Foundation\\{closure}()
#8 /var/www/emaparking_dss/vendor/laravel/framework/src/Illuminate/Foundation/Application.php(913): array_walk()
#9 /var/www/emaparking_dss/vendor/laravel/framework/src/Illuminate/Foundation/Bootstrap/BootProviders.php(17): Illuminate\\Foundation\\Application->boot()
#10 /var/www/emaparking_dss/vendor/laravel/framework/src/Illuminate/Foundation/Application.php(242): Illuminate\\Foundation\\Bootstrap\\BootProviders->bootstrap()
#11 /var/www/emaparking_dss/vendor/laravel/framework/src/Illuminate/Foundation/Console/Kernel.php(383): Illuminate\\Foundation\\Application->bootstrapWith()
#12 /var/www/emaparking_dss/vendor/laravel/framework/src/Illuminate/Foundation/Console/Kernel.php(153): Illuminate\\Foundation\\Console\\Kernel->bootstrap()
#13 Command line code(1): Illuminate\\Foundation\\Console\\Kernel->handle()
#14 {main}
"} 
[2025-03-14 05:22:13] local.ERROR: Class "\Themes\BC\ThemeProvider" not found {"exception":"[object] (Error(code: 0): Class \"\\Themes\\BC\\ThemeProvider\" not found at /var/www/emaparking_dss/themes/ThemeServiceProvider.php:23)
[stacktrace]
#0 /var/www/emaparking_dss/vendor/laravel/framework/src/Illuminate/Container/BoundMethod.php(36): Themes\\ThemeServiceProvider->boot()
#1 /var/www/emaparking_dss/vendor/laravel/framework/src/Illuminate/Container/Util.php(41): Illuminate\\Container\\BoundMethod::Illuminate\\Container\\{closure}()
#2 /var/www/emaparking_dss/vendor/laravel/framework/src/Illuminate/Container/BoundMethod.php(93): Illuminate\\Container\\Util::unwrapIfClosure()
#3 /var/www/emaparking_dss/vendor/laravel/framework/src/Illuminate/Container/BoundMethod.php(35): Illuminate\\Container\\BoundMethod::callBoundMethod()
#4 /var/www/emaparking_dss/vendor/laravel/framework/src/Illuminate/Container/Container.php(651): Illuminate\\Container\\BoundMethod::call()
#5 /var/www/emaparking_dss/vendor/laravel/framework/src/Illuminate/Foundation/Application.php(933): Illuminate\\Container\\Container->call()
#6 /var/www/emaparking_dss/vendor/laravel/framework/src/Illuminate/Foundation/Application.php(914): Illuminate\\Foundation\\Application->bootProvider()
#7 [internal function]: Illuminate\\Foundation\\Application->Illuminate\\Foundation\\{closure}()
#8 /var/www/emaparking_dss/vendor/laravel/framework/src/Illuminate/Foundation/Application.php(913): array_walk()
#9 /var/www/emaparking_dss/vendor/laravel/framework/src/Illuminate/Foundation/Bootstrap/BootProviders.php(17): Illuminate\\Foundation\\Application->boot()
#10 /var/www/emaparking_dss/vendor/laravel/framework/src/Illuminate/Foundation/Application.php(242): Illuminate\\Foundation\\Bootstrap\\BootProviders->bootstrap()
#11 /var/www/emaparking_dss/vendor/laravel/framework/src/Illuminate/Foundation/Console/Kernel.php(383): Illuminate\\Foundation\\Application->bootstrapWith()
#12 /var/www/emaparking_dss/vendor/laravel/framework/src/Illuminate/Foundation/Console/Kernel.php(153): Illuminate\\Foundation\\Console\\Kernel->bootstrap()
#13 Command line code(1): Illuminate\\Foundation\\Console\\Kernel->handle()
#14 {main}
"} 
[2025-03-14 05:23:13] local.ERROR: Class "\Themes\BC\ThemeProvider" not found {"exception":"[object] (Error(code: 0): Class \"\\Themes\\BC\\ThemeProvider\" not found at /var/www/emaparking_dss/themes/ThemeServiceProvider.php:23)
[stacktrace]
#0 /var/www/emaparking_dss/vendor/laravel/framework/src/Illuminate/Container/BoundMethod.php(36): Themes\\ThemeServiceProvider->boot()
#1 /var/www/emaparking_dss/vendor/laravel/framework/src/Illuminate/Container/Util.php(41): Illuminate\\Container\\BoundMethod::Illuminate\\Container\\{closure}()
#2 /var/www/emaparking_dss/vendor/laravel/framework/src/Illuminate/Container/BoundMethod.php(93): Illuminate\\Container\\Util::unwrapIfClosure()
#3 /var/www/emaparking_dss/vendor/laravel/framework/src/Illuminate/Container/BoundMethod.php(35): Illuminate\\Container\\BoundMethod::callBoundMethod()
#4 /var/www/emaparking_dss/vendor/laravel/framework/src/Illuminate/Container/Container.php(651): Illuminate\\Container\\BoundMethod::call()
#5 /var/www/emaparking_dss/vendor/laravel/framework/src/Illuminate/Foundation/Application.php(933): Illuminate\\Container\\Container->call()
#6 /var/www/emaparking_dss/vendor/laravel/framework/src/Illuminate/Foundation/Application.php(914): Illuminate\\Foundation\\Application->bootProvider()
#7 [internal function]: Illuminate\\Foundation\\Application->Illuminate\\Foundation\\{closure}()
#8 /var/www/emaparking_dss/vendor/laravel/framework/src/Illuminate/Foundation/Application.php(913): array_walk()
#9 /var/www/emaparking_dss/vendor/laravel/framework/src/Illuminate/Foundation/Bootstrap/BootProviders.php(17): Illuminate\\Foundation\\Application->boot()
#10 /var/www/emaparking_dss/vendor/laravel/framework/src/Illuminate/Foundation/Application.php(242): Illuminate\\Foundation\\Bootstrap\\BootProviders->bootstrap()
#11 /var/www/emaparking_dss/vendor/laravel/framework/src/Illuminate/Foundation/Console/Kernel.php(383): Illuminate\\Foundation\\Application->bootstrapWith()
#12 /var/www/emaparking_dss/vendor/laravel/framework/src/Illuminate/Foundation/Console/Kernel.php(153): Illuminate\\Foundation\\Console\\Kernel->bootstrap()
#13 Command line code(1): Illuminate\\Foundation\\Console\\Kernel->handle()
#14 {main}
"} 
[2025-03-14 05:23:13] local.ERROR: Class "\Themes\BC\ThemeProvider" not found {"exception":"[object] (Error(code: 0): Class \"\\Themes\\BC\\ThemeProvider\" not found at /var/www/emaparking_dss/themes/ThemeServiceProvider.php:23)
[stacktrace]
#0 /var/www/emaparking_dss/vendor/laravel/framework/src/Illuminate/Container/BoundMethod.php(36): Themes\\ThemeServiceProvider->boot()
#1 /var/www/emaparking_dss/vendor/laravel/framework/src/Illuminate/Container/Util.php(41): Illuminate\\Container\\BoundMethod::Illuminate\\Container\\{closure}()
#2 /var/www/emaparking_dss/vendor/laravel/framework/src/Illuminate/Container/BoundMethod.php(93): Illuminate\\Container\\Util::unwrapIfClosure()
#3 /var/www/emaparking_dss/vendor/laravel/framework/src/Illuminate/Container/BoundMethod.php(35): Illuminate\\Container\\BoundMethod::callBoundMethod()
#4 /var/www/emaparking_dss/vendor/laravel/framework/src/Illuminate/Container/Container.php(651): Illuminate\\Container\\BoundMethod::call()
#5 /var/www/emaparking_dss/vendor/laravel/framework/src/Illuminate/Foundation/Application.php(933): Illuminate\\Container\\Container->call()
#6 /var/www/emaparking_dss/vendor/laravel/framework/src/Illuminate/Foundation/Application.php(914): Illuminate\\Foundation\\Application->bootProvider()
#7 [internal function]: Illuminate\\Foundation\\Application->Illuminate\\Foundation\\{closure}()
#8 /var/www/emaparking_dss/vendor/laravel/framework/src/Illuminate/Foundation/Application.php(913): array_walk()
#9 /var/www/emaparking_dss/vendor/laravel/framework/src/Illuminate/Foundation/Bootstrap/BootProviders.php(17): Illuminate\\Foundation\\Application->boot()
#10 /var/www/emaparking_dss/vendor/laravel/framework/src/Illuminate/Foundation/Application.php(242): Illuminate\\Foundation\\Bootstrap\\BootProviders->bootstrap()
#11 /var/www/emaparking_dss/vendor/laravel/framework/src/Illuminate/Foundation/Console/Kernel.php(383): Illuminate\\Foundation\\Application->bootstrapWith()
#12 /var/www/emaparking_dss/vendor/laravel/framework/src/Illuminate/Foundation/Console/Kernel.php(153): Illuminate\\Foundation\\Console\\Kernel->bootstrap()
#13 Command line code(1): Illuminate\\Foundation\\Console\\Kernel->handle()
#14 {main}
"} 
[2025-03-14 05:24:13] local.ERROR: Class "\Themes\BC\ThemeProvider" not found {"exception":"[object] (Error(code: 0): Class \"\\Themes\\BC\\ThemeProvider\" not found at /var/www/emaparking_dss/themes/ThemeServiceProvider.php:23)
[stacktrace]
#0 /var/www/emaparking_dss/vendor/laravel/framework/src/Illuminate/Container/BoundMethod.php(36): Themes\\ThemeServiceProvider->boot()
#1 /var/www/emaparking_dss/vendor/laravel/framework/src/Illuminate/Container/Util.php(41): Illuminate\\Container\\BoundMethod::Illuminate\\Container\\{closure}()
#2 /var/www/emaparking_dss/vendor/laravel/framework/src/Illuminate/Container/BoundMethod.php(93): Illuminate\\Container\\Util::unwrapIfClosure()
#3 /var/www/emaparking_dss/vendor/laravel/framework/src/Illuminate/Container/BoundMethod.php(35): Illuminate\\Container\\BoundMethod::callBoundMethod()
#4 /var/www/emaparking_dss/vendor/laravel/framework/src/Illuminate/Container/Container.php(651): Illuminate\\Container\\BoundMethod::call()
#5 /var/www/emaparking_dss/vendor/laravel/framework/src/Illuminate/Foundation/Application.php(933): Illuminate\\Container\\Container->call()
#6 /var/www/emaparking_dss/vendor/laravel/framework/src/Illuminate/Foundation/Application.php(914): Illuminate\\Foundation\\Application->bootProvider()
#7 [internal function]: Illuminate\\Foundation\\Application->Illuminate\\Foundation\\{closure}()
#8 /var/www/emaparking_dss/vendor/laravel/framework/src/Illuminate/Foundation/Application.php(913): array_walk()
#9 /var/www/emaparking_dss/vendor/laravel/framework/src/Illuminate/Foundation/Bootstrap/BootProviders.php(17): Illuminate\\Foundation\\Application->boot()
#10 /var/www/emaparking_dss/vendor/laravel/framework/src/Illuminate/Foundation/Application.php(242): Illuminate\\Foundation\\Bootstrap\\BootProviders->bootstrap()
#11 /var/www/emaparking_dss/vendor/laravel/framework/src/Illuminate/Foundation/Console/Kernel.php(383): Illuminate\\Foundation\\Application->bootstrapWith()
#12 /var/www/emaparking_dss/vendor/laravel/framework/src/Illuminate/Foundation/Console/Kernel.php(153): Illuminate\\Foundation\\Console\\Kernel->bootstrap()
#13 Command line code(1): Illuminate\\Foundation\\Console\\Kernel->handle()
#14 {main}
"} 
[2025-03-14 05:24:13] local.ERROR: Class "\Themes\BC\ThemeProvider" not found {"exception":"[object] (Error(code: 0): Class \"\\Themes\\BC\\ThemeProvider\" not found at /var/www/emaparking_dss/themes/ThemeServiceProvider.php:23)
[stacktrace]
#0 /var/www/emaparking_dss/vendor/laravel/framework/src/Illuminate/Container/BoundMethod.php(36): Themes\\ThemeServiceProvider->boot()
#1 /var/www/emaparking_dss/vendor/laravel/framework/src/Illuminate/Container/Util.php(41): Illuminate\\Container\\BoundMethod::Illuminate\\Container\\{closure}()
#2 /var/www/emaparking_dss/vendor/laravel/framework/src/Illuminate/Container/BoundMethod.php(93): Illuminate\\Container\\Util::unwrapIfClosure()
#3 /var/www/emaparking_dss/vendor/laravel/framework/src/Illuminate/Container/BoundMethod.php(35): Illuminate\\Container\\BoundMethod::callBoundMethod()
#4 /var/www/emaparking_dss/vendor/laravel/framework/src/Illuminate/Container/Container.php(651): Illuminate\\Container\\BoundMethod::call()
#5 /var/www/emaparking_dss/vendor/laravel/framework/src/Illuminate/Foundation/Application.php(933): Illuminate\\Container\\Container->call()
#6 /var/www/emaparking_dss/vendor/laravel/framework/src/Illuminate/Foundation/Application.php(914): Illuminate\\Foundation\\Application->bootProvider()
#7 [internal function]: Illuminate\\Foundation\\Application->Illuminate\\Foundation\\{closure}()
#8 /var/www/emaparking_dss/vendor/laravel/framework/src/Illuminate/Foundation/Application.php(913): array_walk()
#9 /var/www/emaparking_dss/vendor/laravel/framework/src/Illuminate/Foundation/Bootstrap/BootProviders.php(17): Illuminate\\Foundation\\Application->boot()
#10 /var/www/emaparking_dss/vendor/laravel/framework/src/Illuminate/Foundation/Application.php(242): Illuminate\\Foundation\\Bootstrap\\BootProviders->bootstrap()
#11 /var/www/emaparking_dss/vendor/laravel/framework/src/Illuminate/Foundation/Console/Kernel.php(383): Illuminate\\Foundation\\Application->bootstrapWith()
#12 /var/www/emaparking_dss/vendor/laravel/framework/src/Illuminate/Foundation/Console/Kernel.php(153): Illuminate\\Foundation\\Console\\Kernel->bootstrap()
#13 Command line code(1): Illuminate\\Foundation\\Console\\Kernel->handle()
#14 {main}
"} 
[2025-03-14 05:25:13] local.ERROR: Class "\Themes\BC\ThemeProvider" not found {"exception":"[object] (Error(code: 0): Class \"\\Themes\\BC\\ThemeProvider\" not found at /var/www/emaparking_dss/themes/ThemeServiceProvider.php:23)
[stacktrace]
#0 /var/www/emaparking_dss/vendor/laravel/framework/src/Illuminate/Container/BoundMethod.php(36): Themes\\ThemeServiceProvider->boot()
#1 /var/www/emaparking_dss/vendor/laravel/framework/src/Illuminate/Container/Util.php(41): Illuminate\\Container\\BoundMethod::Illuminate\\Container\\{closure}()
#2 /var/www/emaparking_dss/vendor/laravel/framework/src/Illuminate/Container/BoundMethod.php(93): Illuminate\\Container\\Util::unwrapIfClosure()
#3 /var/www/emaparking_dss/vendor/laravel/framework/src/Illuminate/Container/BoundMethod.php(35): Illuminate\\Container\\BoundMethod::callBoundMethod()
#4 /var/www/emaparking_dss/vendor/laravel/framework/src/Illuminate/Container/Container.php(651): Illuminate\\Container\\BoundMethod::call()
#5 /var/www/emaparking_dss/vendor/laravel/framework/src/Illuminate/Foundation/Application.php(933): Illuminate\\Container\\Container->call()
#6 /var/www/emaparking_dss/vendor/laravel/framework/src/Illuminate/Foundation/Application.php(914): Illuminate\\Foundation\\Application->bootProvider()
#7 [internal function]: Illuminate\\Foundation\\Application->Illuminate\\Foundation\\{closure}()
#8 /var/www/emaparking_dss/vendor/laravel/framework/src/Illuminate/Foundation/Application.php(913): array_walk()
#9 /var/www/emaparking_dss/vendor/laravel/framework/src/Illuminate/Foundation/Bootstrap/BootProviders.php(17): Illuminate\\Foundation\\Application->boot()
#10 /var/www/emaparking_dss/vendor/laravel/framework/src/Illuminate/Foundation/Application.php(242): Illuminate\\Foundation\\Bootstrap\\BootProviders->bootstrap()
#11 /var/www/emaparking_dss/vendor/laravel/framework/src/Illuminate/Foundation/Console/Kernel.php(383): Illuminate\\Foundation\\Application->bootstrapWith()
#12 /var/www/emaparking_dss/vendor/laravel/framework/src/Illuminate/Foundation/Console/Kernel.php(153): Illuminate\\Foundation\\Console\\Kernel->bootstrap()
#13 Command line code(1): Illuminate\\Foundation\\Console\\Kernel->handle()
#14 {main}
"} 
[2025-03-14 05:25:13] local.ERROR: Class "\Themes\BC\ThemeProvider" not found {"exception":"[object] (Error(code: 0): Class \"\\Themes\\BC\\ThemeProvider\" not found at /var/www/emaparking_dss/themes/ThemeServiceProvider.php:23)
[stacktrace]
#0 /var/www/emaparking_dss/vendor/laravel/framework/src/Illuminate/Container/BoundMethod.php(36): Themes\\ThemeServiceProvider->boot()
#1 /var/www/emaparking_dss/vendor/laravel/framework/src/Illuminate/Container/Util.php(41): Illuminate\\Container\\BoundMethod::Illuminate\\Container\\{closure}()
#2 /var/www/emaparking_dss/vendor/laravel/framework/src/Illuminate/Container/BoundMethod.php(93): Illuminate\\Container\\Util::unwrapIfClosure()
#3 /var/www/emaparking_dss/vendor/laravel/framework/src/Illuminate/Container/BoundMethod.php(35): Illuminate\\Container\\BoundMethod::callBoundMethod()
#4 /var/www/emaparking_dss/vendor/laravel/framework/src/Illuminate/Container/Container.php(651): Illuminate\\Container\\BoundMethod::call()
#5 /var/www/emaparking_dss/vendor/laravel/framework/src/Illuminate/Foundation/Application.php(933): Illuminate\\Container\\Container->call()
#6 /var/www/emaparking_dss/vendor/laravel/framework/src/Illuminate/Foundation/Application.php(914): Illuminate\\Foundation\\Application->bootProvider()
#7 [internal function]: Illuminate\\Foundation\\Application->Illuminate\\Foundation\\{closure}()
#8 /var/www/emaparking_dss/vendor/laravel/framework/src/Illuminate/Foundation/Application.php(913): array_walk()
#9 /var/www/emaparking_dss/vendor/laravel/framework/src/Illuminate/Foundation/Bootstrap/BootProviders.php(17): Illuminate\\Foundation\\Application->boot()
#10 /var/www/emaparking_dss/vendor/laravel/framework/src/Illuminate/Foundation/Application.php(242): Illuminate\\Foundation\\Bootstrap\\BootProviders->bootstrap()
#11 /var/www/emaparking_dss/vendor/laravel/framework/src/Illuminate/Foundation/Console/Kernel.php(383): Illuminate\\Foundation\\Application->bootstrapWith()
#12 /var/www/emaparking_dss/vendor/laravel/framework/src/Illuminate/Foundation/Console/Kernel.php(153): Illuminate\\Foundation\\Console\\Kernel->bootstrap()
#13 Command line code(1): Illuminate\\Foundation\\Console\\Kernel->handle()
#14 {main}
"} 
[2025-03-14 05:25:13] local.ERROR: Class "\Themes\BC\ThemeProvider" not found {"exception":"[object] (Error(code: 0): Class \"\\Themes\\BC\\ThemeProvider\" not found at /var/www/emaparking_dss/themes/ThemeServiceProvider.php:23)
[stacktrace]
#0 /var/www/emaparking_dss/vendor/laravel/framework/src/Illuminate/Container/BoundMethod.php(36): Themes\\ThemeServiceProvider->boot()
#1 /var/www/emaparking_dss/vendor/laravel/framework/src/Illuminate/Container/Util.php(41): Illuminate\\Container\\BoundMethod::Illuminate\\Container\\{closure}()
#2 /var/www/emaparking_dss/vendor/laravel/framework/src/Illuminate/Container/BoundMethod.php(93): Illuminate\\Container\\Util::unwrapIfClosure()
#3 /var/www/emaparking_dss/vendor/laravel/framework/src/Illuminate/Container/BoundMethod.php(35): Illuminate\\Container\\BoundMethod::callBoundMethod()
#4 /var/www/emaparking_dss/vendor/laravel/framework/src/Illuminate/Container/Container.php(651): Illuminate\\Container\\BoundMethod::call()
#5 /var/www/emaparking_dss/vendor/laravel/framework/src/Illuminate/Foundation/Application.php(933): Illuminate\\Container\\Container->call()
#6 /var/www/emaparking_dss/vendor/laravel/framework/src/Illuminate/Foundation/Application.php(914): Illuminate\\Foundation\\Application->bootProvider()
#7 [internal function]: Illuminate\\Foundation\\Application->Illuminate\\Foundation\\{closure}()
#8 /var/www/emaparking_dss/vendor/laravel/framework/src/Illuminate/Foundation/Application.php(913): array_walk()
#9 /var/www/emaparking_dss/vendor/laravel/framework/src/Illuminate/Foundation/Bootstrap/BootProviders.php(17): Illuminate\\Foundation\\Application->boot()
#10 /var/www/emaparking_dss/vendor/laravel/framework/src/Illuminate/Foundation/Application.php(242): Illuminate\\Foundation\\Bootstrap\\BootProviders->bootstrap()
#11 /var/www/emaparking_dss/vendor/laravel/framework/src/Illuminate/Foundation/Console/Kernel.php(383): Illuminate\\Foundation\\Application->bootstrapWith()
#12 /var/www/emaparking_dss/vendor/laravel/framework/src/Illuminate/Foundation/Console/Kernel.php(153): Illuminate\\Foundation\\Console\\Kernel->bootstrap()
#13 Command line code(1): Illuminate\\Foundation\\Console\\Kernel->handle()
#14 {main}
"} 
[2025-03-14 05:26:13] local.ERROR: Class "\Themes\BC\ThemeProvider" not found {"exception":"[object] (Error(code: 0): Class \"\\Themes\\BC\\ThemeProvider\" not found at /var/www/emaparking_dss/themes/ThemeServiceProvider.php:23)
[stacktrace]
#0 /var/www/emaparking_dss/vendor/laravel/framework/src/Illuminate/Container/BoundMethod.php(36): Themes\\ThemeServiceProvider->boot()
#1 /var/www/emaparking_dss/vendor/laravel/framework/src/Illuminate/Container/Util.php(41): Illuminate\\Container\\BoundMethod::Illuminate\\Container\\{closure}()
#2 /var/www/emaparking_dss/vendor/laravel/framework/src/Illuminate/Container/BoundMethod.php(93): Illuminate\\Container\\Util::unwrapIfClosure()
#3 /var/www/emaparking_dss/vendor/laravel/framework/src/Illuminate/Container/BoundMethod.php(35): Illuminate\\Container\\BoundMethod::callBoundMethod()
#4 /var/www/emaparking_dss/vendor/laravel/framework/src/Illuminate/Container/Container.php(651): Illuminate\\Container\\BoundMethod::call()
#5 /var/www/emaparking_dss/vendor/laravel/framework/src/Illuminate/Foundation/Application.php(933): Illuminate\\Container\\Container->call()
#6 /var/www/emaparking_dss/vendor/laravel/framework/src/Illuminate/Foundation/Application.php(914): Illuminate\\Foundation\\Application->bootProvider()
#7 [internal function]: Illuminate\\Foundation\\Application->Illuminate\\Foundation\\{closure}()
#8 /var/www/emaparking_dss/vendor/laravel/framework/src/Illuminate/Foundation/Application.php(913): array_walk()
#9 /var/www/emaparking_dss/vendor/laravel/framework/src/Illuminate/Foundation/Bootstrap/BootProviders.php(17): Illuminate\\Foundation\\Application->boot()
#10 /var/www/emaparking_dss/vendor/laravel/framework/src/Illuminate/Foundation/Application.php(242): Illuminate\\Foundation\\Bootstrap\\BootProviders->bootstrap()
#11 /var/www/emaparking_dss/vendor/laravel/framework/src/Illuminate/Foundation/Console/Kernel.php(383): Illuminate\\Foundation\\Application->bootstrapWith()
#12 /var/www/emaparking_dss/vendor/laravel/framework/src/Illuminate/Foundation/Console/Kernel.php(153): Illuminate\\Foundation\\Console\\Kernel->bootstrap()
#13 Command line code(1): Illuminate\\Foundation\\Console\\Kernel->handle()
#14 {main}
"} 
[2025-03-14 05:26:13] local.ERROR: Class "\Themes\BC\ThemeProvider" not found {"exception":"[object] (Error(code: 0): Class \"\\Themes\\BC\\ThemeProvider\" not found at /var/www/emaparking_dss/themes/ThemeServiceProvider.php:23)
[stacktrace]
#0 /var/www/emaparking_dss/vendor/laravel/framework/src/Illuminate/Container/BoundMethod.php(36): Themes\\ThemeServiceProvider->boot()
#1 /var/www/emaparking_dss/vendor/laravel/framework/src/Illuminate/Container/Util.php(41): Illuminate\\Container\\BoundMethod::Illuminate\\Container\\{closure}()
#2 /var/www/emaparking_dss/vendor/laravel/framework/src/Illuminate/Container/BoundMethod.php(93): Illuminate\\Container\\Util::unwrapIfClosure()
#3 /var/www/emaparking_dss/vendor/laravel/framework/src/Illuminate/Container/BoundMethod.php(35): Illuminate\\Container\\BoundMethod::callBoundMethod()
#4 /var/www/emaparking_dss/vendor/laravel/framework/src/Illuminate/Container/Container.php(651): Illuminate\\Container\\BoundMethod::call()
#5 /var/www/emaparking_dss/vendor/laravel/framework/src/Illuminate/Foundation/Application.php(933): Illuminate\\Container\\Container->call()
#6 /var/www/emaparking_dss/vendor/laravel/framework/src/Illuminate/Foundation/Application.php(914): Illuminate\\Foundation\\Application->bootProvider()
#7 [internal function]: Illuminate\\Foundation\\Application->Illuminate\\Foundation\\{closure}()
#8 /var/www/emaparking_dss/vendor/laravel/framework/src/Illuminate/Foundation/Application.php(913): array_walk()
#9 /var/www/emaparking_dss/vendor/laravel/framework/src/Illuminate/Foundation/Bootstrap/BootProviders.php(17): Illuminate\\Foundation\\Application->boot()
#10 /var/www/emaparking_dss/vendor/laravel/framework/src/Illuminate/Foundation/Application.php(242): Illuminate\\Foundation\\Bootstrap\\BootProviders->bootstrap()
#11 /var/www/emaparking_dss/vendor/laravel/framework/src/Illuminate/Foundation/Console/Kernel.php(383): Illuminate\\Foundation\\Application->bootstrapWith()
#12 /var/www/emaparking_dss/vendor/laravel/framework/src/Illuminate/Foundation/Console/Kernel.php(153): Illuminate\\Foundation\\Console\\Kernel->bootstrap()
#13 Command line code(1): Illuminate\\Foundation\\Console\\Kernel->handle()
#14 {main}
"} 
[2025-03-14 05:27:13] local.ERROR: Class "\Themes\BC\ThemeProvider" not found {"exception":"[object] (Error(code: 0): Class \"\\Themes\\BC\\ThemeProvider\" not found at /var/www/emaparking_dss/themes/ThemeServiceProvider.php:23)
[stacktrace]
#0 /var/www/emaparking_dss/vendor/laravel/framework/src/Illuminate/Container/BoundMethod.php(36): Themes\\ThemeServiceProvider->boot()
#1 /var/www/emaparking_dss/vendor/laravel/framework/src/Illuminate/Container/Util.php(41): Illuminate\\Container\\BoundMethod::Illuminate\\Container\\{closure}()
#2 /var/www/emaparking_dss/vendor/laravel/framework/src/Illuminate/Container/BoundMethod.php(93): Illuminate\\Container\\Util::unwrapIfClosure()
#3 /var/www/emaparking_dss/vendor/laravel/framework/src/Illuminate/Container/BoundMethod.php(35): Illuminate\\Container\\BoundMethod::callBoundMethod()
#4 /var/www/emaparking_dss/vendor/laravel/framework/src/Illuminate/Container/Container.php(651): Illuminate\\Container\\BoundMethod::call()
#5 /var/www/emaparking_dss/vendor/laravel/framework/src/Illuminate/Foundation/Application.php(933): Illuminate\\Container\\Container->call()
#6 /var/www/emaparking_dss/vendor/laravel/framework/src/Illuminate/Foundation/Application.php(914): Illuminate\\Foundation\\Application->bootProvider()
#7 [internal function]: Illuminate\\Foundation\\Application->Illuminate\\Foundation\\{closure}()
#8 /var/www/emaparking_dss/vendor/laravel/framework/src/Illuminate/Foundation/Application.php(913): array_walk()
#9 /var/www/emaparking_dss/vendor/laravel/framework/src/Illuminate/Foundation/Bootstrap/BootProviders.php(17): Illuminate\\Foundation\\Application->boot()
#10 /var/www/emaparking_dss/vendor/laravel/framework/src/Illuminate/Foundation/Application.php(242): Illuminate\\Foundation\\Bootstrap\\BootProviders->bootstrap()
#11 /var/www/emaparking_dss/vendor/laravel/framework/src/Illuminate/Foundation/Console/Kernel.php(383): Illuminate\\Foundation\\Application->bootstrapWith()
#12 /var/www/emaparking_dss/vendor/laravel/framework/src/Illuminate/Foundation/Console/Kernel.php(153): Illuminate\\Foundation\\Console\\Kernel->bootstrap()
#13 Command line code(1): Illuminate\\Foundation\\Console\\Kernel->handle()
#14 {main}
"} 
[2025-03-14 05:27:13] local.ERROR: Class "\Themes\BC\ThemeProvider" not found {"exception":"[object] (Error(code: 0): Class \"\\Themes\\BC\\ThemeProvider\" not found at /var/www/emaparking_dss/themes/ThemeServiceProvider.php:23)
[stacktrace]
#0 /var/www/emaparking_dss/vendor/laravel/framework/src/Illuminate/Container/BoundMethod.php(36): Themes\\ThemeServiceProvider->boot()
#1 /var/www/emaparking_dss/vendor/laravel/framework/src/Illuminate/Container/Util.php(41): Illuminate\\Container\\BoundMethod::Illuminate\\Container\\{closure}()
#2 /var/www/emaparking_dss/vendor/laravel/framework/src/Illuminate/Container/BoundMethod.php(93): Illuminate\\Container\\Util::unwrapIfClosure()
#3 /var/www/emaparking_dss/vendor/laravel/framework/src/Illuminate/Container/BoundMethod.php(35): Illuminate\\Container\\BoundMethod::callBoundMethod()
#4 /var/www/emaparking_dss/vendor/laravel/framework/src/Illuminate/Container/Container.php(651): Illuminate\\Container\\BoundMethod::call()
#5 /var/www/emaparking_dss/vendor/laravel/framework/src/Illuminate/Foundation/Application.php(933): Illuminate\\Container\\Container->call()
#6 /var/www/emaparking_dss/vendor/laravel/framework/src/Illuminate/Foundation/Application.php(914): Illuminate\\Foundation\\Application->bootProvider()
#7 [internal function]: Illuminate\\Foundation\\Application->Illuminate\\Foundation\\{closure}()
#8 /var/www/emaparking_dss/vendor/laravel/framework/src/Illuminate/Foundation/Application.php(913): array_walk()
#9 /var/www/emaparking_dss/vendor/laravel/framework/src/Illuminate/Foundation/Bootstrap/BootProviders.php(17): Illuminate\\Foundation\\Application->boot()
#10 /var/www/emaparking_dss/vendor/laravel/framework/src/Illuminate/Foundation/Application.php(242): Illuminate\\Foundation\\Bootstrap\\BootProviders->bootstrap()
#11 /var/www/emaparking_dss/vendor/laravel/framework/src/Illuminate/Foundation/Console/Kernel.php(383): Illuminate\\Foundation\\Application->bootstrapWith()
#12 /var/www/emaparking_dss/vendor/laravel/framework/src/Illuminate/Foundation/Console/Kernel.php(153): Illuminate\\Foundation\\Console\\Kernel->bootstrap()
#13 Command line code(1): Illuminate\\Foundation\\Console\\Kernel->handle()
#14 {main}
"} 
[2025-03-14 05:28:13] local.ERROR: Class "\Themes\BC\ThemeProvider" not found {"exception":"[object] (Error(code: 0): Class \"\\Themes\\BC\\ThemeProvider\" not found at /var/www/emaparking_dss/themes/ThemeServiceProvider.php:23)
[stacktrace]
#0 /var/www/emaparking_dss/vendor/laravel/framework/src/Illuminate/Container/BoundMethod.php(36): Themes\\ThemeServiceProvider->boot()
#1 /var/www/emaparking_dss/vendor/laravel/framework/src/Illuminate/Container/Util.php(41): Illuminate\\Container\\BoundMethod::Illuminate\\Container\\{closure}()
#2 /var/www/emaparking_dss/vendor/laravel/framework/src/Illuminate/Container/BoundMethod.php(93): Illuminate\\Container\\Util::unwrapIfClosure()
#3 /var/www/emaparking_dss/vendor/laravel/framework/src/Illuminate/Container/BoundMethod.php(35): Illuminate\\Container\\BoundMethod::callBoundMethod()
#4 /var/www/emaparking_dss/vendor/laravel/framework/src/Illuminate/Container/Container.php(651): Illuminate\\Container\\BoundMethod::call()
#5 /var/www/emaparking_dss/vendor/laravel/framework/src/Illuminate/Foundation/Application.php(933): Illuminate\\Container\\Container->call()
#6 /var/www/emaparking_dss/vendor/laravel/framework/src/Illuminate/Foundation/Application.php(914): Illuminate\\Foundation\\Application->bootProvider()
#7 [internal function]: Illuminate\\Foundation\\Application->Illuminate\\Foundation\\{closure}()
#8 /var/www/emaparking_dss/vendor/laravel/framework/src/Illuminate/Foundation/Application.php(913): array_walk()
#9 /var/www/emaparking_dss/vendor/laravel/framework/src/Illuminate/Foundation/Bootstrap/BootProviders.php(17): Illuminate\\Foundation\\Application->boot()
#10 /var/www/emaparking_dss/vendor/laravel/framework/src/Illuminate/Foundation/Application.php(242): Illuminate\\Foundation\\Bootstrap\\BootProviders->bootstrap()
#11 /var/www/emaparking_dss/vendor/laravel/framework/src/Illuminate/Foundation/Console/Kernel.php(383): Illuminate\\Foundation\\Application->bootstrapWith()
#12 /var/www/emaparking_dss/vendor/laravel/framework/src/Illuminate/Foundation/Console/Kernel.php(153): Illuminate\\Foundation\\Console\\Kernel->bootstrap()
#13 Command line code(1): Illuminate\\Foundation\\Console\\Kernel->handle()
#14 {main}
"} 
[2025-03-14 05:28:13] local.ERROR: Class "\Themes\BC\ThemeProvider" not found {"exception":"[object] (Error(code: 0): Class \"\\Themes\\BC\\ThemeProvider\" not found at /var/www/emaparking_dss/themes/ThemeServiceProvider.php:23)
[stacktrace]
#0 /var/www/emaparking_dss/vendor/laravel/framework/src/Illuminate/Container/BoundMethod.php(36): Themes\\ThemeServiceProvider->boot()
#1 /var/www/emaparking_dss/vendor/laravel/framework/src/Illuminate/Container/Util.php(41): Illuminate\\Container\\BoundMethod::Illuminate\\Container\\{closure}()
#2 /var/www/emaparking_dss/vendor/laravel/framework/src/Illuminate/Container/BoundMethod.php(93): Illuminate\\Container\\Util::unwrapIfClosure()
#3 /var/www/emaparking_dss/vendor/laravel/framework/src/Illuminate/Container/BoundMethod.php(35): Illuminate\\Container\\BoundMethod::callBoundMethod()
#4 /var/www/emaparking_dss/vendor/laravel/framework/src/Illuminate/Container/Container.php(651): Illuminate\\Container\\BoundMethod::call()
#5 /var/www/emaparking_dss/vendor/laravel/framework/src/Illuminate/Foundation/Application.php(933): Illuminate\\Container\\Container->call()
#6 /var/www/emaparking_dss/vendor/laravel/framework/src/Illuminate/Foundation/Application.php(914): Illuminate\\Foundation\\Application->bootProvider()
#7 [internal function]: Illuminate\\Foundation\\Application->Illuminate\\Foundation\\{closure}()
#8 /var/www/emaparking_dss/vendor/laravel/framework/src/Illuminate/Foundation/Application.php(913): array_walk()
#9 /var/www/emaparking_dss/vendor/laravel/framework/src/Illuminate/Foundation/Bootstrap/BootProviders.php(17): Illuminate\\Foundation\\Application->boot()
#10 /var/www/emaparking_dss/vendor/laravel/framework/src/Illuminate/Foundation/Application.php(242): Illuminate\\Foundation\\Bootstrap\\BootProviders->bootstrap()
#11 /var/www/emaparking_dss/vendor/laravel/framework/src/Illuminate/Foundation/Console/Kernel.php(383): Illuminate\\Foundation\\Application->bootstrapWith()
#12 /var/www/emaparking_dss/vendor/laravel/framework/src/Illuminate/Foundation/Console/Kernel.php(153): Illuminate\\Foundation\\Console\\Kernel->bootstrap()
#13 Command line code(1): Illuminate\\Foundation\\Console\\Kernel->handle()
#14 {main}
"} 
[2025-03-14 05:29:13] local.ERROR: Class "\Themes\BC\ThemeProvider" not found {"exception":"[object] (Error(code: 0): Class \"\\Themes\\BC\\ThemeProvider\" not found at /var/www/emaparking_dss/themes/ThemeServiceProvider.php:23)
[stacktrace]
#0 /var/www/emaparking_dss/vendor/laravel/framework/src/Illuminate/Container/BoundMethod.php(36): Themes\\ThemeServiceProvider->boot()
#1 /var/www/emaparking_dss/vendor/laravel/framework/src/Illuminate/Container/Util.php(41): Illuminate\\Container\\BoundMethod::Illuminate\\Container\\{closure}()
#2 /var/www/emaparking_dss/vendor/laravel/framework/src/Illuminate/Container/BoundMethod.php(93): Illuminate\\Container\\Util::unwrapIfClosure()
#3 /var/www/emaparking_dss/vendor/laravel/framework/src/Illuminate/Container/BoundMethod.php(35): Illuminate\\Container\\BoundMethod::callBoundMethod()
#4 /var/www/emaparking_dss/vendor/laravel/framework/src/Illuminate/Container/Container.php(651): Illuminate\\Container\\BoundMethod::call()
#5 /var/www/emaparking_dss/vendor/laravel/framework/src/Illuminate/Foundation/Application.php(933): Illuminate\\Container\\Container->call()
#6 /var/www/emaparking_dss/vendor/laravel/framework/src/Illuminate/Foundation/Application.php(914): Illuminate\\Foundation\\Application->bootProvider()
#7 [internal function]: Illuminate\\Foundation\\Application->Illuminate\\Foundation\\{closure}()
#8 /var/www/emaparking_dss/vendor/laravel/framework/src/Illuminate/Foundation/Application.php(913): array_walk()
#9 /var/www/emaparking_dss/vendor/laravel/framework/src/Illuminate/Foundation/Bootstrap/BootProviders.php(17): Illuminate\\Foundation\\Application->boot()
#10 /var/www/emaparking_dss/vendor/laravel/framework/src/Illuminate/Foundation/Application.php(242): Illuminate\\Foundation\\Bootstrap\\BootProviders->bootstrap()
#11 /var/www/emaparking_dss/vendor/laravel/framework/src/Illuminate/Foundation/Console/Kernel.php(383): Illuminate\\Foundation\\Application->bootstrapWith()
#12 /var/www/emaparking_dss/vendor/laravel/framework/src/Illuminate/Foundation/Console/Kernel.php(153): Illuminate\\Foundation\\Console\\Kernel->bootstrap()
#13 Command line code(1): Illuminate\\Foundation\\Console\\Kernel->handle()
#14 {main}
"} 
[2025-03-14 05:29:13] local.ERROR: Class "\Themes\BC\ThemeProvider" not found {"exception":"[object] (Error(code: 0): Class \"\\Themes\\BC\\ThemeProvider\" not found at /var/www/emaparking_dss/themes/ThemeServiceProvider.php:23)
[stacktrace]
#0 /var/www/emaparking_dss/vendor/laravel/framework/src/Illuminate/Container/BoundMethod.php(36): Themes\\ThemeServiceProvider->boot()
#1 /var/www/emaparking_dss/vendor/laravel/framework/src/Illuminate/Container/Util.php(41): Illuminate\\Container\\BoundMethod::Illuminate\\Container\\{closure}()
#2 /var/www/emaparking_dss/vendor/laravel/framework/src/Illuminate/Container/BoundMethod.php(93): Illuminate\\Container\\Util::unwrapIfClosure()
#3 /var/www/emaparking_dss/vendor/laravel/framework/src/Illuminate/Container/BoundMethod.php(35): Illuminate\\Container\\BoundMethod::callBoundMethod()
#4 /var/www/emaparking_dss/vendor/laravel/framework/src/Illuminate/Container/Container.php(651): Illuminate\\Container\\BoundMethod::call()
#5 /var/www/emaparking_dss/vendor/laravel/framework/src/Illuminate/Foundation/Application.php(933): Illuminate\\Container\\Container->call()
#6 /var/www/emaparking_dss/vendor/laravel/framework/src/Illuminate/Foundation/Application.php(914): Illuminate\\Foundation\\Application->bootProvider()
#7 [internal function]: Illuminate\\Foundation\\Application->Illuminate\\Foundation\\{closure}()
#8 /var/www/emaparking_dss/vendor/laravel/framework/src/Illuminate/Foundation/Application.php(913): array_walk()
#9 /var/www/emaparking_dss/vendor/laravel/framework/src/Illuminate/Foundation/Bootstrap/BootProviders.php(17): Illuminate\\Foundation\\Application->boot()
#10 /var/www/emaparking_dss/vendor/laravel/framework/src/Illuminate/Foundation/Application.php(242): Illuminate\\Foundation\\Bootstrap\\BootProviders->bootstrap()
#11 /var/www/emaparking_dss/vendor/laravel/framework/src/Illuminate/Foundation/Console/Kernel.php(383): Illuminate\\Foundation\\Application->bootstrapWith()
#12 /var/www/emaparking_dss/vendor/laravel/framework/src/Illuminate/Foundation/Console/Kernel.php(153): Illuminate\\Foundation\\Console\\Kernel->bootstrap()
#13 Command line code(1): Illuminate\\Foundation\\Console\\Kernel->handle()
#14 {main}
"} 
[2025-03-14 05:30:13] local.ERROR: Class "\Themes\BC\ThemeProvider" not found {"exception":"[object] (Error(code: 0): Class \"\\Themes\\BC\\ThemeProvider\" not found at /var/www/emaparking_dss/themes/ThemeServiceProvider.php:23)
[stacktrace]
#0 /var/www/emaparking_dss/vendor/laravel/framework/src/Illuminate/Container/BoundMethod.php(36): Themes\\ThemeServiceProvider->boot()
#1 /var/www/emaparking_dss/vendor/laravel/framework/src/Illuminate/Container/Util.php(41): Illuminate\\Container\\BoundMethod::Illuminate\\Container\\{closure}()
#2 /var/www/emaparking_dss/vendor/laravel/framework/src/Illuminate/Container/BoundMethod.php(93): Illuminate\\Container\\Util::unwrapIfClosure()
#3 /var/www/emaparking_dss/vendor/laravel/framework/src/Illuminate/Container/BoundMethod.php(35): Illuminate\\Container\\BoundMethod::callBoundMethod()
#4 /var/www/emaparking_dss/vendor/laravel/framework/src/Illuminate/Container/Container.php(651): Illuminate\\Container\\BoundMethod::call()
#5 /var/www/emaparking_dss/vendor/laravel/framework/src/Illuminate/Foundation/Application.php(933): Illuminate\\Container\\Container->call()
#6 /var/www/emaparking_dss/vendor/laravel/framework/src/Illuminate/Foundation/Application.php(914): Illuminate\\Foundation\\Application->bootProvider()
#7 [internal function]: Illuminate\\Foundation\\Application->Illuminate\\Foundation\\{closure}()
#8 /var/www/emaparking_dss/vendor/laravel/framework/src/Illuminate/Foundation/Application.php(913): array_walk()
#9 /var/www/emaparking_dss/vendor/laravel/framework/src/Illuminate/Foundation/Bootstrap/BootProviders.php(17): Illuminate\\Foundation\\Application->boot()
#10 /var/www/emaparking_dss/vendor/laravel/framework/src/Illuminate/Foundation/Application.php(242): Illuminate\\Foundation\\Bootstrap\\BootProviders->bootstrap()
#11 /var/www/emaparking_dss/vendor/laravel/framework/src/Illuminate/Foundation/Console/Kernel.php(383): Illuminate\\Foundation\\Application->bootstrapWith()
#12 /var/www/emaparking_dss/vendor/laravel/framework/src/Illuminate/Foundation/Console/Kernel.php(153): Illuminate\\Foundation\\Console\\Kernel->bootstrap()
#13 Command line code(1): Illuminate\\Foundation\\Console\\Kernel->handle()
#14 {main}
"} 
[2025-03-14 05:30:13] local.ERROR: Class "\Themes\BC\ThemeProvider" not found {"exception":"[object] (Error(code: 0): Class \"\\Themes\\BC\\ThemeProvider\" not found at /var/www/emaparking_dss/themes/ThemeServiceProvider.php:23)
[stacktrace]
#0 /var/www/emaparking_dss/vendor/laravel/framework/src/Illuminate/Container/BoundMethod.php(36): Themes\\ThemeServiceProvider->boot()
#1 /var/www/emaparking_dss/vendor/laravel/framework/src/Illuminate/Container/Util.php(41): Illuminate\\Container\\BoundMethod::Illuminate\\Container\\{closure}()
#2 /var/www/emaparking_dss/vendor/laravel/framework/src/Illuminate/Container/BoundMethod.php(93): Illuminate\\Container\\Util::unwrapIfClosure()
#3 /var/www/emaparking_dss/vendor/laravel/framework/src/Illuminate/Container/BoundMethod.php(35): Illuminate\\Container\\BoundMethod::callBoundMethod()
#4 /var/www/emaparking_dss/vendor/laravel/framework/src/Illuminate/Container/Container.php(651): Illuminate\\Container\\BoundMethod::call()
#5 /var/www/emaparking_dss/vendor/laravel/framework/src/Illuminate/Foundation/Application.php(933): Illuminate\\Container\\Container->call()
#6 /var/www/emaparking_dss/vendor/laravel/framework/src/Illuminate/Foundation/Application.php(914): Illuminate\\Foundation\\Application->bootProvider()
#7 [internal function]: Illuminate\\Foundation\\Application->Illuminate\\Foundation\\{closure}()
#8 /var/www/emaparking_dss/vendor/laravel/framework/src/Illuminate/Foundation/Application.php(913): array_walk()
#9 /var/www/emaparking_dss/vendor/laravel/framework/src/Illuminate/Foundation/Bootstrap/BootProviders.php(17): Illuminate\\Foundation\\Application->boot()
#10 /var/www/emaparking_dss/vendor/laravel/framework/src/Illuminate/Foundation/Application.php(242): Illuminate\\Foundation\\Bootstrap\\BootProviders->bootstrap()
#11 /var/www/emaparking_dss/vendor/laravel/framework/src/Illuminate/Foundation/Console/Kernel.php(383): Illuminate\\Foundation\\Application->bootstrapWith()
#12 /var/www/emaparking_dss/vendor/laravel/framework/src/Illuminate/Foundation/Console/Kernel.php(153): Illuminate\\Foundation\\Console\\Kernel->bootstrap()
#13 Command line code(1): Illuminate\\Foundation\\Console\\Kernel->handle()
#14 {main}
"} 
[2025-03-14 05:31:13] local.ERROR: Class "\Themes\BC\ThemeProvider" not found {"exception":"[object] (Error(code: 0): Class \"\\Themes\\BC\\ThemeProvider\" not found at /var/www/emaparking_dss/themes/ThemeServiceProvider.php:23)
[stacktrace]
#0 /var/www/emaparking_dss/vendor/laravel/framework/src/Illuminate/Container/BoundMethod.php(36): Themes\\ThemeServiceProvider->boot()
#1 /var/www/emaparking_dss/vendor/laravel/framework/src/Illuminate/Container/Util.php(41): Illuminate\\Container\\BoundMethod::Illuminate\\Container\\{closure}()
#2 /var/www/emaparking_dss/vendor/laravel/framework/src/Illuminate/Container/BoundMethod.php(93): Illuminate\\Container\\Util::unwrapIfClosure()
#3 /var/www/emaparking_dss/vendor/laravel/framework/src/Illuminate/Container/BoundMethod.php(35): Illuminate\\Container\\BoundMethod::callBoundMethod()
#4 /var/www/emaparking_dss/vendor/laravel/framework/src/Illuminate/Container/Container.php(651): Illuminate\\Container\\BoundMethod::call()
#5 /var/www/emaparking_dss/vendor/laravel/framework/src/Illuminate/Foundation/Application.php(933): Illuminate\\Container\\Container->call()
#6 /var/www/emaparking_dss/vendor/laravel/framework/src/Illuminate/Foundation/Application.php(914): Illuminate\\Foundation\\Application->bootProvider()
#7 [internal function]: Illuminate\\Foundation\\Application->Illuminate\\Foundation\\{closure}()
#8 /var/www/emaparking_dss/vendor/laravel/framework/src/Illuminate/Foundation/Application.php(913): array_walk()
#9 /var/www/emaparking_dss/vendor/laravel/framework/src/Illuminate/Foundation/Bootstrap/BootProviders.php(17): Illuminate\\Foundation\\Application->boot()
#10 /var/www/emaparking_dss/vendor/laravel/framework/src/Illuminate/Foundation/Application.php(242): Illuminate\\Foundation\\Bootstrap\\BootProviders->bootstrap()
#11 /var/www/emaparking_dss/vendor/laravel/framework/src/Illuminate/Foundation/Console/Kernel.php(383): Illuminate\\Foundation\\Application->bootstrapWith()
#12 /var/www/emaparking_dss/vendor/laravel/framework/src/Illuminate/Foundation/Console/Kernel.php(153): Illuminate\\Foundation\\Console\\Kernel->bootstrap()
#13 Command line code(1): Illuminate\\Foundation\\Console\\Kernel->handle()
#14 {main}
"} 
[2025-03-14 05:31:13] local.ERROR: Class "\Themes\BC\ThemeProvider" not found {"exception":"[object] (Error(code: 0): Class \"\\Themes\\BC\\ThemeProvider\" not found at /var/www/emaparking_dss/themes/ThemeServiceProvider.php:23)
[stacktrace]
#0 /var/www/emaparking_dss/vendor/laravel/framework/src/Illuminate/Container/BoundMethod.php(36): Themes\\ThemeServiceProvider->boot()
#1 /var/www/emaparking_dss/vendor/laravel/framework/src/Illuminate/Container/Util.php(41): Illuminate\\Container\\BoundMethod::Illuminate\\Container\\{closure}()
#2 /var/www/emaparking_dss/vendor/laravel/framework/src/Illuminate/Container/BoundMethod.php(93): Illuminate\\Container\\Util::unwrapIfClosure()
#3 /var/www/emaparking_dss/vendor/laravel/framework/src/Illuminate/Container/BoundMethod.php(35): Illuminate\\Container\\BoundMethod::callBoundMethod()
#4 /var/www/emaparking_dss/vendor/laravel/framework/src/Illuminate/Container/Container.php(651): Illuminate\\Container\\BoundMethod::call()
#5 /var/www/emaparking_dss/vendor/laravel/framework/src/Illuminate/Foundation/Application.php(933): Illuminate\\Container\\Container->call()
#6 /var/www/emaparking_dss/vendor/laravel/framework/src/Illuminate/Foundation/Application.php(914): Illuminate\\Foundation\\Application->bootProvider()
#7 [internal function]: Illuminate\\Foundation\\Application->Illuminate\\Foundation\\{closure}()
#8 /var/www/emaparking_dss/vendor/laravel/framework/src/Illuminate/Foundation/Application.php(913): array_walk()
#9 /var/www/emaparking_dss/vendor/laravel/framework/src/Illuminate/Foundation/Bootstrap/BootProviders.php(17): Illuminate\\Foundation\\Application->boot()
#10 /var/www/emaparking_dss/vendor/laravel/framework/src/Illuminate/Foundation/Application.php(242): Illuminate\\Foundation\\Bootstrap\\BootProviders->bootstrap()
#11 /var/www/emaparking_dss/vendor/laravel/framework/src/Illuminate/Foundation/Console/Kernel.php(383): Illuminate\\Foundation\\Application->bootstrapWith()
#12 /var/www/emaparking_dss/vendor/laravel/framework/src/Illuminate/Foundation/Console/Kernel.php(153): Illuminate\\Foundation\\Console\\Kernel->bootstrap()
#13 Command line code(1): Illuminate\\Foundation\\Console\\Kernel->handle()
#14 {main}
"} 
[2025-03-14 05:32:13] local.ERROR: Class "\Themes\BC\ThemeProvider" not found {"exception":"[object] (Error(code: 0): Class \"\\Themes\\BC\\ThemeProvider\" not found at /var/www/emaparking_dss/themes/ThemeServiceProvider.php:23)
[stacktrace]
#0 /var/www/emaparking_dss/vendor/laravel/framework/src/Illuminate/Container/BoundMethod.php(36): Themes\\ThemeServiceProvider->boot()
#1 /var/www/emaparking_dss/vendor/laravel/framework/src/Illuminate/Container/Util.php(41): Illuminate\\Container\\BoundMethod::Illuminate\\Container\\{closure}()
#2 /var/www/emaparking_dss/vendor/laravel/framework/src/Illuminate/Container/BoundMethod.php(93): Illuminate\\Container\\Util::unwrapIfClosure()
#3 /var/www/emaparking_dss/vendor/laravel/framework/src/Illuminate/Container/BoundMethod.php(35): Illuminate\\Container\\BoundMethod::callBoundMethod()
#4 /var/www/emaparking_dss/vendor/laravel/framework/src/Illuminate/Container/Container.php(651): Illuminate\\Container\\BoundMethod::call()
#5 /var/www/emaparking_dss/vendor/laravel/framework/src/Illuminate/Foundation/Application.php(933): Illuminate\\Container\\Container->call()
#6 /var/www/emaparking_dss/vendor/laravel/framework/src/Illuminate/Foundation/Application.php(914): Illuminate\\Foundation\\Application->bootProvider()
#7 [internal function]: Illuminate\\Foundation\\Application->Illuminate\\Foundation\\{closure}()
#8 /var/www/emaparking_dss/vendor/laravel/framework/src/Illuminate/Foundation/Application.php(913): array_walk()
#9 /var/www/emaparking_dss/vendor/laravel/framework/src/Illuminate/Foundation/Bootstrap/BootProviders.php(17): Illuminate\\Foundation\\Application->boot()
#10 /var/www/emaparking_dss/vendor/laravel/framework/src/Illuminate/Foundation/Application.php(242): Illuminate\\Foundation\\Bootstrap\\BootProviders->bootstrap()
#11 /var/www/emaparking_dss/vendor/laravel/framework/src/Illuminate/Foundation/Console/Kernel.php(383): Illuminate\\Foundation\\Application->bootstrapWith()
#12 /var/www/emaparking_dss/vendor/laravel/framework/src/Illuminate/Foundation/Console/Kernel.php(153): Illuminate\\Foundation\\Console\\Kernel->bootstrap()
#13 Command line code(1): Illuminate\\Foundation\\Console\\Kernel->handle()
#14 {main}
"} 
[2025-03-14 05:32:13] local.ERROR: Class "\Themes\BC\ThemeProvider" not found {"exception":"[object] (Error(code: 0): Class \"\\Themes\\BC\\ThemeProvider\" not found at /var/www/emaparking_dss/themes/ThemeServiceProvider.php:23)
[stacktrace]
#0 /var/www/emaparking_dss/vendor/laravel/framework/src/Illuminate/Container/BoundMethod.php(36): Themes\\ThemeServiceProvider->boot()
#1 /var/www/emaparking_dss/vendor/laravel/framework/src/Illuminate/Container/Util.php(41): Illuminate\\Container\\BoundMethod::Illuminate\\Container\\{closure}()
#2 /var/www/emaparking_dss/vendor/laravel/framework/src/Illuminate/Container/BoundMethod.php(93): Illuminate\\Container\\Util::unwrapIfClosure()
#3 /var/www/emaparking_dss/vendor/laravel/framework/src/Illuminate/Container/BoundMethod.php(35): Illuminate\\Container\\BoundMethod::callBoundMethod()
#4 /var/www/emaparking_dss/vendor/laravel/framework/src/Illuminate/Container/Container.php(651): Illuminate\\Container\\BoundMethod::call()
#5 /var/www/emaparking_dss/vendor/laravel/framework/src/Illuminate/Foundation/Application.php(933): Illuminate\\Container\\Container->call()
#6 /var/www/emaparking_dss/vendor/laravel/framework/src/Illuminate/Foundation/Application.php(914): Illuminate\\Foundation\\Application->bootProvider()
#7 [internal function]: Illuminate\\Foundation\\Application->Illuminate\\Foundation\\{closure}()
#8 /var/www/emaparking_dss/vendor/laravel/framework/src/Illuminate/Foundation/Application.php(913): array_walk()
#9 /var/www/emaparking_dss/vendor/laravel/framework/src/Illuminate/Foundation/Bootstrap/BootProviders.php(17): Illuminate\\Foundation\\Application->boot()
#10 /var/www/emaparking_dss/vendor/laravel/framework/src/Illuminate/Foundation/Application.php(242): Illuminate\\Foundation\\Bootstrap\\BootProviders->bootstrap()
#11 /var/www/emaparking_dss/vendor/laravel/framework/src/Illuminate/Foundation/Console/Kernel.php(383): Illuminate\\Foundation\\Application->bootstrapWith()
#12 /var/www/emaparking_dss/vendor/laravel/framework/src/Illuminate/Foundation/Console/Kernel.php(153): Illuminate\\Foundation\\Console\\Kernel->bootstrap()
#13 Command line code(1): Illuminate\\Foundation\\Console\\Kernel->handle()
#14 {main}
"} 
[2025-03-14 05:33:13] local.ERROR: Class "\Themes\BC\ThemeProvider" not found {"exception":"[object] (Error(code: 0): Class \"\\Themes\\BC\\ThemeProvider\" not found at /var/www/emaparking_dss/themes/ThemeServiceProvider.php:23)
[stacktrace]
#0 /var/www/emaparking_dss/vendor/laravel/framework/src/Illuminate/Container/BoundMethod.php(36): Themes\\ThemeServiceProvider->boot()
#1 /var/www/emaparking_dss/vendor/laravel/framework/src/Illuminate/Container/Util.php(41): Illuminate\\Container\\BoundMethod::Illuminate\\Container\\{closure}()
#2 /var/www/emaparking_dss/vendor/laravel/framework/src/Illuminate/Container/BoundMethod.php(93): Illuminate\\Container\\Util::unwrapIfClosure()
#3 /var/www/emaparking_dss/vendor/laravel/framework/src/Illuminate/Container/BoundMethod.php(35): Illuminate\\Container\\BoundMethod::callBoundMethod()
#4 /var/www/emaparking_dss/vendor/laravel/framework/src/Illuminate/Container/Container.php(651): Illuminate\\Container\\BoundMethod::call()
#5 /var/www/emaparking_dss/vendor/laravel/framework/src/Illuminate/Foundation/Application.php(933): Illuminate\\Container\\Container->call()
#6 /var/www/emaparking_dss/vendor/laravel/framework/src/Illuminate/Foundation/Application.php(914): Illuminate\\Foundation\\Application->bootProvider()
#7 [internal function]: Illuminate\\Foundation\\Application->Illuminate\\Foundation\\{closure}()
#8 /var/www/emaparking_dss/vendor/laravel/framework/src/Illuminate/Foundation/Application.php(913): array_walk()
#9 /var/www/emaparking_dss/vendor/laravel/framework/src/Illuminate/Foundation/Bootstrap/BootProviders.php(17): Illuminate\\Foundation\\Application->boot()
#10 /var/www/emaparking_dss/vendor/laravel/framework/src/Illuminate/Foundation/Application.php(242): Illuminate\\Foundation\\Bootstrap\\BootProviders->bootstrap()
#11 /var/www/emaparking_dss/vendor/laravel/framework/src/Illuminate/Foundation/Console/Kernel.php(383): Illuminate\\Foundation\\Application->bootstrapWith()
#12 /var/www/emaparking_dss/vendor/laravel/framework/src/Illuminate/Foundation/Console/Kernel.php(153): Illuminate\\Foundation\\Console\\Kernel->bootstrap()
#13 Command line code(1): Illuminate\\Foundation\\Console\\Kernel->handle()
#14 {main}
"} 
[2025-03-14 05:33:13] local.ERROR: Class "\Themes\BC\ThemeProvider" not found {"exception":"[object] (Error(code: 0): Class \"\\Themes\\BC\\ThemeProvider\" not found at /var/www/emaparking_dss/themes/ThemeServiceProvider.php:23)
[stacktrace]
#0 /var/www/emaparking_dss/vendor/laravel/framework/src/Illuminate/Container/BoundMethod.php(36): Themes\\ThemeServiceProvider->boot()
#1 /var/www/emaparking_dss/vendor/laravel/framework/src/Illuminate/Container/Util.php(41): Illuminate\\Container\\BoundMethod::Illuminate\\Container\\{closure}()
#2 /var/www/emaparking_dss/vendor/laravel/framework/src/Illuminate/Container/BoundMethod.php(93): Illuminate\\Container\\Util::unwrapIfClosure()
#3 /var/www/emaparking_dss/vendor/laravel/framework/src/Illuminate/Container/BoundMethod.php(35): Illuminate\\Container\\BoundMethod::callBoundMethod()
#4 /var/www/emaparking_dss/vendor/laravel/framework/src/Illuminate/Container/Container.php(651): Illuminate\\Container\\BoundMethod::call()
#5 /var/www/emaparking_dss/vendor/laravel/framework/src/Illuminate/Foundation/Application.php(933): Illuminate\\Container\\Container->call()
#6 /var/www/emaparking_dss/vendor/laravel/framework/src/Illuminate/Foundation/Application.php(914): Illuminate\\Foundation\\Application->bootProvider()
#7 [internal function]: Illuminate\\Foundation\\Application->Illuminate\\Foundation\\{closure}()
#8 /var/www/emaparking_dss/vendor/laravel/framework/src/Illuminate/Foundation/Application.php(913): array_walk()
#9 /var/www/emaparking_dss/vendor/laravel/framework/src/Illuminate/Foundation/Bootstrap/BootProviders.php(17): Illuminate\\Foundation\\Application->boot()
#10 /var/www/emaparking_dss/vendor/laravel/framework/src/Illuminate/Foundation/Application.php(242): Illuminate\\Foundation\\Bootstrap\\BootProviders->bootstrap()
#11 /var/www/emaparking_dss/vendor/laravel/framework/src/Illuminate/Foundation/Console/Kernel.php(383): Illuminate\\Foundation\\Application->bootstrapWith()
#12 /var/www/emaparking_dss/vendor/laravel/framework/src/Illuminate/Foundation/Console/Kernel.php(153): Illuminate\\Foundation\\Console\\Kernel->bootstrap()
#13 Command line code(1): Illuminate\\Foundation\\Console\\Kernel->handle()
#14 {main}
"} 
[2025-03-14 05:34:13] local.ERROR: Class "\Themes\BC\ThemeProvider" not found {"exception":"[object] (Error(code: 0): Class \"\\Themes\\BC\\ThemeProvider\" not found at /var/www/emaparking_dss/themes/ThemeServiceProvider.php:23)
[stacktrace]
#0 /var/www/emaparking_dss/vendor/laravel/framework/src/Illuminate/Container/BoundMethod.php(36): Themes\\ThemeServiceProvider->boot()
#1 /var/www/emaparking_dss/vendor/laravel/framework/src/Illuminate/Container/Util.php(41): Illuminate\\Container\\BoundMethod::Illuminate\\Container\\{closure}()
#2 /var/www/emaparking_dss/vendor/laravel/framework/src/Illuminate/Container/BoundMethod.php(93): Illuminate\\Container\\Util::unwrapIfClosure()
#3 /var/www/emaparking_dss/vendor/laravel/framework/src/Illuminate/Container/BoundMethod.php(35): Illuminate\\Container\\BoundMethod::callBoundMethod()
#4 /var/www/emaparking_dss/vendor/laravel/framework/src/Illuminate/Container/Container.php(651): Illuminate\\Container\\BoundMethod::call()
#5 /var/www/emaparking_dss/vendor/laravel/framework/src/Illuminate/Foundation/Application.php(933): Illuminate\\Container\\Container->call()
#6 /var/www/emaparking_dss/vendor/laravel/framework/src/Illuminate/Foundation/Application.php(914): Illuminate\\Foundation\\Application->bootProvider()
#7 [internal function]: Illuminate\\Foundation\\Application->Illuminate\\Foundation\\{closure}()
#8 /var/www/emaparking_dss/vendor/laravel/framework/src/Illuminate/Foundation/Application.php(913): array_walk()
#9 /var/www/emaparking_dss/vendor/laravel/framework/src/Illuminate/Foundation/Bootstrap/BootProviders.php(17): Illuminate\\Foundation\\Application->boot()
#10 /var/www/emaparking_dss/vendor/laravel/framework/src/Illuminate/Foundation/Application.php(242): Illuminate\\Foundation\\Bootstrap\\BootProviders->bootstrap()
#11 /var/www/emaparking_dss/vendor/laravel/framework/src/Illuminate/Foundation/Console/Kernel.php(383): Illuminate\\Foundation\\Application->bootstrapWith()
#12 /var/www/emaparking_dss/vendor/laravel/framework/src/Illuminate/Foundation/Console/Kernel.php(153): Illuminate\\Foundation\\Console\\Kernel->bootstrap()
#13 Command line code(1): Illuminate\\Foundation\\Console\\Kernel->handle()
#14 {main}
"} 
[2025-03-14 05:34:13] local.ERROR: Class "\Themes\BC\ThemeProvider" not found {"exception":"[object] (Error(code: 0): Class \"\\Themes\\BC\\ThemeProvider\" not found at /var/www/emaparking_dss/themes/ThemeServiceProvider.php:23)
[stacktrace]
#0 /var/www/emaparking_dss/vendor/laravel/framework/src/Illuminate/Container/BoundMethod.php(36): Themes\\ThemeServiceProvider->boot()
#1 /var/www/emaparking_dss/vendor/laravel/framework/src/Illuminate/Container/Util.php(41): Illuminate\\Container\\BoundMethod::Illuminate\\Container\\{closure}()
#2 /var/www/emaparking_dss/vendor/laravel/framework/src/Illuminate/Container/BoundMethod.php(93): Illuminate\\Container\\Util::unwrapIfClosure()
#3 /var/www/emaparking_dss/vendor/laravel/framework/src/Illuminate/Container/BoundMethod.php(35): Illuminate\\Container\\BoundMethod::callBoundMethod()
#4 /var/www/emaparking_dss/vendor/laravel/framework/src/Illuminate/Container/Container.php(651): Illuminate\\Container\\BoundMethod::call()
#5 /var/www/emaparking_dss/vendor/laravel/framework/src/Illuminate/Foundation/Application.php(933): Illuminate\\Container\\Container->call()
#6 /var/www/emaparking_dss/vendor/laravel/framework/src/Illuminate/Foundation/Application.php(914): Illuminate\\Foundation\\Application->bootProvider()
#7 [internal function]: Illuminate\\Foundation\\Application->Illuminate\\Foundation\\{closure}()
#8 /var/www/emaparking_dss/vendor/laravel/framework/src/Illuminate/Foundation/Application.php(913): array_walk()
#9 /var/www/emaparking_dss/vendor/laravel/framework/src/Illuminate/Foundation/Bootstrap/BootProviders.php(17): Illuminate\\Foundation\\Application->boot()
#10 /var/www/emaparking_dss/vendor/laravel/framework/src/Illuminate/Foundation/Application.php(242): Illuminate\\Foundation\\Bootstrap\\BootProviders->bootstrap()
#11 /var/www/emaparking_dss/vendor/laravel/framework/src/Illuminate/Foundation/Console/Kernel.php(383): Illuminate\\Foundation\\Application->bootstrapWith()
#12 /var/www/emaparking_dss/vendor/laravel/framework/src/Illuminate/Foundation/Console/Kernel.php(153): Illuminate\\Foundation\\Console\\Kernel->bootstrap()
#13 Command line code(1): Illuminate\\Foundation\\Console\\Kernel->handle()
#14 {main}
"} 
