[2025-03-20 15:29:15] local.ERROR: Class "\Themes\BC\ThemeProvider" not found {"exception":"[object] (Error(code: 0): Class \"\\Themes\\BC\\ThemeProvider\" not found at /var/www/emaparking_dss/themes/ThemeServiceProvider.php:23)
[stacktrace]
#0 /var/www/emaparking_dss/vendor/laravel/framework/src/Illuminate/Container/BoundMethod.php(36): Themes\\ThemeServiceProvider->boot()
#1 /var/www/emaparking_dss/vendor/laravel/framework/src/Illuminate/Container/Util.php(41): Illuminate\\Container\\BoundMethod::Illuminate\\Container\\{closure}()
#2 /var/www/emaparking_dss/vendor/laravel/framework/src/Illuminate/Container/BoundMethod.php(93): Illuminate\\Container\\Util::unwrapIfClosure()
#3 /var/www/emaparking_dss/vendor/laravel/framework/src/Illuminate/Container/BoundMethod.php(35): Illuminate\\Container\\BoundMethod::callBoundMethod()
#4 /var/www/emaparking_dss/vendor/laravel/framework/src/Illuminate/Container/Container.php(651): Illuminate\\Container\\BoundMethod::call()
#5 /var/www/emaparking_dss/vendor/laravel/framework/src/Illuminate/Foundation/Application.php(933): Illuminate\\Container\\Container->call()
#6 /var/www/emaparking_dss/vendor/laravel/framework/src/Illuminate/Foundation/Application.php(914): Illuminate\\Foundation\\Application->bootProvider()
#7 [internal function]: Illuminate\\Foundation\\Application->Illuminate\\Foundation\\{closure}()
#8 /var/www/emaparking_dss/vendor/laravel/framework/src/Illuminate/Foundation/Application.php(913): array_walk()
#9 /var/www/emaparking_dss/vendor/laravel/framework/src/Illuminate/Foundation/Bootstrap/BootProviders.php(17): Illuminate\\Foundation\\Application->boot()
#10 /var/www/emaparking_dss/vendor/laravel/framework/src/Illuminate/Foundation/Application.php(242): Illuminate\\Foundation\\Bootstrap\\BootProviders->bootstrap()
#11 /var/www/emaparking_dss/vendor/laravel/framework/src/Illuminate/Foundation/Console/Kernel.php(383): Illuminate\\Foundation\\Application->bootstrapWith()
#12 /var/www/emaparking_dss/vendor/laravel/framework/src/Illuminate/Foundation/Console/Kernel.php(153): Illuminate\\Foundation\\Console\\Kernel->bootstrap()
#13 Command line code(1): Illuminate\\Foundation\\Console\\Kernel->handle()
#14 {main}
"} 
[2025-03-20 15:29:15] local.ERROR: Class "\Themes\BC\ThemeProvider" not found {"exception":"[object] (Error(code: 0): Class \"\\Themes\\BC\\ThemeProvider\" not found at /var/www/emaparking_dss/themes/ThemeServiceProvider.php:23)
[stacktrace]
#0 /var/www/emaparking_dss/vendor/laravel/framework/src/Illuminate/Container/BoundMethod.php(36): Themes\\ThemeServiceProvider->boot()
#1 /var/www/emaparking_dss/vendor/laravel/framework/src/Illuminate/Container/Util.php(41): Illuminate\\Container\\BoundMethod::Illuminate\\Container\\{closure}()
#2 /var/www/emaparking_dss/vendor/laravel/framework/src/Illuminate/Container/BoundMethod.php(93): Illuminate\\Container\\Util::unwrapIfClosure()
#3 /var/www/emaparking_dss/vendor/laravel/framework/src/Illuminate/Container/BoundMethod.php(35): Illuminate\\Container\\BoundMethod::callBoundMethod()
#4 /var/www/emaparking_dss/vendor/laravel/framework/src/Illuminate/Container/Container.php(651): Illuminate\\Container\\BoundMethod::call()
#5 /var/www/emaparking_dss/vendor/laravel/framework/src/Illuminate/Foundation/Application.php(933): Illuminate\\Container\\Container->call()
#6 /var/www/emaparking_dss/vendor/laravel/framework/src/Illuminate/Foundation/Application.php(914): Illuminate\\Foundation\\Application->bootProvider()
#7 [internal function]: Illuminate\\Foundation\\Application->Illuminate\\Foundation\\{closure}()
#8 /var/www/emaparking_dss/vendor/laravel/framework/src/Illuminate/Foundation/Application.php(913): array_walk()
#9 /var/www/emaparking_dss/vendor/laravel/framework/src/Illuminate/Foundation/Bootstrap/BootProviders.php(17): Illuminate\\Foundation\\Application->boot()
#10 /var/www/emaparking_dss/vendor/laravel/framework/src/Illuminate/Foundation/Application.php(242): Illuminate\\Foundation\\Bootstrap\\BootProviders->bootstrap()
#11 /var/www/emaparking_dss/vendor/laravel/framework/src/Illuminate/Foundation/Console/Kernel.php(383): Illuminate\\Foundation\\Application->bootstrapWith()
#12 /var/www/emaparking_dss/vendor/laravel/framework/src/Illuminate/Foundation/Console/Kernel.php(153): Illuminate\\Foundation\\Console\\Kernel->bootstrap()
#13 Command line code(1): Illuminate\\Foundation\\Console\\Kernel->handle()
#14 {main}
"} 
[2025-03-20 15:29:15] local.ERROR: Class "\Themes\BC\ThemeProvider" not found {"exception":"[object] (Error(code: 0): Class \"\\Themes\\BC\\ThemeProvider\" not found at /var/www/emaparking_dss/themes/ThemeServiceProvider.php:23)
[stacktrace]
#0 /var/www/emaparking_dss/vendor/laravel/framework/src/Illuminate/Container/BoundMethod.php(36): Themes\\ThemeServiceProvider->boot()
#1 /var/www/emaparking_dss/vendor/laravel/framework/src/Illuminate/Container/Util.php(41): Illuminate\\Container\\BoundMethod::Illuminate\\Container\\{closure}()
#2 /var/www/emaparking_dss/vendor/laravel/framework/src/Illuminate/Container/BoundMethod.php(93): Illuminate\\Container\\Util::unwrapIfClosure()
#3 /var/www/emaparking_dss/vendor/laravel/framework/src/Illuminate/Container/BoundMethod.php(35): Illuminate\\Container\\BoundMethod::callBoundMethod()
#4 /var/www/emaparking_dss/vendor/laravel/framework/src/Illuminate/Container/Container.php(651): Illuminate\\Container\\BoundMethod::call()
#5 /var/www/emaparking_dss/vendor/laravel/framework/src/Illuminate/Foundation/Application.php(933): Illuminate\\Container\\Container->call()
#6 /var/www/emaparking_dss/vendor/laravel/framework/src/Illuminate/Foundation/Application.php(914): Illuminate\\Foundation\\Application->bootProvider()
#7 [internal function]: Illuminate\\Foundation\\Application->Illuminate\\Foundation\\{closure}()
#8 /var/www/emaparking_dss/vendor/laravel/framework/src/Illuminate/Foundation/Application.php(913): array_walk()
#9 /var/www/emaparking_dss/vendor/laravel/framework/src/Illuminate/Foundation/Bootstrap/BootProviders.php(17): Illuminate\\Foundation\\Application->boot()
#10 /var/www/emaparking_dss/vendor/laravel/framework/src/Illuminate/Foundation/Application.php(242): Illuminate\\Foundation\\Bootstrap\\BootProviders->bootstrap()
#11 /var/www/emaparking_dss/vendor/laravel/framework/src/Illuminate/Foundation/Console/Kernel.php(383): Illuminate\\Foundation\\Application->bootstrapWith()
#12 /var/www/emaparking_dss/vendor/laravel/framework/src/Illuminate/Foundation/Console/Kernel.php(153): Illuminate\\Foundation\\Console\\Kernel->bootstrap()
#13 Command line code(1): Illuminate\\Foundation\\Console\\Kernel->handle()
#14 {main}
"} 
[2025-03-20 15:29:15] local.ERROR: Class "\Themes\BC\ThemeProvider" not found {"exception":"[object] (Error(code: 0): Class \"\\Themes\\BC\\ThemeProvider\" not found at /var/www/emaparking_dss/themes/ThemeServiceProvider.php:23)
[stacktrace]
#0 /var/www/emaparking_dss/vendor/laravel/framework/src/Illuminate/Container/BoundMethod.php(36): Themes\\ThemeServiceProvider->boot()
#1 /var/www/emaparking_dss/vendor/laravel/framework/src/Illuminate/Container/Util.php(41): Illuminate\\Container\\BoundMethod::Illuminate\\Container\\{closure}()
#2 /var/www/emaparking_dss/vendor/laravel/framework/src/Illuminate/Container/BoundMethod.php(93): Illuminate\\Container\\Util::unwrapIfClosure()
#3 /var/www/emaparking_dss/vendor/laravel/framework/src/Illuminate/Container/BoundMethod.php(35): Illuminate\\Container\\BoundMethod::callBoundMethod()
#4 /var/www/emaparking_dss/vendor/laravel/framework/src/Illuminate/Container/Container.php(651): Illuminate\\Container\\BoundMethod::call()
#5 /var/www/emaparking_dss/vendor/laravel/framework/src/Illuminate/Foundation/Application.php(933): Illuminate\\Container\\Container->call()
#6 /var/www/emaparking_dss/vendor/laravel/framework/src/Illuminate/Foundation/Application.php(914): Illuminate\\Foundation\\Application->bootProvider()
#7 [internal function]: Illuminate\\Foundation\\Application->Illuminate\\Foundation\\{closure}()
#8 /var/www/emaparking_dss/vendor/laravel/framework/src/Illuminate/Foundation/Application.php(913): array_walk()
#9 /var/www/emaparking_dss/vendor/laravel/framework/src/Illuminate/Foundation/Bootstrap/BootProviders.php(17): Illuminate\\Foundation\\Application->boot()
#10 /var/www/emaparking_dss/vendor/laravel/framework/src/Illuminate/Foundation/Application.php(242): Illuminate\\Foundation\\Bootstrap\\BootProviders->bootstrap()
#11 /var/www/emaparking_dss/vendor/laravel/framework/src/Illuminate/Foundation/Console/Kernel.php(383): Illuminate\\Foundation\\Application->bootstrapWith()
#12 /var/www/emaparking_dss/vendor/laravel/framework/src/Illuminate/Foundation/Console/Kernel.php(153): Illuminate\\Foundation\\Console\\Kernel->bootstrap()
#13 Command line code(1): Illuminate\\Foundation\\Console\\Kernel->handle()
#14 {main}
"} 
[2025-03-20 15:29:15] local.ERROR: Class "\Themes\BC\ThemeProvider" not found {"exception":"[object] (Error(code: 0): Class \"\\Themes\\BC\\ThemeProvider\" not found at /var/www/emaparking_dss/themes/ThemeServiceProvider.php:23)
[stacktrace]
#0 /var/www/emaparking_dss/vendor/laravel/framework/src/Illuminate/Container/BoundMethod.php(36): Themes\\ThemeServiceProvider->boot()
#1 /var/www/emaparking_dss/vendor/laravel/framework/src/Illuminate/Container/Util.php(41): Illuminate\\Container\\BoundMethod::Illuminate\\Container\\{closure}()
#2 /var/www/emaparking_dss/vendor/laravel/framework/src/Illuminate/Container/BoundMethod.php(93): Illuminate\\Container\\Util::unwrapIfClosure()
#3 /var/www/emaparking_dss/vendor/laravel/framework/src/Illuminate/Container/BoundMethod.php(35): Illuminate\\Container\\BoundMethod::callBoundMethod()
#4 /var/www/emaparking_dss/vendor/laravel/framework/src/Illuminate/Container/Container.php(651): Illuminate\\Container\\BoundMethod::call()
#5 /var/www/emaparking_dss/vendor/laravel/framework/src/Illuminate/Foundation/Application.php(933): Illuminate\\Container\\Container->call()
#6 /var/www/emaparking_dss/vendor/laravel/framework/src/Illuminate/Foundation/Application.php(914): Illuminate\\Foundation\\Application->bootProvider()
#7 [internal function]: Illuminate\\Foundation\\Application->Illuminate\\Foundation\\{closure}()
#8 /var/www/emaparking_dss/vendor/laravel/framework/src/Illuminate/Foundation/Application.php(913): array_walk()
#9 /var/www/emaparking_dss/vendor/laravel/framework/src/Illuminate/Foundation/Bootstrap/BootProviders.php(17): Illuminate\\Foundation\\Application->boot()
#10 /var/www/emaparking_dss/vendor/laravel/framework/src/Illuminate/Foundation/Application.php(242): Illuminate\\Foundation\\Bootstrap\\BootProviders->bootstrap()
#11 /var/www/emaparking_dss/vendor/laravel/framework/src/Illuminate/Foundation/Console/Kernel.php(383): Illuminate\\Foundation\\Application->bootstrapWith()
#12 /var/www/emaparking_dss/vendor/laravel/framework/src/Illuminate/Foundation/Console/Kernel.php(153): Illuminate\\Foundation\\Console\\Kernel->bootstrap()
#13 Command line code(1): Illuminate\\Foundation\\Console\\Kernel->handle()
#14 {main}
"} 
[2025-03-20 15:29:15] local.ERROR: Class "\Themes\BC\ThemeProvider" not found {"exception":"[object] (Error(code: 0): Class \"\\Themes\\BC\\ThemeProvider\" not found at /var/www/emaparking_dss/themes/ThemeServiceProvider.php:23)
[stacktrace]
#0 /var/www/emaparking_dss/vendor/laravel/framework/src/Illuminate/Container/BoundMethod.php(36): Themes\\ThemeServiceProvider->boot()
#1 /var/www/emaparking_dss/vendor/laravel/framework/src/Illuminate/Container/Util.php(41): Illuminate\\Container\\BoundMethod::Illuminate\\Container\\{closure}()
#2 /var/www/emaparking_dss/vendor/laravel/framework/src/Illuminate/Container/BoundMethod.php(93): Illuminate\\Container\\Util::unwrapIfClosure()
#3 /var/www/emaparking_dss/vendor/laravel/framework/src/Illuminate/Container/BoundMethod.php(35): Illuminate\\Container\\BoundMethod::callBoundMethod()
#4 /var/www/emaparking_dss/vendor/laravel/framework/src/Illuminate/Container/Container.php(651): Illuminate\\Container\\BoundMethod::call()
#5 /var/www/emaparking_dss/vendor/laravel/framework/src/Illuminate/Foundation/Application.php(933): Illuminate\\Container\\Container->call()
#6 /var/www/emaparking_dss/vendor/laravel/framework/src/Illuminate/Foundation/Application.php(914): Illuminate\\Foundation\\Application->bootProvider()
#7 [internal function]: Illuminate\\Foundation\\Application->Illuminate\\Foundation\\{closure}()
#8 /var/www/emaparking_dss/vendor/laravel/framework/src/Illuminate/Foundation/Application.php(913): array_walk()
#9 /var/www/emaparking_dss/vendor/laravel/framework/src/Illuminate/Foundation/Bootstrap/BootProviders.php(17): Illuminate\\Foundation\\Application->boot()
#10 /var/www/emaparking_dss/vendor/laravel/framework/src/Illuminate/Foundation/Application.php(242): Illuminate\\Foundation\\Bootstrap\\BootProviders->bootstrap()
#11 /var/www/emaparking_dss/vendor/laravel/framework/src/Illuminate/Foundation/Console/Kernel.php(383): Illuminate\\Foundation\\Application->bootstrapWith()
#12 /var/www/emaparking_dss/vendor/laravel/framework/src/Illuminate/Foundation/Console/Kernel.php(153): Illuminate\\Foundation\\Console\\Kernel->bootstrap()
#13 Command line code(1): Illuminate\\Foundation\\Console\\Kernel->handle()
#14 {main}
"} 
[2025-03-20 15:29:15] local.ERROR: Class "\Themes\BC\ThemeProvider" not found {"exception":"[object] (Error(code: 0): Class \"\\Themes\\BC\\ThemeProvider\" not found at /var/www/emaparking_dss/themes/ThemeServiceProvider.php:23)
[stacktrace]
#0 /var/www/emaparking_dss/vendor/laravel/framework/src/Illuminate/Container/BoundMethod.php(36): Themes\\ThemeServiceProvider->boot()
#1 /var/www/emaparking_dss/vendor/laravel/framework/src/Illuminate/Container/Util.php(41): Illuminate\\Container\\BoundMethod::Illuminate\\Container\\{closure}()
#2 /var/www/emaparking_dss/vendor/laravel/framework/src/Illuminate/Container/BoundMethod.php(93): Illuminate\\Container\\Util::unwrapIfClosure()
#3 /var/www/emaparking_dss/vendor/laravel/framework/src/Illuminate/Container/BoundMethod.php(35): Illuminate\\Container\\BoundMethod::callBoundMethod()
#4 /var/www/emaparking_dss/vendor/laravel/framework/src/Illuminate/Container/Container.php(651): Illuminate\\Container\\BoundMethod::call()
#5 /var/www/emaparking_dss/vendor/laravel/framework/src/Illuminate/Foundation/Application.php(933): Illuminate\\Container\\Container->call()
#6 /var/www/emaparking_dss/vendor/laravel/framework/src/Illuminate/Foundation/Application.php(914): Illuminate\\Foundation\\Application->bootProvider()
#7 [internal function]: Illuminate\\Foundation\\Application->Illuminate\\Foundation\\{closure}()
#8 /var/www/emaparking_dss/vendor/laravel/framework/src/Illuminate/Foundation/Application.php(913): array_walk()
#9 /var/www/emaparking_dss/vendor/laravel/framework/src/Illuminate/Foundation/Bootstrap/BootProviders.php(17): Illuminate\\Foundation\\Application->boot()
#10 /var/www/emaparking_dss/vendor/laravel/framework/src/Illuminate/Foundation/Application.php(242): Illuminate\\Foundation\\Bootstrap\\BootProviders->bootstrap()
#11 /var/www/emaparking_dss/vendor/laravel/framework/src/Illuminate/Foundation/Console/Kernel.php(383): Illuminate\\Foundation\\Application->bootstrapWith()
#12 /var/www/emaparking_dss/vendor/laravel/framework/src/Illuminate/Foundation/Console/Kernel.php(153): Illuminate\\Foundation\\Console\\Kernel->bootstrap()
#13 Command line code(1): Illuminate\\Foundation\\Console\\Kernel->handle()
#14 {main}
"} 
[2025-03-20 15:29:15] local.ERROR: Class "\Themes\BC\ThemeProvider" not found {"exception":"[object] (Error(code: 0): Class \"\\Themes\\BC\\ThemeProvider\" not found at /var/www/emaparking_dss/themes/ThemeServiceProvider.php:23)
[stacktrace]
#0 /var/www/emaparking_dss/vendor/laravel/framework/src/Illuminate/Container/BoundMethod.php(36): Themes\\ThemeServiceProvider->boot()
#1 /var/www/emaparking_dss/vendor/laravel/framework/src/Illuminate/Container/Util.php(41): Illuminate\\Container\\BoundMethod::Illuminate\\Container\\{closure}()
#2 /var/www/emaparking_dss/vendor/laravel/framework/src/Illuminate/Container/BoundMethod.php(93): Illuminate\\Container\\Util::unwrapIfClosure()
#3 /var/www/emaparking_dss/vendor/laravel/framework/src/Illuminate/Container/BoundMethod.php(35): Illuminate\\Container\\BoundMethod::callBoundMethod()
#4 /var/www/emaparking_dss/vendor/laravel/framework/src/Illuminate/Container/Container.php(651): Illuminate\\Container\\BoundMethod::call()
#5 /var/www/emaparking_dss/vendor/laravel/framework/src/Illuminate/Foundation/Application.php(933): Illuminate\\Container\\Container->call()
#6 /var/www/emaparking_dss/vendor/laravel/framework/src/Illuminate/Foundation/Application.php(914): Illuminate\\Foundation\\Application->bootProvider()
#7 [internal function]: Illuminate\\Foundation\\Application->Illuminate\\Foundation\\{closure}()
#8 /var/www/emaparking_dss/vendor/laravel/framework/src/Illuminate/Foundation/Application.php(913): array_walk()
#9 /var/www/emaparking_dss/vendor/laravel/framework/src/Illuminate/Foundation/Bootstrap/BootProviders.php(17): Illuminate\\Foundation\\Application->boot()
#10 /var/www/emaparking_dss/vendor/laravel/framework/src/Illuminate/Foundation/Application.php(242): Illuminate\\Foundation\\Bootstrap\\BootProviders->bootstrap()
#11 /var/www/emaparking_dss/vendor/laravel/framework/src/Illuminate/Foundation/Console/Kernel.php(383): Illuminate\\Foundation\\Application->bootstrapWith()
#12 /var/www/emaparking_dss/vendor/laravel/framework/src/Illuminate/Foundation/Console/Kernel.php(153): Illuminate\\Foundation\\Console\\Kernel->bootstrap()
#13 Command line code(1): Illuminate\\Foundation\\Console\\Kernel->handle()
#14 {main}
"} 
[2025-03-20 15:29:15] local.ERROR: Class "\Themes\BC\ThemeProvider" not found {"exception":"[object] (Error(code: 0): Class \"\\Themes\\BC\\ThemeProvider\" not found at /var/www/emaparking_dss/themes/ThemeServiceProvider.php:23)
[stacktrace]
#0 /var/www/emaparking_dss/vendor/laravel/framework/src/Illuminate/Container/BoundMethod.php(36): Themes\\ThemeServiceProvider->boot()
#1 /var/www/emaparking_dss/vendor/laravel/framework/src/Illuminate/Container/Util.php(41): Illuminate\\Container\\BoundMethod::Illuminate\\Container\\{closure}()
#2 /var/www/emaparking_dss/vendor/laravel/framework/src/Illuminate/Container/BoundMethod.php(93): Illuminate\\Container\\Util::unwrapIfClosure()
#3 /var/www/emaparking_dss/vendor/laravel/framework/src/Illuminate/Container/BoundMethod.php(35): Illuminate\\Container\\BoundMethod::callBoundMethod()
#4 /var/www/emaparking_dss/vendor/laravel/framework/src/Illuminate/Container/Container.php(651): Illuminate\\Container\\BoundMethod::call()
#5 /var/www/emaparking_dss/vendor/laravel/framework/src/Illuminate/Foundation/Application.php(933): Illuminate\\Container\\Container->call()
#6 /var/www/emaparking_dss/vendor/laravel/framework/src/Illuminate/Foundation/Application.php(914): Illuminate\\Foundation\\Application->bootProvider()
#7 [internal function]: Illuminate\\Foundation\\Application->Illuminate\\Foundation\\{closure}()
#8 /var/www/emaparking_dss/vendor/laravel/framework/src/Illuminate/Foundation/Application.php(913): array_walk()
#9 /var/www/emaparking_dss/vendor/laravel/framework/src/Illuminate/Foundation/Bootstrap/BootProviders.php(17): Illuminate\\Foundation\\Application->boot()
#10 /var/www/emaparking_dss/vendor/laravel/framework/src/Illuminate/Foundation/Application.php(242): Illuminate\\Foundation\\Bootstrap\\BootProviders->bootstrap()
#11 /var/www/emaparking_dss/vendor/laravel/framework/src/Illuminate/Foundation/Console/Kernel.php(383): Illuminate\\Foundation\\Application->bootstrapWith()
#12 /var/www/emaparking_dss/vendor/laravel/framework/src/Illuminate/Foundation/Console/Kernel.php(153): Illuminate\\Foundation\\Console\\Kernel->bootstrap()
#13 Command line code(1): Illuminate\\Foundation\\Console\\Kernel->handle()
#14 {main}
"} 
[2025-03-20 15:30:15] local.ERROR: Class "\Themes\BC\ThemeProvider" not found {"exception":"[object] (Error(code: 0): Class \"\\Themes\\BC\\ThemeProvider\" not found at /var/www/emaparking_dss/themes/ThemeServiceProvider.php:23)
[stacktrace]
#0 /var/www/emaparking_dss/vendor/laravel/framework/src/Illuminate/Container/BoundMethod.php(36): Themes\\ThemeServiceProvider->boot()
#1 /var/www/emaparking_dss/vendor/laravel/framework/src/Illuminate/Container/Util.php(41): Illuminate\\Container\\BoundMethod::Illuminate\\Container\\{closure}()
#2 /var/www/emaparking_dss/vendor/laravel/framework/src/Illuminate/Container/BoundMethod.php(93): Illuminate\\Container\\Util::unwrapIfClosure()
#3 /var/www/emaparking_dss/vendor/laravel/framework/src/Illuminate/Container/BoundMethod.php(35): Illuminate\\Container\\BoundMethod::callBoundMethod()
#4 /var/www/emaparking_dss/vendor/laravel/framework/src/Illuminate/Container/Container.php(651): Illuminate\\Container\\BoundMethod::call()
#5 /var/www/emaparking_dss/vendor/laravel/framework/src/Illuminate/Foundation/Application.php(933): Illuminate\\Container\\Container->call()
#6 /var/www/emaparking_dss/vendor/laravel/framework/src/Illuminate/Foundation/Application.php(914): Illuminate\\Foundation\\Application->bootProvider()
#7 [internal function]: Illuminate\\Foundation\\Application->Illuminate\\Foundation\\{closure}()
#8 /var/www/emaparking_dss/vendor/laravel/framework/src/Illuminate/Foundation/Application.php(913): array_walk()
#9 /var/www/emaparking_dss/vendor/laravel/framework/src/Illuminate/Foundation/Bootstrap/BootProviders.php(17): Illuminate\\Foundation\\Application->boot()
#10 /var/www/emaparking_dss/vendor/laravel/framework/src/Illuminate/Foundation/Application.php(242): Illuminate\\Foundation\\Bootstrap\\BootProviders->bootstrap()
#11 /var/www/emaparking_dss/vendor/laravel/framework/src/Illuminate/Foundation/Console/Kernel.php(383): Illuminate\\Foundation\\Application->bootstrapWith()
#12 /var/www/emaparking_dss/vendor/laravel/framework/src/Illuminate/Foundation/Console/Kernel.php(153): Illuminate\\Foundation\\Console\\Kernel->bootstrap()
#13 Command line code(1): Illuminate\\Foundation\\Console\\Kernel->handle()
#14 {main}
"} 
[2025-03-20 15:30:15] local.ERROR: Class "\Themes\BC\ThemeProvider" not found {"exception":"[object] (Error(code: 0): Class \"\\Themes\\BC\\ThemeProvider\" not found at /var/www/emaparking_dss/themes/ThemeServiceProvider.php:23)
[stacktrace]
#0 /var/www/emaparking_dss/vendor/laravel/framework/src/Illuminate/Container/BoundMethod.php(36): Themes\\ThemeServiceProvider->boot()
#1 /var/www/emaparking_dss/vendor/laravel/framework/src/Illuminate/Container/Util.php(41): Illuminate\\Container\\BoundMethod::Illuminate\\Container\\{closure}()
#2 /var/www/emaparking_dss/vendor/laravel/framework/src/Illuminate/Container/BoundMethod.php(93): Illuminate\\Container\\Util::unwrapIfClosure()
#3 /var/www/emaparking_dss/vendor/laravel/framework/src/Illuminate/Container/BoundMethod.php(35): Illuminate\\Container\\BoundMethod::callBoundMethod()
#4 /var/www/emaparking_dss/vendor/laravel/framework/src/Illuminate/Container/Container.php(651): Illuminate\\Container\\BoundMethod::call()
#5 /var/www/emaparking_dss/vendor/laravel/framework/src/Illuminate/Foundation/Application.php(933): Illuminate\\Container\\Container->call()
#6 /var/www/emaparking_dss/vendor/laravel/framework/src/Illuminate/Foundation/Application.php(914): Illuminate\\Foundation\\Application->bootProvider()
#7 [internal function]: Illuminate\\Foundation\\Application->Illuminate\\Foundation\\{closure}()
#8 /var/www/emaparking_dss/vendor/laravel/framework/src/Illuminate/Foundation/Application.php(913): array_walk()
#9 /var/www/emaparking_dss/vendor/laravel/framework/src/Illuminate/Foundation/Bootstrap/BootProviders.php(17): Illuminate\\Foundation\\Application->boot()
#10 /var/www/emaparking_dss/vendor/laravel/framework/src/Illuminate/Foundation/Application.php(242): Illuminate\\Foundation\\Bootstrap\\BootProviders->bootstrap()
#11 /var/www/emaparking_dss/vendor/laravel/framework/src/Illuminate/Foundation/Console/Kernel.php(383): Illuminate\\Foundation\\Application->bootstrapWith()
#12 /var/www/emaparking_dss/vendor/laravel/framework/src/Illuminate/Foundation/Console/Kernel.php(153): Illuminate\\Foundation\\Console\\Kernel->bootstrap()
#13 Command line code(1): Illuminate\\Foundation\\Console\\Kernel->handle()
#14 {main}
"} 
[2025-03-20 15:31:15] local.ERROR: Class "\Themes\BC\ThemeProvider" not found {"exception":"[object] (Error(code: 0): Class \"\\Themes\\BC\\ThemeProvider\" not found at /var/www/emaparking_dss/themes/ThemeServiceProvider.php:23)
[stacktrace]
#0 /var/www/emaparking_dss/vendor/laravel/framework/src/Illuminate/Container/BoundMethod.php(36): Themes\\ThemeServiceProvider->boot()
#1 /var/www/emaparking_dss/vendor/laravel/framework/src/Illuminate/Container/Util.php(41): Illuminate\\Container\\BoundMethod::Illuminate\\Container\\{closure}()
#2 /var/www/emaparking_dss/vendor/laravel/framework/src/Illuminate/Container/BoundMethod.php(93): Illuminate\\Container\\Util::unwrapIfClosure()
#3 /var/www/emaparking_dss/vendor/laravel/framework/src/Illuminate/Container/BoundMethod.php(35): Illuminate\\Container\\BoundMethod::callBoundMethod()
#4 /var/www/emaparking_dss/vendor/laravel/framework/src/Illuminate/Container/Container.php(651): Illuminate\\Container\\BoundMethod::call()
#5 /var/www/emaparking_dss/vendor/laravel/framework/src/Illuminate/Foundation/Application.php(933): Illuminate\\Container\\Container->call()
#6 /var/www/emaparking_dss/vendor/laravel/framework/src/Illuminate/Foundation/Application.php(914): Illuminate\\Foundation\\Application->bootProvider()
#7 [internal function]: Illuminate\\Foundation\\Application->Illuminate\\Foundation\\{closure}()
#8 /var/www/emaparking_dss/vendor/laravel/framework/src/Illuminate/Foundation/Application.php(913): array_walk()
#9 /var/www/emaparking_dss/vendor/laravel/framework/src/Illuminate/Foundation/Bootstrap/BootProviders.php(17): Illuminate\\Foundation\\Application->boot()
#10 /var/www/emaparking_dss/vendor/laravel/framework/src/Illuminate/Foundation/Application.php(242): Illuminate\\Foundation\\Bootstrap\\BootProviders->bootstrap()
#11 /var/www/emaparking_dss/vendor/laravel/framework/src/Illuminate/Foundation/Console/Kernel.php(383): Illuminate\\Foundation\\Application->bootstrapWith()
#12 /var/www/emaparking_dss/vendor/laravel/framework/src/Illuminate/Foundation/Console/Kernel.php(153): Illuminate\\Foundation\\Console\\Kernel->bootstrap()
#13 Command line code(1): Illuminate\\Foundation\\Console\\Kernel->handle()
#14 {main}
"} 
[2025-03-20 15:31:15] local.ERROR: Class "\Themes\BC\ThemeProvider" not found {"exception":"[object] (Error(code: 0): Class \"\\Themes\\BC\\ThemeProvider\" not found at /var/www/emaparking_dss/themes/ThemeServiceProvider.php:23)
[stacktrace]
#0 /var/www/emaparking_dss/vendor/laravel/framework/src/Illuminate/Container/BoundMethod.php(36): Themes\\ThemeServiceProvider->boot()
#1 /var/www/emaparking_dss/vendor/laravel/framework/src/Illuminate/Container/Util.php(41): Illuminate\\Container\\BoundMethod::Illuminate\\Container\\{closure}()
#2 /var/www/emaparking_dss/vendor/laravel/framework/src/Illuminate/Container/BoundMethod.php(93): Illuminate\\Container\\Util::unwrapIfClosure()
#3 /var/www/emaparking_dss/vendor/laravel/framework/src/Illuminate/Container/BoundMethod.php(35): Illuminate\\Container\\BoundMethod::callBoundMethod()
#4 /var/www/emaparking_dss/vendor/laravel/framework/src/Illuminate/Container/Container.php(651): Illuminate\\Container\\BoundMethod::call()
#5 /var/www/emaparking_dss/vendor/laravel/framework/src/Illuminate/Foundation/Application.php(933): Illuminate\\Container\\Container->call()
#6 /var/www/emaparking_dss/vendor/laravel/framework/src/Illuminate/Foundation/Application.php(914): Illuminate\\Foundation\\Application->bootProvider()
#7 [internal function]: Illuminate\\Foundation\\Application->Illuminate\\Foundation\\{closure}()
#8 /var/www/emaparking_dss/vendor/laravel/framework/src/Illuminate/Foundation/Application.php(913): array_walk()
#9 /var/www/emaparking_dss/vendor/laravel/framework/src/Illuminate/Foundation/Bootstrap/BootProviders.php(17): Illuminate\\Foundation\\Application->boot()
#10 /var/www/emaparking_dss/vendor/laravel/framework/src/Illuminate/Foundation/Application.php(242): Illuminate\\Foundation\\Bootstrap\\BootProviders->bootstrap()
#11 /var/www/emaparking_dss/vendor/laravel/framework/src/Illuminate/Foundation/Console/Kernel.php(383): Illuminate\\Foundation\\Application->bootstrapWith()
#12 /var/www/emaparking_dss/vendor/laravel/framework/src/Illuminate/Foundation/Console/Kernel.php(153): Illuminate\\Foundation\\Console\\Kernel->bootstrap()
#13 Command line code(1): Illuminate\\Foundation\\Console\\Kernel->handle()
#14 {main}
"} 
[2025-03-20 15:32:15] local.ERROR: Class "\Themes\BC\ThemeProvider" not found {"exception":"[object] (Error(code: 0): Class \"\\Themes\\BC\\ThemeProvider\" not found at /var/www/emaparking_dss/themes/ThemeServiceProvider.php:23)
[stacktrace]
#0 /var/www/emaparking_dss/vendor/laravel/framework/src/Illuminate/Container/BoundMethod.php(36): Themes\\ThemeServiceProvider->boot()
#1 /var/www/emaparking_dss/vendor/laravel/framework/src/Illuminate/Container/Util.php(41): Illuminate\\Container\\BoundMethod::Illuminate\\Container\\{closure}()
#2 /var/www/emaparking_dss/vendor/laravel/framework/src/Illuminate/Container/BoundMethod.php(93): Illuminate\\Container\\Util::unwrapIfClosure()
#3 /var/www/emaparking_dss/vendor/laravel/framework/src/Illuminate/Container/BoundMethod.php(35): Illuminate\\Container\\BoundMethod::callBoundMethod()
#4 /var/www/emaparking_dss/vendor/laravel/framework/src/Illuminate/Container/Container.php(651): Illuminate\\Container\\BoundMethod::call()
#5 /var/www/emaparking_dss/vendor/laravel/framework/src/Illuminate/Foundation/Application.php(933): Illuminate\\Container\\Container->call()
#6 /var/www/emaparking_dss/vendor/laravel/framework/src/Illuminate/Foundation/Application.php(914): Illuminate\\Foundation\\Application->bootProvider()
#7 [internal function]: Illuminate\\Foundation\\Application->Illuminate\\Foundation\\{closure}()
#8 /var/www/emaparking_dss/vendor/laravel/framework/src/Illuminate/Foundation/Application.php(913): array_walk()
#9 /var/www/emaparking_dss/vendor/laravel/framework/src/Illuminate/Foundation/Bootstrap/BootProviders.php(17): Illuminate\\Foundation\\Application->boot()
#10 /var/www/emaparking_dss/vendor/laravel/framework/src/Illuminate/Foundation/Application.php(242): Illuminate\\Foundation\\Bootstrap\\BootProviders->bootstrap()
#11 /var/www/emaparking_dss/vendor/laravel/framework/src/Illuminate/Foundation/Console/Kernel.php(383): Illuminate\\Foundation\\Application->bootstrapWith()
#12 /var/www/emaparking_dss/vendor/laravel/framework/src/Illuminate/Foundation/Console/Kernel.php(153): Illuminate\\Foundation\\Console\\Kernel->bootstrap()
#13 Command line code(1): Illuminate\\Foundation\\Console\\Kernel->handle()
#14 {main}
"} 
[2025-03-20 15:32:15] local.ERROR: Class "\Themes\BC\ThemeProvider" not found {"exception":"[object] (Error(code: 0): Class \"\\Themes\\BC\\ThemeProvider\" not found at /var/www/emaparking_dss/themes/ThemeServiceProvider.php:23)
[stacktrace]
#0 /var/www/emaparking_dss/vendor/laravel/framework/src/Illuminate/Container/BoundMethod.php(36): Themes\\ThemeServiceProvider->boot()
#1 /var/www/emaparking_dss/vendor/laravel/framework/src/Illuminate/Container/Util.php(41): Illuminate\\Container\\BoundMethod::Illuminate\\Container\\{closure}()
#2 /var/www/emaparking_dss/vendor/laravel/framework/src/Illuminate/Container/BoundMethod.php(93): Illuminate\\Container\\Util::unwrapIfClosure()
#3 /var/www/emaparking_dss/vendor/laravel/framework/src/Illuminate/Container/BoundMethod.php(35): Illuminate\\Container\\BoundMethod::callBoundMethod()
#4 /var/www/emaparking_dss/vendor/laravel/framework/src/Illuminate/Container/Container.php(651): Illuminate\\Container\\BoundMethod::call()
#5 /var/www/emaparking_dss/vendor/laravel/framework/src/Illuminate/Foundation/Application.php(933): Illuminate\\Container\\Container->call()
#6 /var/www/emaparking_dss/vendor/laravel/framework/src/Illuminate/Foundation/Application.php(914): Illuminate\\Foundation\\Application->bootProvider()
#7 [internal function]: Illuminate\\Foundation\\Application->Illuminate\\Foundation\\{closure}()
#8 /var/www/emaparking_dss/vendor/laravel/framework/src/Illuminate/Foundation/Application.php(913): array_walk()
#9 /var/www/emaparking_dss/vendor/laravel/framework/src/Illuminate/Foundation/Bootstrap/BootProviders.php(17): Illuminate\\Foundation\\Application->boot()
#10 /var/www/emaparking_dss/vendor/laravel/framework/src/Illuminate/Foundation/Application.php(242): Illuminate\\Foundation\\Bootstrap\\BootProviders->bootstrap()
#11 /var/www/emaparking_dss/vendor/laravel/framework/src/Illuminate/Foundation/Console/Kernel.php(383): Illuminate\\Foundation\\Application->bootstrapWith()
#12 /var/www/emaparking_dss/vendor/laravel/framework/src/Illuminate/Foundation/Console/Kernel.php(153): Illuminate\\Foundation\\Console\\Kernel->bootstrap()
#13 Command line code(1): Illuminate\\Foundation\\Console\\Kernel->handle()
#14 {main}
"} 
[2025-03-20 15:33:15] local.ERROR: Class "\Themes\BC\ThemeProvider" not found {"exception":"[object] (Error(code: 0): Class \"\\Themes\\BC\\ThemeProvider\" not found at /var/www/emaparking_dss/themes/ThemeServiceProvider.php:23)
[stacktrace]
#0 /var/www/emaparking_dss/vendor/laravel/framework/src/Illuminate/Container/BoundMethod.php(36): Themes\\ThemeServiceProvider->boot()
#1 /var/www/emaparking_dss/vendor/laravel/framework/src/Illuminate/Container/Util.php(41): Illuminate\\Container\\BoundMethod::Illuminate\\Container\\{closure}()
#2 /var/www/emaparking_dss/vendor/laravel/framework/src/Illuminate/Container/BoundMethod.php(93): Illuminate\\Container\\Util::unwrapIfClosure()
#3 /var/www/emaparking_dss/vendor/laravel/framework/src/Illuminate/Container/BoundMethod.php(35): Illuminate\\Container\\BoundMethod::callBoundMethod()
#4 /var/www/emaparking_dss/vendor/laravel/framework/src/Illuminate/Container/Container.php(651): Illuminate\\Container\\BoundMethod::call()
#5 /var/www/emaparking_dss/vendor/laravel/framework/src/Illuminate/Foundation/Application.php(933): Illuminate\\Container\\Container->call()
#6 /var/www/emaparking_dss/vendor/laravel/framework/src/Illuminate/Foundation/Application.php(914): Illuminate\\Foundation\\Application->bootProvider()
#7 [internal function]: Illuminate\\Foundation\\Application->Illuminate\\Foundation\\{closure}()
#8 /var/www/emaparking_dss/vendor/laravel/framework/src/Illuminate/Foundation/Application.php(913): array_walk()
#9 /var/www/emaparking_dss/vendor/laravel/framework/src/Illuminate/Foundation/Bootstrap/BootProviders.php(17): Illuminate\\Foundation\\Application->boot()
#10 /var/www/emaparking_dss/vendor/laravel/framework/src/Illuminate/Foundation/Application.php(242): Illuminate\\Foundation\\Bootstrap\\BootProviders->bootstrap()
#11 /var/www/emaparking_dss/vendor/laravel/framework/src/Illuminate/Foundation/Console/Kernel.php(383): Illuminate\\Foundation\\Application->bootstrapWith()
#12 /var/www/emaparking_dss/vendor/laravel/framework/src/Illuminate/Foundation/Console/Kernel.php(153): Illuminate\\Foundation\\Console\\Kernel->bootstrap()
#13 Command line code(1): Illuminate\\Foundation\\Console\\Kernel->handle()
#14 {main}
"} 
[2025-03-20 15:33:15] local.ERROR: Class "\Themes\BC\ThemeProvider" not found {"exception":"[object] (Error(code: 0): Class \"\\Themes\\BC\\ThemeProvider\" not found at /var/www/emaparking_dss/themes/ThemeServiceProvider.php:23)
[stacktrace]
#0 /var/www/emaparking_dss/vendor/laravel/framework/src/Illuminate/Container/BoundMethod.php(36): Themes\\ThemeServiceProvider->boot()
#1 /var/www/emaparking_dss/vendor/laravel/framework/src/Illuminate/Container/Util.php(41): Illuminate\\Container\\BoundMethod::Illuminate\\Container\\{closure}()
#2 /var/www/emaparking_dss/vendor/laravel/framework/src/Illuminate/Container/BoundMethod.php(93): Illuminate\\Container\\Util::unwrapIfClosure()
#3 /var/www/emaparking_dss/vendor/laravel/framework/src/Illuminate/Container/BoundMethod.php(35): Illuminate\\Container\\BoundMethod::callBoundMethod()
#4 /var/www/emaparking_dss/vendor/laravel/framework/src/Illuminate/Container/Container.php(651): Illuminate\\Container\\BoundMethod::call()
#5 /var/www/emaparking_dss/vendor/laravel/framework/src/Illuminate/Foundation/Application.php(933): Illuminate\\Container\\Container->call()
#6 /var/www/emaparking_dss/vendor/laravel/framework/src/Illuminate/Foundation/Application.php(914): Illuminate\\Foundation\\Application->bootProvider()
#7 [internal function]: Illuminate\\Foundation\\Application->Illuminate\\Foundation\\{closure}()
#8 /var/www/emaparking_dss/vendor/laravel/framework/src/Illuminate/Foundation/Application.php(913): array_walk()
#9 /var/www/emaparking_dss/vendor/laravel/framework/src/Illuminate/Foundation/Bootstrap/BootProviders.php(17): Illuminate\\Foundation\\Application->boot()
#10 /var/www/emaparking_dss/vendor/laravel/framework/src/Illuminate/Foundation/Application.php(242): Illuminate\\Foundation\\Bootstrap\\BootProviders->bootstrap()
#11 /var/www/emaparking_dss/vendor/laravel/framework/src/Illuminate/Foundation/Console/Kernel.php(383): Illuminate\\Foundation\\Application->bootstrapWith()
#12 /var/www/emaparking_dss/vendor/laravel/framework/src/Illuminate/Foundation/Console/Kernel.php(153): Illuminate\\Foundation\\Console\\Kernel->bootstrap()
#13 Command line code(1): Illuminate\\Foundation\\Console\\Kernel->handle()
#14 {main}
"} 
[2025-03-20 15:34:15] local.ERROR: Class "\Themes\BC\ThemeProvider" not found {"exception":"[object] (Error(code: 0): Class \"\\Themes\\BC\\ThemeProvider\" not found at /var/www/emaparking_dss/themes/ThemeServiceProvider.php:23)
[stacktrace]
#0 /var/www/emaparking_dss/vendor/laravel/framework/src/Illuminate/Container/BoundMethod.php(36): Themes\\ThemeServiceProvider->boot()
#1 /var/www/emaparking_dss/vendor/laravel/framework/src/Illuminate/Container/Util.php(41): Illuminate\\Container\\BoundMethod::Illuminate\\Container\\{closure}()
#2 /var/www/emaparking_dss/vendor/laravel/framework/src/Illuminate/Container/BoundMethod.php(93): Illuminate\\Container\\Util::unwrapIfClosure()
#3 /var/www/emaparking_dss/vendor/laravel/framework/src/Illuminate/Container/BoundMethod.php(35): Illuminate\\Container\\BoundMethod::callBoundMethod()
#4 /var/www/emaparking_dss/vendor/laravel/framework/src/Illuminate/Container/Container.php(651): Illuminate\\Container\\BoundMethod::call()
#5 /var/www/emaparking_dss/vendor/laravel/framework/src/Illuminate/Foundation/Application.php(933): Illuminate\\Container\\Container->call()
#6 /var/www/emaparking_dss/vendor/laravel/framework/src/Illuminate/Foundation/Application.php(914): Illuminate\\Foundation\\Application->bootProvider()
#7 [internal function]: Illuminate\\Foundation\\Application->Illuminate\\Foundation\\{closure}()
#8 /var/www/emaparking_dss/vendor/laravel/framework/src/Illuminate/Foundation/Application.php(913): array_walk()
#9 /var/www/emaparking_dss/vendor/laravel/framework/src/Illuminate/Foundation/Bootstrap/BootProviders.php(17): Illuminate\\Foundation\\Application->boot()
#10 /var/www/emaparking_dss/vendor/laravel/framework/src/Illuminate/Foundation/Application.php(242): Illuminate\\Foundation\\Bootstrap\\BootProviders->bootstrap()
#11 /var/www/emaparking_dss/vendor/laravel/framework/src/Illuminate/Foundation/Console/Kernel.php(383): Illuminate\\Foundation\\Application->bootstrapWith()
#12 /var/www/emaparking_dss/vendor/laravel/framework/src/Illuminate/Foundation/Console/Kernel.php(153): Illuminate\\Foundation\\Console\\Kernel->bootstrap()
#13 Command line code(1): Illuminate\\Foundation\\Console\\Kernel->handle()
#14 {main}
"} 
[2025-03-20 15:34:15] local.ERROR: Class "\Themes\BC\ThemeProvider" not found {"exception":"[object] (Error(code: 0): Class \"\\Themes\\BC\\ThemeProvider\" not found at /var/www/emaparking_dss/themes/ThemeServiceProvider.php:23)
[stacktrace]
#0 /var/www/emaparking_dss/vendor/laravel/framework/src/Illuminate/Container/BoundMethod.php(36): Themes\\ThemeServiceProvider->boot()
#1 /var/www/emaparking_dss/vendor/laravel/framework/src/Illuminate/Container/Util.php(41): Illuminate\\Container\\BoundMethod::Illuminate\\Container\\{closure}()
#2 /var/www/emaparking_dss/vendor/laravel/framework/src/Illuminate/Container/BoundMethod.php(93): Illuminate\\Container\\Util::unwrapIfClosure()
#3 /var/www/emaparking_dss/vendor/laravel/framework/src/Illuminate/Container/BoundMethod.php(35): Illuminate\\Container\\BoundMethod::callBoundMethod()
#4 /var/www/emaparking_dss/vendor/laravel/framework/src/Illuminate/Container/Container.php(651): Illuminate\\Container\\BoundMethod::call()
#5 /var/www/emaparking_dss/vendor/laravel/framework/src/Illuminate/Foundation/Application.php(933): Illuminate\\Container\\Container->call()
#6 /var/www/emaparking_dss/vendor/laravel/framework/src/Illuminate/Foundation/Application.php(914): Illuminate\\Foundation\\Application->bootProvider()
#7 [internal function]: Illuminate\\Foundation\\Application->Illuminate\\Foundation\\{closure}()
#8 /var/www/emaparking_dss/vendor/laravel/framework/src/Illuminate/Foundation/Application.php(913): array_walk()
#9 /var/www/emaparking_dss/vendor/laravel/framework/src/Illuminate/Foundation/Bootstrap/BootProviders.php(17): Illuminate\\Foundation\\Application->boot()
#10 /var/www/emaparking_dss/vendor/laravel/framework/src/Illuminate/Foundation/Application.php(242): Illuminate\\Foundation\\Bootstrap\\BootProviders->bootstrap()
#11 /var/www/emaparking_dss/vendor/laravel/framework/src/Illuminate/Foundation/Console/Kernel.php(383): Illuminate\\Foundation\\Application->bootstrapWith()
#12 /var/www/emaparking_dss/vendor/laravel/framework/src/Illuminate/Foundation/Console/Kernel.php(153): Illuminate\\Foundation\\Console\\Kernel->bootstrap()
#13 Command line code(1): Illuminate\\Foundation\\Console\\Kernel->handle()
#14 {main}
"} 
[2025-03-20 15:35:15] local.ERROR: Class "\Themes\BC\ThemeProvider" not found {"exception":"[object] (Error(code: 0): Class \"\\Themes\\BC\\ThemeProvider\" not found at /var/www/emaparking_dss/themes/ThemeServiceProvider.php:23)
[stacktrace]
#0 /var/www/emaparking_dss/vendor/laravel/framework/src/Illuminate/Container/BoundMethod.php(36): Themes\\ThemeServiceProvider->boot()
#1 /var/www/emaparking_dss/vendor/laravel/framework/src/Illuminate/Container/Util.php(41): Illuminate\\Container\\BoundMethod::Illuminate\\Container\\{closure}()
#2 /var/www/emaparking_dss/vendor/laravel/framework/src/Illuminate/Container/BoundMethod.php(93): Illuminate\\Container\\Util::unwrapIfClosure()
#3 /var/www/emaparking_dss/vendor/laravel/framework/src/Illuminate/Container/BoundMethod.php(35): Illuminate\\Container\\BoundMethod::callBoundMethod()
#4 /var/www/emaparking_dss/vendor/laravel/framework/src/Illuminate/Container/Container.php(651): Illuminate\\Container\\BoundMethod::call()
#5 /var/www/emaparking_dss/vendor/laravel/framework/src/Illuminate/Foundation/Application.php(933): Illuminate\\Container\\Container->call()
#6 /var/www/emaparking_dss/vendor/laravel/framework/src/Illuminate/Foundation/Application.php(914): Illuminate\\Foundation\\Application->bootProvider()
#7 [internal function]: Illuminate\\Foundation\\Application->Illuminate\\Foundation\\{closure}()
#8 /var/www/emaparking_dss/vendor/laravel/framework/src/Illuminate/Foundation/Application.php(913): array_walk()
#9 /var/www/emaparking_dss/vendor/laravel/framework/src/Illuminate/Foundation/Bootstrap/BootProviders.php(17): Illuminate\\Foundation\\Application->boot()
#10 /var/www/emaparking_dss/vendor/laravel/framework/src/Illuminate/Foundation/Application.php(242): Illuminate\\Foundation\\Bootstrap\\BootProviders->bootstrap()
#11 /var/www/emaparking_dss/vendor/laravel/framework/src/Illuminate/Foundation/Console/Kernel.php(383): Illuminate\\Foundation\\Application->bootstrapWith()
#12 /var/www/emaparking_dss/vendor/laravel/framework/src/Illuminate/Foundation/Console/Kernel.php(153): Illuminate\\Foundation\\Console\\Kernel->bootstrap()
#13 Command line code(1): Illuminate\\Foundation\\Console\\Kernel->handle()
#14 {main}
"} 
[2025-03-20 15:35:15] local.ERROR: Class "\Themes\BC\ThemeProvider" not found {"exception":"[object] (Error(code: 0): Class \"\\Themes\\BC\\ThemeProvider\" not found at /var/www/emaparking_dss/themes/ThemeServiceProvider.php:23)
[stacktrace]
#0 /var/www/emaparking_dss/vendor/laravel/framework/src/Illuminate/Container/BoundMethod.php(36): Themes\\ThemeServiceProvider->boot()
#1 /var/www/emaparking_dss/vendor/laravel/framework/src/Illuminate/Container/Util.php(41): Illuminate\\Container\\BoundMethod::Illuminate\\Container\\{closure}()
#2 /var/www/emaparking_dss/vendor/laravel/framework/src/Illuminate/Container/BoundMethod.php(93): Illuminate\\Container\\Util::unwrapIfClosure()
#3 /var/www/emaparking_dss/vendor/laravel/framework/src/Illuminate/Container/BoundMethod.php(35): Illuminate\\Container\\BoundMethod::callBoundMethod()
#4 /var/www/emaparking_dss/vendor/laravel/framework/src/Illuminate/Container/Container.php(651): Illuminate\\Container\\BoundMethod::call()
#5 /var/www/emaparking_dss/vendor/laravel/framework/src/Illuminate/Foundation/Application.php(933): Illuminate\\Container\\Container->call()
#6 /var/www/emaparking_dss/vendor/laravel/framework/src/Illuminate/Foundation/Application.php(914): Illuminate\\Foundation\\Application->bootProvider()
#7 [internal function]: Illuminate\\Foundation\\Application->Illuminate\\Foundation\\{closure}()
#8 /var/www/emaparking_dss/vendor/laravel/framework/src/Illuminate/Foundation/Application.php(913): array_walk()
#9 /var/www/emaparking_dss/vendor/laravel/framework/src/Illuminate/Foundation/Bootstrap/BootProviders.php(17): Illuminate\\Foundation\\Application->boot()
#10 /var/www/emaparking_dss/vendor/laravel/framework/src/Illuminate/Foundation/Application.php(242): Illuminate\\Foundation\\Bootstrap\\BootProviders->bootstrap()
#11 /var/www/emaparking_dss/vendor/laravel/framework/src/Illuminate/Foundation/Console/Kernel.php(383): Illuminate\\Foundation\\Application->bootstrapWith()
#12 /var/www/emaparking_dss/vendor/laravel/framework/src/Illuminate/Foundation/Console/Kernel.php(153): Illuminate\\Foundation\\Console\\Kernel->bootstrap()
#13 Command line code(1): Illuminate\\Foundation\\Console\\Kernel->handle()
#14 {main}
"} 
[2025-03-20 15:36:15] local.ERROR: Class "\Themes\BC\ThemeProvider" not found {"exception":"[object] (Error(code: 0): Class \"\\Themes\\BC\\ThemeProvider\" not found at /var/www/emaparking_dss/themes/ThemeServiceProvider.php:23)
[stacktrace]
#0 /var/www/emaparking_dss/vendor/laravel/framework/src/Illuminate/Container/BoundMethod.php(36): Themes\\ThemeServiceProvider->boot()
#1 /var/www/emaparking_dss/vendor/laravel/framework/src/Illuminate/Container/Util.php(41): Illuminate\\Container\\BoundMethod::Illuminate\\Container\\{closure}()
#2 /var/www/emaparking_dss/vendor/laravel/framework/src/Illuminate/Container/BoundMethod.php(93): Illuminate\\Container\\Util::unwrapIfClosure()
#3 /var/www/emaparking_dss/vendor/laravel/framework/src/Illuminate/Container/BoundMethod.php(35): Illuminate\\Container\\BoundMethod::callBoundMethod()
#4 /var/www/emaparking_dss/vendor/laravel/framework/src/Illuminate/Container/Container.php(651): Illuminate\\Container\\BoundMethod::call()
#5 /var/www/emaparking_dss/vendor/laravel/framework/src/Illuminate/Foundation/Application.php(933): Illuminate\\Container\\Container->call()
#6 /var/www/emaparking_dss/vendor/laravel/framework/src/Illuminate/Foundation/Application.php(914): Illuminate\\Foundation\\Application->bootProvider()
#7 [internal function]: Illuminate\\Foundation\\Application->Illuminate\\Foundation\\{closure}()
#8 /var/www/emaparking_dss/vendor/laravel/framework/src/Illuminate/Foundation/Application.php(913): array_walk()
#9 /var/www/emaparking_dss/vendor/laravel/framework/src/Illuminate/Foundation/Bootstrap/BootProviders.php(17): Illuminate\\Foundation\\Application->boot()
#10 /var/www/emaparking_dss/vendor/laravel/framework/src/Illuminate/Foundation/Application.php(242): Illuminate\\Foundation\\Bootstrap\\BootProviders->bootstrap()
#11 /var/www/emaparking_dss/vendor/laravel/framework/src/Illuminate/Foundation/Console/Kernel.php(383): Illuminate\\Foundation\\Application->bootstrapWith()
#12 /var/www/emaparking_dss/vendor/laravel/framework/src/Illuminate/Foundation/Console/Kernel.php(153): Illuminate\\Foundation\\Console\\Kernel->bootstrap()
#13 Command line code(1): Illuminate\\Foundation\\Console\\Kernel->handle()
#14 {main}
"} 
[2025-03-20 15:36:15] local.ERROR: Class "\Themes\BC\ThemeProvider" not found {"exception":"[object] (Error(code: 0): Class \"\\Themes\\BC\\ThemeProvider\" not found at /var/www/emaparking_dss/themes/ThemeServiceProvider.php:23)
[stacktrace]
#0 /var/www/emaparking_dss/vendor/laravel/framework/src/Illuminate/Container/BoundMethod.php(36): Themes\\ThemeServiceProvider->boot()
#1 /var/www/emaparking_dss/vendor/laravel/framework/src/Illuminate/Container/Util.php(41): Illuminate\\Container\\BoundMethod::Illuminate\\Container\\{closure}()
#2 /var/www/emaparking_dss/vendor/laravel/framework/src/Illuminate/Container/BoundMethod.php(93): Illuminate\\Container\\Util::unwrapIfClosure()
#3 /var/www/emaparking_dss/vendor/laravel/framework/src/Illuminate/Container/BoundMethod.php(35): Illuminate\\Container\\BoundMethod::callBoundMethod()
#4 /var/www/emaparking_dss/vendor/laravel/framework/src/Illuminate/Container/Container.php(651): Illuminate\\Container\\BoundMethod::call()
#5 /var/www/emaparking_dss/vendor/laravel/framework/src/Illuminate/Foundation/Application.php(933): Illuminate\\Container\\Container->call()
#6 /var/www/emaparking_dss/vendor/laravel/framework/src/Illuminate/Foundation/Application.php(914): Illuminate\\Foundation\\Application->bootProvider()
#7 [internal function]: Illuminate\\Foundation\\Application->Illuminate\\Foundation\\{closure}()
#8 /var/www/emaparking_dss/vendor/laravel/framework/src/Illuminate/Foundation/Application.php(913): array_walk()
#9 /var/www/emaparking_dss/vendor/laravel/framework/src/Illuminate/Foundation/Bootstrap/BootProviders.php(17): Illuminate\\Foundation\\Application->boot()
#10 /var/www/emaparking_dss/vendor/laravel/framework/src/Illuminate/Foundation/Application.php(242): Illuminate\\Foundation\\Bootstrap\\BootProviders->bootstrap()
#11 /var/www/emaparking_dss/vendor/laravel/framework/src/Illuminate/Foundation/Console/Kernel.php(383): Illuminate\\Foundation\\Application->bootstrapWith()
#12 /var/www/emaparking_dss/vendor/laravel/framework/src/Illuminate/Foundation/Console/Kernel.php(153): Illuminate\\Foundation\\Console\\Kernel->bootstrap()
#13 Command line code(1): Illuminate\\Foundation\\Console\\Kernel->handle()
#14 {main}
"} 
[2025-03-20 15:37:15] local.ERROR: Class "\Themes\BC\ThemeProvider" not found {"exception":"[object] (Error(code: 0): Class \"\\Themes\\BC\\ThemeProvider\" not found at /var/www/emaparking_dss/themes/ThemeServiceProvider.php:23)
[stacktrace]
#0 /var/www/emaparking_dss/vendor/laravel/framework/src/Illuminate/Container/BoundMethod.php(36): Themes\\ThemeServiceProvider->boot()
#1 /var/www/emaparking_dss/vendor/laravel/framework/src/Illuminate/Container/Util.php(41): Illuminate\\Container\\BoundMethod::Illuminate\\Container\\{closure}()
#2 /var/www/emaparking_dss/vendor/laravel/framework/src/Illuminate/Container/BoundMethod.php(93): Illuminate\\Container\\Util::unwrapIfClosure()
#3 /var/www/emaparking_dss/vendor/laravel/framework/src/Illuminate/Container/BoundMethod.php(35): Illuminate\\Container\\BoundMethod::callBoundMethod()
#4 /var/www/emaparking_dss/vendor/laravel/framework/src/Illuminate/Container/Container.php(651): Illuminate\\Container\\BoundMethod::call()
#5 /var/www/emaparking_dss/vendor/laravel/framework/src/Illuminate/Foundation/Application.php(933): Illuminate\\Container\\Container->call()
#6 /var/www/emaparking_dss/vendor/laravel/framework/src/Illuminate/Foundation/Application.php(914): Illuminate\\Foundation\\Application->bootProvider()
#7 [internal function]: Illuminate\\Foundation\\Application->Illuminate\\Foundation\\{closure}()
#8 /var/www/emaparking_dss/vendor/laravel/framework/src/Illuminate/Foundation/Application.php(913): array_walk()
#9 /var/www/emaparking_dss/vendor/laravel/framework/src/Illuminate/Foundation/Bootstrap/BootProviders.php(17): Illuminate\\Foundation\\Application->boot()
#10 /var/www/emaparking_dss/vendor/laravel/framework/src/Illuminate/Foundation/Application.php(242): Illuminate\\Foundation\\Bootstrap\\BootProviders->bootstrap()
#11 /var/www/emaparking_dss/vendor/laravel/framework/src/Illuminate/Foundation/Console/Kernel.php(383): Illuminate\\Foundation\\Application->bootstrapWith()
#12 /var/www/emaparking_dss/vendor/laravel/framework/src/Illuminate/Foundation/Console/Kernel.php(153): Illuminate\\Foundation\\Console\\Kernel->bootstrap()
#13 Command line code(1): Illuminate\\Foundation\\Console\\Kernel->handle()
#14 {main}
"} 
[2025-03-20 15:37:15] local.ERROR: Class "\Themes\BC\ThemeProvider" not found {"exception":"[object] (Error(code: 0): Class \"\\Themes\\BC\\ThemeProvider\" not found at /var/www/emaparking_dss/themes/ThemeServiceProvider.php:23)
[stacktrace]
#0 /var/www/emaparking_dss/vendor/laravel/framework/src/Illuminate/Container/BoundMethod.php(36): Themes\\ThemeServiceProvider->boot()
#1 /var/www/emaparking_dss/vendor/laravel/framework/src/Illuminate/Container/Util.php(41): Illuminate\\Container\\BoundMethod::Illuminate\\Container\\{closure}()
#2 /var/www/emaparking_dss/vendor/laravel/framework/src/Illuminate/Container/BoundMethod.php(93): Illuminate\\Container\\Util::unwrapIfClosure()
#3 /var/www/emaparking_dss/vendor/laravel/framework/src/Illuminate/Container/BoundMethod.php(35): Illuminate\\Container\\BoundMethod::callBoundMethod()
#4 /var/www/emaparking_dss/vendor/laravel/framework/src/Illuminate/Container/Container.php(651): Illuminate\\Container\\BoundMethod::call()
#5 /var/www/emaparking_dss/vendor/laravel/framework/src/Illuminate/Foundation/Application.php(933): Illuminate\\Container\\Container->call()
#6 /var/www/emaparking_dss/vendor/laravel/framework/src/Illuminate/Foundation/Application.php(914): Illuminate\\Foundation\\Application->bootProvider()
#7 [internal function]: Illuminate\\Foundation\\Application->Illuminate\\Foundation\\{closure}()
#8 /var/www/emaparking_dss/vendor/laravel/framework/src/Illuminate/Foundation/Application.php(913): array_walk()
#9 /var/www/emaparking_dss/vendor/laravel/framework/src/Illuminate/Foundation/Bootstrap/BootProviders.php(17): Illuminate\\Foundation\\Application->boot()
#10 /var/www/emaparking_dss/vendor/laravel/framework/src/Illuminate/Foundation/Application.php(242): Illuminate\\Foundation\\Bootstrap\\BootProviders->bootstrap()
#11 /var/www/emaparking_dss/vendor/laravel/framework/src/Illuminate/Foundation/Console/Kernel.php(383): Illuminate\\Foundation\\Application->bootstrapWith()
#12 /var/www/emaparking_dss/vendor/laravel/framework/src/Illuminate/Foundation/Console/Kernel.php(153): Illuminate\\Foundation\\Console\\Kernel->bootstrap()
#13 Command line code(1): Illuminate\\Foundation\\Console\\Kernel->handle()
#14 {main}
"} 
[2025-03-20 15:38:15] local.ERROR: Class "\Themes\BC\ThemeProvider" not found {"exception":"[object] (Error(code: 0): Class \"\\Themes\\BC\\ThemeProvider\" not found at /var/www/emaparking_dss/themes/ThemeServiceProvider.php:23)
[stacktrace]
#0 /var/www/emaparking_dss/vendor/laravel/framework/src/Illuminate/Container/BoundMethod.php(36): Themes\\ThemeServiceProvider->boot()
#1 /var/www/emaparking_dss/vendor/laravel/framework/src/Illuminate/Container/Util.php(41): Illuminate\\Container\\BoundMethod::Illuminate\\Container\\{closure}()
#2 /var/www/emaparking_dss/vendor/laravel/framework/src/Illuminate/Container/BoundMethod.php(93): Illuminate\\Container\\Util::unwrapIfClosure()
#3 /var/www/emaparking_dss/vendor/laravel/framework/src/Illuminate/Container/BoundMethod.php(35): Illuminate\\Container\\BoundMethod::callBoundMethod()
#4 /var/www/emaparking_dss/vendor/laravel/framework/src/Illuminate/Container/Container.php(651): Illuminate\\Container\\BoundMethod::call()
#5 /var/www/emaparking_dss/vendor/laravel/framework/src/Illuminate/Foundation/Application.php(933): Illuminate\\Container\\Container->call()
#6 /var/www/emaparking_dss/vendor/laravel/framework/src/Illuminate/Foundation/Application.php(914): Illuminate\\Foundation\\Application->bootProvider()
#7 [internal function]: Illuminate\\Foundation\\Application->Illuminate\\Foundation\\{closure}()
#8 /var/www/emaparking_dss/vendor/laravel/framework/src/Illuminate/Foundation/Application.php(913): array_walk()
#9 /var/www/emaparking_dss/vendor/laravel/framework/src/Illuminate/Foundation/Bootstrap/BootProviders.php(17): Illuminate\\Foundation\\Application->boot()
#10 /var/www/emaparking_dss/vendor/laravel/framework/src/Illuminate/Foundation/Application.php(242): Illuminate\\Foundation\\Bootstrap\\BootProviders->bootstrap()
#11 /var/www/emaparking_dss/vendor/laravel/framework/src/Illuminate/Foundation/Console/Kernel.php(383): Illuminate\\Foundation\\Application->bootstrapWith()
#12 /var/www/emaparking_dss/vendor/laravel/framework/src/Illuminate/Foundation/Console/Kernel.php(153): Illuminate\\Foundation\\Console\\Kernel->bootstrap()
#13 Command line code(1): Illuminate\\Foundation\\Console\\Kernel->handle()
#14 {main}
"} 
[2025-03-20 15:38:15] local.ERROR: Class "\Themes\BC\ThemeProvider" not found {"exception":"[object] (Error(code: 0): Class \"\\Themes\\BC\\ThemeProvider\" not found at /var/www/emaparking_dss/themes/ThemeServiceProvider.php:23)
[stacktrace]
#0 /var/www/emaparking_dss/vendor/laravel/framework/src/Illuminate/Container/BoundMethod.php(36): Themes\\ThemeServiceProvider->boot()
#1 /var/www/emaparking_dss/vendor/laravel/framework/src/Illuminate/Container/Util.php(41): Illuminate\\Container\\BoundMethod::Illuminate\\Container\\{closure}()
#2 /var/www/emaparking_dss/vendor/laravel/framework/src/Illuminate/Container/BoundMethod.php(93): Illuminate\\Container\\Util::unwrapIfClosure()
#3 /var/www/emaparking_dss/vendor/laravel/framework/src/Illuminate/Container/BoundMethod.php(35): Illuminate\\Container\\BoundMethod::callBoundMethod()
#4 /var/www/emaparking_dss/vendor/laravel/framework/src/Illuminate/Container/Container.php(651): Illuminate\\Container\\BoundMethod::call()
#5 /var/www/emaparking_dss/vendor/laravel/framework/src/Illuminate/Foundation/Application.php(933): Illuminate\\Container\\Container->call()
#6 /var/www/emaparking_dss/vendor/laravel/framework/src/Illuminate/Foundation/Application.php(914): Illuminate\\Foundation\\Application->bootProvider()
#7 [internal function]: Illuminate\\Foundation\\Application->Illuminate\\Foundation\\{closure}()
#8 /var/www/emaparking_dss/vendor/laravel/framework/src/Illuminate/Foundation/Application.php(913): array_walk()
#9 /var/www/emaparking_dss/vendor/laravel/framework/src/Illuminate/Foundation/Bootstrap/BootProviders.php(17): Illuminate\\Foundation\\Application->boot()
#10 /var/www/emaparking_dss/vendor/laravel/framework/src/Illuminate/Foundation/Application.php(242): Illuminate\\Foundation\\Bootstrap\\BootProviders->bootstrap()
#11 /var/www/emaparking_dss/vendor/laravel/framework/src/Illuminate/Foundation/Console/Kernel.php(383): Illuminate\\Foundation\\Application->bootstrapWith()
#12 /var/www/emaparking_dss/vendor/laravel/framework/src/Illuminate/Foundation/Console/Kernel.php(153): Illuminate\\Foundation\\Console\\Kernel->bootstrap()
#13 Command line code(1): Illuminate\\Foundation\\Console\\Kernel->handle()
#14 {main}
"} 
[2025-03-20 15:39:15] local.ERROR: Class "\Themes\BC\ThemeProvider" not found {"exception":"[object] (Error(code: 0): Class \"\\Themes\\BC\\ThemeProvider\" not found at /var/www/emaparking_dss/themes/ThemeServiceProvider.php:23)
[stacktrace]
#0 /var/www/emaparking_dss/vendor/laravel/framework/src/Illuminate/Container/BoundMethod.php(36): Themes\\ThemeServiceProvider->boot()
#1 /var/www/emaparking_dss/vendor/laravel/framework/src/Illuminate/Container/Util.php(41): Illuminate\\Container\\BoundMethod::Illuminate\\Container\\{closure}()
#2 /var/www/emaparking_dss/vendor/laravel/framework/src/Illuminate/Container/BoundMethod.php(93): Illuminate\\Container\\Util::unwrapIfClosure()
#3 /var/www/emaparking_dss/vendor/laravel/framework/src/Illuminate/Container/BoundMethod.php(35): Illuminate\\Container\\BoundMethod::callBoundMethod()
#4 /var/www/emaparking_dss/vendor/laravel/framework/src/Illuminate/Container/Container.php(651): Illuminate\\Container\\BoundMethod::call()
#5 /var/www/emaparking_dss/vendor/laravel/framework/src/Illuminate/Foundation/Application.php(933): Illuminate\\Container\\Container->call()
#6 /var/www/emaparking_dss/vendor/laravel/framework/src/Illuminate/Foundation/Application.php(914): Illuminate\\Foundation\\Application->bootProvider()
#7 [internal function]: Illuminate\\Foundation\\Application->Illuminate\\Foundation\\{closure}()
#8 /var/www/emaparking_dss/vendor/laravel/framework/src/Illuminate/Foundation/Application.php(913): array_walk()
#9 /var/www/emaparking_dss/vendor/laravel/framework/src/Illuminate/Foundation/Bootstrap/BootProviders.php(17): Illuminate\\Foundation\\Application->boot()
#10 /var/www/emaparking_dss/vendor/laravel/framework/src/Illuminate/Foundation/Application.php(242): Illuminate\\Foundation\\Bootstrap\\BootProviders->bootstrap()
#11 /var/www/emaparking_dss/vendor/laravel/framework/src/Illuminate/Foundation/Console/Kernel.php(383): Illuminate\\Foundation\\Application->bootstrapWith()
#12 /var/www/emaparking_dss/vendor/laravel/framework/src/Illuminate/Foundation/Console/Kernel.php(153): Illuminate\\Foundation\\Console\\Kernel->bootstrap()
#13 Command line code(1): Illuminate\\Foundation\\Console\\Kernel->handle()
#14 {main}
"} 
[2025-03-20 15:39:15] local.ERROR: Class "\Themes\BC\ThemeProvider" not found {"exception":"[object] (Error(code: 0): Class \"\\Themes\\BC\\ThemeProvider\" not found at /var/www/emaparking_dss/themes/ThemeServiceProvider.php:23)
[stacktrace]
#0 /var/www/emaparking_dss/vendor/laravel/framework/src/Illuminate/Container/BoundMethod.php(36): Themes\\ThemeServiceProvider->boot()
#1 /var/www/emaparking_dss/vendor/laravel/framework/src/Illuminate/Container/Util.php(41): Illuminate\\Container\\BoundMethod::Illuminate\\Container\\{closure}()
#2 /var/www/emaparking_dss/vendor/laravel/framework/src/Illuminate/Container/BoundMethod.php(93): Illuminate\\Container\\Util::unwrapIfClosure()
#3 /var/www/emaparking_dss/vendor/laravel/framework/src/Illuminate/Container/BoundMethod.php(35): Illuminate\\Container\\BoundMethod::callBoundMethod()
#4 /var/www/emaparking_dss/vendor/laravel/framework/src/Illuminate/Container/Container.php(651): Illuminate\\Container\\BoundMethod::call()
#5 /var/www/emaparking_dss/vendor/laravel/framework/src/Illuminate/Foundation/Application.php(933): Illuminate\\Container\\Container->call()
#6 /var/www/emaparking_dss/vendor/laravel/framework/src/Illuminate/Foundation/Application.php(914): Illuminate\\Foundation\\Application->bootProvider()
#7 [internal function]: Illuminate\\Foundation\\Application->Illuminate\\Foundation\\{closure}()
#8 /var/www/emaparking_dss/vendor/laravel/framework/src/Illuminate/Foundation/Application.php(913): array_walk()
#9 /var/www/emaparking_dss/vendor/laravel/framework/src/Illuminate/Foundation/Bootstrap/BootProviders.php(17): Illuminate\\Foundation\\Application->boot()
#10 /var/www/emaparking_dss/vendor/laravel/framework/src/Illuminate/Foundation/Application.php(242): Illuminate\\Foundation\\Bootstrap\\BootProviders->bootstrap()
#11 /var/www/emaparking_dss/vendor/laravel/framework/src/Illuminate/Foundation/Console/Kernel.php(383): Illuminate\\Foundation\\Application->bootstrapWith()
#12 /var/www/emaparking_dss/vendor/laravel/framework/src/Illuminate/Foundation/Console/Kernel.php(153): Illuminate\\Foundation\\Console\\Kernel->bootstrap()
#13 Command line code(1): Illuminate\\Foundation\\Console\\Kernel->handle()
#14 {main}
"} 
[2025-03-20 15:39:15] local.ERROR: Class "\Themes\BC\ThemeProvider" not found {"exception":"[object] (Error(code: 0): Class \"\\Themes\\BC\\ThemeProvider\" not found at /var/www/emaparking_dss/themes/ThemeServiceProvider.php:23)
[stacktrace]
#0 /var/www/emaparking_dss/vendor/laravel/framework/src/Illuminate/Container/BoundMethod.php(36): Themes\\ThemeServiceProvider->boot()
#1 /var/www/emaparking_dss/vendor/laravel/framework/src/Illuminate/Container/Util.php(41): Illuminate\\Container\\BoundMethod::Illuminate\\Container\\{closure}()
#2 /var/www/emaparking_dss/vendor/laravel/framework/src/Illuminate/Container/BoundMethod.php(93): Illuminate\\Container\\Util::unwrapIfClosure()
#3 /var/www/emaparking_dss/vendor/laravel/framework/src/Illuminate/Container/BoundMethod.php(35): Illuminate\\Container\\BoundMethod::callBoundMethod()
#4 /var/www/emaparking_dss/vendor/laravel/framework/src/Illuminate/Container/Container.php(651): Illuminate\\Container\\BoundMethod::call()
#5 /var/www/emaparking_dss/vendor/laravel/framework/src/Illuminate/Foundation/Application.php(933): Illuminate\\Container\\Container->call()
#6 /var/www/emaparking_dss/vendor/laravel/framework/src/Illuminate/Foundation/Application.php(914): Illuminate\\Foundation\\Application->bootProvider()
#7 [internal function]: Illuminate\\Foundation\\Application->Illuminate\\Foundation\\{closure}()
#8 /var/www/emaparking_dss/vendor/laravel/framework/src/Illuminate/Foundation/Application.php(913): array_walk()
#9 /var/www/emaparking_dss/vendor/laravel/framework/src/Illuminate/Foundation/Bootstrap/BootProviders.php(17): Illuminate\\Foundation\\Application->boot()
#10 /var/www/emaparking_dss/vendor/laravel/framework/src/Illuminate/Foundation/Application.php(242): Illuminate\\Foundation\\Bootstrap\\BootProviders->bootstrap()
#11 /var/www/emaparking_dss/vendor/laravel/framework/src/Illuminate/Foundation/Console/Kernel.php(383): Illuminate\\Foundation\\Application->bootstrapWith()
#12 /var/www/emaparking_dss/vendor/laravel/framework/src/Illuminate/Foundation/Console/Kernel.php(153): Illuminate\\Foundation\\Console\\Kernel->bootstrap()
#13 Command line code(1): Illuminate\\Foundation\\Console\\Kernel->handle()
#14 {main}
"} 
[2025-03-20 15:40:15] local.ERROR: Class "\Themes\BC\ThemeProvider" not found {"exception":"[object] (Error(code: 0): Class \"\\Themes\\BC\\ThemeProvider\" not found at /var/www/emaparking_dss/themes/ThemeServiceProvider.php:23)
[stacktrace]
#0 /var/www/emaparking_dss/vendor/laravel/framework/src/Illuminate/Container/BoundMethod.php(36): Themes\\ThemeServiceProvider->boot()
#1 /var/www/emaparking_dss/vendor/laravel/framework/src/Illuminate/Container/Util.php(41): Illuminate\\Container\\BoundMethod::Illuminate\\Container\\{closure}()
#2 /var/www/emaparking_dss/vendor/laravel/framework/src/Illuminate/Container/BoundMethod.php(93): Illuminate\\Container\\Util::unwrapIfClosure()
#3 /var/www/emaparking_dss/vendor/laravel/framework/src/Illuminate/Container/BoundMethod.php(35): Illuminate\\Container\\BoundMethod::callBoundMethod()
#4 /var/www/emaparking_dss/vendor/laravel/framework/src/Illuminate/Container/Container.php(651): Illuminate\\Container\\BoundMethod::call()
#5 /var/www/emaparking_dss/vendor/laravel/framework/src/Illuminate/Foundation/Application.php(933): Illuminate\\Container\\Container->call()
#6 /var/www/emaparking_dss/vendor/laravel/framework/src/Illuminate/Foundation/Application.php(914): Illuminate\\Foundation\\Application->bootProvider()
#7 [internal function]: Illuminate\\Foundation\\Application->Illuminate\\Foundation\\{closure}()
#8 /var/www/emaparking_dss/vendor/laravel/framework/src/Illuminate/Foundation/Application.php(913): array_walk()
#9 /var/www/emaparking_dss/vendor/laravel/framework/src/Illuminate/Foundation/Bootstrap/BootProviders.php(17): Illuminate\\Foundation\\Application->boot()
#10 /var/www/emaparking_dss/vendor/laravel/framework/src/Illuminate/Foundation/Application.php(242): Illuminate\\Foundation\\Bootstrap\\BootProviders->bootstrap()
#11 /var/www/emaparking_dss/vendor/laravel/framework/src/Illuminate/Foundation/Console/Kernel.php(383): Illuminate\\Foundation\\Application->bootstrapWith()
#12 /var/www/emaparking_dss/vendor/laravel/framework/src/Illuminate/Foundation/Console/Kernel.php(153): Illuminate\\Foundation\\Console\\Kernel->bootstrap()
#13 Command line code(1): Illuminate\\Foundation\\Console\\Kernel->handle()
#14 {main}
"} 
[2025-03-20 15:40:15] local.ERROR: Class "\Themes\BC\ThemeProvider" not found {"exception":"[object] (Error(code: 0): Class \"\\Themes\\BC\\ThemeProvider\" not found at /var/www/emaparking_dss/themes/ThemeServiceProvider.php:23)
[stacktrace]
#0 /var/www/emaparking_dss/vendor/laravel/framework/src/Illuminate/Container/BoundMethod.php(36): Themes\\ThemeServiceProvider->boot()
#1 /var/www/emaparking_dss/vendor/laravel/framework/src/Illuminate/Container/Util.php(41): Illuminate\\Container\\BoundMethod::Illuminate\\Container\\{closure}()
#2 /var/www/emaparking_dss/vendor/laravel/framework/src/Illuminate/Container/BoundMethod.php(93): Illuminate\\Container\\Util::unwrapIfClosure()
#3 /var/www/emaparking_dss/vendor/laravel/framework/src/Illuminate/Container/BoundMethod.php(35): Illuminate\\Container\\BoundMethod::callBoundMethod()
#4 /var/www/emaparking_dss/vendor/laravel/framework/src/Illuminate/Container/Container.php(651): Illuminate\\Container\\BoundMethod::call()
#5 /var/www/emaparking_dss/vendor/laravel/framework/src/Illuminate/Foundation/Application.php(933): Illuminate\\Container\\Container->call()
#6 /var/www/emaparking_dss/vendor/laravel/framework/src/Illuminate/Foundation/Application.php(914): Illuminate\\Foundation\\Application->bootProvider()
#7 [internal function]: Illuminate\\Foundation\\Application->Illuminate\\Foundation\\{closure}()
#8 /var/www/emaparking_dss/vendor/laravel/framework/src/Illuminate/Foundation/Application.php(913): array_walk()
#9 /var/www/emaparking_dss/vendor/laravel/framework/src/Illuminate/Foundation/Bootstrap/BootProviders.php(17): Illuminate\\Foundation\\Application->boot()
#10 /var/www/emaparking_dss/vendor/laravel/framework/src/Illuminate/Foundation/Application.php(242): Illuminate\\Foundation\\Bootstrap\\BootProviders->bootstrap()
#11 /var/www/emaparking_dss/vendor/laravel/framework/src/Illuminate/Foundation/Console/Kernel.php(383): Illuminate\\Foundation\\Application->bootstrapWith()
#12 /var/www/emaparking_dss/vendor/laravel/framework/src/Illuminate/Foundation/Console/Kernel.php(153): Illuminate\\Foundation\\Console\\Kernel->bootstrap()
#13 Command line code(1): Illuminate\\Foundation\\Console\\Kernel->handle()
#14 {main}
"} 
[2025-03-20 15:41:15] local.ERROR: Class "\Themes\BC\ThemeProvider" not found {"exception":"[object] (Error(code: 0): Class \"\\Themes\\BC\\ThemeProvider\" not found at /var/www/emaparking_dss/themes/ThemeServiceProvider.php:23)
[stacktrace]
#0 /var/www/emaparking_dss/vendor/laravel/framework/src/Illuminate/Container/BoundMethod.php(36): Themes\\ThemeServiceProvider->boot()
#1 /var/www/emaparking_dss/vendor/laravel/framework/src/Illuminate/Container/Util.php(41): Illuminate\\Container\\BoundMethod::Illuminate\\Container\\{closure}()
#2 /var/www/emaparking_dss/vendor/laravel/framework/src/Illuminate/Container/BoundMethod.php(93): Illuminate\\Container\\Util::unwrapIfClosure()
#3 /var/www/emaparking_dss/vendor/laravel/framework/src/Illuminate/Container/BoundMethod.php(35): Illuminate\\Container\\BoundMethod::callBoundMethod()
#4 /var/www/emaparking_dss/vendor/laravel/framework/src/Illuminate/Container/Container.php(651): Illuminate\\Container\\BoundMethod::call()
#5 /var/www/emaparking_dss/vendor/laravel/framework/src/Illuminate/Foundation/Application.php(933): Illuminate\\Container\\Container->call()
#6 /var/www/emaparking_dss/vendor/laravel/framework/src/Illuminate/Foundation/Application.php(914): Illuminate\\Foundation\\Application->bootProvider()
#7 [internal function]: Illuminate\\Foundation\\Application->Illuminate\\Foundation\\{closure}()
#8 /var/www/emaparking_dss/vendor/laravel/framework/src/Illuminate/Foundation/Application.php(913): array_walk()
#9 /var/www/emaparking_dss/vendor/laravel/framework/src/Illuminate/Foundation/Bootstrap/BootProviders.php(17): Illuminate\\Foundation\\Application->boot()
#10 /var/www/emaparking_dss/vendor/laravel/framework/src/Illuminate/Foundation/Application.php(242): Illuminate\\Foundation\\Bootstrap\\BootProviders->bootstrap()
#11 /var/www/emaparking_dss/vendor/laravel/framework/src/Illuminate/Foundation/Console/Kernel.php(383): Illuminate\\Foundation\\Application->bootstrapWith()
#12 /var/www/emaparking_dss/vendor/laravel/framework/src/Illuminate/Foundation/Console/Kernel.php(153): Illuminate\\Foundation\\Console\\Kernel->bootstrap()
#13 Command line code(1): Illuminate\\Foundation\\Console\\Kernel->handle()
#14 {main}
"} 
[2025-03-20 15:41:15] local.ERROR: Class "\Themes\BC\ThemeProvider" not found {"exception":"[object] (Error(code: 0): Class \"\\Themes\\BC\\ThemeProvider\" not found at /var/www/emaparking_dss/themes/ThemeServiceProvider.php:23)
[stacktrace]
#0 /var/www/emaparking_dss/vendor/laravel/framework/src/Illuminate/Container/BoundMethod.php(36): Themes\\ThemeServiceProvider->boot()
#1 /var/www/emaparking_dss/vendor/laravel/framework/src/Illuminate/Container/Util.php(41): Illuminate\\Container\\BoundMethod::Illuminate\\Container\\{closure}()
#2 /var/www/emaparking_dss/vendor/laravel/framework/src/Illuminate/Container/BoundMethod.php(93): Illuminate\\Container\\Util::unwrapIfClosure()
#3 /var/www/emaparking_dss/vendor/laravel/framework/src/Illuminate/Container/BoundMethod.php(35): Illuminate\\Container\\BoundMethod::callBoundMethod()
#4 /var/www/emaparking_dss/vendor/laravel/framework/src/Illuminate/Container/Container.php(651): Illuminate\\Container\\BoundMethod::call()
#5 /var/www/emaparking_dss/vendor/laravel/framework/src/Illuminate/Foundation/Application.php(933): Illuminate\\Container\\Container->call()
#6 /var/www/emaparking_dss/vendor/laravel/framework/src/Illuminate/Foundation/Application.php(914): Illuminate\\Foundation\\Application->bootProvider()
#7 [internal function]: Illuminate\\Foundation\\Application->Illuminate\\Foundation\\{closure}()
#8 /var/www/emaparking_dss/vendor/laravel/framework/src/Illuminate/Foundation/Application.php(913): array_walk()
#9 /var/www/emaparking_dss/vendor/laravel/framework/src/Illuminate/Foundation/Bootstrap/BootProviders.php(17): Illuminate\\Foundation\\Application->boot()
#10 /var/www/emaparking_dss/vendor/laravel/framework/src/Illuminate/Foundation/Application.php(242): Illuminate\\Foundation\\Bootstrap\\BootProviders->bootstrap()
#11 /var/www/emaparking_dss/vendor/laravel/framework/src/Illuminate/Foundation/Console/Kernel.php(383): Illuminate\\Foundation\\Application->bootstrapWith()
#12 /var/www/emaparking_dss/vendor/laravel/framework/src/Illuminate/Foundation/Console/Kernel.php(153): Illuminate\\Foundation\\Console\\Kernel->bootstrap()
#13 Command line code(1): Illuminate\\Foundation\\Console\\Kernel->handle()
#14 {main}
"} 
[2025-03-20 15:42:15] local.ERROR: Class "\Themes\BC\ThemeProvider" not found {"exception":"[object] (Error(code: 0): Class \"\\Themes\\BC\\ThemeProvider\" not found at /var/www/emaparking_dss/themes/ThemeServiceProvider.php:23)
[stacktrace]
#0 /var/www/emaparking_dss/vendor/laravel/framework/src/Illuminate/Container/BoundMethod.php(36): Themes\\ThemeServiceProvider->boot()
#1 /var/www/emaparking_dss/vendor/laravel/framework/src/Illuminate/Container/Util.php(41): Illuminate\\Container\\BoundMethod::Illuminate\\Container\\{closure}()
#2 /var/www/emaparking_dss/vendor/laravel/framework/src/Illuminate/Container/BoundMethod.php(93): Illuminate\\Container\\Util::unwrapIfClosure()
#3 /var/www/emaparking_dss/vendor/laravel/framework/src/Illuminate/Container/BoundMethod.php(35): Illuminate\\Container\\BoundMethod::callBoundMethod()
#4 /var/www/emaparking_dss/vendor/laravel/framework/src/Illuminate/Container/Container.php(651): Illuminate\\Container\\BoundMethod::call()
#5 /var/www/emaparking_dss/vendor/laravel/framework/src/Illuminate/Foundation/Application.php(933): Illuminate\\Container\\Container->call()
#6 /var/www/emaparking_dss/vendor/laravel/framework/src/Illuminate/Foundation/Application.php(914): Illuminate\\Foundation\\Application->bootProvider()
#7 [internal function]: Illuminate\\Foundation\\Application->Illuminate\\Foundation\\{closure}()
#8 /var/www/emaparking_dss/vendor/laravel/framework/src/Illuminate/Foundation/Application.php(913): array_walk()
#9 /var/www/emaparking_dss/vendor/laravel/framework/src/Illuminate/Foundation/Bootstrap/BootProviders.php(17): Illuminate\\Foundation\\Application->boot()
#10 /var/www/emaparking_dss/vendor/laravel/framework/src/Illuminate/Foundation/Application.php(242): Illuminate\\Foundation\\Bootstrap\\BootProviders->bootstrap()
#11 /var/www/emaparking_dss/vendor/laravel/framework/src/Illuminate/Foundation/Console/Kernel.php(383): Illuminate\\Foundation\\Application->bootstrapWith()
#12 /var/www/emaparking_dss/vendor/laravel/framework/src/Illuminate/Foundation/Console/Kernel.php(153): Illuminate\\Foundation\\Console\\Kernel->bootstrap()
#13 Command line code(1): Illuminate\\Foundation\\Console\\Kernel->handle()
#14 {main}
"} 
[2025-03-20 15:42:15] local.ERROR: Class "\Themes\BC\ThemeProvider" not found {"exception":"[object] (Error(code: 0): Class \"\\Themes\\BC\\ThemeProvider\" not found at /var/www/emaparking_dss/themes/ThemeServiceProvider.php:23)
[stacktrace]
#0 /var/www/emaparking_dss/vendor/laravel/framework/src/Illuminate/Container/BoundMethod.php(36): Themes\\ThemeServiceProvider->boot()
#1 /var/www/emaparking_dss/vendor/laravel/framework/src/Illuminate/Container/Util.php(41): Illuminate\\Container\\BoundMethod::Illuminate\\Container\\{closure}()
#2 /var/www/emaparking_dss/vendor/laravel/framework/src/Illuminate/Container/BoundMethod.php(93): Illuminate\\Container\\Util::unwrapIfClosure()
#3 /var/www/emaparking_dss/vendor/laravel/framework/src/Illuminate/Container/BoundMethod.php(35): Illuminate\\Container\\BoundMethod::callBoundMethod()
#4 /var/www/emaparking_dss/vendor/laravel/framework/src/Illuminate/Container/Container.php(651): Illuminate\\Container\\BoundMethod::call()
#5 /var/www/emaparking_dss/vendor/laravel/framework/src/Illuminate/Foundation/Application.php(933): Illuminate\\Container\\Container->call()
#6 /var/www/emaparking_dss/vendor/laravel/framework/src/Illuminate/Foundation/Application.php(914): Illuminate\\Foundation\\Application->bootProvider()
#7 [internal function]: Illuminate\\Foundation\\Application->Illuminate\\Foundation\\{closure}()
#8 /var/www/emaparking_dss/vendor/laravel/framework/src/Illuminate/Foundation/Application.php(913): array_walk()
#9 /var/www/emaparking_dss/vendor/laravel/framework/src/Illuminate/Foundation/Bootstrap/BootProviders.php(17): Illuminate\\Foundation\\Application->boot()
#10 /var/www/emaparking_dss/vendor/laravel/framework/src/Illuminate/Foundation/Application.php(242): Illuminate\\Foundation\\Bootstrap\\BootProviders->bootstrap()
#11 /var/www/emaparking_dss/vendor/laravel/framework/src/Illuminate/Foundation/Console/Kernel.php(383): Illuminate\\Foundation\\Application->bootstrapWith()
#12 /var/www/emaparking_dss/vendor/laravel/framework/src/Illuminate/Foundation/Console/Kernel.php(153): Illuminate\\Foundation\\Console\\Kernel->bootstrap()
#13 Command line code(1): Illuminate\\Foundation\\Console\\Kernel->handle()
#14 {main}
"} 
[2025-03-20 15:43:15] local.ERROR: Class "\Themes\BC\ThemeProvider" not found {"exception":"[object] (Error(code: 0): Class \"\\Themes\\BC\\ThemeProvider\" not found at /var/www/emaparking_dss/themes/ThemeServiceProvider.php:23)
[stacktrace]
#0 /var/www/emaparking_dss/vendor/laravel/framework/src/Illuminate/Container/BoundMethod.php(36): Themes\\ThemeServiceProvider->boot()
#1 /var/www/emaparking_dss/vendor/laravel/framework/src/Illuminate/Container/Util.php(41): Illuminate\\Container\\BoundMethod::Illuminate\\Container\\{closure}()
#2 /var/www/emaparking_dss/vendor/laravel/framework/src/Illuminate/Container/BoundMethod.php(93): Illuminate\\Container\\Util::unwrapIfClosure()
#3 /var/www/emaparking_dss/vendor/laravel/framework/src/Illuminate/Container/BoundMethod.php(35): Illuminate\\Container\\BoundMethod::callBoundMethod()
#4 /var/www/emaparking_dss/vendor/laravel/framework/src/Illuminate/Container/Container.php(651): Illuminate\\Container\\BoundMethod::call()
#5 /var/www/emaparking_dss/vendor/laravel/framework/src/Illuminate/Foundation/Application.php(933): Illuminate\\Container\\Container->call()
#6 /var/www/emaparking_dss/vendor/laravel/framework/src/Illuminate/Foundation/Application.php(914): Illuminate\\Foundation\\Application->bootProvider()
#7 [internal function]: Illuminate\\Foundation\\Application->Illuminate\\Foundation\\{closure}()
#8 /var/www/emaparking_dss/vendor/laravel/framework/src/Illuminate/Foundation/Application.php(913): array_walk()
#9 /var/www/emaparking_dss/vendor/laravel/framework/src/Illuminate/Foundation/Bootstrap/BootProviders.php(17): Illuminate\\Foundation\\Application->boot()
#10 /var/www/emaparking_dss/vendor/laravel/framework/src/Illuminate/Foundation/Application.php(242): Illuminate\\Foundation\\Bootstrap\\BootProviders->bootstrap()
#11 /var/www/emaparking_dss/vendor/laravel/framework/src/Illuminate/Foundation/Console/Kernel.php(383): Illuminate\\Foundation\\Application->bootstrapWith()
#12 /var/www/emaparking_dss/vendor/laravel/framework/src/Illuminate/Foundation/Console/Kernel.php(153): Illuminate\\Foundation\\Console\\Kernel->bootstrap()
#13 Command line code(1): Illuminate\\Foundation\\Console\\Kernel->handle()
#14 {main}
"} 
[2025-03-20 15:43:15] local.ERROR: Class "\Themes\BC\ThemeProvider" not found {"exception":"[object] (Error(code: 0): Class \"\\Themes\\BC\\ThemeProvider\" not found at /var/www/emaparking_dss/themes/ThemeServiceProvider.php:23)
[stacktrace]
#0 /var/www/emaparking_dss/vendor/laravel/framework/src/Illuminate/Container/BoundMethod.php(36): Themes\\ThemeServiceProvider->boot()
#1 /var/www/emaparking_dss/vendor/laravel/framework/src/Illuminate/Container/Util.php(41): Illuminate\\Container\\BoundMethod::Illuminate\\Container\\{closure}()
#2 /var/www/emaparking_dss/vendor/laravel/framework/src/Illuminate/Container/BoundMethod.php(93): Illuminate\\Container\\Util::unwrapIfClosure()
#3 /var/www/emaparking_dss/vendor/laravel/framework/src/Illuminate/Container/BoundMethod.php(35): Illuminate\\Container\\BoundMethod::callBoundMethod()
#4 /var/www/emaparking_dss/vendor/laravel/framework/src/Illuminate/Container/Container.php(651): Illuminate\\Container\\BoundMethod::call()
#5 /var/www/emaparking_dss/vendor/laravel/framework/src/Illuminate/Foundation/Application.php(933): Illuminate\\Container\\Container->call()
#6 /var/www/emaparking_dss/vendor/laravel/framework/src/Illuminate/Foundation/Application.php(914): Illuminate\\Foundation\\Application->bootProvider()
#7 [internal function]: Illuminate\\Foundation\\Application->Illuminate\\Foundation\\{closure}()
#8 /var/www/emaparking_dss/vendor/laravel/framework/src/Illuminate/Foundation/Application.php(913): array_walk()
#9 /var/www/emaparking_dss/vendor/laravel/framework/src/Illuminate/Foundation/Bootstrap/BootProviders.php(17): Illuminate\\Foundation\\Application->boot()
#10 /var/www/emaparking_dss/vendor/laravel/framework/src/Illuminate/Foundation/Application.php(242): Illuminate\\Foundation\\Bootstrap\\BootProviders->bootstrap()
#11 /var/www/emaparking_dss/vendor/laravel/framework/src/Illuminate/Foundation/Console/Kernel.php(383): Illuminate\\Foundation\\Application->bootstrapWith()
#12 /var/www/emaparking_dss/vendor/laravel/framework/src/Illuminate/Foundation/Console/Kernel.php(153): Illuminate\\Foundation\\Console\\Kernel->bootstrap()
#13 Command line code(1): Illuminate\\Foundation\\Console\\Kernel->handle()
#14 {main}
"} 
[2025-03-20 15:44:15] local.ERROR: Class "\Themes\BC\ThemeProvider" not found {"exception":"[object] (Error(code: 0): Class \"\\Themes\\BC\\ThemeProvider\" not found at /var/www/emaparking_dss/themes/ThemeServiceProvider.php:23)
[stacktrace]
#0 /var/www/emaparking_dss/vendor/laravel/framework/src/Illuminate/Container/BoundMethod.php(36): Themes\\ThemeServiceProvider->boot()
#1 /var/www/emaparking_dss/vendor/laravel/framework/src/Illuminate/Container/Util.php(41): Illuminate\\Container\\BoundMethod::Illuminate\\Container\\{closure}()
#2 /var/www/emaparking_dss/vendor/laravel/framework/src/Illuminate/Container/BoundMethod.php(93): Illuminate\\Container\\Util::unwrapIfClosure()
#3 /var/www/emaparking_dss/vendor/laravel/framework/src/Illuminate/Container/BoundMethod.php(35): Illuminate\\Container\\BoundMethod::callBoundMethod()
#4 /var/www/emaparking_dss/vendor/laravel/framework/src/Illuminate/Container/Container.php(651): Illuminate\\Container\\BoundMethod::call()
#5 /var/www/emaparking_dss/vendor/laravel/framework/src/Illuminate/Foundation/Application.php(933): Illuminate\\Container\\Container->call()
#6 /var/www/emaparking_dss/vendor/laravel/framework/src/Illuminate/Foundation/Application.php(914): Illuminate\\Foundation\\Application->bootProvider()
#7 [internal function]: Illuminate\\Foundation\\Application->Illuminate\\Foundation\\{closure}()
#8 /var/www/emaparking_dss/vendor/laravel/framework/src/Illuminate/Foundation/Application.php(913): array_walk()
#9 /var/www/emaparking_dss/vendor/laravel/framework/src/Illuminate/Foundation/Bootstrap/BootProviders.php(17): Illuminate\\Foundation\\Application->boot()
#10 /var/www/emaparking_dss/vendor/laravel/framework/src/Illuminate/Foundation/Application.php(242): Illuminate\\Foundation\\Bootstrap\\BootProviders->bootstrap()
#11 /var/www/emaparking_dss/vendor/laravel/framework/src/Illuminate/Foundation/Console/Kernel.php(383): Illuminate\\Foundation\\Application->bootstrapWith()
#12 /var/www/emaparking_dss/vendor/laravel/framework/src/Illuminate/Foundation/Console/Kernel.php(153): Illuminate\\Foundation\\Console\\Kernel->bootstrap()
#13 Command line code(1): Illuminate\\Foundation\\Console\\Kernel->handle()
#14 {main}
"} 
[2025-03-20 15:44:15] local.ERROR: Class "\Themes\BC\ThemeProvider" not found {"exception":"[object] (Error(code: 0): Class \"\\Themes\\BC\\ThemeProvider\" not found at /var/www/emaparking_dss/themes/ThemeServiceProvider.php:23)
[stacktrace]
#0 /var/www/emaparking_dss/vendor/laravel/framework/src/Illuminate/Container/BoundMethod.php(36): Themes\\ThemeServiceProvider->boot()
#1 /var/www/emaparking_dss/vendor/laravel/framework/src/Illuminate/Container/Util.php(41): Illuminate\\Container\\BoundMethod::Illuminate\\Container\\{closure}()
#2 /var/www/emaparking_dss/vendor/laravel/framework/src/Illuminate/Container/BoundMethod.php(93): Illuminate\\Container\\Util::unwrapIfClosure()
#3 /var/www/emaparking_dss/vendor/laravel/framework/src/Illuminate/Container/BoundMethod.php(35): Illuminate\\Container\\BoundMethod::callBoundMethod()
#4 /var/www/emaparking_dss/vendor/laravel/framework/src/Illuminate/Container/Container.php(651): Illuminate\\Container\\BoundMethod::call()
#5 /var/www/emaparking_dss/vendor/laravel/framework/src/Illuminate/Foundation/Application.php(933): Illuminate\\Container\\Container->call()
#6 /var/www/emaparking_dss/vendor/laravel/framework/src/Illuminate/Foundation/Application.php(914): Illuminate\\Foundation\\Application->bootProvider()
#7 [internal function]: Illuminate\\Foundation\\Application->Illuminate\\Foundation\\{closure}()
#8 /var/www/emaparking_dss/vendor/laravel/framework/src/Illuminate/Foundation/Application.php(913): array_walk()
#9 /var/www/emaparking_dss/vendor/laravel/framework/src/Illuminate/Foundation/Bootstrap/BootProviders.php(17): Illuminate\\Foundation\\Application->boot()
#10 /var/www/emaparking_dss/vendor/laravel/framework/src/Illuminate/Foundation/Application.php(242): Illuminate\\Foundation\\Bootstrap\\BootProviders->bootstrap()
#11 /var/www/emaparking_dss/vendor/laravel/framework/src/Illuminate/Foundation/Console/Kernel.php(383): Illuminate\\Foundation\\Application->bootstrapWith()
#12 /var/www/emaparking_dss/vendor/laravel/framework/src/Illuminate/Foundation/Console/Kernel.php(153): Illuminate\\Foundation\\Console\\Kernel->bootstrap()
#13 Command line code(1): Illuminate\\Foundation\\Console\\Kernel->handle()
#14 {main}
"} 
[2025-03-20 15:45:15] local.ERROR: Class "\Themes\BC\ThemeProvider" not found {"exception":"[object] (Error(code: 0): Class \"\\Themes\\BC\\ThemeProvider\" not found at /var/www/emaparking_dss/themes/ThemeServiceProvider.php:23)
[stacktrace]
#0 /var/www/emaparking_dss/vendor/laravel/framework/src/Illuminate/Container/BoundMethod.php(36): Themes\\ThemeServiceProvider->boot()
#1 /var/www/emaparking_dss/vendor/laravel/framework/src/Illuminate/Container/Util.php(41): Illuminate\\Container\\BoundMethod::Illuminate\\Container\\{closure}()
#2 /var/www/emaparking_dss/vendor/laravel/framework/src/Illuminate/Container/BoundMethod.php(93): Illuminate\\Container\\Util::unwrapIfClosure()
#3 /var/www/emaparking_dss/vendor/laravel/framework/src/Illuminate/Container/BoundMethod.php(35): Illuminate\\Container\\BoundMethod::callBoundMethod()
#4 /var/www/emaparking_dss/vendor/laravel/framework/src/Illuminate/Container/Container.php(651): Illuminate\\Container\\BoundMethod::call()
#5 /var/www/emaparking_dss/vendor/laravel/framework/src/Illuminate/Foundation/Application.php(933): Illuminate\\Container\\Container->call()
#6 /var/www/emaparking_dss/vendor/laravel/framework/src/Illuminate/Foundation/Application.php(914): Illuminate\\Foundation\\Application->bootProvider()
#7 [internal function]: Illuminate\\Foundation\\Application->Illuminate\\Foundation\\{closure}()
#8 /var/www/emaparking_dss/vendor/laravel/framework/src/Illuminate/Foundation/Application.php(913): array_walk()
#9 /var/www/emaparking_dss/vendor/laravel/framework/src/Illuminate/Foundation/Bootstrap/BootProviders.php(17): Illuminate\\Foundation\\Application->boot()
#10 /var/www/emaparking_dss/vendor/laravel/framework/src/Illuminate/Foundation/Application.php(242): Illuminate\\Foundation\\Bootstrap\\BootProviders->bootstrap()
#11 /var/www/emaparking_dss/vendor/laravel/framework/src/Illuminate/Foundation/Console/Kernel.php(383): Illuminate\\Foundation\\Application->bootstrapWith()
#12 /var/www/emaparking_dss/vendor/laravel/framework/src/Illuminate/Foundation/Console/Kernel.php(153): Illuminate\\Foundation\\Console\\Kernel->bootstrap()
#13 Command line code(1): Illuminate\\Foundation\\Console\\Kernel->handle()
#14 {main}
"} 
[2025-03-20 15:45:15] local.ERROR: Class "\Themes\BC\ThemeProvider" not found {"exception":"[object] (Error(code: 0): Class \"\\Themes\\BC\\ThemeProvider\" not found at /var/www/emaparking_dss/themes/ThemeServiceProvider.php:23)
[stacktrace]
#0 /var/www/emaparking_dss/vendor/laravel/framework/src/Illuminate/Container/BoundMethod.php(36): Themes\\ThemeServiceProvider->boot()
#1 /var/www/emaparking_dss/vendor/laravel/framework/src/Illuminate/Container/Util.php(41): Illuminate\\Container\\BoundMethod::Illuminate\\Container\\{closure}()
#2 /var/www/emaparking_dss/vendor/laravel/framework/src/Illuminate/Container/BoundMethod.php(93): Illuminate\\Container\\Util::unwrapIfClosure()
#3 /var/www/emaparking_dss/vendor/laravel/framework/src/Illuminate/Container/BoundMethod.php(35): Illuminate\\Container\\BoundMethod::callBoundMethod()
#4 /var/www/emaparking_dss/vendor/laravel/framework/src/Illuminate/Container/Container.php(651): Illuminate\\Container\\BoundMethod::call()
#5 /var/www/emaparking_dss/vendor/laravel/framework/src/Illuminate/Foundation/Application.php(933): Illuminate\\Container\\Container->call()
#6 /var/www/emaparking_dss/vendor/laravel/framework/src/Illuminate/Foundation/Application.php(914): Illuminate\\Foundation\\Application->bootProvider()
#7 [internal function]: Illuminate\\Foundation\\Application->Illuminate\\Foundation\\{closure}()
#8 /var/www/emaparking_dss/vendor/laravel/framework/src/Illuminate/Foundation/Application.php(913): array_walk()
#9 /var/www/emaparking_dss/vendor/laravel/framework/src/Illuminate/Foundation/Bootstrap/BootProviders.php(17): Illuminate\\Foundation\\Application->boot()
#10 /var/www/emaparking_dss/vendor/laravel/framework/src/Illuminate/Foundation/Application.php(242): Illuminate\\Foundation\\Bootstrap\\BootProviders->bootstrap()
#11 /var/www/emaparking_dss/vendor/laravel/framework/src/Illuminate/Foundation/Console/Kernel.php(383): Illuminate\\Foundation\\Application->bootstrapWith()
#12 /var/www/emaparking_dss/vendor/laravel/framework/src/Illuminate/Foundation/Console/Kernel.php(153): Illuminate\\Foundation\\Console\\Kernel->bootstrap()
#13 Command line code(1): Illuminate\\Foundation\\Console\\Kernel->handle()
#14 {main}
"} 
[2025-03-20 15:46:15] local.ERROR: Class "\Themes\BC\ThemeProvider" not found {"exception":"[object] (Error(code: 0): Class \"\\Themes\\BC\\ThemeProvider\" not found at /var/www/emaparking_dss/themes/ThemeServiceProvider.php:23)
[stacktrace]
#0 /var/www/emaparking_dss/vendor/laravel/framework/src/Illuminate/Container/BoundMethod.php(36): Themes\\ThemeServiceProvider->boot()
#1 /var/www/emaparking_dss/vendor/laravel/framework/src/Illuminate/Container/Util.php(41): Illuminate\\Container\\BoundMethod::Illuminate\\Container\\{closure}()
#2 /var/www/emaparking_dss/vendor/laravel/framework/src/Illuminate/Container/BoundMethod.php(93): Illuminate\\Container\\Util::unwrapIfClosure()
#3 /var/www/emaparking_dss/vendor/laravel/framework/src/Illuminate/Container/BoundMethod.php(35): Illuminate\\Container\\BoundMethod::callBoundMethod()
#4 /var/www/emaparking_dss/vendor/laravel/framework/src/Illuminate/Container/Container.php(651): Illuminate\\Container\\BoundMethod::call()
#5 /var/www/emaparking_dss/vendor/laravel/framework/src/Illuminate/Foundation/Application.php(933): Illuminate\\Container\\Container->call()
#6 /var/www/emaparking_dss/vendor/laravel/framework/src/Illuminate/Foundation/Application.php(914): Illuminate\\Foundation\\Application->bootProvider()
#7 [internal function]: Illuminate\\Foundation\\Application->Illuminate\\Foundation\\{closure}()
#8 /var/www/emaparking_dss/vendor/laravel/framework/src/Illuminate/Foundation/Application.php(913): array_walk()
#9 /var/www/emaparking_dss/vendor/laravel/framework/src/Illuminate/Foundation/Bootstrap/BootProviders.php(17): Illuminate\\Foundation\\Application->boot()
#10 /var/www/emaparking_dss/vendor/laravel/framework/src/Illuminate/Foundation/Application.php(242): Illuminate\\Foundation\\Bootstrap\\BootProviders->bootstrap()
#11 /var/www/emaparking_dss/vendor/laravel/framework/src/Illuminate/Foundation/Console/Kernel.php(383): Illuminate\\Foundation\\Application->bootstrapWith()
#12 /var/www/emaparking_dss/vendor/laravel/framework/src/Illuminate/Foundation/Console/Kernel.php(153): Illuminate\\Foundation\\Console\\Kernel->bootstrap()
#13 Command line code(1): Illuminate\\Foundation\\Console\\Kernel->handle()
#14 {main}
"} 
[2025-03-20 15:46:15] local.ERROR: Class "\Themes\BC\ThemeProvider" not found {"exception":"[object] (Error(code: 0): Class \"\\Themes\\BC\\ThemeProvider\" not found at /var/www/emaparking_dss/themes/ThemeServiceProvider.php:23)
[stacktrace]
#0 /var/www/emaparking_dss/vendor/laravel/framework/src/Illuminate/Container/BoundMethod.php(36): Themes\\ThemeServiceProvider->boot()
#1 /var/www/emaparking_dss/vendor/laravel/framework/src/Illuminate/Container/Util.php(41): Illuminate\\Container\\BoundMethod::Illuminate\\Container\\{closure}()
#2 /var/www/emaparking_dss/vendor/laravel/framework/src/Illuminate/Container/BoundMethod.php(93): Illuminate\\Container\\Util::unwrapIfClosure()
#3 /var/www/emaparking_dss/vendor/laravel/framework/src/Illuminate/Container/BoundMethod.php(35): Illuminate\\Container\\BoundMethod::callBoundMethod()
#4 /var/www/emaparking_dss/vendor/laravel/framework/src/Illuminate/Container/Container.php(651): Illuminate\\Container\\BoundMethod::call()
#5 /var/www/emaparking_dss/vendor/laravel/framework/src/Illuminate/Foundation/Application.php(933): Illuminate\\Container\\Container->call()
#6 /var/www/emaparking_dss/vendor/laravel/framework/src/Illuminate/Foundation/Application.php(914): Illuminate\\Foundation\\Application->bootProvider()
#7 [internal function]: Illuminate\\Foundation\\Application->Illuminate\\Foundation\\{closure}()
#8 /var/www/emaparking_dss/vendor/laravel/framework/src/Illuminate/Foundation/Application.php(913): array_walk()
#9 /var/www/emaparking_dss/vendor/laravel/framework/src/Illuminate/Foundation/Bootstrap/BootProviders.php(17): Illuminate\\Foundation\\Application->boot()
#10 /var/www/emaparking_dss/vendor/laravel/framework/src/Illuminate/Foundation/Application.php(242): Illuminate\\Foundation\\Bootstrap\\BootProviders->bootstrap()
#11 /var/www/emaparking_dss/vendor/laravel/framework/src/Illuminate/Foundation/Console/Kernel.php(383): Illuminate\\Foundation\\Application->bootstrapWith()
#12 /var/www/emaparking_dss/vendor/laravel/framework/src/Illuminate/Foundation/Console/Kernel.php(153): Illuminate\\Foundation\\Console\\Kernel->bootstrap()
#13 Command line code(1): Illuminate\\Foundation\\Console\\Kernel->handle()
#14 {main}
"} 
[2025-03-20 15:47:15] local.ERROR: Class "\Themes\BC\ThemeProvider" not found {"exception":"[object] (Error(code: 0): Class \"\\Themes\\BC\\ThemeProvider\" not found at /var/www/emaparking_dss/themes/ThemeServiceProvider.php:23)
[stacktrace]
#0 /var/www/emaparking_dss/vendor/laravel/framework/src/Illuminate/Container/BoundMethod.php(36): Themes\\ThemeServiceProvider->boot()
#1 /var/www/emaparking_dss/vendor/laravel/framework/src/Illuminate/Container/Util.php(41): Illuminate\\Container\\BoundMethod::Illuminate\\Container\\{closure}()
#2 /var/www/emaparking_dss/vendor/laravel/framework/src/Illuminate/Container/BoundMethod.php(93): Illuminate\\Container\\Util::unwrapIfClosure()
#3 /var/www/emaparking_dss/vendor/laravel/framework/src/Illuminate/Container/BoundMethod.php(35): Illuminate\\Container\\BoundMethod::callBoundMethod()
#4 /var/www/emaparking_dss/vendor/laravel/framework/src/Illuminate/Container/Container.php(651): Illuminate\\Container\\BoundMethod::call()
#5 /var/www/emaparking_dss/vendor/laravel/framework/src/Illuminate/Foundation/Application.php(933): Illuminate\\Container\\Container->call()
#6 /var/www/emaparking_dss/vendor/laravel/framework/src/Illuminate/Foundation/Application.php(914): Illuminate\\Foundation\\Application->bootProvider()
#7 [internal function]: Illuminate\\Foundation\\Application->Illuminate\\Foundation\\{closure}()
#8 /var/www/emaparking_dss/vendor/laravel/framework/src/Illuminate/Foundation/Application.php(913): array_walk()
#9 /var/www/emaparking_dss/vendor/laravel/framework/src/Illuminate/Foundation/Bootstrap/BootProviders.php(17): Illuminate\\Foundation\\Application->boot()
#10 /var/www/emaparking_dss/vendor/laravel/framework/src/Illuminate/Foundation/Application.php(242): Illuminate\\Foundation\\Bootstrap\\BootProviders->bootstrap()
#11 /var/www/emaparking_dss/vendor/laravel/framework/src/Illuminate/Foundation/Console/Kernel.php(383): Illuminate\\Foundation\\Application->bootstrapWith()
#12 /var/www/emaparking_dss/vendor/laravel/framework/src/Illuminate/Foundation/Console/Kernel.php(153): Illuminate\\Foundation\\Console\\Kernel->bootstrap()
#13 Command line code(1): Illuminate\\Foundation\\Console\\Kernel->handle()
#14 {main}
"} 
[2025-03-20 15:47:15] local.ERROR: Class "\Themes\BC\ThemeProvider" not found {"exception":"[object] (Error(code: 0): Class \"\\Themes\\BC\\ThemeProvider\" not found at /var/www/emaparking_dss/themes/ThemeServiceProvider.php:23)
[stacktrace]
#0 /var/www/emaparking_dss/vendor/laravel/framework/src/Illuminate/Container/BoundMethod.php(36): Themes\\ThemeServiceProvider->boot()
#1 /var/www/emaparking_dss/vendor/laravel/framework/src/Illuminate/Container/Util.php(41): Illuminate\\Container\\BoundMethod::Illuminate\\Container\\{closure}()
#2 /var/www/emaparking_dss/vendor/laravel/framework/src/Illuminate/Container/BoundMethod.php(93): Illuminate\\Container\\Util::unwrapIfClosure()
#3 /var/www/emaparking_dss/vendor/laravel/framework/src/Illuminate/Container/BoundMethod.php(35): Illuminate\\Container\\BoundMethod::callBoundMethod()
#4 /var/www/emaparking_dss/vendor/laravel/framework/src/Illuminate/Container/Container.php(651): Illuminate\\Container\\BoundMethod::call()
#5 /var/www/emaparking_dss/vendor/laravel/framework/src/Illuminate/Foundation/Application.php(933): Illuminate\\Container\\Container->call()
#6 /var/www/emaparking_dss/vendor/laravel/framework/src/Illuminate/Foundation/Application.php(914): Illuminate\\Foundation\\Application->bootProvider()
#7 [internal function]: Illuminate\\Foundation\\Application->Illuminate\\Foundation\\{closure}()
#8 /var/www/emaparking_dss/vendor/laravel/framework/src/Illuminate/Foundation/Application.php(913): array_walk()
#9 /var/www/emaparking_dss/vendor/laravel/framework/src/Illuminate/Foundation/Bootstrap/BootProviders.php(17): Illuminate\\Foundation\\Application->boot()
#10 /var/www/emaparking_dss/vendor/laravel/framework/src/Illuminate/Foundation/Application.php(242): Illuminate\\Foundation\\Bootstrap\\BootProviders->bootstrap()
#11 /var/www/emaparking_dss/vendor/laravel/framework/src/Illuminate/Foundation/Console/Kernel.php(383): Illuminate\\Foundation\\Application->bootstrapWith()
#12 /var/www/emaparking_dss/vendor/laravel/framework/src/Illuminate/Foundation/Console/Kernel.php(153): Illuminate\\Foundation\\Console\\Kernel->bootstrap()
#13 Command line code(1): Illuminate\\Foundation\\Console\\Kernel->handle()
#14 {main}
"} 
[2025-03-20 15:48:15] local.ERROR: Class "\Themes\BC\ThemeProvider" not found {"exception":"[object] (Error(code: 0): Class \"\\Themes\\BC\\ThemeProvider\" not found at /var/www/emaparking_dss/themes/ThemeServiceProvider.php:23)
[stacktrace]
#0 /var/www/emaparking_dss/vendor/laravel/framework/src/Illuminate/Container/BoundMethod.php(36): Themes\\ThemeServiceProvider->boot()
#1 /var/www/emaparking_dss/vendor/laravel/framework/src/Illuminate/Container/Util.php(41): Illuminate\\Container\\BoundMethod::Illuminate\\Container\\{closure}()
#2 /var/www/emaparking_dss/vendor/laravel/framework/src/Illuminate/Container/BoundMethod.php(93): Illuminate\\Container\\Util::unwrapIfClosure()
#3 /var/www/emaparking_dss/vendor/laravel/framework/src/Illuminate/Container/BoundMethod.php(35): Illuminate\\Container\\BoundMethod::callBoundMethod()
#4 /var/www/emaparking_dss/vendor/laravel/framework/src/Illuminate/Container/Container.php(651): Illuminate\\Container\\BoundMethod::call()
#5 /var/www/emaparking_dss/vendor/laravel/framework/src/Illuminate/Foundation/Application.php(933): Illuminate\\Container\\Container->call()
#6 /var/www/emaparking_dss/vendor/laravel/framework/src/Illuminate/Foundation/Application.php(914): Illuminate\\Foundation\\Application->bootProvider()
#7 [internal function]: Illuminate\\Foundation\\Application->Illuminate\\Foundation\\{closure}()
#8 /var/www/emaparking_dss/vendor/laravel/framework/src/Illuminate/Foundation/Application.php(913): array_walk()
#9 /var/www/emaparking_dss/vendor/laravel/framework/src/Illuminate/Foundation/Bootstrap/BootProviders.php(17): Illuminate\\Foundation\\Application->boot()
#10 /var/www/emaparking_dss/vendor/laravel/framework/src/Illuminate/Foundation/Application.php(242): Illuminate\\Foundation\\Bootstrap\\BootProviders->bootstrap()
#11 /var/www/emaparking_dss/vendor/laravel/framework/src/Illuminate/Foundation/Console/Kernel.php(383): Illuminate\\Foundation\\Application->bootstrapWith()
#12 /var/www/emaparking_dss/vendor/laravel/framework/src/Illuminate/Foundation/Console/Kernel.php(153): Illuminate\\Foundation\\Console\\Kernel->bootstrap()
#13 Command line code(1): Illuminate\\Foundation\\Console\\Kernel->handle()
#14 {main}
"} 
[2025-03-20 15:48:15] local.ERROR: Class "\Themes\BC\ThemeProvider" not found {"exception":"[object] (Error(code: 0): Class \"\\Themes\\BC\\ThemeProvider\" not found at /var/www/emaparking_dss/themes/ThemeServiceProvider.php:23)
[stacktrace]
#0 /var/www/emaparking_dss/vendor/laravel/framework/src/Illuminate/Container/BoundMethod.php(36): Themes\\ThemeServiceProvider->boot()
#1 /var/www/emaparking_dss/vendor/laravel/framework/src/Illuminate/Container/Util.php(41): Illuminate\\Container\\BoundMethod::Illuminate\\Container\\{closure}()
#2 /var/www/emaparking_dss/vendor/laravel/framework/src/Illuminate/Container/BoundMethod.php(93): Illuminate\\Container\\Util::unwrapIfClosure()
#3 /var/www/emaparking_dss/vendor/laravel/framework/src/Illuminate/Container/BoundMethod.php(35): Illuminate\\Container\\BoundMethod::callBoundMethod()
#4 /var/www/emaparking_dss/vendor/laravel/framework/src/Illuminate/Container/Container.php(651): Illuminate\\Container\\BoundMethod::call()
#5 /var/www/emaparking_dss/vendor/laravel/framework/src/Illuminate/Foundation/Application.php(933): Illuminate\\Container\\Container->call()
#6 /var/www/emaparking_dss/vendor/laravel/framework/src/Illuminate/Foundation/Application.php(914): Illuminate\\Foundation\\Application->bootProvider()
#7 [internal function]: Illuminate\\Foundation\\Application->Illuminate\\Foundation\\{closure}()
#8 /var/www/emaparking_dss/vendor/laravel/framework/src/Illuminate/Foundation/Application.php(913): array_walk()
#9 /var/www/emaparking_dss/vendor/laravel/framework/src/Illuminate/Foundation/Bootstrap/BootProviders.php(17): Illuminate\\Foundation\\Application->boot()
#10 /var/www/emaparking_dss/vendor/laravel/framework/src/Illuminate/Foundation/Application.php(242): Illuminate\\Foundation\\Bootstrap\\BootProviders->bootstrap()
#11 /var/www/emaparking_dss/vendor/laravel/framework/src/Illuminate/Foundation/Console/Kernel.php(383): Illuminate\\Foundation\\Application->bootstrapWith()
#12 /var/www/emaparking_dss/vendor/laravel/framework/src/Illuminate/Foundation/Console/Kernel.php(153): Illuminate\\Foundation\\Console\\Kernel->bootstrap()
#13 Command line code(1): Illuminate\\Foundation\\Console\\Kernel->handle()
#14 {main}
"} 
[2025-03-20 15:49:15] local.ERROR: Class "\Themes\BC\ThemeProvider" not found {"exception":"[object] (Error(code: 0): Class \"\\Themes\\BC\\ThemeProvider\" not found at /var/www/emaparking_dss/themes/ThemeServiceProvider.php:23)
[stacktrace]
#0 /var/www/emaparking_dss/vendor/laravel/framework/src/Illuminate/Container/BoundMethod.php(36): Themes\\ThemeServiceProvider->boot()
#1 /var/www/emaparking_dss/vendor/laravel/framework/src/Illuminate/Container/Util.php(41): Illuminate\\Container\\BoundMethod::Illuminate\\Container\\{closure}()
#2 /var/www/emaparking_dss/vendor/laravel/framework/src/Illuminate/Container/BoundMethod.php(93): Illuminate\\Container\\Util::unwrapIfClosure()
#3 /var/www/emaparking_dss/vendor/laravel/framework/src/Illuminate/Container/BoundMethod.php(35): Illuminate\\Container\\BoundMethod::callBoundMethod()
#4 /var/www/emaparking_dss/vendor/laravel/framework/src/Illuminate/Container/Container.php(651): Illuminate\\Container\\BoundMethod::call()
#5 /var/www/emaparking_dss/vendor/laravel/framework/src/Illuminate/Foundation/Application.php(933): Illuminate\\Container\\Container->call()
#6 /var/www/emaparking_dss/vendor/laravel/framework/src/Illuminate/Foundation/Application.php(914): Illuminate\\Foundation\\Application->bootProvider()
#7 [internal function]: Illuminate\\Foundation\\Application->Illuminate\\Foundation\\{closure}()
#8 /var/www/emaparking_dss/vendor/laravel/framework/src/Illuminate/Foundation/Application.php(913): array_walk()
#9 /var/www/emaparking_dss/vendor/laravel/framework/src/Illuminate/Foundation/Bootstrap/BootProviders.php(17): Illuminate\\Foundation\\Application->boot()
#10 /var/www/emaparking_dss/vendor/laravel/framework/src/Illuminate/Foundation/Application.php(242): Illuminate\\Foundation\\Bootstrap\\BootProviders->bootstrap()
#11 /var/www/emaparking_dss/vendor/laravel/framework/src/Illuminate/Foundation/Console/Kernel.php(383): Illuminate\\Foundation\\Application->bootstrapWith()
#12 /var/www/emaparking_dss/vendor/laravel/framework/src/Illuminate/Foundation/Console/Kernel.php(153): Illuminate\\Foundation\\Console\\Kernel->bootstrap()
#13 Command line code(1): Illuminate\\Foundation\\Console\\Kernel->handle()
#14 {main}
"} 
[2025-03-20 15:49:15] local.ERROR: Class "\Themes\BC\ThemeProvider" not found {"exception":"[object] (Error(code: 0): Class \"\\Themes\\BC\\ThemeProvider\" not found at /var/www/emaparking_dss/themes/ThemeServiceProvider.php:23)
[stacktrace]
#0 /var/www/emaparking_dss/vendor/laravel/framework/src/Illuminate/Container/BoundMethod.php(36): Themes\\ThemeServiceProvider->boot()
#1 /var/www/emaparking_dss/vendor/laravel/framework/src/Illuminate/Container/Util.php(41): Illuminate\\Container\\BoundMethod::Illuminate\\Container\\{closure}()
#2 /var/www/emaparking_dss/vendor/laravel/framework/src/Illuminate/Container/BoundMethod.php(93): Illuminate\\Container\\Util::unwrapIfClosure()
#3 /var/www/emaparking_dss/vendor/laravel/framework/src/Illuminate/Container/BoundMethod.php(35): Illuminate\\Container\\BoundMethod::callBoundMethod()
#4 /var/www/emaparking_dss/vendor/laravel/framework/src/Illuminate/Container/Container.php(651): Illuminate\\Container\\BoundMethod::call()
#5 /var/www/emaparking_dss/vendor/laravel/framework/src/Illuminate/Foundation/Application.php(933): Illuminate\\Container\\Container->call()
#6 /var/www/emaparking_dss/vendor/laravel/framework/src/Illuminate/Foundation/Application.php(914): Illuminate\\Foundation\\Application->bootProvider()
#7 [internal function]: Illuminate\\Foundation\\Application->Illuminate\\Foundation\\{closure}()
#8 /var/www/emaparking_dss/vendor/laravel/framework/src/Illuminate/Foundation/Application.php(913): array_walk()
#9 /var/www/emaparking_dss/vendor/laravel/framework/src/Illuminate/Foundation/Bootstrap/BootProviders.php(17): Illuminate\\Foundation\\Application->boot()
#10 /var/www/emaparking_dss/vendor/laravel/framework/src/Illuminate/Foundation/Application.php(242): Illuminate\\Foundation\\Bootstrap\\BootProviders->bootstrap()
#11 /var/www/emaparking_dss/vendor/laravel/framework/src/Illuminate/Foundation/Console/Kernel.php(383): Illuminate\\Foundation\\Application->bootstrapWith()
#12 /var/www/emaparking_dss/vendor/laravel/framework/src/Illuminate/Foundation/Console/Kernel.php(153): Illuminate\\Foundation\\Console\\Kernel->bootstrap()
#13 Command line code(1): Illuminate\\Foundation\\Console\\Kernel->handle()
#14 {main}
"} 
[2025-03-20 15:49:15] local.ERROR: Class "\Themes\BC\ThemeProvider" not found {"exception":"[object] (Error(code: 0): Class \"\\Themes\\BC\\ThemeProvider\" not found at /var/www/emaparking_dss/themes/ThemeServiceProvider.php:23)
[stacktrace]
#0 /var/www/emaparking_dss/vendor/laravel/framework/src/Illuminate/Container/BoundMethod.php(36): Themes\\ThemeServiceProvider->boot()
#1 /var/www/emaparking_dss/vendor/laravel/framework/src/Illuminate/Container/Util.php(41): Illuminate\\Container\\BoundMethod::Illuminate\\Container\\{closure}()
#2 /var/www/emaparking_dss/vendor/laravel/framework/src/Illuminate/Container/BoundMethod.php(93): Illuminate\\Container\\Util::unwrapIfClosure()
#3 /var/www/emaparking_dss/vendor/laravel/framework/src/Illuminate/Container/BoundMethod.php(35): Illuminate\\Container\\BoundMethod::callBoundMethod()
#4 /var/www/emaparking_dss/vendor/laravel/framework/src/Illuminate/Container/Container.php(651): Illuminate\\Container\\BoundMethod::call()
#5 /var/www/emaparking_dss/vendor/laravel/framework/src/Illuminate/Foundation/Application.php(933): Illuminate\\Container\\Container->call()
#6 /var/www/emaparking_dss/vendor/laravel/framework/src/Illuminate/Foundation/Application.php(914): Illuminate\\Foundation\\Application->bootProvider()
#7 [internal function]: Illuminate\\Foundation\\Application->Illuminate\\Foundation\\{closure}()
#8 /var/www/emaparking_dss/vendor/laravel/framework/src/Illuminate/Foundation/Application.php(913): array_walk()
#9 /var/www/emaparking_dss/vendor/laravel/framework/src/Illuminate/Foundation/Bootstrap/BootProviders.php(17): Illuminate\\Foundation\\Application->boot()
#10 /var/www/emaparking_dss/vendor/laravel/framework/src/Illuminate/Foundation/Application.php(242): Illuminate\\Foundation\\Bootstrap\\BootProviders->bootstrap()
#11 /var/www/emaparking_dss/vendor/laravel/framework/src/Illuminate/Foundation/Console/Kernel.php(383): Illuminate\\Foundation\\Application->bootstrapWith()
#12 /var/www/emaparking_dss/vendor/laravel/framework/src/Illuminate/Foundation/Console/Kernel.php(153): Illuminate\\Foundation\\Console\\Kernel->bootstrap()
#13 Command line code(1): Illuminate\\Foundation\\Console\\Kernel->handle()
#14 {main}
"} 
[2025-03-20 15:50:15] local.ERROR: Class "\Themes\BC\ThemeProvider" not found {"exception":"[object] (Error(code: 0): Class \"\\Themes\\BC\\ThemeProvider\" not found at /var/www/emaparking_dss/themes/ThemeServiceProvider.php:23)
[stacktrace]
#0 /var/www/emaparking_dss/vendor/laravel/framework/src/Illuminate/Container/BoundMethod.php(36): Themes\\ThemeServiceProvider->boot()
#1 /var/www/emaparking_dss/vendor/laravel/framework/src/Illuminate/Container/Util.php(41): Illuminate\\Container\\BoundMethod::Illuminate\\Container\\{closure}()
#2 /var/www/emaparking_dss/vendor/laravel/framework/src/Illuminate/Container/BoundMethod.php(93): Illuminate\\Container\\Util::unwrapIfClosure()
#3 /var/www/emaparking_dss/vendor/laravel/framework/src/Illuminate/Container/BoundMethod.php(35): Illuminate\\Container\\BoundMethod::callBoundMethod()
#4 /var/www/emaparking_dss/vendor/laravel/framework/src/Illuminate/Container/Container.php(651): Illuminate\\Container\\BoundMethod::call()
#5 /var/www/emaparking_dss/vendor/laravel/framework/src/Illuminate/Foundation/Application.php(933): Illuminate\\Container\\Container->call()
#6 /var/www/emaparking_dss/vendor/laravel/framework/src/Illuminate/Foundation/Application.php(914): Illuminate\\Foundation\\Application->bootProvider()
#7 [internal function]: Illuminate\\Foundation\\Application->Illuminate\\Foundation\\{closure}()
#8 /var/www/emaparking_dss/vendor/laravel/framework/src/Illuminate/Foundation/Application.php(913): array_walk()
#9 /var/www/emaparking_dss/vendor/laravel/framework/src/Illuminate/Foundation/Bootstrap/BootProviders.php(17): Illuminate\\Foundation\\Application->boot()
#10 /var/www/emaparking_dss/vendor/laravel/framework/src/Illuminate/Foundation/Application.php(242): Illuminate\\Foundation\\Bootstrap\\BootProviders->bootstrap()
#11 /var/www/emaparking_dss/vendor/laravel/framework/src/Illuminate/Foundation/Console/Kernel.php(383): Illuminate\\Foundation\\Application->bootstrapWith()
#12 /var/www/emaparking_dss/vendor/laravel/framework/src/Illuminate/Foundation/Console/Kernel.php(153): Illuminate\\Foundation\\Console\\Kernel->bootstrap()
#13 Command line code(1): Illuminate\\Foundation\\Console\\Kernel->handle()
#14 {main}
"} 
[2025-03-20 15:50:15] local.ERROR: Class "\Themes\BC\ThemeProvider" not found {"exception":"[object] (Error(code: 0): Class \"\\Themes\\BC\\ThemeProvider\" not found at /var/www/emaparking_dss/themes/ThemeServiceProvider.php:23)
[stacktrace]
#0 /var/www/emaparking_dss/vendor/laravel/framework/src/Illuminate/Container/BoundMethod.php(36): Themes\\ThemeServiceProvider->boot()
#1 /var/www/emaparking_dss/vendor/laravel/framework/src/Illuminate/Container/Util.php(41): Illuminate\\Container\\BoundMethod::Illuminate\\Container\\{closure}()
#2 /var/www/emaparking_dss/vendor/laravel/framework/src/Illuminate/Container/BoundMethod.php(93): Illuminate\\Container\\Util::unwrapIfClosure()
#3 /var/www/emaparking_dss/vendor/laravel/framework/src/Illuminate/Container/BoundMethod.php(35): Illuminate\\Container\\BoundMethod::callBoundMethod()
#4 /var/www/emaparking_dss/vendor/laravel/framework/src/Illuminate/Container/Container.php(651): Illuminate\\Container\\BoundMethod::call()
#5 /var/www/emaparking_dss/vendor/laravel/framework/src/Illuminate/Foundation/Application.php(933): Illuminate\\Container\\Container->call()
#6 /var/www/emaparking_dss/vendor/laravel/framework/src/Illuminate/Foundation/Application.php(914): Illuminate\\Foundation\\Application->bootProvider()
#7 [internal function]: Illuminate\\Foundation\\Application->Illuminate\\Foundation\\{closure}()
#8 /var/www/emaparking_dss/vendor/laravel/framework/src/Illuminate/Foundation/Application.php(913): array_walk()
#9 /var/www/emaparking_dss/vendor/laravel/framework/src/Illuminate/Foundation/Bootstrap/BootProviders.php(17): Illuminate\\Foundation\\Application->boot()
#10 /var/www/emaparking_dss/vendor/laravel/framework/src/Illuminate/Foundation/Application.php(242): Illuminate\\Foundation\\Bootstrap\\BootProviders->bootstrap()
#11 /var/www/emaparking_dss/vendor/laravel/framework/src/Illuminate/Foundation/Console/Kernel.php(383): Illuminate\\Foundation\\Application->bootstrapWith()
#12 /var/www/emaparking_dss/vendor/laravel/framework/src/Illuminate/Foundation/Console/Kernel.php(153): Illuminate\\Foundation\\Console\\Kernel->bootstrap()
#13 Command line code(1): Illuminate\\Foundation\\Console\\Kernel->handle()
#14 {main}
"} 
[2025-03-20 15:51:15] local.ERROR: Class "\Themes\BC\ThemeProvider" not found {"exception":"[object] (Error(code: 0): Class \"\\Themes\\BC\\ThemeProvider\" not found at /var/www/emaparking_dss/themes/ThemeServiceProvider.php:23)
[stacktrace]
#0 /var/www/emaparking_dss/vendor/laravel/framework/src/Illuminate/Container/BoundMethod.php(36): Themes\\ThemeServiceProvider->boot()
#1 /var/www/emaparking_dss/vendor/laravel/framework/src/Illuminate/Container/Util.php(41): Illuminate\\Container\\BoundMethod::Illuminate\\Container\\{closure}()
#2 /var/www/emaparking_dss/vendor/laravel/framework/src/Illuminate/Container/BoundMethod.php(93): Illuminate\\Container\\Util::unwrapIfClosure()
#3 /var/www/emaparking_dss/vendor/laravel/framework/src/Illuminate/Container/BoundMethod.php(35): Illuminate\\Container\\BoundMethod::callBoundMethod()
#4 /var/www/emaparking_dss/vendor/laravel/framework/src/Illuminate/Container/Container.php(651): Illuminate\\Container\\BoundMethod::call()
#5 /var/www/emaparking_dss/vendor/laravel/framework/src/Illuminate/Foundation/Application.php(933): Illuminate\\Container\\Container->call()
#6 /var/www/emaparking_dss/vendor/laravel/framework/src/Illuminate/Foundation/Application.php(914): Illuminate\\Foundation\\Application->bootProvider()
#7 [internal function]: Illuminate\\Foundation\\Application->Illuminate\\Foundation\\{closure}()
#8 /var/www/emaparking_dss/vendor/laravel/framework/src/Illuminate/Foundation/Application.php(913): array_walk()
#9 /var/www/emaparking_dss/vendor/laravel/framework/src/Illuminate/Foundation/Bootstrap/BootProviders.php(17): Illuminate\\Foundation\\Application->boot()
#10 /var/www/emaparking_dss/vendor/laravel/framework/src/Illuminate/Foundation/Application.php(242): Illuminate\\Foundation\\Bootstrap\\BootProviders->bootstrap()
#11 /var/www/emaparking_dss/vendor/laravel/framework/src/Illuminate/Foundation/Console/Kernel.php(383): Illuminate\\Foundation\\Application->bootstrapWith()
#12 /var/www/emaparking_dss/vendor/laravel/framework/src/Illuminate/Foundation/Console/Kernel.php(153): Illuminate\\Foundation\\Console\\Kernel->bootstrap()
#13 Command line code(1): Illuminate\\Foundation\\Console\\Kernel->handle()
#14 {main}
"} 
[2025-03-20 15:51:15] local.ERROR: Class "\Themes\BC\ThemeProvider" not found {"exception":"[object] (Error(code: 0): Class \"\\Themes\\BC\\ThemeProvider\" not found at /var/www/emaparking_dss/themes/ThemeServiceProvider.php:23)
[stacktrace]
#0 /var/www/emaparking_dss/vendor/laravel/framework/src/Illuminate/Container/BoundMethod.php(36): Themes\\ThemeServiceProvider->boot()
#1 /var/www/emaparking_dss/vendor/laravel/framework/src/Illuminate/Container/Util.php(41): Illuminate\\Container\\BoundMethod::Illuminate\\Container\\{closure}()
#2 /var/www/emaparking_dss/vendor/laravel/framework/src/Illuminate/Container/BoundMethod.php(93): Illuminate\\Container\\Util::unwrapIfClosure()
#3 /var/www/emaparking_dss/vendor/laravel/framework/src/Illuminate/Container/BoundMethod.php(35): Illuminate\\Container\\BoundMethod::callBoundMethod()
#4 /var/www/emaparking_dss/vendor/laravel/framework/src/Illuminate/Container/Container.php(651): Illuminate\\Container\\BoundMethod::call()
#5 /var/www/emaparking_dss/vendor/laravel/framework/src/Illuminate/Foundation/Application.php(933): Illuminate\\Container\\Container->call()
#6 /var/www/emaparking_dss/vendor/laravel/framework/src/Illuminate/Foundation/Application.php(914): Illuminate\\Foundation\\Application->bootProvider()
#7 [internal function]: Illuminate\\Foundation\\Application->Illuminate\\Foundation\\{closure}()
#8 /var/www/emaparking_dss/vendor/laravel/framework/src/Illuminate/Foundation/Application.php(913): array_walk()
#9 /var/www/emaparking_dss/vendor/laravel/framework/src/Illuminate/Foundation/Bootstrap/BootProviders.php(17): Illuminate\\Foundation\\Application->boot()
#10 /var/www/emaparking_dss/vendor/laravel/framework/src/Illuminate/Foundation/Application.php(242): Illuminate\\Foundation\\Bootstrap\\BootProviders->bootstrap()
#11 /var/www/emaparking_dss/vendor/laravel/framework/src/Illuminate/Foundation/Console/Kernel.php(383): Illuminate\\Foundation\\Application->bootstrapWith()
#12 /var/www/emaparking_dss/vendor/laravel/framework/src/Illuminate/Foundation/Console/Kernel.php(153): Illuminate\\Foundation\\Console\\Kernel->bootstrap()
#13 Command line code(1): Illuminate\\Foundation\\Console\\Kernel->handle()
#14 {main}
"} 
[2025-03-20 15:52:15] local.ERROR: Class "\Themes\BC\ThemeProvider" not found {"exception":"[object] (Error(code: 0): Class \"\\Themes\\BC\\ThemeProvider\" not found at /var/www/emaparking_dss/themes/ThemeServiceProvider.php:23)
[stacktrace]
#0 /var/www/emaparking_dss/vendor/laravel/framework/src/Illuminate/Container/BoundMethod.php(36): Themes\\ThemeServiceProvider->boot()
#1 /var/www/emaparking_dss/vendor/laravel/framework/src/Illuminate/Container/Util.php(41): Illuminate\\Container\\BoundMethod::Illuminate\\Container\\{closure}()
#2 /var/www/emaparking_dss/vendor/laravel/framework/src/Illuminate/Container/BoundMethod.php(93): Illuminate\\Container\\Util::unwrapIfClosure()
#3 /var/www/emaparking_dss/vendor/laravel/framework/src/Illuminate/Container/BoundMethod.php(35): Illuminate\\Container\\BoundMethod::callBoundMethod()
#4 /var/www/emaparking_dss/vendor/laravel/framework/src/Illuminate/Container/Container.php(651): Illuminate\\Container\\BoundMethod::call()
#5 /var/www/emaparking_dss/vendor/laravel/framework/src/Illuminate/Foundation/Application.php(933): Illuminate\\Container\\Container->call()
#6 /var/www/emaparking_dss/vendor/laravel/framework/src/Illuminate/Foundation/Application.php(914): Illuminate\\Foundation\\Application->bootProvider()
#7 [internal function]: Illuminate\\Foundation\\Application->Illuminate\\Foundation\\{closure}()
#8 /var/www/emaparking_dss/vendor/laravel/framework/src/Illuminate/Foundation/Application.php(913): array_walk()
#9 /var/www/emaparking_dss/vendor/laravel/framework/src/Illuminate/Foundation/Bootstrap/BootProviders.php(17): Illuminate\\Foundation\\Application->boot()
#10 /var/www/emaparking_dss/vendor/laravel/framework/src/Illuminate/Foundation/Application.php(242): Illuminate\\Foundation\\Bootstrap\\BootProviders->bootstrap()
#11 /var/www/emaparking_dss/vendor/laravel/framework/src/Illuminate/Foundation/Console/Kernel.php(383): Illuminate\\Foundation\\Application->bootstrapWith()
#12 /var/www/emaparking_dss/vendor/laravel/framework/src/Illuminate/Foundation/Console/Kernel.php(153): Illuminate\\Foundation\\Console\\Kernel->bootstrap()
#13 Command line code(1): Illuminate\\Foundation\\Console\\Kernel->handle()
#14 {main}
"} 
[2025-03-20 15:52:15] local.ERROR: Class "\Themes\BC\ThemeProvider" not found {"exception":"[object] (Error(code: 0): Class \"\\Themes\\BC\\ThemeProvider\" not found at /var/www/emaparking_dss/themes/ThemeServiceProvider.php:23)
[stacktrace]
#0 /var/www/emaparking_dss/vendor/laravel/framework/src/Illuminate/Container/BoundMethod.php(36): Themes\\ThemeServiceProvider->boot()
#1 /var/www/emaparking_dss/vendor/laravel/framework/src/Illuminate/Container/Util.php(41): Illuminate\\Container\\BoundMethod::Illuminate\\Container\\{closure}()
#2 /var/www/emaparking_dss/vendor/laravel/framework/src/Illuminate/Container/BoundMethod.php(93): Illuminate\\Container\\Util::unwrapIfClosure()
#3 /var/www/emaparking_dss/vendor/laravel/framework/src/Illuminate/Container/BoundMethod.php(35): Illuminate\\Container\\BoundMethod::callBoundMethod()
#4 /var/www/emaparking_dss/vendor/laravel/framework/src/Illuminate/Container/Container.php(651): Illuminate\\Container\\BoundMethod::call()
#5 /var/www/emaparking_dss/vendor/laravel/framework/src/Illuminate/Foundation/Application.php(933): Illuminate\\Container\\Container->call()
#6 /var/www/emaparking_dss/vendor/laravel/framework/src/Illuminate/Foundation/Application.php(914): Illuminate\\Foundation\\Application->bootProvider()
#7 [internal function]: Illuminate\\Foundation\\Application->Illuminate\\Foundation\\{closure}()
#8 /var/www/emaparking_dss/vendor/laravel/framework/src/Illuminate/Foundation/Application.php(913): array_walk()
#9 /var/www/emaparking_dss/vendor/laravel/framework/src/Illuminate/Foundation/Bootstrap/BootProviders.php(17): Illuminate\\Foundation\\Application->boot()
#10 /var/www/emaparking_dss/vendor/laravel/framework/src/Illuminate/Foundation/Application.php(242): Illuminate\\Foundation\\Bootstrap\\BootProviders->bootstrap()
#11 /var/www/emaparking_dss/vendor/laravel/framework/src/Illuminate/Foundation/Console/Kernel.php(383): Illuminate\\Foundation\\Application->bootstrapWith()
#12 /var/www/emaparking_dss/vendor/laravel/framework/src/Illuminate/Foundation/Console/Kernel.php(153): Illuminate\\Foundation\\Console\\Kernel->bootstrap()
#13 Command line code(1): Illuminate\\Foundation\\Console\\Kernel->handle()
#14 {main}
"} 
[2025-03-20 15:53:15] local.ERROR: Class "\Themes\BC\ThemeProvider" not found {"exception":"[object] (Error(code: 0): Class \"\\Themes\\BC\\ThemeProvider\" not found at /var/www/emaparking_dss/themes/ThemeServiceProvider.php:23)
[stacktrace]
#0 /var/www/emaparking_dss/vendor/laravel/framework/src/Illuminate/Container/BoundMethod.php(36): Themes\\ThemeServiceProvider->boot()
#1 /var/www/emaparking_dss/vendor/laravel/framework/src/Illuminate/Container/Util.php(41): Illuminate\\Container\\BoundMethod::Illuminate\\Container\\{closure}()
#2 /var/www/emaparking_dss/vendor/laravel/framework/src/Illuminate/Container/BoundMethod.php(93): Illuminate\\Container\\Util::unwrapIfClosure()
#3 /var/www/emaparking_dss/vendor/laravel/framework/src/Illuminate/Container/BoundMethod.php(35): Illuminate\\Container\\BoundMethod::callBoundMethod()
#4 /var/www/emaparking_dss/vendor/laravel/framework/src/Illuminate/Container/Container.php(651): Illuminate\\Container\\BoundMethod::call()
#5 /var/www/emaparking_dss/vendor/laravel/framework/src/Illuminate/Foundation/Application.php(933): Illuminate\\Container\\Container->call()
#6 /var/www/emaparking_dss/vendor/laravel/framework/src/Illuminate/Foundation/Application.php(914): Illuminate\\Foundation\\Application->bootProvider()
#7 [internal function]: Illuminate\\Foundation\\Application->Illuminate\\Foundation\\{closure}()
#8 /var/www/emaparking_dss/vendor/laravel/framework/src/Illuminate/Foundation/Application.php(913): array_walk()
#9 /var/www/emaparking_dss/vendor/laravel/framework/src/Illuminate/Foundation/Bootstrap/BootProviders.php(17): Illuminate\\Foundation\\Application->boot()
#10 /var/www/emaparking_dss/vendor/laravel/framework/src/Illuminate/Foundation/Application.php(242): Illuminate\\Foundation\\Bootstrap\\BootProviders->bootstrap()
#11 /var/www/emaparking_dss/vendor/laravel/framework/src/Illuminate/Foundation/Console/Kernel.php(383): Illuminate\\Foundation\\Application->bootstrapWith()
#12 /var/www/emaparking_dss/vendor/laravel/framework/src/Illuminate/Foundation/Console/Kernel.php(153): Illuminate\\Foundation\\Console\\Kernel->bootstrap()
#13 Command line code(1): Illuminate\\Foundation\\Console\\Kernel->handle()
#14 {main}
"} 
[2025-03-20 15:53:15] local.ERROR: Class "\Themes\BC\ThemeProvider" not found {"exception":"[object] (Error(code: 0): Class \"\\Themes\\BC\\ThemeProvider\" not found at /var/www/emaparking_dss/themes/ThemeServiceProvider.php:23)
[stacktrace]
#0 /var/www/emaparking_dss/vendor/laravel/framework/src/Illuminate/Container/BoundMethod.php(36): Themes\\ThemeServiceProvider->boot()
#1 /var/www/emaparking_dss/vendor/laravel/framework/src/Illuminate/Container/Util.php(41): Illuminate\\Container\\BoundMethod::Illuminate\\Container\\{closure}()
#2 /var/www/emaparking_dss/vendor/laravel/framework/src/Illuminate/Container/BoundMethod.php(93): Illuminate\\Container\\Util::unwrapIfClosure()
#3 /var/www/emaparking_dss/vendor/laravel/framework/src/Illuminate/Container/BoundMethod.php(35): Illuminate\\Container\\BoundMethod::callBoundMethod()
#4 /var/www/emaparking_dss/vendor/laravel/framework/src/Illuminate/Container/Container.php(651): Illuminate\\Container\\BoundMethod::call()
#5 /var/www/emaparking_dss/vendor/laravel/framework/src/Illuminate/Foundation/Application.php(933): Illuminate\\Container\\Container->call()
#6 /var/www/emaparking_dss/vendor/laravel/framework/src/Illuminate/Foundation/Application.php(914): Illuminate\\Foundation\\Application->bootProvider()
#7 [internal function]: Illuminate\\Foundation\\Application->Illuminate\\Foundation\\{closure}()
#8 /var/www/emaparking_dss/vendor/laravel/framework/src/Illuminate/Foundation/Application.php(913): array_walk()
#9 /var/www/emaparking_dss/vendor/laravel/framework/src/Illuminate/Foundation/Bootstrap/BootProviders.php(17): Illuminate\\Foundation\\Application->boot()
#10 /var/www/emaparking_dss/vendor/laravel/framework/src/Illuminate/Foundation/Application.php(242): Illuminate\\Foundation\\Bootstrap\\BootProviders->bootstrap()
#11 /var/www/emaparking_dss/vendor/laravel/framework/src/Illuminate/Foundation/Console/Kernel.php(383): Illuminate\\Foundation\\Application->bootstrapWith()
#12 /var/www/emaparking_dss/vendor/laravel/framework/src/Illuminate/Foundation/Console/Kernel.php(153): Illuminate\\Foundation\\Console\\Kernel->bootstrap()
#13 Command line code(1): Illuminate\\Foundation\\Console\\Kernel->handle()
#14 {main}
"} 
[2025-03-20 15:54:15] local.ERROR: Class "\Themes\BC\ThemeProvider" not found {"exception":"[object] (Error(code: 0): Class \"\\Themes\\BC\\ThemeProvider\" not found at /var/www/emaparking_dss/themes/ThemeServiceProvider.php:23)
[stacktrace]
#0 /var/www/emaparking_dss/vendor/laravel/framework/src/Illuminate/Container/BoundMethod.php(36): Themes\\ThemeServiceProvider->boot()
#1 /var/www/emaparking_dss/vendor/laravel/framework/src/Illuminate/Container/Util.php(41): Illuminate\\Container\\BoundMethod::Illuminate\\Container\\{closure}()
#2 /var/www/emaparking_dss/vendor/laravel/framework/src/Illuminate/Container/BoundMethod.php(93): Illuminate\\Container\\Util::unwrapIfClosure()
#3 /var/www/emaparking_dss/vendor/laravel/framework/src/Illuminate/Container/BoundMethod.php(35): Illuminate\\Container\\BoundMethod::callBoundMethod()
#4 /var/www/emaparking_dss/vendor/laravel/framework/src/Illuminate/Container/Container.php(651): Illuminate\\Container\\BoundMethod::call()
#5 /var/www/emaparking_dss/vendor/laravel/framework/src/Illuminate/Foundation/Application.php(933): Illuminate\\Container\\Container->call()
#6 /var/www/emaparking_dss/vendor/laravel/framework/src/Illuminate/Foundation/Application.php(914): Illuminate\\Foundation\\Application->bootProvider()
#7 [internal function]: Illuminate\\Foundation\\Application->Illuminate\\Foundation\\{closure}()
#8 /var/www/emaparking_dss/vendor/laravel/framework/src/Illuminate/Foundation/Application.php(913): array_walk()
#9 /var/www/emaparking_dss/vendor/laravel/framework/src/Illuminate/Foundation/Bootstrap/BootProviders.php(17): Illuminate\\Foundation\\Application->boot()
#10 /var/www/emaparking_dss/vendor/laravel/framework/src/Illuminate/Foundation/Application.php(242): Illuminate\\Foundation\\Bootstrap\\BootProviders->bootstrap()
#11 /var/www/emaparking_dss/vendor/laravel/framework/src/Illuminate/Foundation/Console/Kernel.php(383): Illuminate\\Foundation\\Application->bootstrapWith()
#12 /var/www/emaparking_dss/vendor/laravel/framework/src/Illuminate/Foundation/Console/Kernel.php(153): Illuminate\\Foundation\\Console\\Kernel->bootstrap()
#13 Command line code(1): Illuminate\\Foundation\\Console\\Kernel->handle()
#14 {main}
"} 
[2025-03-20 15:54:15] local.ERROR: Class "\Themes\BC\ThemeProvider" not found {"exception":"[object] (Error(code: 0): Class \"\\Themes\\BC\\ThemeProvider\" not found at /var/www/emaparking_dss/themes/ThemeServiceProvider.php:23)
[stacktrace]
#0 /var/www/emaparking_dss/vendor/laravel/framework/src/Illuminate/Container/BoundMethod.php(36): Themes\\ThemeServiceProvider->boot()
#1 /var/www/emaparking_dss/vendor/laravel/framework/src/Illuminate/Container/Util.php(41): Illuminate\\Container\\BoundMethod::Illuminate\\Container\\{closure}()
#2 /var/www/emaparking_dss/vendor/laravel/framework/src/Illuminate/Container/BoundMethod.php(93): Illuminate\\Container\\Util::unwrapIfClosure()
#3 /var/www/emaparking_dss/vendor/laravel/framework/src/Illuminate/Container/BoundMethod.php(35): Illuminate\\Container\\BoundMethod::callBoundMethod()
#4 /var/www/emaparking_dss/vendor/laravel/framework/src/Illuminate/Container/Container.php(651): Illuminate\\Container\\BoundMethod::call()
#5 /var/www/emaparking_dss/vendor/laravel/framework/src/Illuminate/Foundation/Application.php(933): Illuminate\\Container\\Container->call()
#6 /var/www/emaparking_dss/vendor/laravel/framework/src/Illuminate/Foundation/Application.php(914): Illuminate\\Foundation\\Application->bootProvider()
#7 [internal function]: Illuminate\\Foundation\\Application->Illuminate\\Foundation\\{closure}()
#8 /var/www/emaparking_dss/vendor/laravel/framework/src/Illuminate/Foundation/Application.php(913): array_walk()
#9 /var/www/emaparking_dss/vendor/laravel/framework/src/Illuminate/Foundation/Bootstrap/BootProviders.php(17): Illuminate\\Foundation\\Application->boot()
#10 /var/www/emaparking_dss/vendor/laravel/framework/src/Illuminate/Foundation/Application.php(242): Illuminate\\Foundation\\Bootstrap\\BootProviders->bootstrap()
#11 /var/www/emaparking_dss/vendor/laravel/framework/src/Illuminate/Foundation/Console/Kernel.php(383): Illuminate\\Foundation\\Application->bootstrapWith()
#12 /var/www/emaparking_dss/vendor/laravel/framework/src/Illuminate/Foundation/Console/Kernel.php(153): Illuminate\\Foundation\\Console\\Kernel->bootstrap()
#13 Command line code(1): Illuminate\\Foundation\\Console\\Kernel->handle()
#14 {main}
"} 
[2025-03-20 15:55:15] local.ERROR: Class "\Themes\BC\ThemeProvider" not found {"exception":"[object] (Error(code: 0): Class \"\\Themes\\BC\\ThemeProvider\" not found at /var/www/emaparking_dss/themes/ThemeServiceProvider.php:23)
[stacktrace]
#0 /var/www/emaparking_dss/vendor/laravel/framework/src/Illuminate/Container/BoundMethod.php(36): Themes\\ThemeServiceProvider->boot()
#1 /var/www/emaparking_dss/vendor/laravel/framework/src/Illuminate/Container/Util.php(41): Illuminate\\Container\\BoundMethod::Illuminate\\Container\\{closure}()
#2 /var/www/emaparking_dss/vendor/laravel/framework/src/Illuminate/Container/BoundMethod.php(93): Illuminate\\Container\\Util::unwrapIfClosure()
#3 /var/www/emaparking_dss/vendor/laravel/framework/src/Illuminate/Container/BoundMethod.php(35): Illuminate\\Container\\BoundMethod::callBoundMethod()
#4 /var/www/emaparking_dss/vendor/laravel/framework/src/Illuminate/Container/Container.php(651): Illuminate\\Container\\BoundMethod::call()
#5 /var/www/emaparking_dss/vendor/laravel/framework/src/Illuminate/Foundation/Application.php(933): Illuminate\\Container\\Container->call()
#6 /var/www/emaparking_dss/vendor/laravel/framework/src/Illuminate/Foundation/Application.php(914): Illuminate\\Foundation\\Application->bootProvider()
#7 [internal function]: Illuminate\\Foundation\\Application->Illuminate\\Foundation\\{closure}()
#8 /var/www/emaparking_dss/vendor/laravel/framework/src/Illuminate/Foundation/Application.php(913): array_walk()
#9 /var/www/emaparking_dss/vendor/laravel/framework/src/Illuminate/Foundation/Bootstrap/BootProviders.php(17): Illuminate\\Foundation\\Application->boot()
#10 /var/www/emaparking_dss/vendor/laravel/framework/src/Illuminate/Foundation/Application.php(242): Illuminate\\Foundation\\Bootstrap\\BootProviders->bootstrap()
#11 /var/www/emaparking_dss/vendor/laravel/framework/src/Illuminate/Foundation/Console/Kernel.php(383): Illuminate\\Foundation\\Application->bootstrapWith()
#12 /var/www/emaparking_dss/vendor/laravel/framework/src/Illuminate/Foundation/Console/Kernel.php(153): Illuminate\\Foundation\\Console\\Kernel->bootstrap()
#13 Command line code(1): Illuminate\\Foundation\\Console\\Kernel->handle()
#14 {main}
"} 
[2025-03-20 15:55:15] local.ERROR: Class "\Themes\BC\ThemeProvider" not found {"exception":"[object] (Error(code: 0): Class \"\\Themes\\BC\\ThemeProvider\" not found at /var/www/emaparking_dss/themes/ThemeServiceProvider.php:23)
[stacktrace]
#0 /var/www/emaparking_dss/vendor/laravel/framework/src/Illuminate/Container/BoundMethod.php(36): Themes\\ThemeServiceProvider->boot()
#1 /var/www/emaparking_dss/vendor/laravel/framework/src/Illuminate/Container/Util.php(41): Illuminate\\Container\\BoundMethod::Illuminate\\Container\\{closure}()
#2 /var/www/emaparking_dss/vendor/laravel/framework/src/Illuminate/Container/BoundMethod.php(93): Illuminate\\Container\\Util::unwrapIfClosure()
#3 /var/www/emaparking_dss/vendor/laravel/framework/src/Illuminate/Container/BoundMethod.php(35): Illuminate\\Container\\BoundMethod::callBoundMethod()
#4 /var/www/emaparking_dss/vendor/laravel/framework/src/Illuminate/Container/Container.php(651): Illuminate\\Container\\BoundMethod::call()
#5 /var/www/emaparking_dss/vendor/laravel/framework/src/Illuminate/Foundation/Application.php(933): Illuminate\\Container\\Container->call()
#6 /var/www/emaparking_dss/vendor/laravel/framework/src/Illuminate/Foundation/Application.php(914): Illuminate\\Foundation\\Application->bootProvider()
#7 [internal function]: Illuminate\\Foundation\\Application->Illuminate\\Foundation\\{closure}()
#8 /var/www/emaparking_dss/vendor/laravel/framework/src/Illuminate/Foundation/Application.php(913): array_walk()
#9 /var/www/emaparking_dss/vendor/laravel/framework/src/Illuminate/Foundation/Bootstrap/BootProviders.php(17): Illuminate\\Foundation\\Application->boot()
#10 /var/www/emaparking_dss/vendor/laravel/framework/src/Illuminate/Foundation/Application.php(242): Illuminate\\Foundation\\Bootstrap\\BootProviders->bootstrap()
#11 /var/www/emaparking_dss/vendor/laravel/framework/src/Illuminate/Foundation/Console/Kernel.php(383): Illuminate\\Foundation\\Application->bootstrapWith()
#12 /var/www/emaparking_dss/vendor/laravel/framework/src/Illuminate/Foundation/Console/Kernel.php(153): Illuminate\\Foundation\\Console\\Kernel->bootstrap()
#13 Command line code(1): Illuminate\\Foundation\\Console\\Kernel->handle()
#14 {main}
"} 
[2025-03-20 15:56:15] local.ERROR: Class "\Themes\BC\ThemeProvider" not found {"exception":"[object] (Error(code: 0): Class \"\\Themes\\BC\\ThemeProvider\" not found at /var/www/emaparking_dss/themes/ThemeServiceProvider.php:23)
[stacktrace]
#0 /var/www/emaparking_dss/vendor/laravel/framework/src/Illuminate/Container/BoundMethod.php(36): Themes\\ThemeServiceProvider->boot()
#1 /var/www/emaparking_dss/vendor/laravel/framework/src/Illuminate/Container/Util.php(41): Illuminate\\Container\\BoundMethod::Illuminate\\Container\\{closure}()
#2 /var/www/emaparking_dss/vendor/laravel/framework/src/Illuminate/Container/BoundMethod.php(93): Illuminate\\Container\\Util::unwrapIfClosure()
#3 /var/www/emaparking_dss/vendor/laravel/framework/src/Illuminate/Container/BoundMethod.php(35): Illuminate\\Container\\BoundMethod::callBoundMethod()
#4 /var/www/emaparking_dss/vendor/laravel/framework/src/Illuminate/Container/Container.php(651): Illuminate\\Container\\BoundMethod::call()
#5 /var/www/emaparking_dss/vendor/laravel/framework/src/Illuminate/Foundation/Application.php(933): Illuminate\\Container\\Container->call()
#6 /var/www/emaparking_dss/vendor/laravel/framework/src/Illuminate/Foundation/Application.php(914): Illuminate\\Foundation\\Application->bootProvider()
#7 [internal function]: Illuminate\\Foundation\\Application->Illuminate\\Foundation\\{closure}()
#8 /var/www/emaparking_dss/vendor/laravel/framework/src/Illuminate/Foundation/Application.php(913): array_walk()
#9 /var/www/emaparking_dss/vendor/laravel/framework/src/Illuminate/Foundation/Bootstrap/BootProviders.php(17): Illuminate\\Foundation\\Application->boot()
#10 /var/www/emaparking_dss/vendor/laravel/framework/src/Illuminate/Foundation/Application.php(242): Illuminate\\Foundation\\Bootstrap\\BootProviders->bootstrap()
#11 /var/www/emaparking_dss/vendor/laravel/framework/src/Illuminate/Foundation/Console/Kernel.php(383): Illuminate\\Foundation\\Application->bootstrapWith()
#12 /var/www/emaparking_dss/vendor/laravel/framework/src/Illuminate/Foundation/Console/Kernel.php(153): Illuminate\\Foundation\\Console\\Kernel->bootstrap()
#13 Command line code(1): Illuminate\\Foundation\\Console\\Kernel->handle()
#14 {main}
"} 
[2025-03-20 15:56:15] local.ERROR: Class "\Themes\BC\ThemeProvider" not found {"exception":"[object] (Error(code: 0): Class \"\\Themes\\BC\\ThemeProvider\" not found at /var/www/emaparking_dss/themes/ThemeServiceProvider.php:23)
[stacktrace]
#0 /var/www/emaparking_dss/vendor/laravel/framework/src/Illuminate/Container/BoundMethod.php(36): Themes\\ThemeServiceProvider->boot()
#1 /var/www/emaparking_dss/vendor/laravel/framework/src/Illuminate/Container/Util.php(41): Illuminate\\Container\\BoundMethod::Illuminate\\Container\\{closure}()
#2 /var/www/emaparking_dss/vendor/laravel/framework/src/Illuminate/Container/BoundMethod.php(93): Illuminate\\Container\\Util::unwrapIfClosure()
#3 /var/www/emaparking_dss/vendor/laravel/framework/src/Illuminate/Container/BoundMethod.php(35): Illuminate\\Container\\BoundMethod::callBoundMethod()
#4 /var/www/emaparking_dss/vendor/laravel/framework/src/Illuminate/Container/Container.php(651): Illuminate\\Container\\BoundMethod::call()
#5 /var/www/emaparking_dss/vendor/laravel/framework/src/Illuminate/Foundation/Application.php(933): Illuminate\\Container\\Container->call()
#6 /var/www/emaparking_dss/vendor/laravel/framework/src/Illuminate/Foundation/Application.php(914): Illuminate\\Foundation\\Application->bootProvider()
#7 [internal function]: Illuminate\\Foundation\\Application->Illuminate\\Foundation\\{closure}()
#8 /var/www/emaparking_dss/vendor/laravel/framework/src/Illuminate/Foundation/Application.php(913): array_walk()
#9 /var/www/emaparking_dss/vendor/laravel/framework/src/Illuminate/Foundation/Bootstrap/BootProviders.php(17): Illuminate\\Foundation\\Application->boot()
#10 /var/www/emaparking_dss/vendor/laravel/framework/src/Illuminate/Foundation/Application.php(242): Illuminate\\Foundation\\Bootstrap\\BootProviders->bootstrap()
#11 /var/www/emaparking_dss/vendor/laravel/framework/src/Illuminate/Foundation/Console/Kernel.php(383): Illuminate\\Foundation\\Application->bootstrapWith()
#12 /var/www/emaparking_dss/vendor/laravel/framework/src/Illuminate/Foundation/Console/Kernel.php(153): Illuminate\\Foundation\\Console\\Kernel->bootstrap()
#13 Command line code(1): Illuminate\\Foundation\\Console\\Kernel->handle()
#14 {main}
"} 
[2025-03-20 15:57:15] local.ERROR: Class "\Themes\BC\ThemeProvider" not found {"exception":"[object] (Error(code: 0): Class \"\\Themes\\BC\\ThemeProvider\" not found at /var/www/emaparking_dss/themes/ThemeServiceProvider.php:23)
[stacktrace]
#0 /var/www/emaparking_dss/vendor/laravel/framework/src/Illuminate/Container/BoundMethod.php(36): Themes\\ThemeServiceProvider->boot()
#1 /var/www/emaparking_dss/vendor/laravel/framework/src/Illuminate/Container/Util.php(41): Illuminate\\Container\\BoundMethod::Illuminate\\Container\\{closure}()
#2 /var/www/emaparking_dss/vendor/laravel/framework/src/Illuminate/Container/BoundMethod.php(93): Illuminate\\Container\\Util::unwrapIfClosure()
#3 /var/www/emaparking_dss/vendor/laravel/framework/src/Illuminate/Container/BoundMethod.php(35): Illuminate\\Container\\BoundMethod::callBoundMethod()
#4 /var/www/emaparking_dss/vendor/laravel/framework/src/Illuminate/Container/Container.php(651): Illuminate\\Container\\BoundMethod::call()
#5 /var/www/emaparking_dss/vendor/laravel/framework/src/Illuminate/Foundation/Application.php(933): Illuminate\\Container\\Container->call()
#6 /var/www/emaparking_dss/vendor/laravel/framework/src/Illuminate/Foundation/Application.php(914): Illuminate\\Foundation\\Application->bootProvider()
#7 [internal function]: Illuminate\\Foundation\\Application->Illuminate\\Foundation\\{closure}()
#8 /var/www/emaparking_dss/vendor/laravel/framework/src/Illuminate/Foundation/Application.php(913): array_walk()
#9 /var/www/emaparking_dss/vendor/laravel/framework/src/Illuminate/Foundation/Bootstrap/BootProviders.php(17): Illuminate\\Foundation\\Application->boot()
#10 /var/www/emaparking_dss/vendor/laravel/framework/src/Illuminate/Foundation/Application.php(242): Illuminate\\Foundation\\Bootstrap\\BootProviders->bootstrap()
#11 /var/www/emaparking_dss/vendor/laravel/framework/src/Illuminate/Foundation/Console/Kernel.php(383): Illuminate\\Foundation\\Application->bootstrapWith()
#12 /var/www/emaparking_dss/vendor/laravel/framework/src/Illuminate/Foundation/Console/Kernel.php(153): Illuminate\\Foundation\\Console\\Kernel->bootstrap()
#13 Command line code(1): Illuminate\\Foundation\\Console\\Kernel->handle()
#14 {main}
"} 
[2025-03-20 15:57:15] local.ERROR: Class "\Themes\BC\ThemeProvider" not found {"exception":"[object] (Error(code: 0): Class \"\\Themes\\BC\\ThemeProvider\" not found at /var/www/emaparking_dss/themes/ThemeServiceProvider.php:23)
[stacktrace]
#0 /var/www/emaparking_dss/vendor/laravel/framework/src/Illuminate/Container/BoundMethod.php(36): Themes\\ThemeServiceProvider->boot()
#1 /var/www/emaparking_dss/vendor/laravel/framework/src/Illuminate/Container/Util.php(41): Illuminate\\Container\\BoundMethod::Illuminate\\Container\\{closure}()
#2 /var/www/emaparking_dss/vendor/laravel/framework/src/Illuminate/Container/BoundMethod.php(93): Illuminate\\Container\\Util::unwrapIfClosure()
#3 /var/www/emaparking_dss/vendor/laravel/framework/src/Illuminate/Container/BoundMethod.php(35): Illuminate\\Container\\BoundMethod::callBoundMethod()
#4 /var/www/emaparking_dss/vendor/laravel/framework/src/Illuminate/Container/Container.php(651): Illuminate\\Container\\BoundMethod::call()
#5 /var/www/emaparking_dss/vendor/laravel/framework/src/Illuminate/Foundation/Application.php(933): Illuminate\\Container\\Container->call()
#6 /var/www/emaparking_dss/vendor/laravel/framework/src/Illuminate/Foundation/Application.php(914): Illuminate\\Foundation\\Application->bootProvider()
#7 [internal function]: Illuminate\\Foundation\\Application->Illuminate\\Foundation\\{closure}()
#8 /var/www/emaparking_dss/vendor/laravel/framework/src/Illuminate/Foundation/Application.php(913): array_walk()
#9 /var/www/emaparking_dss/vendor/laravel/framework/src/Illuminate/Foundation/Bootstrap/BootProviders.php(17): Illuminate\\Foundation\\Application->boot()
#10 /var/www/emaparking_dss/vendor/laravel/framework/src/Illuminate/Foundation/Application.php(242): Illuminate\\Foundation\\Bootstrap\\BootProviders->bootstrap()
#11 /var/www/emaparking_dss/vendor/laravel/framework/src/Illuminate/Foundation/Console/Kernel.php(383): Illuminate\\Foundation\\Application->bootstrapWith()
#12 /var/www/emaparking_dss/vendor/laravel/framework/src/Illuminate/Foundation/Console/Kernel.php(153): Illuminate\\Foundation\\Console\\Kernel->bootstrap()
#13 Command line code(1): Illuminate\\Foundation\\Console\\Kernel->handle()
#14 {main}
"} 
[2025-03-20 15:58:15] local.ERROR: Class "\Themes\BC\ThemeProvider" not found {"exception":"[object] (Error(code: 0): Class \"\\Themes\\BC\\ThemeProvider\" not found at /var/www/emaparking_dss/themes/ThemeServiceProvider.php:23)
[stacktrace]
#0 /var/www/emaparking_dss/vendor/laravel/framework/src/Illuminate/Container/BoundMethod.php(36): Themes\\ThemeServiceProvider->boot()
#1 /var/www/emaparking_dss/vendor/laravel/framework/src/Illuminate/Container/Util.php(41): Illuminate\\Container\\BoundMethod::Illuminate\\Container\\{closure}()
#2 /var/www/emaparking_dss/vendor/laravel/framework/src/Illuminate/Container/BoundMethod.php(93): Illuminate\\Container\\Util::unwrapIfClosure()
#3 /var/www/emaparking_dss/vendor/laravel/framework/src/Illuminate/Container/BoundMethod.php(35): Illuminate\\Container\\BoundMethod::callBoundMethod()
#4 /var/www/emaparking_dss/vendor/laravel/framework/src/Illuminate/Container/Container.php(651): Illuminate\\Container\\BoundMethod::call()
#5 /var/www/emaparking_dss/vendor/laravel/framework/src/Illuminate/Foundation/Application.php(933): Illuminate\\Container\\Container->call()
#6 /var/www/emaparking_dss/vendor/laravel/framework/src/Illuminate/Foundation/Application.php(914): Illuminate\\Foundation\\Application->bootProvider()
#7 [internal function]: Illuminate\\Foundation\\Application->Illuminate\\Foundation\\{closure}()
#8 /var/www/emaparking_dss/vendor/laravel/framework/src/Illuminate/Foundation/Application.php(913): array_walk()
#9 /var/www/emaparking_dss/vendor/laravel/framework/src/Illuminate/Foundation/Bootstrap/BootProviders.php(17): Illuminate\\Foundation\\Application->boot()
#10 /var/www/emaparking_dss/vendor/laravel/framework/src/Illuminate/Foundation/Application.php(242): Illuminate\\Foundation\\Bootstrap\\BootProviders->bootstrap()
#11 /var/www/emaparking_dss/vendor/laravel/framework/src/Illuminate/Foundation/Console/Kernel.php(383): Illuminate\\Foundation\\Application->bootstrapWith()
#12 /var/www/emaparking_dss/vendor/laravel/framework/src/Illuminate/Foundation/Console/Kernel.php(153): Illuminate\\Foundation\\Console\\Kernel->bootstrap()
#13 Command line code(1): Illuminate\\Foundation\\Console\\Kernel->handle()
#14 {main}
"} 
[2025-03-20 15:58:15] local.ERROR: Class "\Themes\BC\ThemeProvider" not found {"exception":"[object] (Error(code: 0): Class \"\\Themes\\BC\\ThemeProvider\" not found at /var/www/emaparking_dss/themes/ThemeServiceProvider.php:23)
[stacktrace]
#0 /var/www/emaparking_dss/vendor/laravel/framework/src/Illuminate/Container/BoundMethod.php(36): Themes\\ThemeServiceProvider->boot()
#1 /var/www/emaparking_dss/vendor/laravel/framework/src/Illuminate/Container/Util.php(41): Illuminate\\Container\\BoundMethod::Illuminate\\Container\\{closure}()
#2 /var/www/emaparking_dss/vendor/laravel/framework/src/Illuminate/Container/BoundMethod.php(93): Illuminate\\Container\\Util::unwrapIfClosure()
#3 /var/www/emaparking_dss/vendor/laravel/framework/src/Illuminate/Container/BoundMethod.php(35): Illuminate\\Container\\BoundMethod::callBoundMethod()
#4 /var/www/emaparking_dss/vendor/laravel/framework/src/Illuminate/Container/Container.php(651): Illuminate\\Container\\BoundMethod::call()
#5 /var/www/emaparking_dss/vendor/laravel/framework/src/Illuminate/Foundation/Application.php(933): Illuminate\\Container\\Container->call()
#6 /var/www/emaparking_dss/vendor/laravel/framework/src/Illuminate/Foundation/Application.php(914): Illuminate\\Foundation\\Application->bootProvider()
#7 [internal function]: Illuminate\\Foundation\\Application->Illuminate\\Foundation\\{closure}()
#8 /var/www/emaparking_dss/vendor/laravel/framework/src/Illuminate/Foundation/Application.php(913): array_walk()
#9 /var/www/emaparking_dss/vendor/laravel/framework/src/Illuminate/Foundation/Bootstrap/BootProviders.php(17): Illuminate\\Foundation\\Application->boot()
#10 /var/www/emaparking_dss/vendor/laravel/framework/src/Illuminate/Foundation/Application.php(242): Illuminate\\Foundation\\Bootstrap\\BootProviders->bootstrap()
#11 /var/www/emaparking_dss/vendor/laravel/framework/src/Illuminate/Foundation/Console/Kernel.php(383): Illuminate\\Foundation\\Application->bootstrapWith()
#12 /var/www/emaparking_dss/vendor/laravel/framework/src/Illuminate/Foundation/Console/Kernel.php(153): Illuminate\\Foundation\\Console\\Kernel->bootstrap()
#13 Command line code(1): Illuminate\\Foundation\\Console\\Kernel->handle()
#14 {main}
"} 
[2025-03-20 15:59:15] local.ERROR: Class "\Themes\BC\ThemeProvider" not found {"exception":"[object] (Error(code: 0): Class \"\\Themes\\BC\\ThemeProvider\" not found at /var/www/emaparking_dss/themes/ThemeServiceProvider.php:23)
[stacktrace]
#0 /var/www/emaparking_dss/vendor/laravel/framework/src/Illuminate/Container/BoundMethod.php(36): Themes\\ThemeServiceProvider->boot()
#1 /var/www/emaparking_dss/vendor/laravel/framework/src/Illuminate/Container/Util.php(41): Illuminate\\Container\\BoundMethod::Illuminate\\Container\\{closure}()
#2 /var/www/emaparking_dss/vendor/laravel/framework/src/Illuminate/Container/BoundMethod.php(93): Illuminate\\Container\\Util::unwrapIfClosure()
#3 /var/www/emaparking_dss/vendor/laravel/framework/src/Illuminate/Container/BoundMethod.php(35): Illuminate\\Container\\BoundMethod::callBoundMethod()
#4 /var/www/emaparking_dss/vendor/laravel/framework/src/Illuminate/Container/Container.php(651): Illuminate\\Container\\BoundMethod::call()
#5 /var/www/emaparking_dss/vendor/laravel/framework/src/Illuminate/Foundation/Application.php(933): Illuminate\\Container\\Container->call()
#6 /var/www/emaparking_dss/vendor/laravel/framework/src/Illuminate/Foundation/Application.php(914): Illuminate\\Foundation\\Application->bootProvider()
#7 [internal function]: Illuminate\\Foundation\\Application->Illuminate\\Foundation\\{closure}()
#8 /var/www/emaparking_dss/vendor/laravel/framework/src/Illuminate/Foundation/Application.php(913): array_walk()
#9 /var/www/emaparking_dss/vendor/laravel/framework/src/Illuminate/Foundation/Bootstrap/BootProviders.php(17): Illuminate\\Foundation\\Application->boot()
#10 /var/www/emaparking_dss/vendor/laravel/framework/src/Illuminate/Foundation/Application.php(242): Illuminate\\Foundation\\Bootstrap\\BootProviders->bootstrap()
#11 /var/www/emaparking_dss/vendor/laravel/framework/src/Illuminate/Foundation/Console/Kernel.php(383): Illuminate\\Foundation\\Application->bootstrapWith()
#12 /var/www/emaparking_dss/vendor/laravel/framework/src/Illuminate/Foundation/Console/Kernel.php(153): Illuminate\\Foundation\\Console\\Kernel->bootstrap()
#13 Command line code(1): Illuminate\\Foundation\\Console\\Kernel->handle()
#14 {main}
"} 
[2025-03-20 15:59:15] local.ERROR: Class "\Themes\BC\ThemeProvider" not found {"exception":"[object] (Error(code: 0): Class \"\\Themes\\BC\\ThemeProvider\" not found at /var/www/emaparking_dss/themes/ThemeServiceProvider.php:23)
[stacktrace]
#0 /var/www/emaparking_dss/vendor/laravel/framework/src/Illuminate/Container/BoundMethod.php(36): Themes\\ThemeServiceProvider->boot()
#1 /var/www/emaparking_dss/vendor/laravel/framework/src/Illuminate/Container/Util.php(41): Illuminate\\Container\\BoundMethod::Illuminate\\Container\\{closure}()
#2 /var/www/emaparking_dss/vendor/laravel/framework/src/Illuminate/Container/BoundMethod.php(93): Illuminate\\Container\\Util::unwrapIfClosure()
#3 /var/www/emaparking_dss/vendor/laravel/framework/src/Illuminate/Container/BoundMethod.php(35): Illuminate\\Container\\BoundMethod::callBoundMethod()
#4 /var/www/emaparking_dss/vendor/laravel/framework/src/Illuminate/Container/Container.php(651): Illuminate\\Container\\BoundMethod::call()
#5 /var/www/emaparking_dss/vendor/laravel/framework/src/Illuminate/Foundation/Application.php(933): Illuminate\\Container\\Container->call()
#6 /var/www/emaparking_dss/vendor/laravel/framework/src/Illuminate/Foundation/Application.php(914): Illuminate\\Foundation\\Application->bootProvider()
#7 [internal function]: Illuminate\\Foundation\\Application->Illuminate\\Foundation\\{closure}()
#8 /var/www/emaparking_dss/vendor/laravel/framework/src/Illuminate/Foundation/Application.php(913): array_walk()
#9 /var/www/emaparking_dss/vendor/laravel/framework/src/Illuminate/Foundation/Bootstrap/BootProviders.php(17): Illuminate\\Foundation\\Application->boot()
#10 /var/www/emaparking_dss/vendor/laravel/framework/src/Illuminate/Foundation/Application.php(242): Illuminate\\Foundation\\Bootstrap\\BootProviders->bootstrap()
#11 /var/www/emaparking_dss/vendor/laravel/framework/src/Illuminate/Foundation/Console/Kernel.php(383): Illuminate\\Foundation\\Application->bootstrapWith()
#12 /var/www/emaparking_dss/vendor/laravel/framework/src/Illuminate/Foundation/Console/Kernel.php(153): Illuminate\\Foundation\\Console\\Kernel->bootstrap()
#13 Command line code(1): Illuminate\\Foundation\\Console\\Kernel->handle()
#14 {main}
"} 
[2025-03-20 15:59:15] local.ERROR: Class "\Themes\BC\ThemeProvider" not found {"exception":"[object] (Error(code: 0): Class \"\\Themes\\BC\\ThemeProvider\" not found at /var/www/emaparking_dss/themes/ThemeServiceProvider.php:23)
[stacktrace]
#0 /var/www/emaparking_dss/vendor/laravel/framework/src/Illuminate/Container/BoundMethod.php(36): Themes\\ThemeServiceProvider->boot()
#1 /var/www/emaparking_dss/vendor/laravel/framework/src/Illuminate/Container/Util.php(41): Illuminate\\Container\\BoundMethod::Illuminate\\Container\\{closure}()
#2 /var/www/emaparking_dss/vendor/laravel/framework/src/Illuminate/Container/BoundMethod.php(93): Illuminate\\Container\\Util::unwrapIfClosure()
#3 /var/www/emaparking_dss/vendor/laravel/framework/src/Illuminate/Container/BoundMethod.php(35): Illuminate\\Container\\BoundMethod::callBoundMethod()
#4 /var/www/emaparking_dss/vendor/laravel/framework/src/Illuminate/Container/Container.php(651): Illuminate\\Container\\BoundMethod::call()
#5 /var/www/emaparking_dss/vendor/laravel/framework/src/Illuminate/Foundation/Application.php(933): Illuminate\\Container\\Container->call()
#6 /var/www/emaparking_dss/vendor/laravel/framework/src/Illuminate/Foundation/Application.php(914): Illuminate\\Foundation\\Application->bootProvider()
#7 [internal function]: Illuminate\\Foundation\\Application->Illuminate\\Foundation\\{closure}()
#8 /var/www/emaparking_dss/vendor/laravel/framework/src/Illuminate/Foundation/Application.php(913): array_walk()
#9 /var/www/emaparking_dss/vendor/laravel/framework/src/Illuminate/Foundation/Bootstrap/BootProviders.php(17): Illuminate\\Foundation\\Application->boot()
#10 /var/www/emaparking_dss/vendor/laravel/framework/src/Illuminate/Foundation/Application.php(242): Illuminate\\Foundation\\Bootstrap\\BootProviders->bootstrap()
#11 /var/www/emaparking_dss/vendor/laravel/framework/src/Illuminate/Foundation/Console/Kernel.php(383): Illuminate\\Foundation\\Application->bootstrapWith()
#12 /var/www/emaparking_dss/vendor/laravel/framework/src/Illuminate/Foundation/Console/Kernel.php(153): Illuminate\\Foundation\\Console\\Kernel->bootstrap()
#13 Command line code(1): Illuminate\\Foundation\\Console\\Kernel->handle()
#14 {main}
"} 
[2025-03-20 16:00:15] local.ERROR: Class "\Themes\BC\ThemeProvider" not found {"exception":"[object] (Error(code: 0): Class \"\\Themes\\BC\\ThemeProvider\" not found at /var/www/emaparking_dss/themes/ThemeServiceProvider.php:23)
[stacktrace]
#0 /var/www/emaparking_dss/vendor/laravel/framework/src/Illuminate/Container/BoundMethod.php(36): Themes\\ThemeServiceProvider->boot()
#1 /var/www/emaparking_dss/vendor/laravel/framework/src/Illuminate/Container/Util.php(41): Illuminate\\Container\\BoundMethod::Illuminate\\Container\\{closure}()
#2 /var/www/emaparking_dss/vendor/laravel/framework/src/Illuminate/Container/BoundMethod.php(93): Illuminate\\Container\\Util::unwrapIfClosure()
#3 /var/www/emaparking_dss/vendor/laravel/framework/src/Illuminate/Container/BoundMethod.php(35): Illuminate\\Container\\BoundMethod::callBoundMethod()
#4 /var/www/emaparking_dss/vendor/laravel/framework/src/Illuminate/Container/Container.php(651): Illuminate\\Container\\BoundMethod::call()
#5 /var/www/emaparking_dss/vendor/laravel/framework/src/Illuminate/Foundation/Application.php(933): Illuminate\\Container\\Container->call()
#6 /var/www/emaparking_dss/vendor/laravel/framework/src/Illuminate/Foundation/Application.php(914): Illuminate\\Foundation\\Application->bootProvider()
#7 [internal function]: Illuminate\\Foundation\\Application->Illuminate\\Foundation\\{closure}()
#8 /var/www/emaparking_dss/vendor/laravel/framework/src/Illuminate/Foundation/Application.php(913): array_walk()
#9 /var/www/emaparking_dss/vendor/laravel/framework/src/Illuminate/Foundation/Bootstrap/BootProviders.php(17): Illuminate\\Foundation\\Application->boot()
#10 /var/www/emaparking_dss/vendor/laravel/framework/src/Illuminate/Foundation/Application.php(242): Illuminate\\Foundation\\Bootstrap\\BootProviders->bootstrap()
#11 /var/www/emaparking_dss/vendor/laravel/framework/src/Illuminate/Foundation/Console/Kernel.php(383): Illuminate\\Foundation\\Application->bootstrapWith()
#12 /var/www/emaparking_dss/vendor/laravel/framework/src/Illuminate/Foundation/Console/Kernel.php(153): Illuminate\\Foundation\\Console\\Kernel->bootstrap()
#13 Command line code(1): Illuminate\\Foundation\\Console\\Kernel->handle()
#14 {main}
"} 
[2025-03-20 16:00:15] local.ERROR: Class "\Themes\BC\ThemeProvider" not found {"exception":"[object] (Error(code: 0): Class \"\\Themes\\BC\\ThemeProvider\" not found at /var/www/emaparking_dss/themes/ThemeServiceProvider.php:23)
[stacktrace]
#0 /var/www/emaparking_dss/vendor/laravel/framework/src/Illuminate/Container/BoundMethod.php(36): Themes\\ThemeServiceProvider->boot()
#1 /var/www/emaparking_dss/vendor/laravel/framework/src/Illuminate/Container/Util.php(41): Illuminate\\Container\\BoundMethod::Illuminate\\Container\\{closure}()
#2 /var/www/emaparking_dss/vendor/laravel/framework/src/Illuminate/Container/BoundMethod.php(93): Illuminate\\Container\\Util::unwrapIfClosure()
#3 /var/www/emaparking_dss/vendor/laravel/framework/src/Illuminate/Container/BoundMethod.php(35): Illuminate\\Container\\BoundMethod::callBoundMethod()
#4 /var/www/emaparking_dss/vendor/laravel/framework/src/Illuminate/Container/Container.php(651): Illuminate\\Container\\BoundMethod::call()
#5 /var/www/emaparking_dss/vendor/laravel/framework/src/Illuminate/Foundation/Application.php(933): Illuminate\\Container\\Container->call()
#6 /var/www/emaparking_dss/vendor/laravel/framework/src/Illuminate/Foundation/Application.php(914): Illuminate\\Foundation\\Application->bootProvider()
#7 [internal function]: Illuminate\\Foundation\\Application->Illuminate\\Foundation\\{closure}()
#8 /var/www/emaparking_dss/vendor/laravel/framework/src/Illuminate/Foundation/Application.php(913): array_walk()
#9 /var/www/emaparking_dss/vendor/laravel/framework/src/Illuminate/Foundation/Bootstrap/BootProviders.php(17): Illuminate\\Foundation\\Application->boot()
#10 /var/www/emaparking_dss/vendor/laravel/framework/src/Illuminate/Foundation/Application.php(242): Illuminate\\Foundation\\Bootstrap\\BootProviders->bootstrap()
#11 /var/www/emaparking_dss/vendor/laravel/framework/src/Illuminate/Foundation/Console/Kernel.php(383): Illuminate\\Foundation\\Application->bootstrapWith()
#12 /var/www/emaparking_dss/vendor/laravel/framework/src/Illuminate/Foundation/Console/Kernel.php(153): Illuminate\\Foundation\\Console\\Kernel->bootstrap()
#13 Command line code(1): Illuminate\\Foundation\\Console\\Kernel->handle()
#14 {main}
"} 
[2025-03-20 16:01:15] local.ERROR: Class "\Themes\BC\ThemeProvider" not found {"exception":"[object] (Error(code: 0): Class \"\\Themes\\BC\\ThemeProvider\" not found at /var/www/emaparking_dss/themes/ThemeServiceProvider.php:23)
[stacktrace]
#0 /var/www/emaparking_dss/vendor/laravel/framework/src/Illuminate/Container/BoundMethod.php(36): Themes\\ThemeServiceProvider->boot()
#1 /var/www/emaparking_dss/vendor/laravel/framework/src/Illuminate/Container/Util.php(41): Illuminate\\Container\\BoundMethod::Illuminate\\Container\\{closure}()
#2 /var/www/emaparking_dss/vendor/laravel/framework/src/Illuminate/Container/BoundMethod.php(93): Illuminate\\Container\\Util::unwrapIfClosure()
#3 /var/www/emaparking_dss/vendor/laravel/framework/src/Illuminate/Container/BoundMethod.php(35): Illuminate\\Container\\BoundMethod::callBoundMethod()
#4 /var/www/emaparking_dss/vendor/laravel/framework/src/Illuminate/Container/Container.php(651): Illuminate\\Container\\BoundMethod::call()
#5 /var/www/emaparking_dss/vendor/laravel/framework/src/Illuminate/Foundation/Application.php(933): Illuminate\\Container\\Container->call()
#6 /var/www/emaparking_dss/vendor/laravel/framework/src/Illuminate/Foundation/Application.php(914): Illuminate\\Foundation\\Application->bootProvider()
#7 [internal function]: Illuminate\\Foundation\\Application->Illuminate\\Foundation\\{closure}()
#8 /var/www/emaparking_dss/vendor/laravel/framework/src/Illuminate/Foundation/Application.php(913): array_walk()
#9 /var/www/emaparking_dss/vendor/laravel/framework/src/Illuminate/Foundation/Bootstrap/BootProviders.php(17): Illuminate\\Foundation\\Application->boot()
#10 /var/www/emaparking_dss/vendor/laravel/framework/src/Illuminate/Foundation/Application.php(242): Illuminate\\Foundation\\Bootstrap\\BootProviders->bootstrap()
#11 /var/www/emaparking_dss/vendor/laravel/framework/src/Illuminate/Foundation/Console/Kernel.php(383): Illuminate\\Foundation\\Application->bootstrapWith()
#12 /var/www/emaparking_dss/vendor/laravel/framework/src/Illuminate/Foundation/Console/Kernel.php(153): Illuminate\\Foundation\\Console\\Kernel->bootstrap()
#13 Command line code(1): Illuminate\\Foundation\\Console\\Kernel->handle()
#14 {main}
"} 
[2025-03-20 16:01:15] local.ERROR: Class "\Themes\BC\ThemeProvider" not found {"exception":"[object] (Error(code: 0): Class \"\\Themes\\BC\\ThemeProvider\" not found at /var/www/emaparking_dss/themes/ThemeServiceProvider.php:23)
[stacktrace]
#0 /var/www/emaparking_dss/vendor/laravel/framework/src/Illuminate/Container/BoundMethod.php(36): Themes\\ThemeServiceProvider->boot()
#1 /var/www/emaparking_dss/vendor/laravel/framework/src/Illuminate/Container/Util.php(41): Illuminate\\Container\\BoundMethod::Illuminate\\Container\\{closure}()
#2 /var/www/emaparking_dss/vendor/laravel/framework/src/Illuminate/Container/BoundMethod.php(93): Illuminate\\Container\\Util::unwrapIfClosure()
#3 /var/www/emaparking_dss/vendor/laravel/framework/src/Illuminate/Container/BoundMethod.php(35): Illuminate\\Container\\BoundMethod::callBoundMethod()
#4 /var/www/emaparking_dss/vendor/laravel/framework/src/Illuminate/Container/Container.php(651): Illuminate\\Container\\BoundMethod::call()
#5 /var/www/emaparking_dss/vendor/laravel/framework/src/Illuminate/Foundation/Application.php(933): Illuminate\\Container\\Container->call()
#6 /var/www/emaparking_dss/vendor/laravel/framework/src/Illuminate/Foundation/Application.php(914): Illuminate\\Foundation\\Application->bootProvider()
#7 [internal function]: Illuminate\\Foundation\\Application->Illuminate\\Foundation\\{closure}()
#8 /var/www/emaparking_dss/vendor/laravel/framework/src/Illuminate/Foundation/Application.php(913): array_walk()
#9 /var/www/emaparking_dss/vendor/laravel/framework/src/Illuminate/Foundation/Bootstrap/BootProviders.php(17): Illuminate\\Foundation\\Application->boot()
#10 /var/www/emaparking_dss/vendor/laravel/framework/src/Illuminate/Foundation/Application.php(242): Illuminate\\Foundation\\Bootstrap\\BootProviders->bootstrap()
#11 /var/www/emaparking_dss/vendor/laravel/framework/src/Illuminate/Foundation/Console/Kernel.php(383): Illuminate\\Foundation\\Application->bootstrapWith()
#12 /var/www/emaparking_dss/vendor/laravel/framework/src/Illuminate/Foundation/Console/Kernel.php(153): Illuminate\\Foundation\\Console\\Kernel->bootstrap()
#13 Command line code(1): Illuminate\\Foundation\\Console\\Kernel->handle()
#14 {main}
"} 
[2025-03-20 16:02:15] local.ERROR: Class "\Themes\BC\ThemeProvider" not found {"exception":"[object] (Error(code: 0): Class \"\\Themes\\BC\\ThemeProvider\" not found at /var/www/emaparking_dss/themes/ThemeServiceProvider.php:23)
[stacktrace]
#0 /var/www/emaparking_dss/vendor/laravel/framework/src/Illuminate/Container/BoundMethod.php(36): Themes\\ThemeServiceProvider->boot()
#1 /var/www/emaparking_dss/vendor/laravel/framework/src/Illuminate/Container/Util.php(41): Illuminate\\Container\\BoundMethod::Illuminate\\Container\\{closure}()
#2 /var/www/emaparking_dss/vendor/laravel/framework/src/Illuminate/Container/BoundMethod.php(93): Illuminate\\Container\\Util::unwrapIfClosure()
#3 /var/www/emaparking_dss/vendor/laravel/framework/src/Illuminate/Container/BoundMethod.php(35): Illuminate\\Container\\BoundMethod::callBoundMethod()
#4 /var/www/emaparking_dss/vendor/laravel/framework/src/Illuminate/Container/Container.php(651): Illuminate\\Container\\BoundMethod::call()
#5 /var/www/emaparking_dss/vendor/laravel/framework/src/Illuminate/Foundation/Application.php(933): Illuminate\\Container\\Container->call()
#6 /var/www/emaparking_dss/vendor/laravel/framework/src/Illuminate/Foundation/Application.php(914): Illuminate\\Foundation\\Application->bootProvider()
#7 [internal function]: Illuminate\\Foundation\\Application->Illuminate\\Foundation\\{closure}()
#8 /var/www/emaparking_dss/vendor/laravel/framework/src/Illuminate/Foundation/Application.php(913): array_walk()
#9 /var/www/emaparking_dss/vendor/laravel/framework/src/Illuminate/Foundation/Bootstrap/BootProviders.php(17): Illuminate\\Foundation\\Application->boot()
#10 /var/www/emaparking_dss/vendor/laravel/framework/src/Illuminate/Foundation/Application.php(242): Illuminate\\Foundation\\Bootstrap\\BootProviders->bootstrap()
#11 /var/www/emaparking_dss/vendor/laravel/framework/src/Illuminate/Foundation/Console/Kernel.php(383): Illuminate\\Foundation\\Application->bootstrapWith()
#12 /var/www/emaparking_dss/vendor/laravel/framework/src/Illuminate/Foundation/Console/Kernel.php(153): Illuminate\\Foundation\\Console\\Kernel->bootstrap()
#13 Command line code(1): Illuminate\\Foundation\\Console\\Kernel->handle()
#14 {main}
"} 
[2025-03-20 16:02:15] local.ERROR: Class "\Themes\BC\ThemeProvider" not found {"exception":"[object] (Error(code: 0): Class \"\\Themes\\BC\\ThemeProvider\" not found at /var/www/emaparking_dss/themes/ThemeServiceProvider.php:23)
[stacktrace]
#0 /var/www/emaparking_dss/vendor/laravel/framework/src/Illuminate/Container/BoundMethod.php(36): Themes\\ThemeServiceProvider->boot()
#1 /var/www/emaparking_dss/vendor/laravel/framework/src/Illuminate/Container/Util.php(41): Illuminate\\Container\\BoundMethod::Illuminate\\Container\\{closure}()
#2 /var/www/emaparking_dss/vendor/laravel/framework/src/Illuminate/Container/BoundMethod.php(93): Illuminate\\Container\\Util::unwrapIfClosure()
#3 /var/www/emaparking_dss/vendor/laravel/framework/src/Illuminate/Container/BoundMethod.php(35): Illuminate\\Container\\BoundMethod::callBoundMethod()
#4 /var/www/emaparking_dss/vendor/laravel/framework/src/Illuminate/Container/Container.php(651): Illuminate\\Container\\BoundMethod::call()
#5 /var/www/emaparking_dss/vendor/laravel/framework/src/Illuminate/Foundation/Application.php(933): Illuminate\\Container\\Container->call()
#6 /var/www/emaparking_dss/vendor/laravel/framework/src/Illuminate/Foundation/Application.php(914): Illuminate\\Foundation\\Application->bootProvider()
#7 [internal function]: Illuminate\\Foundation\\Application->Illuminate\\Foundation\\{closure}()
#8 /var/www/emaparking_dss/vendor/laravel/framework/src/Illuminate/Foundation/Application.php(913): array_walk()
#9 /var/www/emaparking_dss/vendor/laravel/framework/src/Illuminate/Foundation/Bootstrap/BootProviders.php(17): Illuminate\\Foundation\\Application->boot()
#10 /var/www/emaparking_dss/vendor/laravel/framework/src/Illuminate/Foundation/Application.php(242): Illuminate\\Foundation\\Bootstrap\\BootProviders->bootstrap()
#11 /var/www/emaparking_dss/vendor/laravel/framework/src/Illuminate/Foundation/Console/Kernel.php(383): Illuminate\\Foundation\\Application->bootstrapWith()
#12 /var/www/emaparking_dss/vendor/laravel/framework/src/Illuminate/Foundation/Console/Kernel.php(153): Illuminate\\Foundation\\Console\\Kernel->bootstrap()
#13 Command line code(1): Illuminate\\Foundation\\Console\\Kernel->handle()
#14 {main}
"} 
[2025-03-20 16:03:15] local.ERROR: Class "\Themes\BC\ThemeProvider" not found {"exception":"[object] (Error(code: 0): Class \"\\Themes\\BC\\ThemeProvider\" not found at /var/www/emaparking_dss/themes/ThemeServiceProvider.php:23)
[stacktrace]
#0 /var/www/emaparking_dss/vendor/laravel/framework/src/Illuminate/Container/BoundMethod.php(36): Themes\\ThemeServiceProvider->boot()
#1 /var/www/emaparking_dss/vendor/laravel/framework/src/Illuminate/Container/Util.php(41): Illuminate\\Container\\BoundMethod::Illuminate\\Container\\{closure}()
#2 /var/www/emaparking_dss/vendor/laravel/framework/src/Illuminate/Container/BoundMethod.php(93): Illuminate\\Container\\Util::unwrapIfClosure()
#3 /var/www/emaparking_dss/vendor/laravel/framework/src/Illuminate/Container/BoundMethod.php(35): Illuminate\\Container\\BoundMethod::callBoundMethod()
#4 /var/www/emaparking_dss/vendor/laravel/framework/src/Illuminate/Container/Container.php(651): Illuminate\\Container\\BoundMethod::call()
#5 /var/www/emaparking_dss/vendor/laravel/framework/src/Illuminate/Foundation/Application.php(933): Illuminate\\Container\\Container->call()
#6 /var/www/emaparking_dss/vendor/laravel/framework/src/Illuminate/Foundation/Application.php(914): Illuminate\\Foundation\\Application->bootProvider()
#7 [internal function]: Illuminate\\Foundation\\Application->Illuminate\\Foundation\\{closure}()
#8 /var/www/emaparking_dss/vendor/laravel/framework/src/Illuminate/Foundation/Application.php(913): array_walk()
#9 /var/www/emaparking_dss/vendor/laravel/framework/src/Illuminate/Foundation/Bootstrap/BootProviders.php(17): Illuminate\\Foundation\\Application->boot()
#10 /var/www/emaparking_dss/vendor/laravel/framework/src/Illuminate/Foundation/Application.php(242): Illuminate\\Foundation\\Bootstrap\\BootProviders->bootstrap()
#11 /var/www/emaparking_dss/vendor/laravel/framework/src/Illuminate/Foundation/Console/Kernel.php(383): Illuminate\\Foundation\\Application->bootstrapWith()
#12 /var/www/emaparking_dss/vendor/laravel/framework/src/Illuminate/Foundation/Console/Kernel.php(153): Illuminate\\Foundation\\Console\\Kernel->bootstrap()
#13 Command line code(1): Illuminate\\Foundation\\Console\\Kernel->handle()
#14 {main}
"} 
[2025-03-20 16:03:15] local.ERROR: Class "\Themes\BC\ThemeProvider" not found {"exception":"[object] (Error(code: 0): Class \"\\Themes\\BC\\ThemeProvider\" not found at /var/www/emaparking_dss/themes/ThemeServiceProvider.php:23)
[stacktrace]
#0 /var/www/emaparking_dss/vendor/laravel/framework/src/Illuminate/Container/BoundMethod.php(36): Themes\\ThemeServiceProvider->boot()
#1 /var/www/emaparking_dss/vendor/laravel/framework/src/Illuminate/Container/Util.php(41): Illuminate\\Container\\BoundMethod::Illuminate\\Container\\{closure}()
#2 /var/www/emaparking_dss/vendor/laravel/framework/src/Illuminate/Container/BoundMethod.php(93): Illuminate\\Container\\Util::unwrapIfClosure()
#3 /var/www/emaparking_dss/vendor/laravel/framework/src/Illuminate/Container/BoundMethod.php(35): Illuminate\\Container\\BoundMethod::callBoundMethod()
#4 /var/www/emaparking_dss/vendor/laravel/framework/src/Illuminate/Container/Container.php(651): Illuminate\\Container\\BoundMethod::call()
#5 /var/www/emaparking_dss/vendor/laravel/framework/src/Illuminate/Foundation/Application.php(933): Illuminate\\Container\\Container->call()
#6 /var/www/emaparking_dss/vendor/laravel/framework/src/Illuminate/Foundation/Application.php(914): Illuminate\\Foundation\\Application->bootProvider()
#7 [internal function]: Illuminate\\Foundation\\Application->Illuminate\\Foundation\\{closure}()
#8 /var/www/emaparking_dss/vendor/laravel/framework/src/Illuminate/Foundation/Application.php(913): array_walk()
#9 /var/www/emaparking_dss/vendor/laravel/framework/src/Illuminate/Foundation/Bootstrap/BootProviders.php(17): Illuminate\\Foundation\\Application->boot()
#10 /var/www/emaparking_dss/vendor/laravel/framework/src/Illuminate/Foundation/Application.php(242): Illuminate\\Foundation\\Bootstrap\\BootProviders->bootstrap()
#11 /var/www/emaparking_dss/vendor/laravel/framework/src/Illuminate/Foundation/Console/Kernel.php(383): Illuminate\\Foundation\\Application->bootstrapWith()
#12 /var/www/emaparking_dss/vendor/laravel/framework/src/Illuminate/Foundation/Console/Kernel.php(153): Illuminate\\Foundation\\Console\\Kernel->bootstrap()
#13 Command line code(1): Illuminate\\Foundation\\Console\\Kernel->handle()
#14 {main}
"} 
[2025-03-20 16:04:15] local.ERROR: Class "\Themes\BC\ThemeProvider" not found {"exception":"[object] (Error(code: 0): Class \"\\Themes\\BC\\ThemeProvider\" not found at /var/www/emaparking_dss/themes/ThemeServiceProvider.php:23)
[stacktrace]
#0 /var/www/emaparking_dss/vendor/laravel/framework/src/Illuminate/Container/BoundMethod.php(36): Themes\\ThemeServiceProvider->boot()
#1 /var/www/emaparking_dss/vendor/laravel/framework/src/Illuminate/Container/Util.php(41): Illuminate\\Container\\BoundMethod::Illuminate\\Container\\{closure}()
#2 /var/www/emaparking_dss/vendor/laravel/framework/src/Illuminate/Container/BoundMethod.php(93): Illuminate\\Container\\Util::unwrapIfClosure()
#3 /var/www/emaparking_dss/vendor/laravel/framework/src/Illuminate/Container/BoundMethod.php(35): Illuminate\\Container\\BoundMethod::callBoundMethod()
#4 /var/www/emaparking_dss/vendor/laravel/framework/src/Illuminate/Container/Container.php(651): Illuminate\\Container\\BoundMethod::call()
#5 /var/www/emaparking_dss/vendor/laravel/framework/src/Illuminate/Foundation/Application.php(933): Illuminate\\Container\\Container->call()
#6 /var/www/emaparking_dss/vendor/laravel/framework/src/Illuminate/Foundation/Application.php(914): Illuminate\\Foundation\\Application->bootProvider()
#7 [internal function]: Illuminate\\Foundation\\Application->Illuminate\\Foundation\\{closure}()
#8 /var/www/emaparking_dss/vendor/laravel/framework/src/Illuminate/Foundation/Application.php(913): array_walk()
#9 /var/www/emaparking_dss/vendor/laravel/framework/src/Illuminate/Foundation/Bootstrap/BootProviders.php(17): Illuminate\\Foundation\\Application->boot()
#10 /var/www/emaparking_dss/vendor/laravel/framework/src/Illuminate/Foundation/Application.php(242): Illuminate\\Foundation\\Bootstrap\\BootProviders->bootstrap()
#11 /var/www/emaparking_dss/vendor/laravel/framework/src/Illuminate/Foundation/Console/Kernel.php(383): Illuminate\\Foundation\\Application->bootstrapWith()
#12 /var/www/emaparking_dss/vendor/laravel/framework/src/Illuminate/Foundation/Console/Kernel.php(153): Illuminate\\Foundation\\Console\\Kernel->bootstrap()
#13 Command line code(1): Illuminate\\Foundation\\Console\\Kernel->handle()
#14 {main}
"} 
[2025-03-20 16:04:15] local.ERROR: Class "\Themes\BC\ThemeProvider" not found {"exception":"[object] (Error(code: 0): Class \"\\Themes\\BC\\ThemeProvider\" not found at /var/www/emaparking_dss/themes/ThemeServiceProvider.php:23)
[stacktrace]
#0 /var/www/emaparking_dss/vendor/laravel/framework/src/Illuminate/Container/BoundMethod.php(36): Themes\\ThemeServiceProvider->boot()
#1 /var/www/emaparking_dss/vendor/laravel/framework/src/Illuminate/Container/Util.php(41): Illuminate\\Container\\BoundMethod::Illuminate\\Container\\{closure}()
#2 /var/www/emaparking_dss/vendor/laravel/framework/src/Illuminate/Container/BoundMethod.php(93): Illuminate\\Container\\Util::unwrapIfClosure()
#3 /var/www/emaparking_dss/vendor/laravel/framework/src/Illuminate/Container/BoundMethod.php(35): Illuminate\\Container\\BoundMethod::callBoundMethod()
#4 /var/www/emaparking_dss/vendor/laravel/framework/src/Illuminate/Container/Container.php(651): Illuminate\\Container\\BoundMethod::call()
#5 /var/www/emaparking_dss/vendor/laravel/framework/src/Illuminate/Foundation/Application.php(933): Illuminate\\Container\\Container->call()
#6 /var/www/emaparking_dss/vendor/laravel/framework/src/Illuminate/Foundation/Application.php(914): Illuminate\\Foundation\\Application->bootProvider()
#7 [internal function]: Illuminate\\Foundation\\Application->Illuminate\\Foundation\\{closure}()
#8 /var/www/emaparking_dss/vendor/laravel/framework/src/Illuminate/Foundation/Application.php(913): array_walk()
#9 /var/www/emaparking_dss/vendor/laravel/framework/src/Illuminate/Foundation/Bootstrap/BootProviders.php(17): Illuminate\\Foundation\\Application->boot()
#10 /var/www/emaparking_dss/vendor/laravel/framework/src/Illuminate/Foundation/Application.php(242): Illuminate\\Foundation\\Bootstrap\\BootProviders->bootstrap()
#11 /var/www/emaparking_dss/vendor/laravel/framework/src/Illuminate/Foundation/Console/Kernel.php(383): Illuminate\\Foundation\\Application->bootstrapWith()
#12 /var/www/emaparking_dss/vendor/laravel/framework/src/Illuminate/Foundation/Console/Kernel.php(153): Illuminate\\Foundation\\Console\\Kernel->bootstrap()
#13 Command line code(1): Illuminate\\Foundation\\Console\\Kernel->handle()
#14 {main}
"} 
[2025-03-20 16:05:15] local.ERROR: Class "\Themes\BC\ThemeProvider" not found {"exception":"[object] (Error(code: 0): Class \"\\Themes\\BC\\ThemeProvider\" not found at /var/www/emaparking_dss/themes/ThemeServiceProvider.php:23)
[stacktrace]
#0 /var/www/emaparking_dss/vendor/laravel/framework/src/Illuminate/Container/BoundMethod.php(36): Themes\\ThemeServiceProvider->boot()
#1 /var/www/emaparking_dss/vendor/laravel/framework/src/Illuminate/Container/Util.php(41): Illuminate\\Container\\BoundMethod::Illuminate\\Container\\{closure}()
#2 /var/www/emaparking_dss/vendor/laravel/framework/src/Illuminate/Container/BoundMethod.php(93): Illuminate\\Container\\Util::unwrapIfClosure()
#3 /var/www/emaparking_dss/vendor/laravel/framework/src/Illuminate/Container/BoundMethod.php(35): Illuminate\\Container\\BoundMethod::callBoundMethod()
#4 /var/www/emaparking_dss/vendor/laravel/framework/src/Illuminate/Container/Container.php(651): Illuminate\\Container\\BoundMethod::call()
#5 /var/www/emaparking_dss/vendor/laravel/framework/src/Illuminate/Foundation/Application.php(933): Illuminate\\Container\\Container->call()
#6 /var/www/emaparking_dss/vendor/laravel/framework/src/Illuminate/Foundation/Application.php(914): Illuminate\\Foundation\\Application->bootProvider()
#7 [internal function]: Illuminate\\Foundation\\Application->Illuminate\\Foundation\\{closure}()
#8 /var/www/emaparking_dss/vendor/laravel/framework/src/Illuminate/Foundation/Application.php(913): array_walk()
#9 /var/www/emaparking_dss/vendor/laravel/framework/src/Illuminate/Foundation/Bootstrap/BootProviders.php(17): Illuminate\\Foundation\\Application->boot()
#10 /var/www/emaparking_dss/vendor/laravel/framework/src/Illuminate/Foundation/Application.php(242): Illuminate\\Foundation\\Bootstrap\\BootProviders->bootstrap()
#11 /var/www/emaparking_dss/vendor/laravel/framework/src/Illuminate/Foundation/Console/Kernel.php(383): Illuminate\\Foundation\\Application->bootstrapWith()
#12 /var/www/emaparking_dss/vendor/laravel/framework/src/Illuminate/Foundation/Console/Kernel.php(153): Illuminate\\Foundation\\Console\\Kernel->bootstrap()
#13 Command line code(1): Illuminate\\Foundation\\Console\\Kernel->handle()
#14 {main}
"} 
[2025-03-20 16:05:15] local.ERROR: Class "\Themes\BC\ThemeProvider" not found {"exception":"[object] (Error(code: 0): Class \"\\Themes\\BC\\ThemeProvider\" not found at /var/www/emaparking_dss/themes/ThemeServiceProvider.php:23)
[stacktrace]
#0 /var/www/emaparking_dss/vendor/laravel/framework/src/Illuminate/Container/BoundMethod.php(36): Themes\\ThemeServiceProvider->boot()
#1 /var/www/emaparking_dss/vendor/laravel/framework/src/Illuminate/Container/Util.php(41): Illuminate\\Container\\BoundMethod::Illuminate\\Container\\{closure}()
#2 /var/www/emaparking_dss/vendor/laravel/framework/src/Illuminate/Container/BoundMethod.php(93): Illuminate\\Container\\Util::unwrapIfClosure()
#3 /var/www/emaparking_dss/vendor/laravel/framework/src/Illuminate/Container/BoundMethod.php(35): Illuminate\\Container\\BoundMethod::callBoundMethod()
#4 /var/www/emaparking_dss/vendor/laravel/framework/src/Illuminate/Container/Container.php(651): Illuminate\\Container\\BoundMethod::call()
#5 /var/www/emaparking_dss/vendor/laravel/framework/src/Illuminate/Foundation/Application.php(933): Illuminate\\Container\\Container->call()
#6 /var/www/emaparking_dss/vendor/laravel/framework/src/Illuminate/Foundation/Application.php(914): Illuminate\\Foundation\\Application->bootProvider()
#7 [internal function]: Illuminate\\Foundation\\Application->Illuminate\\Foundation\\{closure}()
#8 /var/www/emaparking_dss/vendor/laravel/framework/src/Illuminate/Foundation/Application.php(913): array_walk()
#9 /var/www/emaparking_dss/vendor/laravel/framework/src/Illuminate/Foundation/Bootstrap/BootProviders.php(17): Illuminate\\Foundation\\Application->boot()
#10 /var/www/emaparking_dss/vendor/laravel/framework/src/Illuminate/Foundation/Application.php(242): Illuminate\\Foundation\\Bootstrap\\BootProviders->bootstrap()
#11 /var/www/emaparking_dss/vendor/laravel/framework/src/Illuminate/Foundation/Console/Kernel.php(383): Illuminate\\Foundation\\Application->bootstrapWith()
#12 /var/www/emaparking_dss/vendor/laravel/framework/src/Illuminate/Foundation/Console/Kernel.php(153): Illuminate\\Foundation\\Console\\Kernel->bootstrap()
#13 Command line code(1): Illuminate\\Foundation\\Console\\Kernel->handle()
#14 {main}
"} 
[2025-03-20 16:06:15] local.ERROR: Class "\Themes\BC\ThemeProvider" not found {"exception":"[object] (Error(code: 0): Class \"\\Themes\\BC\\ThemeProvider\" not found at /var/www/emaparking_dss/themes/ThemeServiceProvider.php:23)
[stacktrace]
#0 /var/www/emaparking_dss/vendor/laravel/framework/src/Illuminate/Container/BoundMethod.php(36): Themes\\ThemeServiceProvider->boot()
#1 /var/www/emaparking_dss/vendor/laravel/framework/src/Illuminate/Container/Util.php(41): Illuminate\\Container\\BoundMethod::Illuminate\\Container\\{closure}()
#2 /var/www/emaparking_dss/vendor/laravel/framework/src/Illuminate/Container/BoundMethod.php(93): Illuminate\\Container\\Util::unwrapIfClosure()
#3 /var/www/emaparking_dss/vendor/laravel/framework/src/Illuminate/Container/BoundMethod.php(35): Illuminate\\Container\\BoundMethod::callBoundMethod()
#4 /var/www/emaparking_dss/vendor/laravel/framework/src/Illuminate/Container/Container.php(651): Illuminate\\Container\\BoundMethod::call()
#5 /var/www/emaparking_dss/vendor/laravel/framework/src/Illuminate/Foundation/Application.php(933): Illuminate\\Container\\Container->call()
#6 /var/www/emaparking_dss/vendor/laravel/framework/src/Illuminate/Foundation/Application.php(914): Illuminate\\Foundation\\Application->bootProvider()
#7 [internal function]: Illuminate\\Foundation\\Application->Illuminate\\Foundation\\{closure}()
#8 /var/www/emaparking_dss/vendor/laravel/framework/src/Illuminate/Foundation/Application.php(913): array_walk()
#9 /var/www/emaparking_dss/vendor/laravel/framework/src/Illuminate/Foundation/Bootstrap/BootProviders.php(17): Illuminate\\Foundation\\Application->boot()
#10 /var/www/emaparking_dss/vendor/laravel/framework/src/Illuminate/Foundation/Application.php(242): Illuminate\\Foundation\\Bootstrap\\BootProviders->bootstrap()
#11 /var/www/emaparking_dss/vendor/laravel/framework/src/Illuminate/Foundation/Console/Kernel.php(383): Illuminate\\Foundation\\Application->bootstrapWith()
#12 /var/www/emaparking_dss/vendor/laravel/framework/src/Illuminate/Foundation/Console/Kernel.php(153): Illuminate\\Foundation\\Console\\Kernel->bootstrap()
#13 Command line code(1): Illuminate\\Foundation\\Console\\Kernel->handle()
#14 {main}
"} 
[2025-03-20 16:06:15] local.ERROR: Class "\Themes\BC\ThemeProvider" not found {"exception":"[object] (Error(code: 0): Class \"\\Themes\\BC\\ThemeProvider\" not found at /var/www/emaparking_dss/themes/ThemeServiceProvider.php:23)
[stacktrace]
#0 /var/www/emaparking_dss/vendor/laravel/framework/src/Illuminate/Container/BoundMethod.php(36): Themes\\ThemeServiceProvider->boot()
#1 /var/www/emaparking_dss/vendor/laravel/framework/src/Illuminate/Container/Util.php(41): Illuminate\\Container\\BoundMethod::Illuminate\\Container\\{closure}()
#2 /var/www/emaparking_dss/vendor/laravel/framework/src/Illuminate/Container/BoundMethod.php(93): Illuminate\\Container\\Util::unwrapIfClosure()
#3 /var/www/emaparking_dss/vendor/laravel/framework/src/Illuminate/Container/BoundMethod.php(35): Illuminate\\Container\\BoundMethod::callBoundMethod()
#4 /var/www/emaparking_dss/vendor/laravel/framework/src/Illuminate/Container/Container.php(651): Illuminate\\Container\\BoundMethod::call()
#5 /var/www/emaparking_dss/vendor/laravel/framework/src/Illuminate/Foundation/Application.php(933): Illuminate\\Container\\Container->call()
#6 /var/www/emaparking_dss/vendor/laravel/framework/src/Illuminate/Foundation/Application.php(914): Illuminate\\Foundation\\Application->bootProvider()
#7 [internal function]: Illuminate\\Foundation\\Application->Illuminate\\Foundation\\{closure}()
#8 /var/www/emaparking_dss/vendor/laravel/framework/src/Illuminate/Foundation/Application.php(913): array_walk()
#9 /var/www/emaparking_dss/vendor/laravel/framework/src/Illuminate/Foundation/Bootstrap/BootProviders.php(17): Illuminate\\Foundation\\Application->boot()
#10 /var/www/emaparking_dss/vendor/laravel/framework/src/Illuminate/Foundation/Application.php(242): Illuminate\\Foundation\\Bootstrap\\BootProviders->bootstrap()
#11 /var/www/emaparking_dss/vendor/laravel/framework/src/Illuminate/Foundation/Console/Kernel.php(383): Illuminate\\Foundation\\Application->bootstrapWith()
#12 /var/www/emaparking_dss/vendor/laravel/framework/src/Illuminate/Foundation/Console/Kernel.php(153): Illuminate\\Foundation\\Console\\Kernel->bootstrap()
#13 Command line code(1): Illuminate\\Foundation\\Console\\Kernel->handle()
#14 {main}
"} 
[2025-03-20 16:07:15] local.ERROR: Class "\Themes\BC\ThemeProvider" not found {"exception":"[object] (Error(code: 0): Class \"\\Themes\\BC\\ThemeProvider\" not found at /var/www/emaparking_dss/themes/ThemeServiceProvider.php:23)
[stacktrace]
#0 /var/www/emaparking_dss/vendor/laravel/framework/src/Illuminate/Container/BoundMethod.php(36): Themes\\ThemeServiceProvider->boot()
#1 /var/www/emaparking_dss/vendor/laravel/framework/src/Illuminate/Container/Util.php(41): Illuminate\\Container\\BoundMethod::Illuminate\\Container\\{closure}()
#2 /var/www/emaparking_dss/vendor/laravel/framework/src/Illuminate/Container/BoundMethod.php(93): Illuminate\\Container\\Util::unwrapIfClosure()
#3 /var/www/emaparking_dss/vendor/laravel/framework/src/Illuminate/Container/BoundMethod.php(35): Illuminate\\Container\\BoundMethod::callBoundMethod()
#4 /var/www/emaparking_dss/vendor/laravel/framework/src/Illuminate/Container/Container.php(651): Illuminate\\Container\\BoundMethod::call()
#5 /var/www/emaparking_dss/vendor/laravel/framework/src/Illuminate/Foundation/Application.php(933): Illuminate\\Container\\Container->call()
#6 /var/www/emaparking_dss/vendor/laravel/framework/src/Illuminate/Foundation/Application.php(914): Illuminate\\Foundation\\Application->bootProvider()
#7 [internal function]: Illuminate\\Foundation\\Application->Illuminate\\Foundation\\{closure}()
#8 /var/www/emaparking_dss/vendor/laravel/framework/src/Illuminate/Foundation/Application.php(913): array_walk()
#9 /var/www/emaparking_dss/vendor/laravel/framework/src/Illuminate/Foundation/Bootstrap/BootProviders.php(17): Illuminate\\Foundation\\Application->boot()
#10 /var/www/emaparking_dss/vendor/laravel/framework/src/Illuminate/Foundation/Application.php(242): Illuminate\\Foundation\\Bootstrap\\BootProviders->bootstrap()
#11 /var/www/emaparking_dss/vendor/laravel/framework/src/Illuminate/Foundation/Console/Kernel.php(383): Illuminate\\Foundation\\Application->bootstrapWith()
#12 /var/www/emaparking_dss/vendor/laravel/framework/src/Illuminate/Foundation/Console/Kernel.php(153): Illuminate\\Foundation\\Console\\Kernel->bootstrap()
#13 Command line code(1): Illuminate\\Foundation\\Console\\Kernel->handle()
#14 {main}
"} 
[2025-03-20 16:07:15] local.ERROR: Class "\Themes\BC\ThemeProvider" not found {"exception":"[object] (Error(code: 0): Class \"\\Themes\\BC\\ThemeProvider\" not found at /var/www/emaparking_dss/themes/ThemeServiceProvider.php:23)
[stacktrace]
#0 /var/www/emaparking_dss/vendor/laravel/framework/src/Illuminate/Container/BoundMethod.php(36): Themes\\ThemeServiceProvider->boot()
#1 /var/www/emaparking_dss/vendor/laravel/framework/src/Illuminate/Container/Util.php(41): Illuminate\\Container\\BoundMethod::Illuminate\\Container\\{closure}()
#2 /var/www/emaparking_dss/vendor/laravel/framework/src/Illuminate/Container/BoundMethod.php(93): Illuminate\\Container\\Util::unwrapIfClosure()
#3 /var/www/emaparking_dss/vendor/laravel/framework/src/Illuminate/Container/BoundMethod.php(35): Illuminate\\Container\\BoundMethod::callBoundMethod()
#4 /var/www/emaparking_dss/vendor/laravel/framework/src/Illuminate/Container/Container.php(651): Illuminate\\Container\\BoundMethod::call()
#5 /var/www/emaparking_dss/vendor/laravel/framework/src/Illuminate/Foundation/Application.php(933): Illuminate\\Container\\Container->call()
#6 /var/www/emaparking_dss/vendor/laravel/framework/src/Illuminate/Foundation/Application.php(914): Illuminate\\Foundation\\Application->bootProvider()
#7 [internal function]: Illuminate\\Foundation\\Application->Illuminate\\Foundation\\{closure}()
#8 /var/www/emaparking_dss/vendor/laravel/framework/src/Illuminate/Foundation/Application.php(913): array_walk()
#9 /var/www/emaparking_dss/vendor/laravel/framework/src/Illuminate/Foundation/Bootstrap/BootProviders.php(17): Illuminate\\Foundation\\Application->boot()
#10 /var/www/emaparking_dss/vendor/laravel/framework/src/Illuminate/Foundation/Application.php(242): Illuminate\\Foundation\\Bootstrap\\BootProviders->bootstrap()
#11 /var/www/emaparking_dss/vendor/laravel/framework/src/Illuminate/Foundation/Console/Kernel.php(383): Illuminate\\Foundation\\Application->bootstrapWith()
#12 /var/www/emaparking_dss/vendor/laravel/framework/src/Illuminate/Foundation/Console/Kernel.php(153): Illuminate\\Foundation\\Console\\Kernel->bootstrap()
#13 Command line code(1): Illuminate\\Foundation\\Console\\Kernel->handle()
#14 {main}
"} 
[2025-03-20 16:08:15] local.ERROR: Class "\Themes\BC\ThemeProvider" not found {"exception":"[object] (Error(code: 0): Class \"\\Themes\\BC\\ThemeProvider\" not found at /var/www/emaparking_dss/themes/ThemeServiceProvider.php:23)
[stacktrace]
#0 /var/www/emaparking_dss/vendor/laravel/framework/src/Illuminate/Container/BoundMethod.php(36): Themes\\ThemeServiceProvider->boot()
#1 /var/www/emaparking_dss/vendor/laravel/framework/src/Illuminate/Container/Util.php(41): Illuminate\\Container\\BoundMethod::Illuminate\\Container\\{closure}()
#2 /var/www/emaparking_dss/vendor/laravel/framework/src/Illuminate/Container/BoundMethod.php(93): Illuminate\\Container\\Util::unwrapIfClosure()
#3 /var/www/emaparking_dss/vendor/laravel/framework/src/Illuminate/Container/BoundMethod.php(35): Illuminate\\Container\\BoundMethod::callBoundMethod()
#4 /var/www/emaparking_dss/vendor/laravel/framework/src/Illuminate/Container/Container.php(651): Illuminate\\Container\\BoundMethod::call()
#5 /var/www/emaparking_dss/vendor/laravel/framework/src/Illuminate/Foundation/Application.php(933): Illuminate\\Container\\Container->call()
#6 /var/www/emaparking_dss/vendor/laravel/framework/src/Illuminate/Foundation/Application.php(914): Illuminate\\Foundation\\Application->bootProvider()
#7 [internal function]: Illuminate\\Foundation\\Application->Illuminate\\Foundation\\{closure}()
#8 /var/www/emaparking_dss/vendor/laravel/framework/src/Illuminate/Foundation/Application.php(913): array_walk()
#9 /var/www/emaparking_dss/vendor/laravel/framework/src/Illuminate/Foundation/Bootstrap/BootProviders.php(17): Illuminate\\Foundation\\Application->boot()
#10 /var/www/emaparking_dss/vendor/laravel/framework/src/Illuminate/Foundation/Application.php(242): Illuminate\\Foundation\\Bootstrap\\BootProviders->bootstrap()
#11 /var/www/emaparking_dss/vendor/laravel/framework/src/Illuminate/Foundation/Console/Kernel.php(383): Illuminate\\Foundation\\Application->bootstrapWith()
#12 /var/www/emaparking_dss/vendor/laravel/framework/src/Illuminate/Foundation/Console/Kernel.php(153): Illuminate\\Foundation\\Console\\Kernel->bootstrap()
#13 Command line code(1): Illuminate\\Foundation\\Console\\Kernel->handle()
#14 {main}
"} 
[2025-03-20 16:08:15] local.ERROR: Class "\Themes\BC\ThemeProvider" not found {"exception":"[object] (Error(code: 0): Class \"\\Themes\\BC\\ThemeProvider\" not found at /var/www/emaparking_dss/themes/ThemeServiceProvider.php:23)
[stacktrace]
#0 /var/www/emaparking_dss/vendor/laravel/framework/src/Illuminate/Container/BoundMethod.php(36): Themes\\ThemeServiceProvider->boot()
#1 /var/www/emaparking_dss/vendor/laravel/framework/src/Illuminate/Container/Util.php(41): Illuminate\\Container\\BoundMethod::Illuminate\\Container\\{closure}()
#2 /var/www/emaparking_dss/vendor/laravel/framework/src/Illuminate/Container/BoundMethod.php(93): Illuminate\\Container\\Util::unwrapIfClosure()
#3 /var/www/emaparking_dss/vendor/laravel/framework/src/Illuminate/Container/BoundMethod.php(35): Illuminate\\Container\\BoundMethod::callBoundMethod()
#4 /var/www/emaparking_dss/vendor/laravel/framework/src/Illuminate/Container/Container.php(651): Illuminate\\Container\\BoundMethod::call()
#5 /var/www/emaparking_dss/vendor/laravel/framework/src/Illuminate/Foundation/Application.php(933): Illuminate\\Container\\Container->call()
#6 /var/www/emaparking_dss/vendor/laravel/framework/src/Illuminate/Foundation/Application.php(914): Illuminate\\Foundation\\Application->bootProvider()
#7 [internal function]: Illuminate\\Foundation\\Application->Illuminate\\Foundation\\{closure}()
#8 /var/www/emaparking_dss/vendor/laravel/framework/src/Illuminate/Foundation/Application.php(913): array_walk()
#9 /var/www/emaparking_dss/vendor/laravel/framework/src/Illuminate/Foundation/Bootstrap/BootProviders.php(17): Illuminate\\Foundation\\Application->boot()
#10 /var/www/emaparking_dss/vendor/laravel/framework/src/Illuminate/Foundation/Application.php(242): Illuminate\\Foundation\\Bootstrap\\BootProviders->bootstrap()
#11 /var/www/emaparking_dss/vendor/laravel/framework/src/Illuminate/Foundation/Console/Kernel.php(383): Illuminate\\Foundation\\Application->bootstrapWith()
#12 /var/www/emaparking_dss/vendor/laravel/framework/src/Illuminate/Foundation/Console/Kernel.php(153): Illuminate\\Foundation\\Console\\Kernel->bootstrap()
#13 Command line code(1): Illuminate\\Foundation\\Console\\Kernel->handle()
#14 {main}
"} 
[2025-03-20 16:09:15] local.ERROR: Class "\Themes\BC\ThemeProvider" not found {"exception":"[object] (Error(code: 0): Class \"\\Themes\\BC\\ThemeProvider\" not found at /var/www/emaparking_dss/themes/ThemeServiceProvider.php:23)
[stacktrace]
#0 /var/www/emaparking_dss/vendor/laravel/framework/src/Illuminate/Container/BoundMethod.php(36): Themes\\ThemeServiceProvider->boot()
#1 /var/www/emaparking_dss/vendor/laravel/framework/src/Illuminate/Container/Util.php(41): Illuminate\\Container\\BoundMethod::Illuminate\\Container\\{closure}()
#2 /var/www/emaparking_dss/vendor/laravel/framework/src/Illuminate/Container/BoundMethod.php(93): Illuminate\\Container\\Util::unwrapIfClosure()
#3 /var/www/emaparking_dss/vendor/laravel/framework/src/Illuminate/Container/BoundMethod.php(35): Illuminate\\Container\\BoundMethod::callBoundMethod()
#4 /var/www/emaparking_dss/vendor/laravel/framework/src/Illuminate/Container/Container.php(651): Illuminate\\Container\\BoundMethod::call()
#5 /var/www/emaparking_dss/vendor/laravel/framework/src/Illuminate/Foundation/Application.php(933): Illuminate\\Container\\Container->call()
#6 /var/www/emaparking_dss/vendor/laravel/framework/src/Illuminate/Foundation/Application.php(914): Illuminate\\Foundation\\Application->bootProvider()
#7 [internal function]: Illuminate\\Foundation\\Application->Illuminate\\Foundation\\{closure}()
#8 /var/www/emaparking_dss/vendor/laravel/framework/src/Illuminate/Foundation/Application.php(913): array_walk()
#9 /var/www/emaparking_dss/vendor/laravel/framework/src/Illuminate/Foundation/Bootstrap/BootProviders.php(17): Illuminate\\Foundation\\Application->boot()
#10 /var/www/emaparking_dss/vendor/laravel/framework/src/Illuminate/Foundation/Application.php(242): Illuminate\\Foundation\\Bootstrap\\BootProviders->bootstrap()
#11 /var/www/emaparking_dss/vendor/laravel/framework/src/Illuminate/Foundation/Console/Kernel.php(383): Illuminate\\Foundation\\Application->bootstrapWith()
#12 /var/www/emaparking_dss/vendor/laravel/framework/src/Illuminate/Foundation/Console/Kernel.php(153): Illuminate\\Foundation\\Console\\Kernel->bootstrap()
#13 Command line code(1): Illuminate\\Foundation\\Console\\Kernel->handle()
#14 {main}
"} 
[2025-03-20 16:09:15] local.ERROR: Class "\Themes\BC\ThemeProvider" not found {"exception":"[object] (Error(code: 0): Class \"\\Themes\\BC\\ThemeProvider\" not found at /var/www/emaparking_dss/themes/ThemeServiceProvider.php:23)
[stacktrace]
#0 /var/www/emaparking_dss/vendor/laravel/framework/src/Illuminate/Container/BoundMethod.php(36): Themes\\ThemeServiceProvider->boot()
#1 /var/www/emaparking_dss/vendor/laravel/framework/src/Illuminate/Container/Util.php(41): Illuminate\\Container\\BoundMethod::Illuminate\\Container\\{closure}()
#2 /var/www/emaparking_dss/vendor/laravel/framework/src/Illuminate/Container/BoundMethod.php(93): Illuminate\\Container\\Util::unwrapIfClosure()
#3 /var/www/emaparking_dss/vendor/laravel/framework/src/Illuminate/Container/BoundMethod.php(35): Illuminate\\Container\\BoundMethod::callBoundMethod()
#4 /var/www/emaparking_dss/vendor/laravel/framework/src/Illuminate/Container/Container.php(651): Illuminate\\Container\\BoundMethod::call()
#5 /var/www/emaparking_dss/vendor/laravel/framework/src/Illuminate/Foundation/Application.php(933): Illuminate\\Container\\Container->call()
#6 /var/www/emaparking_dss/vendor/laravel/framework/src/Illuminate/Foundation/Application.php(914): Illuminate\\Foundation\\Application->bootProvider()
#7 [internal function]: Illuminate\\Foundation\\Application->Illuminate\\Foundation\\{closure}()
#8 /var/www/emaparking_dss/vendor/laravel/framework/src/Illuminate/Foundation/Application.php(913): array_walk()
#9 /var/www/emaparking_dss/vendor/laravel/framework/src/Illuminate/Foundation/Bootstrap/BootProviders.php(17): Illuminate\\Foundation\\Application->boot()
#10 /var/www/emaparking_dss/vendor/laravel/framework/src/Illuminate/Foundation/Application.php(242): Illuminate\\Foundation\\Bootstrap\\BootProviders->bootstrap()
#11 /var/www/emaparking_dss/vendor/laravel/framework/src/Illuminate/Foundation/Console/Kernel.php(383): Illuminate\\Foundation\\Application->bootstrapWith()
#12 /var/www/emaparking_dss/vendor/laravel/framework/src/Illuminate/Foundation/Console/Kernel.php(153): Illuminate\\Foundation\\Console\\Kernel->bootstrap()
#13 Command line code(1): Illuminate\\Foundation\\Console\\Kernel->handle()
#14 {main}
"} 
[2025-03-20 16:09:15] local.ERROR: Class "\Themes\BC\ThemeProvider" not found {"exception":"[object] (Error(code: 0): Class \"\\Themes\\BC\\ThemeProvider\" not found at /var/www/emaparking_dss/themes/ThemeServiceProvider.php:23)
[stacktrace]
#0 /var/www/emaparking_dss/vendor/laravel/framework/src/Illuminate/Container/BoundMethod.php(36): Themes\\ThemeServiceProvider->boot()
#1 /var/www/emaparking_dss/vendor/laravel/framework/src/Illuminate/Container/Util.php(41): Illuminate\\Container\\BoundMethod::Illuminate\\Container\\{closure}()
#2 /var/www/emaparking_dss/vendor/laravel/framework/src/Illuminate/Container/BoundMethod.php(93): Illuminate\\Container\\Util::unwrapIfClosure()
#3 /var/www/emaparking_dss/vendor/laravel/framework/src/Illuminate/Container/BoundMethod.php(35): Illuminate\\Container\\BoundMethod::callBoundMethod()
#4 /var/www/emaparking_dss/vendor/laravel/framework/src/Illuminate/Container/Container.php(651): Illuminate\\Container\\BoundMethod::call()
#5 /var/www/emaparking_dss/vendor/laravel/framework/src/Illuminate/Foundation/Application.php(933): Illuminate\\Container\\Container->call()
#6 /var/www/emaparking_dss/vendor/laravel/framework/src/Illuminate/Foundation/Application.php(914): Illuminate\\Foundation\\Application->bootProvider()
#7 [internal function]: Illuminate\\Foundation\\Application->Illuminate\\Foundation\\{closure}()
#8 /var/www/emaparking_dss/vendor/laravel/framework/src/Illuminate/Foundation/Application.php(913): array_walk()
#9 /var/www/emaparking_dss/vendor/laravel/framework/src/Illuminate/Foundation/Bootstrap/BootProviders.php(17): Illuminate\\Foundation\\Application->boot()
#10 /var/www/emaparking_dss/vendor/laravel/framework/src/Illuminate/Foundation/Application.php(242): Illuminate\\Foundation\\Bootstrap\\BootProviders->bootstrap()
#11 /var/www/emaparking_dss/vendor/laravel/framework/src/Illuminate/Foundation/Console/Kernel.php(383): Illuminate\\Foundation\\Application->bootstrapWith()
#12 /var/www/emaparking_dss/vendor/laravel/framework/src/Illuminate/Foundation/Console/Kernel.php(153): Illuminate\\Foundation\\Console\\Kernel->bootstrap()
#13 Command line code(1): Illuminate\\Foundation\\Console\\Kernel->handle()
#14 {main}
"} 
[2025-03-20 16:10:15] local.ERROR: Class "\Themes\BC\ThemeProvider" not found {"exception":"[object] (Error(code: 0): Class \"\\Themes\\BC\\ThemeProvider\" not found at /var/www/emaparking_dss/themes/ThemeServiceProvider.php:23)
[stacktrace]
#0 /var/www/emaparking_dss/vendor/laravel/framework/src/Illuminate/Container/BoundMethod.php(36): Themes\\ThemeServiceProvider->boot()
#1 /var/www/emaparking_dss/vendor/laravel/framework/src/Illuminate/Container/Util.php(41): Illuminate\\Container\\BoundMethod::Illuminate\\Container\\{closure}()
#2 /var/www/emaparking_dss/vendor/laravel/framework/src/Illuminate/Container/BoundMethod.php(93): Illuminate\\Container\\Util::unwrapIfClosure()
#3 /var/www/emaparking_dss/vendor/laravel/framework/src/Illuminate/Container/BoundMethod.php(35): Illuminate\\Container\\BoundMethod::callBoundMethod()
#4 /var/www/emaparking_dss/vendor/laravel/framework/src/Illuminate/Container/Container.php(651): Illuminate\\Container\\BoundMethod::call()
#5 /var/www/emaparking_dss/vendor/laravel/framework/src/Illuminate/Foundation/Application.php(933): Illuminate\\Container\\Container->call()
#6 /var/www/emaparking_dss/vendor/laravel/framework/src/Illuminate/Foundation/Application.php(914): Illuminate\\Foundation\\Application->bootProvider()
#7 [internal function]: Illuminate\\Foundation\\Application->Illuminate\\Foundation\\{closure}()
#8 /var/www/emaparking_dss/vendor/laravel/framework/src/Illuminate/Foundation/Application.php(913): array_walk()
#9 /var/www/emaparking_dss/vendor/laravel/framework/src/Illuminate/Foundation/Bootstrap/BootProviders.php(17): Illuminate\\Foundation\\Application->boot()
#10 /var/www/emaparking_dss/vendor/laravel/framework/src/Illuminate/Foundation/Application.php(242): Illuminate\\Foundation\\Bootstrap\\BootProviders->bootstrap()
#11 /var/www/emaparking_dss/vendor/laravel/framework/src/Illuminate/Foundation/Console/Kernel.php(383): Illuminate\\Foundation\\Application->bootstrapWith()
#12 /var/www/emaparking_dss/vendor/laravel/framework/src/Illuminate/Foundation/Console/Kernel.php(153): Illuminate\\Foundation\\Console\\Kernel->bootstrap()
#13 Command line code(1): Illuminate\\Foundation\\Console\\Kernel->handle()
#14 {main}
"} 
[2025-03-20 16:10:15] local.ERROR: Class "\Themes\BC\ThemeProvider" not found {"exception":"[object] (Error(code: 0): Class \"\\Themes\\BC\\ThemeProvider\" not found at /var/www/emaparking_dss/themes/ThemeServiceProvider.php:23)
[stacktrace]
#0 /var/www/emaparking_dss/vendor/laravel/framework/src/Illuminate/Container/BoundMethod.php(36): Themes\\ThemeServiceProvider->boot()
#1 /var/www/emaparking_dss/vendor/laravel/framework/src/Illuminate/Container/Util.php(41): Illuminate\\Container\\BoundMethod::Illuminate\\Container\\{closure}()
#2 /var/www/emaparking_dss/vendor/laravel/framework/src/Illuminate/Container/BoundMethod.php(93): Illuminate\\Container\\Util::unwrapIfClosure()
#3 /var/www/emaparking_dss/vendor/laravel/framework/src/Illuminate/Container/BoundMethod.php(35): Illuminate\\Container\\BoundMethod::callBoundMethod()
#4 /var/www/emaparking_dss/vendor/laravel/framework/src/Illuminate/Container/Container.php(651): Illuminate\\Container\\BoundMethod::call()
#5 /var/www/emaparking_dss/vendor/laravel/framework/src/Illuminate/Foundation/Application.php(933): Illuminate\\Container\\Container->call()
#6 /var/www/emaparking_dss/vendor/laravel/framework/src/Illuminate/Foundation/Application.php(914): Illuminate\\Foundation\\Application->bootProvider()
#7 [internal function]: Illuminate\\Foundation\\Application->Illuminate\\Foundation\\{closure}()
#8 /var/www/emaparking_dss/vendor/laravel/framework/src/Illuminate/Foundation/Application.php(913): array_walk()
#9 /var/www/emaparking_dss/vendor/laravel/framework/src/Illuminate/Foundation/Bootstrap/BootProviders.php(17): Illuminate\\Foundation\\Application->boot()
#10 /var/www/emaparking_dss/vendor/laravel/framework/src/Illuminate/Foundation/Application.php(242): Illuminate\\Foundation\\Bootstrap\\BootProviders->bootstrap()
#11 /var/www/emaparking_dss/vendor/laravel/framework/src/Illuminate/Foundation/Console/Kernel.php(383): Illuminate\\Foundation\\Application->bootstrapWith()
#12 /var/www/emaparking_dss/vendor/laravel/framework/src/Illuminate/Foundation/Console/Kernel.php(153): Illuminate\\Foundation\\Console\\Kernel->bootstrap()
#13 Command line code(1): Illuminate\\Foundation\\Console\\Kernel->handle()
#14 {main}
"} 
[2025-03-20 16:11:15] local.ERROR: Class "\Themes\BC\ThemeProvider" not found {"exception":"[object] (Error(code: 0): Class \"\\Themes\\BC\\ThemeProvider\" not found at /var/www/emaparking_dss/themes/ThemeServiceProvider.php:23)
[stacktrace]
#0 /var/www/emaparking_dss/vendor/laravel/framework/src/Illuminate/Container/BoundMethod.php(36): Themes\\ThemeServiceProvider->boot()
#1 /var/www/emaparking_dss/vendor/laravel/framework/src/Illuminate/Container/Util.php(41): Illuminate\\Container\\BoundMethod::Illuminate\\Container\\{closure}()
#2 /var/www/emaparking_dss/vendor/laravel/framework/src/Illuminate/Container/BoundMethod.php(93): Illuminate\\Container\\Util::unwrapIfClosure()
#3 /var/www/emaparking_dss/vendor/laravel/framework/src/Illuminate/Container/BoundMethod.php(35): Illuminate\\Container\\BoundMethod::callBoundMethod()
#4 /var/www/emaparking_dss/vendor/laravel/framework/src/Illuminate/Container/Container.php(651): Illuminate\\Container\\BoundMethod::call()
#5 /var/www/emaparking_dss/vendor/laravel/framework/src/Illuminate/Foundation/Application.php(933): Illuminate\\Container\\Container->call()
#6 /var/www/emaparking_dss/vendor/laravel/framework/src/Illuminate/Foundation/Application.php(914): Illuminate\\Foundation\\Application->bootProvider()
#7 [internal function]: Illuminate\\Foundation\\Application->Illuminate\\Foundation\\{closure}()
#8 /var/www/emaparking_dss/vendor/laravel/framework/src/Illuminate/Foundation/Application.php(913): array_walk()
#9 /var/www/emaparking_dss/vendor/laravel/framework/src/Illuminate/Foundation/Bootstrap/BootProviders.php(17): Illuminate\\Foundation\\Application->boot()
#10 /var/www/emaparking_dss/vendor/laravel/framework/src/Illuminate/Foundation/Application.php(242): Illuminate\\Foundation\\Bootstrap\\BootProviders->bootstrap()
#11 /var/www/emaparking_dss/vendor/laravel/framework/src/Illuminate/Foundation/Console/Kernel.php(383): Illuminate\\Foundation\\Application->bootstrapWith()
#12 /var/www/emaparking_dss/vendor/laravel/framework/src/Illuminate/Foundation/Console/Kernel.php(153): Illuminate\\Foundation\\Console\\Kernel->bootstrap()
#13 Command line code(1): Illuminate\\Foundation\\Console\\Kernel->handle()
#14 {main}
"} 
[2025-03-20 16:11:15] local.ERROR: Class "\Themes\BC\ThemeProvider" not found {"exception":"[object] (Error(code: 0): Class \"\\Themes\\BC\\ThemeProvider\" not found at /var/www/emaparking_dss/themes/ThemeServiceProvider.php:23)
[stacktrace]
#0 /var/www/emaparking_dss/vendor/laravel/framework/src/Illuminate/Container/BoundMethod.php(36): Themes\\ThemeServiceProvider->boot()
#1 /var/www/emaparking_dss/vendor/laravel/framework/src/Illuminate/Container/Util.php(41): Illuminate\\Container\\BoundMethod::Illuminate\\Container\\{closure}()
#2 /var/www/emaparking_dss/vendor/laravel/framework/src/Illuminate/Container/BoundMethod.php(93): Illuminate\\Container\\Util::unwrapIfClosure()
#3 /var/www/emaparking_dss/vendor/laravel/framework/src/Illuminate/Container/BoundMethod.php(35): Illuminate\\Container\\BoundMethod::callBoundMethod()
#4 /var/www/emaparking_dss/vendor/laravel/framework/src/Illuminate/Container/Container.php(651): Illuminate\\Container\\BoundMethod::call()
#5 /var/www/emaparking_dss/vendor/laravel/framework/src/Illuminate/Foundation/Application.php(933): Illuminate\\Container\\Container->call()
#6 /var/www/emaparking_dss/vendor/laravel/framework/src/Illuminate/Foundation/Application.php(914): Illuminate\\Foundation\\Application->bootProvider()
#7 [internal function]: Illuminate\\Foundation\\Application->Illuminate\\Foundation\\{closure}()
#8 /var/www/emaparking_dss/vendor/laravel/framework/src/Illuminate/Foundation/Application.php(913): array_walk()
#9 /var/www/emaparking_dss/vendor/laravel/framework/src/Illuminate/Foundation/Bootstrap/BootProviders.php(17): Illuminate\\Foundation\\Application->boot()
#10 /var/www/emaparking_dss/vendor/laravel/framework/src/Illuminate/Foundation/Application.php(242): Illuminate\\Foundation\\Bootstrap\\BootProviders->bootstrap()
#11 /var/www/emaparking_dss/vendor/laravel/framework/src/Illuminate/Foundation/Console/Kernel.php(383): Illuminate\\Foundation\\Application->bootstrapWith()
#12 /var/www/emaparking_dss/vendor/laravel/framework/src/Illuminate/Foundation/Console/Kernel.php(153): Illuminate\\Foundation\\Console\\Kernel->bootstrap()
#13 Command line code(1): Illuminate\\Foundation\\Console\\Kernel->handle()
#14 {main}
"} 
[2025-03-20 16:12:15] local.ERROR: Class "\Themes\BC\ThemeProvider" not found {"exception":"[object] (Error(code: 0): Class \"\\Themes\\BC\\ThemeProvider\" not found at /var/www/emaparking_dss/themes/ThemeServiceProvider.php:23)
[stacktrace]
#0 /var/www/emaparking_dss/vendor/laravel/framework/src/Illuminate/Container/BoundMethod.php(36): Themes\\ThemeServiceProvider->boot()
#1 /var/www/emaparking_dss/vendor/laravel/framework/src/Illuminate/Container/Util.php(41): Illuminate\\Container\\BoundMethod::Illuminate\\Container\\{closure}()
#2 /var/www/emaparking_dss/vendor/laravel/framework/src/Illuminate/Container/BoundMethod.php(93): Illuminate\\Container\\Util::unwrapIfClosure()
#3 /var/www/emaparking_dss/vendor/laravel/framework/src/Illuminate/Container/BoundMethod.php(35): Illuminate\\Container\\BoundMethod::callBoundMethod()
#4 /var/www/emaparking_dss/vendor/laravel/framework/src/Illuminate/Container/Container.php(651): Illuminate\\Container\\BoundMethod::call()
#5 /var/www/emaparking_dss/vendor/laravel/framework/src/Illuminate/Foundation/Application.php(933): Illuminate\\Container\\Container->call()
#6 /var/www/emaparking_dss/vendor/laravel/framework/src/Illuminate/Foundation/Application.php(914): Illuminate\\Foundation\\Application->bootProvider()
#7 [internal function]: Illuminate\\Foundation\\Application->Illuminate\\Foundation\\{closure}()
#8 /var/www/emaparking_dss/vendor/laravel/framework/src/Illuminate/Foundation/Application.php(913): array_walk()
#9 /var/www/emaparking_dss/vendor/laravel/framework/src/Illuminate/Foundation/Bootstrap/BootProviders.php(17): Illuminate\\Foundation\\Application->boot()
#10 /var/www/emaparking_dss/vendor/laravel/framework/src/Illuminate/Foundation/Application.php(242): Illuminate\\Foundation\\Bootstrap\\BootProviders->bootstrap()
#11 /var/www/emaparking_dss/vendor/laravel/framework/src/Illuminate/Foundation/Console/Kernel.php(383): Illuminate\\Foundation\\Application->bootstrapWith()
#12 /var/www/emaparking_dss/vendor/laravel/framework/src/Illuminate/Foundation/Console/Kernel.php(153): Illuminate\\Foundation\\Console\\Kernel->bootstrap()
#13 Command line code(1): Illuminate\\Foundation\\Console\\Kernel->handle()
#14 {main}
"} 
[2025-03-20 16:12:15] local.ERROR: Class "\Themes\BC\ThemeProvider" not found {"exception":"[object] (Error(code: 0): Class \"\\Themes\\BC\\ThemeProvider\" not found at /var/www/emaparking_dss/themes/ThemeServiceProvider.php:23)
[stacktrace]
#0 /var/www/emaparking_dss/vendor/laravel/framework/src/Illuminate/Container/BoundMethod.php(36): Themes\\ThemeServiceProvider->boot()
#1 /var/www/emaparking_dss/vendor/laravel/framework/src/Illuminate/Container/Util.php(41): Illuminate\\Container\\BoundMethod::Illuminate\\Container\\{closure}()
#2 /var/www/emaparking_dss/vendor/laravel/framework/src/Illuminate/Container/BoundMethod.php(93): Illuminate\\Container\\Util::unwrapIfClosure()
#3 /var/www/emaparking_dss/vendor/laravel/framework/src/Illuminate/Container/BoundMethod.php(35): Illuminate\\Container\\BoundMethod::callBoundMethod()
#4 /var/www/emaparking_dss/vendor/laravel/framework/src/Illuminate/Container/Container.php(651): Illuminate\\Container\\BoundMethod::call()
#5 /var/www/emaparking_dss/vendor/laravel/framework/src/Illuminate/Foundation/Application.php(933): Illuminate\\Container\\Container->call()
#6 /var/www/emaparking_dss/vendor/laravel/framework/src/Illuminate/Foundation/Application.php(914): Illuminate\\Foundation\\Application->bootProvider()
#7 [internal function]: Illuminate\\Foundation\\Application->Illuminate\\Foundation\\{closure}()
#8 /var/www/emaparking_dss/vendor/laravel/framework/src/Illuminate/Foundation/Application.php(913): array_walk()
#9 /var/www/emaparking_dss/vendor/laravel/framework/src/Illuminate/Foundation/Bootstrap/BootProviders.php(17): Illuminate\\Foundation\\Application->boot()
#10 /var/www/emaparking_dss/vendor/laravel/framework/src/Illuminate/Foundation/Application.php(242): Illuminate\\Foundation\\Bootstrap\\BootProviders->bootstrap()
#11 /var/www/emaparking_dss/vendor/laravel/framework/src/Illuminate/Foundation/Console/Kernel.php(383): Illuminate\\Foundation\\Application->bootstrapWith()
#12 /var/www/emaparking_dss/vendor/laravel/framework/src/Illuminate/Foundation/Console/Kernel.php(153): Illuminate\\Foundation\\Console\\Kernel->bootstrap()
#13 Command line code(1): Illuminate\\Foundation\\Console\\Kernel->handle()
#14 {main}
"} 
[2025-03-20 16:13:15] local.ERROR: Class "\Themes\BC\ThemeProvider" not found {"exception":"[object] (Error(code: 0): Class \"\\Themes\\BC\\ThemeProvider\" not found at /var/www/emaparking_dss/themes/ThemeServiceProvider.php:23)
[stacktrace]
#0 /var/www/emaparking_dss/vendor/laravel/framework/src/Illuminate/Container/BoundMethod.php(36): Themes\\ThemeServiceProvider->boot()
#1 /var/www/emaparking_dss/vendor/laravel/framework/src/Illuminate/Container/Util.php(41): Illuminate\\Container\\BoundMethod::Illuminate\\Container\\{closure}()
#2 /var/www/emaparking_dss/vendor/laravel/framework/src/Illuminate/Container/BoundMethod.php(93): Illuminate\\Container\\Util::unwrapIfClosure()
#3 /var/www/emaparking_dss/vendor/laravel/framework/src/Illuminate/Container/BoundMethod.php(35): Illuminate\\Container\\BoundMethod::callBoundMethod()
#4 /var/www/emaparking_dss/vendor/laravel/framework/src/Illuminate/Container/Container.php(651): Illuminate\\Container\\BoundMethod::call()
#5 /var/www/emaparking_dss/vendor/laravel/framework/src/Illuminate/Foundation/Application.php(933): Illuminate\\Container\\Container->call()
#6 /var/www/emaparking_dss/vendor/laravel/framework/src/Illuminate/Foundation/Application.php(914): Illuminate\\Foundation\\Application->bootProvider()
#7 [internal function]: Illuminate\\Foundation\\Application->Illuminate\\Foundation\\{closure}()
#8 /var/www/emaparking_dss/vendor/laravel/framework/src/Illuminate/Foundation/Application.php(913): array_walk()
#9 /var/www/emaparking_dss/vendor/laravel/framework/src/Illuminate/Foundation/Bootstrap/BootProviders.php(17): Illuminate\\Foundation\\Application->boot()
#10 /var/www/emaparking_dss/vendor/laravel/framework/src/Illuminate/Foundation/Application.php(242): Illuminate\\Foundation\\Bootstrap\\BootProviders->bootstrap()
#11 /var/www/emaparking_dss/vendor/laravel/framework/src/Illuminate/Foundation/Console/Kernel.php(383): Illuminate\\Foundation\\Application->bootstrapWith()
#12 /var/www/emaparking_dss/vendor/laravel/framework/src/Illuminate/Foundation/Console/Kernel.php(153): Illuminate\\Foundation\\Console\\Kernel->bootstrap()
#13 Command line code(1): Illuminate\\Foundation\\Console\\Kernel->handle()
#14 {main}
"} 
[2025-03-20 16:13:15] local.ERROR: Class "\Themes\BC\ThemeProvider" not found {"exception":"[object] (Error(code: 0): Class \"\\Themes\\BC\\ThemeProvider\" not found at /var/www/emaparking_dss/themes/ThemeServiceProvider.php:23)
[stacktrace]
#0 /var/www/emaparking_dss/vendor/laravel/framework/src/Illuminate/Container/BoundMethod.php(36): Themes\\ThemeServiceProvider->boot()
#1 /var/www/emaparking_dss/vendor/laravel/framework/src/Illuminate/Container/Util.php(41): Illuminate\\Container\\BoundMethod::Illuminate\\Container\\{closure}()
#2 /var/www/emaparking_dss/vendor/laravel/framework/src/Illuminate/Container/BoundMethod.php(93): Illuminate\\Container\\Util::unwrapIfClosure()
#3 /var/www/emaparking_dss/vendor/laravel/framework/src/Illuminate/Container/BoundMethod.php(35): Illuminate\\Container\\BoundMethod::callBoundMethod()
#4 /var/www/emaparking_dss/vendor/laravel/framework/src/Illuminate/Container/Container.php(651): Illuminate\\Container\\BoundMethod::call()
#5 /var/www/emaparking_dss/vendor/laravel/framework/src/Illuminate/Foundation/Application.php(933): Illuminate\\Container\\Container->call()
#6 /var/www/emaparking_dss/vendor/laravel/framework/src/Illuminate/Foundation/Application.php(914): Illuminate\\Foundation\\Application->bootProvider()
#7 [internal function]: Illuminate\\Foundation\\Application->Illuminate\\Foundation\\{closure}()
#8 /var/www/emaparking_dss/vendor/laravel/framework/src/Illuminate/Foundation/Application.php(913): array_walk()
#9 /var/www/emaparking_dss/vendor/laravel/framework/src/Illuminate/Foundation/Bootstrap/BootProviders.php(17): Illuminate\\Foundation\\Application->boot()
#10 /var/www/emaparking_dss/vendor/laravel/framework/src/Illuminate/Foundation/Application.php(242): Illuminate\\Foundation\\Bootstrap\\BootProviders->bootstrap()
#11 /var/www/emaparking_dss/vendor/laravel/framework/src/Illuminate/Foundation/Console/Kernel.php(383): Illuminate\\Foundation\\Application->bootstrapWith()
#12 /var/www/emaparking_dss/vendor/laravel/framework/src/Illuminate/Foundation/Console/Kernel.php(153): Illuminate\\Foundation\\Console\\Kernel->bootstrap()
#13 Command line code(1): Illuminate\\Foundation\\Console\\Kernel->handle()
#14 {main}
"} 
[2025-03-20 16:14:15] local.ERROR: Class "\Themes\BC\ThemeProvider" not found {"exception":"[object] (Error(code: 0): Class \"\\Themes\\BC\\ThemeProvider\" not found at /var/www/emaparking_dss/themes/ThemeServiceProvider.php:23)
[stacktrace]
#0 /var/www/emaparking_dss/vendor/laravel/framework/src/Illuminate/Container/BoundMethod.php(36): Themes\\ThemeServiceProvider->boot()
#1 /var/www/emaparking_dss/vendor/laravel/framework/src/Illuminate/Container/Util.php(41): Illuminate\\Container\\BoundMethod::Illuminate\\Container\\{closure}()
#2 /var/www/emaparking_dss/vendor/laravel/framework/src/Illuminate/Container/BoundMethod.php(93): Illuminate\\Container\\Util::unwrapIfClosure()
#3 /var/www/emaparking_dss/vendor/laravel/framework/src/Illuminate/Container/BoundMethod.php(35): Illuminate\\Container\\BoundMethod::callBoundMethod()
#4 /var/www/emaparking_dss/vendor/laravel/framework/src/Illuminate/Container/Container.php(651): Illuminate\\Container\\BoundMethod::call()
#5 /var/www/emaparking_dss/vendor/laravel/framework/src/Illuminate/Foundation/Application.php(933): Illuminate\\Container\\Container->call()
#6 /var/www/emaparking_dss/vendor/laravel/framework/src/Illuminate/Foundation/Application.php(914): Illuminate\\Foundation\\Application->bootProvider()
#7 [internal function]: Illuminate\\Foundation\\Application->Illuminate\\Foundation\\{closure}()
#8 /var/www/emaparking_dss/vendor/laravel/framework/src/Illuminate/Foundation/Application.php(913): array_walk()
#9 /var/www/emaparking_dss/vendor/laravel/framework/src/Illuminate/Foundation/Bootstrap/BootProviders.php(17): Illuminate\\Foundation\\Application->boot()
#10 /var/www/emaparking_dss/vendor/laravel/framework/src/Illuminate/Foundation/Application.php(242): Illuminate\\Foundation\\Bootstrap\\BootProviders->bootstrap()
#11 /var/www/emaparking_dss/vendor/laravel/framework/src/Illuminate/Foundation/Console/Kernel.php(383): Illuminate\\Foundation\\Application->bootstrapWith()
#12 /var/www/emaparking_dss/vendor/laravel/framework/src/Illuminate/Foundation/Console/Kernel.php(153): Illuminate\\Foundation\\Console\\Kernel->bootstrap()
#13 Command line code(1): Illuminate\\Foundation\\Console\\Kernel->handle()
#14 {main}
"} 
[2025-03-20 16:14:15] local.ERROR: Class "\Themes\BC\ThemeProvider" not found {"exception":"[object] (Error(code: 0): Class \"\\Themes\\BC\\ThemeProvider\" not found at /var/www/emaparking_dss/themes/ThemeServiceProvider.php:23)
[stacktrace]
#0 /var/www/emaparking_dss/vendor/laravel/framework/src/Illuminate/Container/BoundMethod.php(36): Themes\\ThemeServiceProvider->boot()
#1 /var/www/emaparking_dss/vendor/laravel/framework/src/Illuminate/Container/Util.php(41): Illuminate\\Container\\BoundMethod::Illuminate\\Container\\{closure}()
#2 /var/www/emaparking_dss/vendor/laravel/framework/src/Illuminate/Container/BoundMethod.php(93): Illuminate\\Container\\Util::unwrapIfClosure()
#3 /var/www/emaparking_dss/vendor/laravel/framework/src/Illuminate/Container/BoundMethod.php(35): Illuminate\\Container\\BoundMethod::callBoundMethod()
#4 /var/www/emaparking_dss/vendor/laravel/framework/src/Illuminate/Container/Container.php(651): Illuminate\\Container\\BoundMethod::call()
#5 /var/www/emaparking_dss/vendor/laravel/framework/src/Illuminate/Foundation/Application.php(933): Illuminate\\Container\\Container->call()
#6 /var/www/emaparking_dss/vendor/laravel/framework/src/Illuminate/Foundation/Application.php(914): Illuminate\\Foundation\\Application->bootProvider()
#7 [internal function]: Illuminate\\Foundation\\Application->Illuminate\\Foundation\\{closure}()
#8 /var/www/emaparking_dss/vendor/laravel/framework/src/Illuminate/Foundation/Application.php(913): array_walk()
#9 /var/www/emaparking_dss/vendor/laravel/framework/src/Illuminate/Foundation/Bootstrap/BootProviders.php(17): Illuminate\\Foundation\\Application->boot()
#10 /var/www/emaparking_dss/vendor/laravel/framework/src/Illuminate/Foundation/Application.php(242): Illuminate\\Foundation\\Bootstrap\\BootProviders->bootstrap()
#11 /var/www/emaparking_dss/vendor/laravel/framework/src/Illuminate/Foundation/Console/Kernel.php(383): Illuminate\\Foundation\\Application->bootstrapWith()
#12 /var/www/emaparking_dss/vendor/laravel/framework/src/Illuminate/Foundation/Console/Kernel.php(153): Illuminate\\Foundation\\Console\\Kernel->bootstrap()
#13 Command line code(1): Illuminate\\Foundation\\Console\\Kernel->handle()
#14 {main}
"} 
[2025-03-20 16:15:16] local.ERROR: Class "\Themes\BC\ThemeProvider" not found {"exception":"[object] (Error(code: 0): Class \"\\Themes\\BC\\ThemeProvider\" not found at /var/www/emaparking_dss/themes/ThemeServiceProvider.php:23)
[stacktrace]
#0 /var/www/emaparking_dss/vendor/laravel/framework/src/Illuminate/Container/BoundMethod.php(36): Themes\\ThemeServiceProvider->boot()
#1 /var/www/emaparking_dss/vendor/laravel/framework/src/Illuminate/Container/Util.php(41): Illuminate\\Container\\BoundMethod::Illuminate\\Container\\{closure}()
#2 /var/www/emaparking_dss/vendor/laravel/framework/src/Illuminate/Container/BoundMethod.php(93): Illuminate\\Container\\Util::unwrapIfClosure()
#3 /var/www/emaparking_dss/vendor/laravel/framework/src/Illuminate/Container/BoundMethod.php(35): Illuminate\\Container\\BoundMethod::callBoundMethod()
#4 /var/www/emaparking_dss/vendor/laravel/framework/src/Illuminate/Container/Container.php(651): Illuminate\\Container\\BoundMethod::call()
#5 /var/www/emaparking_dss/vendor/laravel/framework/src/Illuminate/Foundation/Application.php(933): Illuminate\\Container\\Container->call()
#6 /var/www/emaparking_dss/vendor/laravel/framework/src/Illuminate/Foundation/Application.php(914): Illuminate\\Foundation\\Application->bootProvider()
#7 [internal function]: Illuminate\\Foundation\\Application->Illuminate\\Foundation\\{closure}()
#8 /var/www/emaparking_dss/vendor/laravel/framework/src/Illuminate/Foundation/Application.php(913): array_walk()
#9 /var/www/emaparking_dss/vendor/laravel/framework/src/Illuminate/Foundation/Bootstrap/BootProviders.php(17): Illuminate\\Foundation\\Application->boot()
#10 /var/www/emaparking_dss/vendor/laravel/framework/src/Illuminate/Foundation/Application.php(242): Illuminate\\Foundation\\Bootstrap\\BootProviders->bootstrap()
#11 /var/www/emaparking_dss/vendor/laravel/framework/src/Illuminate/Foundation/Console/Kernel.php(383): Illuminate\\Foundation\\Application->bootstrapWith()
#12 /var/www/emaparking_dss/vendor/laravel/framework/src/Illuminate/Foundation/Console/Kernel.php(153): Illuminate\\Foundation\\Console\\Kernel->bootstrap()
#13 Command line code(1): Illuminate\\Foundation\\Console\\Kernel->handle()
#14 {main}
"} 
[2025-03-20 16:15:16] local.ERROR: Class "\Themes\BC\ThemeProvider" not found {"exception":"[object] (Error(code: 0): Class \"\\Themes\\BC\\ThemeProvider\" not found at /var/www/emaparking_dss/themes/ThemeServiceProvider.php:23)
[stacktrace]
#0 /var/www/emaparking_dss/vendor/laravel/framework/src/Illuminate/Container/BoundMethod.php(36): Themes\\ThemeServiceProvider->boot()
#1 /var/www/emaparking_dss/vendor/laravel/framework/src/Illuminate/Container/Util.php(41): Illuminate\\Container\\BoundMethod::Illuminate\\Container\\{closure}()
#2 /var/www/emaparking_dss/vendor/laravel/framework/src/Illuminate/Container/BoundMethod.php(93): Illuminate\\Container\\Util::unwrapIfClosure()
#3 /var/www/emaparking_dss/vendor/laravel/framework/src/Illuminate/Container/BoundMethod.php(35): Illuminate\\Container\\BoundMethod::callBoundMethod()
#4 /var/www/emaparking_dss/vendor/laravel/framework/src/Illuminate/Container/Container.php(651): Illuminate\\Container\\BoundMethod::call()
#5 /var/www/emaparking_dss/vendor/laravel/framework/src/Illuminate/Foundation/Application.php(933): Illuminate\\Container\\Container->call()
#6 /var/www/emaparking_dss/vendor/laravel/framework/src/Illuminate/Foundation/Application.php(914): Illuminate\\Foundation\\Application->bootProvider()
#7 [internal function]: Illuminate\\Foundation\\Application->Illuminate\\Foundation\\{closure}()
#8 /var/www/emaparking_dss/vendor/laravel/framework/src/Illuminate/Foundation/Application.php(913): array_walk()
#9 /var/www/emaparking_dss/vendor/laravel/framework/src/Illuminate/Foundation/Bootstrap/BootProviders.php(17): Illuminate\\Foundation\\Application->boot()
#10 /var/www/emaparking_dss/vendor/laravel/framework/src/Illuminate/Foundation/Application.php(242): Illuminate\\Foundation\\Bootstrap\\BootProviders->bootstrap()
#11 /var/www/emaparking_dss/vendor/laravel/framework/src/Illuminate/Foundation/Console/Kernel.php(383): Illuminate\\Foundation\\Application->bootstrapWith()
#12 /var/www/emaparking_dss/vendor/laravel/framework/src/Illuminate/Foundation/Console/Kernel.php(153): Illuminate\\Foundation\\Console\\Kernel->bootstrap()
#13 Command line code(1): Illuminate\\Foundation\\Console\\Kernel->handle()
#14 {main}
"} 
[2025-03-20 16:16:15] local.ERROR: Class "\Themes\BC\ThemeProvider" not found {"exception":"[object] (Error(code: 0): Class \"\\Themes\\BC\\ThemeProvider\" not found at /var/www/emaparking_dss/themes/ThemeServiceProvider.php:23)
[stacktrace]
#0 /var/www/emaparking_dss/vendor/laravel/framework/src/Illuminate/Container/BoundMethod.php(36): Themes\\ThemeServiceProvider->boot()
#1 /var/www/emaparking_dss/vendor/laravel/framework/src/Illuminate/Container/Util.php(41): Illuminate\\Container\\BoundMethod::Illuminate\\Container\\{closure}()
#2 /var/www/emaparking_dss/vendor/laravel/framework/src/Illuminate/Container/BoundMethod.php(93): Illuminate\\Container\\Util::unwrapIfClosure()
#3 /var/www/emaparking_dss/vendor/laravel/framework/src/Illuminate/Container/BoundMethod.php(35): Illuminate\\Container\\BoundMethod::callBoundMethod()
#4 /var/www/emaparking_dss/vendor/laravel/framework/src/Illuminate/Container/Container.php(651): Illuminate\\Container\\BoundMethod::call()
#5 /var/www/emaparking_dss/vendor/laravel/framework/src/Illuminate/Foundation/Application.php(933): Illuminate\\Container\\Container->call()
#6 /var/www/emaparking_dss/vendor/laravel/framework/src/Illuminate/Foundation/Application.php(914): Illuminate\\Foundation\\Application->bootProvider()
#7 [internal function]: Illuminate\\Foundation\\Application->Illuminate\\Foundation\\{closure}()
#8 /var/www/emaparking_dss/vendor/laravel/framework/src/Illuminate/Foundation/Application.php(913): array_walk()
#9 /var/www/emaparking_dss/vendor/laravel/framework/src/Illuminate/Foundation/Bootstrap/BootProviders.php(17): Illuminate\\Foundation\\Application->boot()
#10 /var/www/emaparking_dss/vendor/laravel/framework/src/Illuminate/Foundation/Application.php(242): Illuminate\\Foundation\\Bootstrap\\BootProviders->bootstrap()
#11 /var/www/emaparking_dss/vendor/laravel/framework/src/Illuminate/Foundation/Console/Kernel.php(383): Illuminate\\Foundation\\Application->bootstrapWith()
#12 /var/www/emaparking_dss/vendor/laravel/framework/src/Illuminate/Foundation/Console/Kernel.php(153): Illuminate\\Foundation\\Console\\Kernel->bootstrap()
#13 Command line code(1): Illuminate\\Foundation\\Console\\Kernel->handle()
#14 {main}
"} 
[2025-03-20 16:16:16] local.ERROR: Class "\Themes\BC\ThemeProvider" not found {"exception":"[object] (Error(code: 0): Class \"\\Themes\\BC\\ThemeProvider\" not found at /var/www/emaparking_dss/themes/ThemeServiceProvider.php:23)
[stacktrace]
#0 /var/www/emaparking_dss/vendor/laravel/framework/src/Illuminate/Container/BoundMethod.php(36): Themes\\ThemeServiceProvider->boot()
#1 /var/www/emaparking_dss/vendor/laravel/framework/src/Illuminate/Container/Util.php(41): Illuminate\\Container\\BoundMethod::Illuminate\\Container\\{closure}()
#2 /var/www/emaparking_dss/vendor/laravel/framework/src/Illuminate/Container/BoundMethod.php(93): Illuminate\\Container\\Util::unwrapIfClosure()
#3 /var/www/emaparking_dss/vendor/laravel/framework/src/Illuminate/Container/BoundMethod.php(35): Illuminate\\Container\\BoundMethod::callBoundMethod()
#4 /var/www/emaparking_dss/vendor/laravel/framework/src/Illuminate/Container/Container.php(651): Illuminate\\Container\\BoundMethod::call()
#5 /var/www/emaparking_dss/vendor/laravel/framework/src/Illuminate/Foundation/Application.php(933): Illuminate\\Container\\Container->call()
#6 /var/www/emaparking_dss/vendor/laravel/framework/src/Illuminate/Foundation/Application.php(914): Illuminate\\Foundation\\Application->bootProvider()
#7 [internal function]: Illuminate\\Foundation\\Application->Illuminate\\Foundation\\{closure}()
#8 /var/www/emaparking_dss/vendor/laravel/framework/src/Illuminate/Foundation/Application.php(913): array_walk()
#9 /var/www/emaparking_dss/vendor/laravel/framework/src/Illuminate/Foundation/Bootstrap/BootProviders.php(17): Illuminate\\Foundation\\Application->boot()
#10 /var/www/emaparking_dss/vendor/laravel/framework/src/Illuminate/Foundation/Application.php(242): Illuminate\\Foundation\\Bootstrap\\BootProviders->bootstrap()
#11 /var/www/emaparking_dss/vendor/laravel/framework/src/Illuminate/Foundation/Console/Kernel.php(383): Illuminate\\Foundation\\Application->bootstrapWith()
#12 /var/www/emaparking_dss/vendor/laravel/framework/src/Illuminate/Foundation/Console/Kernel.php(153): Illuminate\\Foundation\\Console\\Kernel->bootstrap()
#13 Command line code(1): Illuminate\\Foundation\\Console\\Kernel->handle()
#14 {main}
"} 
[2025-03-20 16:17:16] local.ERROR: Class "\Themes\BC\ThemeProvider" not found {"exception":"[object] (Error(code: 0): Class \"\\Themes\\BC\\ThemeProvider\" not found at /var/www/emaparking_dss/themes/ThemeServiceProvider.php:23)
[stacktrace]
#0 /var/www/emaparking_dss/vendor/laravel/framework/src/Illuminate/Container/BoundMethod.php(36): Themes\\ThemeServiceProvider->boot()
#1 /var/www/emaparking_dss/vendor/laravel/framework/src/Illuminate/Container/Util.php(41): Illuminate\\Container\\BoundMethod::Illuminate\\Container\\{closure}()
#2 /var/www/emaparking_dss/vendor/laravel/framework/src/Illuminate/Container/BoundMethod.php(93): Illuminate\\Container\\Util::unwrapIfClosure()
#3 /var/www/emaparking_dss/vendor/laravel/framework/src/Illuminate/Container/BoundMethod.php(35): Illuminate\\Container\\BoundMethod::callBoundMethod()
#4 /var/www/emaparking_dss/vendor/laravel/framework/src/Illuminate/Container/Container.php(651): Illuminate\\Container\\BoundMethod::call()
#5 /var/www/emaparking_dss/vendor/laravel/framework/src/Illuminate/Foundation/Application.php(933): Illuminate\\Container\\Container->call()
#6 /var/www/emaparking_dss/vendor/laravel/framework/src/Illuminate/Foundation/Application.php(914): Illuminate\\Foundation\\Application->bootProvider()
#7 [internal function]: Illuminate\\Foundation\\Application->Illuminate\\Foundation\\{closure}()
#8 /var/www/emaparking_dss/vendor/laravel/framework/src/Illuminate/Foundation/Application.php(913): array_walk()
#9 /var/www/emaparking_dss/vendor/laravel/framework/src/Illuminate/Foundation/Bootstrap/BootProviders.php(17): Illuminate\\Foundation\\Application->boot()
#10 /var/www/emaparking_dss/vendor/laravel/framework/src/Illuminate/Foundation/Application.php(242): Illuminate\\Foundation\\Bootstrap\\BootProviders->bootstrap()
#11 /var/www/emaparking_dss/vendor/laravel/framework/src/Illuminate/Foundation/Console/Kernel.php(383): Illuminate\\Foundation\\Application->bootstrapWith()
#12 /var/www/emaparking_dss/vendor/laravel/framework/src/Illuminate/Foundation/Console/Kernel.php(153): Illuminate\\Foundation\\Console\\Kernel->bootstrap()
#13 Command line code(1): Illuminate\\Foundation\\Console\\Kernel->handle()
#14 {main}
"} 
[2025-03-20 16:17:16] local.ERROR: Class "\Themes\BC\ThemeProvider" not found {"exception":"[object] (Error(code: 0): Class \"\\Themes\\BC\\ThemeProvider\" not found at /var/www/emaparking_dss/themes/ThemeServiceProvider.php:23)
[stacktrace]
#0 /var/www/emaparking_dss/vendor/laravel/framework/src/Illuminate/Container/BoundMethod.php(36): Themes\\ThemeServiceProvider->boot()
#1 /var/www/emaparking_dss/vendor/laravel/framework/src/Illuminate/Container/Util.php(41): Illuminate\\Container\\BoundMethod::Illuminate\\Container\\{closure}()
#2 /var/www/emaparking_dss/vendor/laravel/framework/src/Illuminate/Container/BoundMethod.php(93): Illuminate\\Container\\Util::unwrapIfClosure()
#3 /var/www/emaparking_dss/vendor/laravel/framework/src/Illuminate/Container/BoundMethod.php(35): Illuminate\\Container\\BoundMethod::callBoundMethod()
#4 /var/www/emaparking_dss/vendor/laravel/framework/src/Illuminate/Container/Container.php(651): Illuminate\\Container\\BoundMethod::call()
#5 /var/www/emaparking_dss/vendor/laravel/framework/src/Illuminate/Foundation/Application.php(933): Illuminate\\Container\\Container->call()
#6 /var/www/emaparking_dss/vendor/laravel/framework/src/Illuminate/Foundation/Application.php(914): Illuminate\\Foundation\\Application->bootProvider()
#7 [internal function]: Illuminate\\Foundation\\Application->Illuminate\\Foundation\\{closure}()
#8 /var/www/emaparking_dss/vendor/laravel/framework/src/Illuminate/Foundation/Application.php(913): array_walk()
#9 /var/www/emaparking_dss/vendor/laravel/framework/src/Illuminate/Foundation/Bootstrap/BootProviders.php(17): Illuminate\\Foundation\\Application->boot()
#10 /var/www/emaparking_dss/vendor/laravel/framework/src/Illuminate/Foundation/Application.php(242): Illuminate\\Foundation\\Bootstrap\\BootProviders->bootstrap()
#11 /var/www/emaparking_dss/vendor/laravel/framework/src/Illuminate/Foundation/Console/Kernel.php(383): Illuminate\\Foundation\\Application->bootstrapWith()
#12 /var/www/emaparking_dss/vendor/laravel/framework/src/Illuminate/Foundation/Console/Kernel.php(153): Illuminate\\Foundation\\Console\\Kernel->bootstrap()
#13 Command line code(1): Illuminate\\Foundation\\Console\\Kernel->handle()
#14 {main}
"} 
[2025-03-20 16:18:16] local.ERROR: Class "\Themes\BC\ThemeProvider" not found {"exception":"[object] (Error(code: 0): Class \"\\Themes\\BC\\ThemeProvider\" not found at /var/www/emaparking_dss/themes/ThemeServiceProvider.php:23)
[stacktrace]
#0 /var/www/emaparking_dss/vendor/laravel/framework/src/Illuminate/Container/BoundMethod.php(36): Themes\\ThemeServiceProvider->boot()
#1 /var/www/emaparking_dss/vendor/laravel/framework/src/Illuminate/Container/Util.php(41): Illuminate\\Container\\BoundMethod::Illuminate\\Container\\{closure}()
#2 /var/www/emaparking_dss/vendor/laravel/framework/src/Illuminate/Container/BoundMethod.php(93): Illuminate\\Container\\Util::unwrapIfClosure()
#3 /var/www/emaparking_dss/vendor/laravel/framework/src/Illuminate/Container/BoundMethod.php(35): Illuminate\\Container\\BoundMethod::callBoundMethod()
#4 /var/www/emaparking_dss/vendor/laravel/framework/src/Illuminate/Container/Container.php(651): Illuminate\\Container\\BoundMethod::call()
#5 /var/www/emaparking_dss/vendor/laravel/framework/src/Illuminate/Foundation/Application.php(933): Illuminate\\Container\\Container->call()
#6 /var/www/emaparking_dss/vendor/laravel/framework/src/Illuminate/Foundation/Application.php(914): Illuminate\\Foundation\\Application->bootProvider()
#7 [internal function]: Illuminate\\Foundation\\Application->Illuminate\\Foundation\\{closure}()
#8 /var/www/emaparking_dss/vendor/laravel/framework/src/Illuminate/Foundation/Application.php(913): array_walk()
#9 /var/www/emaparking_dss/vendor/laravel/framework/src/Illuminate/Foundation/Bootstrap/BootProviders.php(17): Illuminate\\Foundation\\Application->boot()
#10 /var/www/emaparking_dss/vendor/laravel/framework/src/Illuminate/Foundation/Application.php(242): Illuminate\\Foundation\\Bootstrap\\BootProviders->bootstrap()
#11 /var/www/emaparking_dss/vendor/laravel/framework/src/Illuminate/Foundation/Console/Kernel.php(383): Illuminate\\Foundation\\Application->bootstrapWith()
#12 /var/www/emaparking_dss/vendor/laravel/framework/src/Illuminate/Foundation/Console/Kernel.php(153): Illuminate\\Foundation\\Console\\Kernel->bootstrap()
#13 Command line code(1): Illuminate\\Foundation\\Console\\Kernel->handle()
#14 {main}
"} 
[2025-03-20 16:18:16] local.ERROR: Class "\Themes\BC\ThemeProvider" not found {"exception":"[object] (Error(code: 0): Class \"\\Themes\\BC\\ThemeProvider\" not found at /var/www/emaparking_dss/themes/ThemeServiceProvider.php:23)
[stacktrace]
#0 /var/www/emaparking_dss/vendor/laravel/framework/src/Illuminate/Container/BoundMethod.php(36): Themes\\ThemeServiceProvider->boot()
#1 /var/www/emaparking_dss/vendor/laravel/framework/src/Illuminate/Container/Util.php(41): Illuminate\\Container\\BoundMethod::Illuminate\\Container\\{closure}()
#2 /var/www/emaparking_dss/vendor/laravel/framework/src/Illuminate/Container/BoundMethod.php(93): Illuminate\\Container\\Util::unwrapIfClosure()
#3 /var/www/emaparking_dss/vendor/laravel/framework/src/Illuminate/Container/BoundMethod.php(35): Illuminate\\Container\\BoundMethod::callBoundMethod()
#4 /var/www/emaparking_dss/vendor/laravel/framework/src/Illuminate/Container/Container.php(651): Illuminate\\Container\\BoundMethod::call()
#5 /var/www/emaparking_dss/vendor/laravel/framework/src/Illuminate/Foundation/Application.php(933): Illuminate\\Container\\Container->call()
#6 /var/www/emaparking_dss/vendor/laravel/framework/src/Illuminate/Foundation/Application.php(914): Illuminate\\Foundation\\Application->bootProvider()
#7 [internal function]: Illuminate\\Foundation\\Application->Illuminate\\Foundation\\{closure}()
#8 /var/www/emaparking_dss/vendor/laravel/framework/src/Illuminate/Foundation/Application.php(913): array_walk()
#9 /var/www/emaparking_dss/vendor/laravel/framework/src/Illuminate/Foundation/Bootstrap/BootProviders.php(17): Illuminate\\Foundation\\Application->boot()
#10 /var/www/emaparking_dss/vendor/laravel/framework/src/Illuminate/Foundation/Application.php(242): Illuminate\\Foundation\\Bootstrap\\BootProviders->bootstrap()
#11 /var/www/emaparking_dss/vendor/laravel/framework/src/Illuminate/Foundation/Console/Kernel.php(383): Illuminate\\Foundation\\Application->bootstrapWith()
#12 /var/www/emaparking_dss/vendor/laravel/framework/src/Illuminate/Foundation/Console/Kernel.php(153): Illuminate\\Foundation\\Console\\Kernel->bootstrap()
#13 Command line code(1): Illuminate\\Foundation\\Console\\Kernel->handle()
#14 {main}
"} 
[2025-03-20 16:19:15] local.ERROR: Class "\Themes\BC\ThemeProvider" not found {"exception":"[object] (Error(code: 0): Class \"\\Themes\\BC\\ThemeProvider\" not found at /var/www/emaparking_dss/themes/ThemeServiceProvider.php:23)
[stacktrace]
#0 /var/www/emaparking_dss/vendor/laravel/framework/src/Illuminate/Container/BoundMethod.php(36): Themes\\ThemeServiceProvider->boot()
#1 /var/www/emaparking_dss/vendor/laravel/framework/src/Illuminate/Container/Util.php(41): Illuminate\\Container\\BoundMethod::Illuminate\\Container\\{closure}()
#2 /var/www/emaparking_dss/vendor/laravel/framework/src/Illuminate/Container/BoundMethod.php(93): Illuminate\\Container\\Util::unwrapIfClosure()
#3 /var/www/emaparking_dss/vendor/laravel/framework/src/Illuminate/Container/BoundMethod.php(35): Illuminate\\Container\\BoundMethod::callBoundMethod()
#4 /var/www/emaparking_dss/vendor/laravel/framework/src/Illuminate/Container/Container.php(651): Illuminate\\Container\\BoundMethod::call()
#5 /var/www/emaparking_dss/vendor/laravel/framework/src/Illuminate/Foundation/Application.php(933): Illuminate\\Container\\Container->call()
#6 /var/www/emaparking_dss/vendor/laravel/framework/src/Illuminate/Foundation/Application.php(914): Illuminate\\Foundation\\Application->bootProvider()
#7 [internal function]: Illuminate\\Foundation\\Application->Illuminate\\Foundation\\{closure}()
#8 /var/www/emaparking_dss/vendor/laravel/framework/src/Illuminate/Foundation/Application.php(913): array_walk()
#9 /var/www/emaparking_dss/vendor/laravel/framework/src/Illuminate/Foundation/Bootstrap/BootProviders.php(17): Illuminate\\Foundation\\Application->boot()
#10 /var/www/emaparking_dss/vendor/laravel/framework/src/Illuminate/Foundation/Application.php(242): Illuminate\\Foundation\\Bootstrap\\BootProviders->bootstrap()
#11 /var/www/emaparking_dss/vendor/laravel/framework/src/Illuminate/Foundation/Console/Kernel.php(383): Illuminate\\Foundation\\Application->bootstrapWith()
#12 /var/www/emaparking_dss/vendor/laravel/framework/src/Illuminate/Foundation/Console/Kernel.php(153): Illuminate\\Foundation\\Console\\Kernel->bootstrap()
#13 Command line code(1): Illuminate\\Foundation\\Console\\Kernel->handle()
#14 {main}
"} 
[2025-03-20 16:19:16] local.ERROR: Class "\Themes\BC\ThemeProvider" not found {"exception":"[object] (Error(code: 0): Class \"\\Themes\\BC\\ThemeProvider\" not found at /var/www/emaparking_dss/themes/ThemeServiceProvider.php:23)
[stacktrace]
#0 /var/www/emaparking_dss/vendor/laravel/framework/src/Illuminate/Container/BoundMethod.php(36): Themes\\ThemeServiceProvider->boot()
#1 /var/www/emaparking_dss/vendor/laravel/framework/src/Illuminate/Container/Util.php(41): Illuminate\\Container\\BoundMethod::Illuminate\\Container\\{closure}()
#2 /var/www/emaparking_dss/vendor/laravel/framework/src/Illuminate/Container/BoundMethod.php(93): Illuminate\\Container\\Util::unwrapIfClosure()
#3 /var/www/emaparking_dss/vendor/laravel/framework/src/Illuminate/Container/BoundMethod.php(35): Illuminate\\Container\\BoundMethod::callBoundMethod()
#4 /var/www/emaparking_dss/vendor/laravel/framework/src/Illuminate/Container/Container.php(651): Illuminate\\Container\\BoundMethod::call()
#5 /var/www/emaparking_dss/vendor/laravel/framework/src/Illuminate/Foundation/Application.php(933): Illuminate\\Container\\Container->call()
#6 /var/www/emaparking_dss/vendor/laravel/framework/src/Illuminate/Foundation/Application.php(914): Illuminate\\Foundation\\Application->bootProvider()
#7 [internal function]: Illuminate\\Foundation\\Application->Illuminate\\Foundation\\{closure}()
#8 /var/www/emaparking_dss/vendor/laravel/framework/src/Illuminate/Foundation/Application.php(913): array_walk()
#9 /var/www/emaparking_dss/vendor/laravel/framework/src/Illuminate/Foundation/Bootstrap/BootProviders.php(17): Illuminate\\Foundation\\Application->boot()
#10 /var/www/emaparking_dss/vendor/laravel/framework/src/Illuminate/Foundation/Application.php(242): Illuminate\\Foundation\\Bootstrap\\BootProviders->bootstrap()
#11 /var/www/emaparking_dss/vendor/laravel/framework/src/Illuminate/Foundation/Console/Kernel.php(383): Illuminate\\Foundation\\Application->bootstrapWith()
#12 /var/www/emaparking_dss/vendor/laravel/framework/src/Illuminate/Foundation/Console/Kernel.php(153): Illuminate\\Foundation\\Console\\Kernel->bootstrap()
#13 Command line code(1): Illuminate\\Foundation\\Console\\Kernel->handle()
#14 {main}
"} 
[2025-03-20 16:19:16] local.ERROR: Class "\Themes\BC\ThemeProvider" not found {"exception":"[object] (Error(code: 0): Class \"\\Themes\\BC\\ThemeProvider\" not found at /var/www/emaparking_dss/themes/ThemeServiceProvider.php:23)
[stacktrace]
#0 /var/www/emaparking_dss/vendor/laravel/framework/src/Illuminate/Container/BoundMethod.php(36): Themes\\ThemeServiceProvider->boot()
#1 /var/www/emaparking_dss/vendor/laravel/framework/src/Illuminate/Container/Util.php(41): Illuminate\\Container\\BoundMethod::Illuminate\\Container\\{closure}()
#2 /var/www/emaparking_dss/vendor/laravel/framework/src/Illuminate/Container/BoundMethod.php(93): Illuminate\\Container\\Util::unwrapIfClosure()
#3 /var/www/emaparking_dss/vendor/laravel/framework/src/Illuminate/Container/BoundMethod.php(35): Illuminate\\Container\\BoundMethod::callBoundMethod()
#4 /var/www/emaparking_dss/vendor/laravel/framework/src/Illuminate/Container/Container.php(651): Illuminate\\Container\\BoundMethod::call()
#5 /var/www/emaparking_dss/vendor/laravel/framework/src/Illuminate/Foundation/Application.php(933): Illuminate\\Container\\Container->call()
#6 /var/www/emaparking_dss/vendor/laravel/framework/src/Illuminate/Foundation/Application.php(914): Illuminate\\Foundation\\Application->bootProvider()
#7 [internal function]: Illuminate\\Foundation\\Application->Illuminate\\Foundation\\{closure}()
#8 /var/www/emaparking_dss/vendor/laravel/framework/src/Illuminate/Foundation/Application.php(913): array_walk()
#9 /var/www/emaparking_dss/vendor/laravel/framework/src/Illuminate/Foundation/Bootstrap/BootProviders.php(17): Illuminate\\Foundation\\Application->boot()
#10 /var/www/emaparking_dss/vendor/laravel/framework/src/Illuminate/Foundation/Application.php(242): Illuminate\\Foundation\\Bootstrap\\BootProviders->bootstrap()
#11 /var/www/emaparking_dss/vendor/laravel/framework/src/Illuminate/Foundation/Console/Kernel.php(383): Illuminate\\Foundation\\Application->bootstrapWith()
#12 /var/www/emaparking_dss/vendor/laravel/framework/src/Illuminate/Foundation/Console/Kernel.php(153): Illuminate\\Foundation\\Console\\Kernel->bootstrap()
#13 Command line code(1): Illuminate\\Foundation\\Console\\Kernel->handle()
#14 {main}
"} 
[2025-03-20 16:20:16] local.ERROR: Class "\Themes\BC\ThemeProvider" not found {"exception":"[object] (Error(code: 0): Class \"\\Themes\\BC\\ThemeProvider\" not found at /var/www/emaparking_dss/themes/ThemeServiceProvider.php:23)
[stacktrace]
#0 /var/www/emaparking_dss/vendor/laravel/framework/src/Illuminate/Container/BoundMethod.php(36): Themes\\ThemeServiceProvider->boot()
#1 /var/www/emaparking_dss/vendor/laravel/framework/src/Illuminate/Container/Util.php(41): Illuminate\\Container\\BoundMethod::Illuminate\\Container\\{closure}()
#2 /var/www/emaparking_dss/vendor/laravel/framework/src/Illuminate/Container/BoundMethod.php(93): Illuminate\\Container\\Util::unwrapIfClosure()
#3 /var/www/emaparking_dss/vendor/laravel/framework/src/Illuminate/Container/BoundMethod.php(35): Illuminate\\Container\\BoundMethod::callBoundMethod()
#4 /var/www/emaparking_dss/vendor/laravel/framework/src/Illuminate/Container/Container.php(651): Illuminate\\Container\\BoundMethod::call()
#5 /var/www/emaparking_dss/vendor/laravel/framework/src/Illuminate/Foundation/Application.php(933): Illuminate\\Container\\Container->call()
#6 /var/www/emaparking_dss/vendor/laravel/framework/src/Illuminate/Foundation/Application.php(914): Illuminate\\Foundation\\Application->bootProvider()
#7 [internal function]: Illuminate\\Foundation\\Application->Illuminate\\Foundation\\{closure}()
#8 /var/www/emaparking_dss/vendor/laravel/framework/src/Illuminate/Foundation/Application.php(913): array_walk()
#9 /var/www/emaparking_dss/vendor/laravel/framework/src/Illuminate/Foundation/Bootstrap/BootProviders.php(17): Illuminate\\Foundation\\Application->boot()
#10 /var/www/emaparking_dss/vendor/laravel/framework/src/Illuminate/Foundation/Application.php(242): Illuminate\\Foundation\\Bootstrap\\BootProviders->bootstrap()
#11 /var/www/emaparking_dss/vendor/laravel/framework/src/Illuminate/Foundation/Console/Kernel.php(383): Illuminate\\Foundation\\Application->bootstrapWith()
#12 /var/www/emaparking_dss/vendor/laravel/framework/src/Illuminate/Foundation/Console/Kernel.php(153): Illuminate\\Foundation\\Console\\Kernel->bootstrap()
#13 Command line code(1): Illuminate\\Foundation\\Console\\Kernel->handle()
#14 {main}
"} 
[2025-03-20 16:20:16] local.ERROR: Class "\Themes\BC\ThemeProvider" not found {"exception":"[object] (Error(code: 0): Class \"\\Themes\\BC\\ThemeProvider\" not found at /var/www/emaparking_dss/themes/ThemeServiceProvider.php:23)
[stacktrace]
#0 /var/www/emaparking_dss/vendor/laravel/framework/src/Illuminate/Container/BoundMethod.php(36): Themes\\ThemeServiceProvider->boot()
#1 /var/www/emaparking_dss/vendor/laravel/framework/src/Illuminate/Container/Util.php(41): Illuminate\\Container\\BoundMethod::Illuminate\\Container\\{closure}()
#2 /var/www/emaparking_dss/vendor/laravel/framework/src/Illuminate/Container/BoundMethod.php(93): Illuminate\\Container\\Util::unwrapIfClosure()
#3 /var/www/emaparking_dss/vendor/laravel/framework/src/Illuminate/Container/BoundMethod.php(35): Illuminate\\Container\\BoundMethod::callBoundMethod()
#4 /var/www/emaparking_dss/vendor/laravel/framework/src/Illuminate/Container/Container.php(651): Illuminate\\Container\\BoundMethod::call()
#5 /var/www/emaparking_dss/vendor/laravel/framework/src/Illuminate/Foundation/Application.php(933): Illuminate\\Container\\Container->call()
#6 /var/www/emaparking_dss/vendor/laravel/framework/src/Illuminate/Foundation/Application.php(914): Illuminate\\Foundation\\Application->bootProvider()
#7 [internal function]: Illuminate\\Foundation\\Application->Illuminate\\Foundation\\{closure}()
#8 /var/www/emaparking_dss/vendor/laravel/framework/src/Illuminate/Foundation/Application.php(913): array_walk()
#9 /var/www/emaparking_dss/vendor/laravel/framework/src/Illuminate/Foundation/Bootstrap/BootProviders.php(17): Illuminate\\Foundation\\Application->boot()
#10 /var/www/emaparking_dss/vendor/laravel/framework/src/Illuminate/Foundation/Application.php(242): Illuminate\\Foundation\\Bootstrap\\BootProviders->bootstrap()
#11 /var/www/emaparking_dss/vendor/laravel/framework/src/Illuminate/Foundation/Console/Kernel.php(383): Illuminate\\Foundation\\Application->bootstrapWith()
#12 /var/www/emaparking_dss/vendor/laravel/framework/src/Illuminate/Foundation/Console/Kernel.php(153): Illuminate\\Foundation\\Console\\Kernel->bootstrap()
#13 Command line code(1): Illuminate\\Foundation\\Console\\Kernel->handle()
#14 {main}
"} 
[2025-03-20 16:21:16] local.ERROR: Class "\Themes\BC\ThemeProvider" not found {"exception":"[object] (Error(code: 0): Class \"\\Themes\\BC\\ThemeProvider\" not found at /var/www/emaparking_dss/themes/ThemeServiceProvider.php:23)
[stacktrace]
#0 /var/www/emaparking_dss/vendor/laravel/framework/src/Illuminate/Container/BoundMethod.php(36): Themes\\ThemeServiceProvider->boot()
#1 /var/www/emaparking_dss/vendor/laravel/framework/src/Illuminate/Container/Util.php(41): Illuminate\\Container\\BoundMethod::Illuminate\\Container\\{closure}()
#2 /var/www/emaparking_dss/vendor/laravel/framework/src/Illuminate/Container/BoundMethod.php(93): Illuminate\\Container\\Util::unwrapIfClosure()
#3 /var/www/emaparking_dss/vendor/laravel/framework/src/Illuminate/Container/BoundMethod.php(35): Illuminate\\Container\\BoundMethod::callBoundMethod()
#4 /var/www/emaparking_dss/vendor/laravel/framework/src/Illuminate/Container/Container.php(651): Illuminate\\Container\\BoundMethod::call()
#5 /var/www/emaparking_dss/vendor/laravel/framework/src/Illuminate/Foundation/Application.php(933): Illuminate\\Container\\Container->call()
#6 /var/www/emaparking_dss/vendor/laravel/framework/src/Illuminate/Foundation/Application.php(914): Illuminate\\Foundation\\Application->bootProvider()
#7 [internal function]: Illuminate\\Foundation\\Application->Illuminate\\Foundation\\{closure}()
#8 /var/www/emaparking_dss/vendor/laravel/framework/src/Illuminate/Foundation/Application.php(913): array_walk()
#9 /var/www/emaparking_dss/vendor/laravel/framework/src/Illuminate/Foundation/Bootstrap/BootProviders.php(17): Illuminate\\Foundation\\Application->boot()
#10 /var/www/emaparking_dss/vendor/laravel/framework/src/Illuminate/Foundation/Application.php(242): Illuminate\\Foundation\\Bootstrap\\BootProviders->bootstrap()
#11 /var/www/emaparking_dss/vendor/laravel/framework/src/Illuminate/Foundation/Console/Kernel.php(383): Illuminate\\Foundation\\Application->bootstrapWith()
#12 /var/www/emaparking_dss/vendor/laravel/framework/src/Illuminate/Foundation/Console/Kernel.php(153): Illuminate\\Foundation\\Console\\Kernel->bootstrap()
#13 Command line code(1): Illuminate\\Foundation\\Console\\Kernel->handle()
#14 {main}
"} 
[2025-03-20 16:21:16] local.ERROR: Class "\Themes\BC\ThemeProvider" not found {"exception":"[object] (Error(code: 0): Class \"\\Themes\\BC\\ThemeProvider\" not found at /var/www/emaparking_dss/themes/ThemeServiceProvider.php:23)
[stacktrace]
#0 /var/www/emaparking_dss/vendor/laravel/framework/src/Illuminate/Container/BoundMethod.php(36): Themes\\ThemeServiceProvider->boot()
#1 /var/www/emaparking_dss/vendor/laravel/framework/src/Illuminate/Container/Util.php(41): Illuminate\\Container\\BoundMethod::Illuminate\\Container\\{closure}()
#2 /var/www/emaparking_dss/vendor/laravel/framework/src/Illuminate/Container/BoundMethod.php(93): Illuminate\\Container\\Util::unwrapIfClosure()
#3 /var/www/emaparking_dss/vendor/laravel/framework/src/Illuminate/Container/BoundMethod.php(35): Illuminate\\Container\\BoundMethod::callBoundMethod()
#4 /var/www/emaparking_dss/vendor/laravel/framework/src/Illuminate/Container/Container.php(651): Illuminate\\Container\\BoundMethod::call()
#5 /var/www/emaparking_dss/vendor/laravel/framework/src/Illuminate/Foundation/Application.php(933): Illuminate\\Container\\Container->call()
#6 /var/www/emaparking_dss/vendor/laravel/framework/src/Illuminate/Foundation/Application.php(914): Illuminate\\Foundation\\Application->bootProvider()
#7 [internal function]: Illuminate\\Foundation\\Application->Illuminate\\Foundation\\{closure}()
#8 /var/www/emaparking_dss/vendor/laravel/framework/src/Illuminate/Foundation/Application.php(913): array_walk()
#9 /var/www/emaparking_dss/vendor/laravel/framework/src/Illuminate/Foundation/Bootstrap/BootProviders.php(17): Illuminate\\Foundation\\Application->boot()
#10 /var/www/emaparking_dss/vendor/laravel/framework/src/Illuminate/Foundation/Application.php(242): Illuminate\\Foundation\\Bootstrap\\BootProviders->bootstrap()
#11 /var/www/emaparking_dss/vendor/laravel/framework/src/Illuminate/Foundation/Console/Kernel.php(383): Illuminate\\Foundation\\Application->bootstrapWith()
#12 /var/www/emaparking_dss/vendor/laravel/framework/src/Illuminate/Foundation/Console/Kernel.php(153): Illuminate\\Foundation\\Console\\Kernel->bootstrap()
#13 Command line code(1): Illuminate\\Foundation\\Console\\Kernel->handle()
#14 {main}
"} 
[2025-03-20 16:22:16] local.ERROR: Class "\Themes\BC\ThemeProvider" not found {"exception":"[object] (Error(code: 0): Class \"\\Themes\\BC\\ThemeProvider\" not found at /var/www/emaparking_dss/themes/ThemeServiceProvider.php:23)
[stacktrace]
#0 /var/www/emaparking_dss/vendor/laravel/framework/src/Illuminate/Container/BoundMethod.php(36): Themes\\ThemeServiceProvider->boot()
#1 /var/www/emaparking_dss/vendor/laravel/framework/src/Illuminate/Container/Util.php(41): Illuminate\\Container\\BoundMethod::Illuminate\\Container\\{closure}()
#2 /var/www/emaparking_dss/vendor/laravel/framework/src/Illuminate/Container/BoundMethod.php(93): Illuminate\\Container\\Util::unwrapIfClosure()
#3 /var/www/emaparking_dss/vendor/laravel/framework/src/Illuminate/Container/BoundMethod.php(35): Illuminate\\Container\\BoundMethod::callBoundMethod()
#4 /var/www/emaparking_dss/vendor/laravel/framework/src/Illuminate/Container/Container.php(651): Illuminate\\Container\\BoundMethod::call()
#5 /var/www/emaparking_dss/vendor/laravel/framework/src/Illuminate/Foundation/Application.php(933): Illuminate\\Container\\Container->call()
#6 /var/www/emaparking_dss/vendor/laravel/framework/src/Illuminate/Foundation/Application.php(914): Illuminate\\Foundation\\Application->bootProvider()
#7 [internal function]: Illuminate\\Foundation\\Application->Illuminate\\Foundation\\{closure}()
#8 /var/www/emaparking_dss/vendor/laravel/framework/src/Illuminate/Foundation/Application.php(913): array_walk()
#9 /var/www/emaparking_dss/vendor/laravel/framework/src/Illuminate/Foundation/Bootstrap/BootProviders.php(17): Illuminate\\Foundation\\Application->boot()
#10 /var/www/emaparking_dss/vendor/laravel/framework/src/Illuminate/Foundation/Application.php(242): Illuminate\\Foundation\\Bootstrap\\BootProviders->bootstrap()
#11 /var/www/emaparking_dss/vendor/laravel/framework/src/Illuminate/Foundation/Console/Kernel.php(383): Illuminate\\Foundation\\Application->bootstrapWith()
#12 /var/www/emaparking_dss/vendor/laravel/framework/src/Illuminate/Foundation/Console/Kernel.php(153): Illuminate\\Foundation\\Console\\Kernel->bootstrap()
#13 Command line code(1): Illuminate\\Foundation\\Console\\Kernel->handle()
#14 {main}
"} 
[2025-03-20 16:22:16] local.ERROR: Class "\Themes\BC\ThemeProvider" not found {"exception":"[object] (Error(code: 0): Class \"\\Themes\\BC\\ThemeProvider\" not found at /var/www/emaparking_dss/themes/ThemeServiceProvider.php:23)
[stacktrace]
#0 /var/www/emaparking_dss/vendor/laravel/framework/src/Illuminate/Container/BoundMethod.php(36): Themes\\ThemeServiceProvider->boot()
#1 /var/www/emaparking_dss/vendor/laravel/framework/src/Illuminate/Container/Util.php(41): Illuminate\\Container\\BoundMethod::Illuminate\\Container\\{closure}()
#2 /var/www/emaparking_dss/vendor/laravel/framework/src/Illuminate/Container/BoundMethod.php(93): Illuminate\\Container\\Util::unwrapIfClosure()
#3 /var/www/emaparking_dss/vendor/laravel/framework/src/Illuminate/Container/BoundMethod.php(35): Illuminate\\Container\\BoundMethod::callBoundMethod()
#4 /var/www/emaparking_dss/vendor/laravel/framework/src/Illuminate/Container/Container.php(651): Illuminate\\Container\\BoundMethod::call()
#5 /var/www/emaparking_dss/vendor/laravel/framework/src/Illuminate/Foundation/Application.php(933): Illuminate\\Container\\Container->call()
#6 /var/www/emaparking_dss/vendor/laravel/framework/src/Illuminate/Foundation/Application.php(914): Illuminate\\Foundation\\Application->bootProvider()
#7 [internal function]: Illuminate\\Foundation\\Application->Illuminate\\Foundation\\{closure}()
#8 /var/www/emaparking_dss/vendor/laravel/framework/src/Illuminate/Foundation/Application.php(913): array_walk()
#9 /var/www/emaparking_dss/vendor/laravel/framework/src/Illuminate/Foundation/Bootstrap/BootProviders.php(17): Illuminate\\Foundation\\Application->boot()
#10 /var/www/emaparking_dss/vendor/laravel/framework/src/Illuminate/Foundation/Application.php(242): Illuminate\\Foundation\\Bootstrap\\BootProviders->bootstrap()
#11 /var/www/emaparking_dss/vendor/laravel/framework/src/Illuminate/Foundation/Console/Kernel.php(383): Illuminate\\Foundation\\Application->bootstrapWith()
#12 /var/www/emaparking_dss/vendor/laravel/framework/src/Illuminate/Foundation/Console/Kernel.php(153): Illuminate\\Foundation\\Console\\Kernel->bootstrap()
#13 Command line code(1): Illuminate\\Foundation\\Console\\Kernel->handle()
#14 {main}
"} 
[2025-03-20 16:23:16] local.ERROR: Class "\Themes\BC\ThemeProvider" not found {"exception":"[object] (Error(code: 0): Class \"\\Themes\\BC\\ThemeProvider\" not found at /var/www/emaparking_dss/themes/ThemeServiceProvider.php:23)
[stacktrace]
#0 /var/www/emaparking_dss/vendor/laravel/framework/src/Illuminate/Container/BoundMethod.php(36): Themes\\ThemeServiceProvider->boot()
#1 /var/www/emaparking_dss/vendor/laravel/framework/src/Illuminate/Container/Util.php(41): Illuminate\\Container\\BoundMethod::Illuminate\\Container\\{closure}()
#2 /var/www/emaparking_dss/vendor/laravel/framework/src/Illuminate/Container/BoundMethod.php(93): Illuminate\\Container\\Util::unwrapIfClosure()
#3 /var/www/emaparking_dss/vendor/laravel/framework/src/Illuminate/Container/BoundMethod.php(35): Illuminate\\Container\\BoundMethod::callBoundMethod()
#4 /var/www/emaparking_dss/vendor/laravel/framework/src/Illuminate/Container/Container.php(651): Illuminate\\Container\\BoundMethod::call()
#5 /var/www/emaparking_dss/vendor/laravel/framework/src/Illuminate/Foundation/Application.php(933): Illuminate\\Container\\Container->call()
#6 /var/www/emaparking_dss/vendor/laravel/framework/src/Illuminate/Foundation/Application.php(914): Illuminate\\Foundation\\Application->bootProvider()
#7 [internal function]: Illuminate\\Foundation\\Application->Illuminate\\Foundation\\{closure}()
#8 /var/www/emaparking_dss/vendor/laravel/framework/src/Illuminate/Foundation/Application.php(913): array_walk()
#9 /var/www/emaparking_dss/vendor/laravel/framework/src/Illuminate/Foundation/Bootstrap/BootProviders.php(17): Illuminate\\Foundation\\Application->boot()
#10 /var/www/emaparking_dss/vendor/laravel/framework/src/Illuminate/Foundation/Application.php(242): Illuminate\\Foundation\\Bootstrap\\BootProviders->bootstrap()
#11 /var/www/emaparking_dss/vendor/laravel/framework/src/Illuminate/Foundation/Console/Kernel.php(383): Illuminate\\Foundation\\Application->bootstrapWith()
#12 /var/www/emaparking_dss/vendor/laravel/framework/src/Illuminate/Foundation/Console/Kernel.php(153): Illuminate\\Foundation\\Console\\Kernel->bootstrap()
#13 Command line code(1): Illuminate\\Foundation\\Console\\Kernel->handle()
#14 {main}
"} 
[2025-03-20 16:23:16] local.ERROR: Class "\Themes\BC\ThemeProvider" not found {"exception":"[object] (Error(code: 0): Class \"\\Themes\\BC\\ThemeProvider\" not found at /var/www/emaparking_dss/themes/ThemeServiceProvider.php:23)
[stacktrace]
#0 /var/www/emaparking_dss/vendor/laravel/framework/src/Illuminate/Container/BoundMethod.php(36): Themes\\ThemeServiceProvider->boot()
#1 /var/www/emaparking_dss/vendor/laravel/framework/src/Illuminate/Container/Util.php(41): Illuminate\\Container\\BoundMethod::Illuminate\\Container\\{closure}()
#2 /var/www/emaparking_dss/vendor/laravel/framework/src/Illuminate/Container/BoundMethod.php(93): Illuminate\\Container\\Util::unwrapIfClosure()
#3 /var/www/emaparking_dss/vendor/laravel/framework/src/Illuminate/Container/BoundMethod.php(35): Illuminate\\Container\\BoundMethod::callBoundMethod()
#4 /var/www/emaparking_dss/vendor/laravel/framework/src/Illuminate/Container/Container.php(651): Illuminate\\Container\\BoundMethod::call()
#5 /var/www/emaparking_dss/vendor/laravel/framework/src/Illuminate/Foundation/Application.php(933): Illuminate\\Container\\Container->call()
#6 /var/www/emaparking_dss/vendor/laravel/framework/src/Illuminate/Foundation/Application.php(914): Illuminate\\Foundation\\Application->bootProvider()
#7 [internal function]: Illuminate\\Foundation\\Application->Illuminate\\Foundation\\{closure}()
#8 /var/www/emaparking_dss/vendor/laravel/framework/src/Illuminate/Foundation/Application.php(913): array_walk()
#9 /var/www/emaparking_dss/vendor/laravel/framework/src/Illuminate/Foundation/Bootstrap/BootProviders.php(17): Illuminate\\Foundation\\Application->boot()
#10 /var/www/emaparking_dss/vendor/laravel/framework/src/Illuminate/Foundation/Application.php(242): Illuminate\\Foundation\\Bootstrap\\BootProviders->bootstrap()
#11 /var/www/emaparking_dss/vendor/laravel/framework/src/Illuminate/Foundation/Console/Kernel.php(383): Illuminate\\Foundation\\Application->bootstrapWith()
#12 /var/www/emaparking_dss/vendor/laravel/framework/src/Illuminate/Foundation/Console/Kernel.php(153): Illuminate\\Foundation\\Console\\Kernel->bootstrap()
#13 Command line code(1): Illuminate\\Foundation\\Console\\Kernel->handle()
#14 {main}
"} 
[2025-03-20 16:24:16] local.ERROR: Class "\Themes\BC\ThemeProvider" not found {"exception":"[object] (Error(code: 0): Class \"\\Themes\\BC\\ThemeProvider\" not found at /var/www/emaparking_dss/themes/ThemeServiceProvider.php:23)
[stacktrace]
#0 /var/www/emaparking_dss/vendor/laravel/framework/src/Illuminate/Container/BoundMethod.php(36): Themes\\ThemeServiceProvider->boot()
#1 /var/www/emaparking_dss/vendor/laravel/framework/src/Illuminate/Container/Util.php(41): Illuminate\\Container\\BoundMethod::Illuminate\\Container\\{closure}()
#2 /var/www/emaparking_dss/vendor/laravel/framework/src/Illuminate/Container/BoundMethod.php(93): Illuminate\\Container\\Util::unwrapIfClosure()
#3 /var/www/emaparking_dss/vendor/laravel/framework/src/Illuminate/Container/BoundMethod.php(35): Illuminate\\Container\\BoundMethod::callBoundMethod()
#4 /var/www/emaparking_dss/vendor/laravel/framework/src/Illuminate/Container/Container.php(651): Illuminate\\Container\\BoundMethod::call()
#5 /var/www/emaparking_dss/vendor/laravel/framework/src/Illuminate/Foundation/Application.php(933): Illuminate\\Container\\Container->call()
#6 /var/www/emaparking_dss/vendor/laravel/framework/src/Illuminate/Foundation/Application.php(914): Illuminate\\Foundation\\Application->bootProvider()
#7 [internal function]: Illuminate\\Foundation\\Application->Illuminate\\Foundation\\{closure}()
#8 /var/www/emaparking_dss/vendor/laravel/framework/src/Illuminate/Foundation/Application.php(913): array_walk()
#9 /var/www/emaparking_dss/vendor/laravel/framework/src/Illuminate/Foundation/Bootstrap/BootProviders.php(17): Illuminate\\Foundation\\Application->boot()
#10 /var/www/emaparking_dss/vendor/laravel/framework/src/Illuminate/Foundation/Application.php(242): Illuminate\\Foundation\\Bootstrap\\BootProviders->bootstrap()
#11 /var/www/emaparking_dss/vendor/laravel/framework/src/Illuminate/Foundation/Console/Kernel.php(383): Illuminate\\Foundation\\Application->bootstrapWith()
#12 /var/www/emaparking_dss/vendor/laravel/framework/src/Illuminate/Foundation/Console/Kernel.php(153): Illuminate\\Foundation\\Console\\Kernel->bootstrap()
#13 Command line code(1): Illuminate\\Foundation\\Console\\Kernel->handle()
#14 {main}
"} 
[2025-03-20 16:24:16] local.ERROR: Class "\Themes\BC\ThemeProvider" not found {"exception":"[object] (Error(code: 0): Class \"\\Themes\\BC\\ThemeProvider\" not found at /var/www/emaparking_dss/themes/ThemeServiceProvider.php:23)
[stacktrace]
#0 /var/www/emaparking_dss/vendor/laravel/framework/src/Illuminate/Container/BoundMethod.php(36): Themes\\ThemeServiceProvider->boot()
#1 /var/www/emaparking_dss/vendor/laravel/framework/src/Illuminate/Container/Util.php(41): Illuminate\\Container\\BoundMethod::Illuminate\\Container\\{closure}()
#2 /var/www/emaparking_dss/vendor/laravel/framework/src/Illuminate/Container/BoundMethod.php(93): Illuminate\\Container\\Util::unwrapIfClosure()
#3 /var/www/emaparking_dss/vendor/laravel/framework/src/Illuminate/Container/BoundMethod.php(35): Illuminate\\Container\\BoundMethod::callBoundMethod()
#4 /var/www/emaparking_dss/vendor/laravel/framework/src/Illuminate/Container/Container.php(651): Illuminate\\Container\\BoundMethod::call()
#5 /var/www/emaparking_dss/vendor/laravel/framework/src/Illuminate/Foundation/Application.php(933): Illuminate\\Container\\Container->call()
#6 /var/www/emaparking_dss/vendor/laravel/framework/src/Illuminate/Foundation/Application.php(914): Illuminate\\Foundation\\Application->bootProvider()
#7 [internal function]: Illuminate\\Foundation\\Application->Illuminate\\Foundation\\{closure}()
#8 /var/www/emaparking_dss/vendor/laravel/framework/src/Illuminate/Foundation/Application.php(913): array_walk()
#9 /var/www/emaparking_dss/vendor/laravel/framework/src/Illuminate/Foundation/Bootstrap/BootProviders.php(17): Illuminate\\Foundation\\Application->boot()
#10 /var/www/emaparking_dss/vendor/laravel/framework/src/Illuminate/Foundation/Application.php(242): Illuminate\\Foundation\\Bootstrap\\BootProviders->bootstrap()
#11 /var/www/emaparking_dss/vendor/laravel/framework/src/Illuminate/Foundation/Console/Kernel.php(383): Illuminate\\Foundation\\Application->bootstrapWith()
#12 /var/www/emaparking_dss/vendor/laravel/framework/src/Illuminate/Foundation/Console/Kernel.php(153): Illuminate\\Foundation\\Console\\Kernel->bootstrap()
#13 Command line code(1): Illuminate\\Foundation\\Console\\Kernel->handle()
#14 {main}
"} 
[2025-03-20 16:25:16] local.ERROR: Class "\Themes\BC\ThemeProvider" not found {"exception":"[object] (Error(code: 0): Class \"\\Themes\\BC\\ThemeProvider\" not found at /var/www/emaparking_dss/themes/ThemeServiceProvider.php:23)
[stacktrace]
#0 /var/www/emaparking_dss/vendor/laravel/framework/src/Illuminate/Container/BoundMethod.php(36): Themes\\ThemeServiceProvider->boot()
#1 /var/www/emaparking_dss/vendor/laravel/framework/src/Illuminate/Container/Util.php(41): Illuminate\\Container\\BoundMethod::Illuminate\\Container\\{closure}()
#2 /var/www/emaparking_dss/vendor/laravel/framework/src/Illuminate/Container/BoundMethod.php(93): Illuminate\\Container\\Util::unwrapIfClosure()
#3 /var/www/emaparking_dss/vendor/laravel/framework/src/Illuminate/Container/BoundMethod.php(35): Illuminate\\Container\\BoundMethod::callBoundMethod()
#4 /var/www/emaparking_dss/vendor/laravel/framework/src/Illuminate/Container/Container.php(651): Illuminate\\Container\\BoundMethod::call()
#5 /var/www/emaparking_dss/vendor/laravel/framework/src/Illuminate/Foundation/Application.php(933): Illuminate\\Container\\Container->call()
#6 /var/www/emaparking_dss/vendor/laravel/framework/src/Illuminate/Foundation/Application.php(914): Illuminate\\Foundation\\Application->bootProvider()
#7 [internal function]: Illuminate\\Foundation\\Application->Illuminate\\Foundation\\{closure}()
#8 /var/www/emaparking_dss/vendor/laravel/framework/src/Illuminate/Foundation/Application.php(913): array_walk()
#9 /var/www/emaparking_dss/vendor/laravel/framework/src/Illuminate/Foundation/Bootstrap/BootProviders.php(17): Illuminate\\Foundation\\Application->boot()
#10 /var/www/emaparking_dss/vendor/laravel/framework/src/Illuminate/Foundation/Application.php(242): Illuminate\\Foundation\\Bootstrap\\BootProviders->bootstrap()
#11 /var/www/emaparking_dss/vendor/laravel/framework/src/Illuminate/Foundation/Console/Kernel.php(383): Illuminate\\Foundation\\Application->bootstrapWith()
#12 /var/www/emaparking_dss/vendor/laravel/framework/src/Illuminate/Foundation/Console/Kernel.php(153): Illuminate\\Foundation\\Console\\Kernel->bootstrap()
#13 Command line code(1): Illuminate\\Foundation\\Console\\Kernel->handle()
#14 {main}
"} 
[2025-03-20 16:25:16] local.ERROR: Class "\Themes\BC\ThemeProvider" not found {"exception":"[object] (Error(code: 0): Class \"\\Themes\\BC\\ThemeProvider\" not found at /var/www/emaparking_dss/themes/ThemeServiceProvider.php:23)
[stacktrace]
#0 /var/www/emaparking_dss/vendor/laravel/framework/src/Illuminate/Container/BoundMethod.php(36): Themes\\ThemeServiceProvider->boot()
#1 /var/www/emaparking_dss/vendor/laravel/framework/src/Illuminate/Container/Util.php(41): Illuminate\\Container\\BoundMethod::Illuminate\\Container\\{closure}()
#2 /var/www/emaparking_dss/vendor/laravel/framework/src/Illuminate/Container/BoundMethod.php(93): Illuminate\\Container\\Util::unwrapIfClosure()
#3 /var/www/emaparking_dss/vendor/laravel/framework/src/Illuminate/Container/BoundMethod.php(35): Illuminate\\Container\\BoundMethod::callBoundMethod()
#4 /var/www/emaparking_dss/vendor/laravel/framework/src/Illuminate/Container/Container.php(651): Illuminate\\Container\\BoundMethod::call()
#5 /var/www/emaparking_dss/vendor/laravel/framework/src/Illuminate/Foundation/Application.php(933): Illuminate\\Container\\Container->call()
#6 /var/www/emaparking_dss/vendor/laravel/framework/src/Illuminate/Foundation/Application.php(914): Illuminate\\Foundation\\Application->bootProvider()
#7 [internal function]: Illuminate\\Foundation\\Application->Illuminate\\Foundation\\{closure}()
#8 /var/www/emaparking_dss/vendor/laravel/framework/src/Illuminate/Foundation/Application.php(913): array_walk()
#9 /var/www/emaparking_dss/vendor/laravel/framework/src/Illuminate/Foundation/Bootstrap/BootProviders.php(17): Illuminate\\Foundation\\Application->boot()
#10 /var/www/emaparking_dss/vendor/laravel/framework/src/Illuminate/Foundation/Application.php(242): Illuminate\\Foundation\\Bootstrap\\BootProviders->bootstrap()
#11 /var/www/emaparking_dss/vendor/laravel/framework/src/Illuminate/Foundation/Console/Kernel.php(383): Illuminate\\Foundation\\Application->bootstrapWith()
#12 /var/www/emaparking_dss/vendor/laravel/framework/src/Illuminate/Foundation/Console/Kernel.php(153): Illuminate\\Foundation\\Console\\Kernel->bootstrap()
#13 Command line code(1): Illuminate\\Foundation\\Console\\Kernel->handle()
#14 {main}
"} 
[2025-03-20 16:26:16] local.ERROR: Class "\Themes\BC\ThemeProvider" not found {"exception":"[object] (Error(code: 0): Class \"\\Themes\\BC\\ThemeProvider\" not found at /var/www/emaparking_dss/themes/ThemeServiceProvider.php:23)
[stacktrace]
#0 /var/www/emaparking_dss/vendor/laravel/framework/src/Illuminate/Container/BoundMethod.php(36): Themes\\ThemeServiceProvider->boot()
#1 /var/www/emaparking_dss/vendor/laravel/framework/src/Illuminate/Container/Util.php(41): Illuminate\\Container\\BoundMethod::Illuminate\\Container\\{closure}()
#2 /var/www/emaparking_dss/vendor/laravel/framework/src/Illuminate/Container/BoundMethod.php(93): Illuminate\\Container\\Util::unwrapIfClosure()
#3 /var/www/emaparking_dss/vendor/laravel/framework/src/Illuminate/Container/BoundMethod.php(35): Illuminate\\Container\\BoundMethod::callBoundMethod()
#4 /var/www/emaparking_dss/vendor/laravel/framework/src/Illuminate/Container/Container.php(651): Illuminate\\Container\\BoundMethod::call()
#5 /var/www/emaparking_dss/vendor/laravel/framework/src/Illuminate/Foundation/Application.php(933): Illuminate\\Container\\Container->call()
#6 /var/www/emaparking_dss/vendor/laravel/framework/src/Illuminate/Foundation/Application.php(914): Illuminate\\Foundation\\Application->bootProvider()
#7 [internal function]: Illuminate\\Foundation\\Application->Illuminate\\Foundation\\{closure}()
#8 /var/www/emaparking_dss/vendor/laravel/framework/src/Illuminate/Foundation/Application.php(913): array_walk()
#9 /var/www/emaparking_dss/vendor/laravel/framework/src/Illuminate/Foundation/Bootstrap/BootProviders.php(17): Illuminate\\Foundation\\Application->boot()
#10 /var/www/emaparking_dss/vendor/laravel/framework/src/Illuminate/Foundation/Application.php(242): Illuminate\\Foundation\\Bootstrap\\BootProviders->bootstrap()
#11 /var/www/emaparking_dss/vendor/laravel/framework/src/Illuminate/Foundation/Console/Kernel.php(383): Illuminate\\Foundation\\Application->bootstrapWith()
#12 /var/www/emaparking_dss/vendor/laravel/framework/src/Illuminate/Foundation/Console/Kernel.php(153): Illuminate\\Foundation\\Console\\Kernel->bootstrap()
#13 Command line code(1): Illuminate\\Foundation\\Console\\Kernel->handle()
#14 {main}
"} 
[2025-03-20 16:26:16] local.ERROR: Class "\Themes\BC\ThemeProvider" not found {"exception":"[object] (Error(code: 0): Class \"\\Themes\\BC\\ThemeProvider\" not found at /var/www/emaparking_dss/themes/ThemeServiceProvider.php:23)
[stacktrace]
#0 /var/www/emaparking_dss/vendor/laravel/framework/src/Illuminate/Container/BoundMethod.php(36): Themes\\ThemeServiceProvider->boot()
#1 /var/www/emaparking_dss/vendor/laravel/framework/src/Illuminate/Container/Util.php(41): Illuminate\\Container\\BoundMethod::Illuminate\\Container\\{closure}()
#2 /var/www/emaparking_dss/vendor/laravel/framework/src/Illuminate/Container/BoundMethod.php(93): Illuminate\\Container\\Util::unwrapIfClosure()
#3 /var/www/emaparking_dss/vendor/laravel/framework/src/Illuminate/Container/BoundMethod.php(35): Illuminate\\Container\\BoundMethod::callBoundMethod()
#4 /var/www/emaparking_dss/vendor/laravel/framework/src/Illuminate/Container/Container.php(651): Illuminate\\Container\\BoundMethod::call()
#5 /var/www/emaparking_dss/vendor/laravel/framework/src/Illuminate/Foundation/Application.php(933): Illuminate\\Container\\Container->call()
#6 /var/www/emaparking_dss/vendor/laravel/framework/src/Illuminate/Foundation/Application.php(914): Illuminate\\Foundation\\Application->bootProvider()
#7 [internal function]: Illuminate\\Foundation\\Application->Illuminate\\Foundation\\{closure}()
#8 /var/www/emaparking_dss/vendor/laravel/framework/src/Illuminate/Foundation/Application.php(913): array_walk()
#9 /var/www/emaparking_dss/vendor/laravel/framework/src/Illuminate/Foundation/Bootstrap/BootProviders.php(17): Illuminate\\Foundation\\Application->boot()
#10 /var/www/emaparking_dss/vendor/laravel/framework/src/Illuminate/Foundation/Application.php(242): Illuminate\\Foundation\\Bootstrap\\BootProviders->bootstrap()
#11 /var/www/emaparking_dss/vendor/laravel/framework/src/Illuminate/Foundation/Console/Kernel.php(383): Illuminate\\Foundation\\Application->bootstrapWith()
#12 /var/www/emaparking_dss/vendor/laravel/framework/src/Illuminate/Foundation/Console/Kernel.php(153): Illuminate\\Foundation\\Console\\Kernel->bootstrap()
#13 Command line code(1): Illuminate\\Foundation\\Console\\Kernel->handle()
#14 {main}
"} 
[2025-03-20 16:27:16] local.ERROR: Class "\Themes\BC\ThemeProvider" not found {"exception":"[object] (Error(code: 0): Class \"\\Themes\\BC\\ThemeProvider\" not found at /var/www/emaparking_dss/themes/ThemeServiceProvider.php:23)
[stacktrace]
#0 /var/www/emaparking_dss/vendor/laravel/framework/src/Illuminate/Container/BoundMethod.php(36): Themes\\ThemeServiceProvider->boot()
#1 /var/www/emaparking_dss/vendor/laravel/framework/src/Illuminate/Container/Util.php(41): Illuminate\\Container\\BoundMethod::Illuminate\\Container\\{closure}()
#2 /var/www/emaparking_dss/vendor/laravel/framework/src/Illuminate/Container/BoundMethod.php(93): Illuminate\\Container\\Util::unwrapIfClosure()
#3 /var/www/emaparking_dss/vendor/laravel/framework/src/Illuminate/Container/BoundMethod.php(35): Illuminate\\Container\\BoundMethod::callBoundMethod()
#4 /var/www/emaparking_dss/vendor/laravel/framework/src/Illuminate/Container/Container.php(651): Illuminate\\Container\\BoundMethod::call()
#5 /var/www/emaparking_dss/vendor/laravel/framework/src/Illuminate/Foundation/Application.php(933): Illuminate\\Container\\Container->call()
#6 /var/www/emaparking_dss/vendor/laravel/framework/src/Illuminate/Foundation/Application.php(914): Illuminate\\Foundation\\Application->bootProvider()
#7 [internal function]: Illuminate\\Foundation\\Application->Illuminate\\Foundation\\{closure}()
#8 /var/www/emaparking_dss/vendor/laravel/framework/src/Illuminate/Foundation/Application.php(913): array_walk()
#9 /var/www/emaparking_dss/vendor/laravel/framework/src/Illuminate/Foundation/Bootstrap/BootProviders.php(17): Illuminate\\Foundation\\Application->boot()
#10 /var/www/emaparking_dss/vendor/laravel/framework/src/Illuminate/Foundation/Application.php(242): Illuminate\\Foundation\\Bootstrap\\BootProviders->bootstrap()
#11 /var/www/emaparking_dss/vendor/laravel/framework/src/Illuminate/Foundation/Console/Kernel.php(383): Illuminate\\Foundation\\Application->bootstrapWith()
#12 /var/www/emaparking_dss/vendor/laravel/framework/src/Illuminate/Foundation/Console/Kernel.php(153): Illuminate\\Foundation\\Console\\Kernel->bootstrap()
#13 Command line code(1): Illuminate\\Foundation\\Console\\Kernel->handle()
#14 {main}
"} 
[2025-03-20 16:27:16] local.ERROR: Class "\Themes\BC\ThemeProvider" not found {"exception":"[object] (Error(code: 0): Class \"\\Themes\\BC\\ThemeProvider\" not found at /var/www/emaparking_dss/themes/ThemeServiceProvider.php:23)
[stacktrace]
#0 /var/www/emaparking_dss/vendor/laravel/framework/src/Illuminate/Container/BoundMethod.php(36): Themes\\ThemeServiceProvider->boot()
#1 /var/www/emaparking_dss/vendor/laravel/framework/src/Illuminate/Container/Util.php(41): Illuminate\\Container\\BoundMethod::Illuminate\\Container\\{closure}()
#2 /var/www/emaparking_dss/vendor/laravel/framework/src/Illuminate/Container/BoundMethod.php(93): Illuminate\\Container\\Util::unwrapIfClosure()
#3 /var/www/emaparking_dss/vendor/laravel/framework/src/Illuminate/Container/BoundMethod.php(35): Illuminate\\Container\\BoundMethod::callBoundMethod()
#4 /var/www/emaparking_dss/vendor/laravel/framework/src/Illuminate/Container/Container.php(651): Illuminate\\Container\\BoundMethod::call()
#5 /var/www/emaparking_dss/vendor/laravel/framework/src/Illuminate/Foundation/Application.php(933): Illuminate\\Container\\Container->call()
#6 /var/www/emaparking_dss/vendor/laravel/framework/src/Illuminate/Foundation/Application.php(914): Illuminate\\Foundation\\Application->bootProvider()
#7 [internal function]: Illuminate\\Foundation\\Application->Illuminate\\Foundation\\{closure}()
#8 /var/www/emaparking_dss/vendor/laravel/framework/src/Illuminate/Foundation/Application.php(913): array_walk()
#9 /var/www/emaparking_dss/vendor/laravel/framework/src/Illuminate/Foundation/Bootstrap/BootProviders.php(17): Illuminate\\Foundation\\Application->boot()
#10 /var/www/emaparking_dss/vendor/laravel/framework/src/Illuminate/Foundation/Application.php(242): Illuminate\\Foundation\\Bootstrap\\BootProviders->bootstrap()
#11 /var/www/emaparking_dss/vendor/laravel/framework/src/Illuminate/Foundation/Console/Kernel.php(383): Illuminate\\Foundation\\Application->bootstrapWith()
#12 /var/www/emaparking_dss/vendor/laravel/framework/src/Illuminate/Foundation/Console/Kernel.php(153): Illuminate\\Foundation\\Console\\Kernel->bootstrap()
#13 Command line code(1): Illuminate\\Foundation\\Console\\Kernel->handle()
#14 {main}
"} 
[2025-03-20 16:28:16] local.ERROR: Class "\Themes\BC\ThemeProvider" not found {"exception":"[object] (Error(code: 0): Class \"\\Themes\\BC\\ThemeProvider\" not found at /var/www/emaparking_dss/themes/ThemeServiceProvider.php:23)
[stacktrace]
#0 /var/www/emaparking_dss/vendor/laravel/framework/src/Illuminate/Container/BoundMethod.php(36): Themes\\ThemeServiceProvider->boot()
#1 /var/www/emaparking_dss/vendor/laravel/framework/src/Illuminate/Container/Util.php(41): Illuminate\\Container\\BoundMethod::Illuminate\\Container\\{closure}()
#2 /var/www/emaparking_dss/vendor/laravel/framework/src/Illuminate/Container/BoundMethod.php(93): Illuminate\\Container\\Util::unwrapIfClosure()
#3 /var/www/emaparking_dss/vendor/laravel/framework/src/Illuminate/Container/BoundMethod.php(35): Illuminate\\Container\\BoundMethod::callBoundMethod()
#4 /var/www/emaparking_dss/vendor/laravel/framework/src/Illuminate/Container/Container.php(651): Illuminate\\Container\\BoundMethod::call()
#5 /var/www/emaparking_dss/vendor/laravel/framework/src/Illuminate/Foundation/Application.php(933): Illuminate\\Container\\Container->call()
#6 /var/www/emaparking_dss/vendor/laravel/framework/src/Illuminate/Foundation/Application.php(914): Illuminate\\Foundation\\Application->bootProvider()
#7 [internal function]: Illuminate\\Foundation\\Application->Illuminate\\Foundation\\{closure}()
#8 /var/www/emaparking_dss/vendor/laravel/framework/src/Illuminate/Foundation/Application.php(913): array_walk()
#9 /var/www/emaparking_dss/vendor/laravel/framework/src/Illuminate/Foundation/Bootstrap/BootProviders.php(17): Illuminate\\Foundation\\Application->boot()
#10 /var/www/emaparking_dss/vendor/laravel/framework/src/Illuminate/Foundation/Application.php(242): Illuminate\\Foundation\\Bootstrap\\BootProviders->bootstrap()
#11 /var/www/emaparking_dss/vendor/laravel/framework/src/Illuminate/Foundation/Console/Kernel.php(383): Illuminate\\Foundation\\Application->bootstrapWith()
#12 /var/www/emaparking_dss/vendor/laravel/framework/src/Illuminate/Foundation/Console/Kernel.php(153): Illuminate\\Foundation\\Console\\Kernel->bootstrap()
#13 Command line code(1): Illuminate\\Foundation\\Console\\Kernel->handle()
#14 {main}
"} 
[2025-03-20 16:28:16] local.ERROR: Class "\Themes\BC\ThemeProvider" not found {"exception":"[object] (Error(code: 0): Class \"\\Themes\\BC\\ThemeProvider\" not found at /var/www/emaparking_dss/themes/ThemeServiceProvider.php:23)
[stacktrace]
#0 /var/www/emaparking_dss/vendor/laravel/framework/src/Illuminate/Container/BoundMethod.php(36): Themes\\ThemeServiceProvider->boot()
#1 /var/www/emaparking_dss/vendor/laravel/framework/src/Illuminate/Container/Util.php(41): Illuminate\\Container\\BoundMethod::Illuminate\\Container\\{closure}()
#2 /var/www/emaparking_dss/vendor/laravel/framework/src/Illuminate/Container/BoundMethod.php(93): Illuminate\\Container\\Util::unwrapIfClosure()
#3 /var/www/emaparking_dss/vendor/laravel/framework/src/Illuminate/Container/BoundMethod.php(35): Illuminate\\Container\\BoundMethod::callBoundMethod()
#4 /var/www/emaparking_dss/vendor/laravel/framework/src/Illuminate/Container/Container.php(651): Illuminate\\Container\\BoundMethod::call()
#5 /var/www/emaparking_dss/vendor/laravel/framework/src/Illuminate/Foundation/Application.php(933): Illuminate\\Container\\Container->call()
#6 /var/www/emaparking_dss/vendor/laravel/framework/src/Illuminate/Foundation/Application.php(914): Illuminate\\Foundation\\Application->bootProvider()
#7 [internal function]: Illuminate\\Foundation\\Application->Illuminate\\Foundation\\{closure}()
#8 /var/www/emaparking_dss/vendor/laravel/framework/src/Illuminate/Foundation/Application.php(913): array_walk()
#9 /var/www/emaparking_dss/vendor/laravel/framework/src/Illuminate/Foundation/Bootstrap/BootProviders.php(17): Illuminate\\Foundation\\Application->boot()
#10 /var/www/emaparking_dss/vendor/laravel/framework/src/Illuminate/Foundation/Application.php(242): Illuminate\\Foundation\\Bootstrap\\BootProviders->bootstrap()
#11 /var/www/emaparking_dss/vendor/laravel/framework/src/Illuminate/Foundation/Console/Kernel.php(383): Illuminate\\Foundation\\Application->bootstrapWith()
#12 /var/www/emaparking_dss/vendor/laravel/framework/src/Illuminate/Foundation/Console/Kernel.php(153): Illuminate\\Foundation\\Console\\Kernel->bootstrap()
#13 Command line code(1): Illuminate\\Foundation\\Console\\Kernel->handle()
#14 {main}
"} 
[2025-03-20 16:29:15] local.ERROR: Class "\Themes\BC\ThemeProvider" not found {"exception":"[object] (Error(code: 0): Class \"\\Themes\\BC\\ThemeProvider\" not found at /var/www/emaparking_dss/themes/ThemeServiceProvider.php:23)
[stacktrace]
#0 /var/www/emaparking_dss/vendor/laravel/framework/src/Illuminate/Container/BoundMethod.php(36): Themes\\ThemeServiceProvider->boot()
#1 /var/www/emaparking_dss/vendor/laravel/framework/src/Illuminate/Container/Util.php(41): Illuminate\\Container\\BoundMethod::Illuminate\\Container\\{closure}()
#2 /var/www/emaparking_dss/vendor/laravel/framework/src/Illuminate/Container/BoundMethod.php(93): Illuminate\\Container\\Util::unwrapIfClosure()
#3 /var/www/emaparking_dss/vendor/laravel/framework/src/Illuminate/Container/BoundMethod.php(35): Illuminate\\Container\\BoundMethod::callBoundMethod()
#4 /var/www/emaparking_dss/vendor/laravel/framework/src/Illuminate/Container/Container.php(651): Illuminate\\Container\\BoundMethod::call()
#5 /var/www/emaparking_dss/vendor/laravel/framework/src/Illuminate/Foundation/Application.php(933): Illuminate\\Container\\Container->call()
#6 /var/www/emaparking_dss/vendor/laravel/framework/src/Illuminate/Foundation/Application.php(914): Illuminate\\Foundation\\Application->bootProvider()
#7 [internal function]: Illuminate\\Foundation\\Application->Illuminate\\Foundation\\{closure}()
#8 /var/www/emaparking_dss/vendor/laravel/framework/src/Illuminate/Foundation/Application.php(913): array_walk()
#9 /var/www/emaparking_dss/vendor/laravel/framework/src/Illuminate/Foundation/Bootstrap/BootProviders.php(17): Illuminate\\Foundation\\Application->boot()
#10 /var/www/emaparking_dss/vendor/laravel/framework/src/Illuminate/Foundation/Application.php(242): Illuminate\\Foundation\\Bootstrap\\BootProviders->bootstrap()
#11 /var/www/emaparking_dss/vendor/laravel/framework/src/Illuminate/Foundation/Console/Kernel.php(383): Illuminate\\Foundation\\Application->bootstrapWith()
#12 /var/www/emaparking_dss/vendor/laravel/framework/src/Illuminate/Foundation/Console/Kernel.php(153): Illuminate\\Foundation\\Console\\Kernel->bootstrap()
#13 Command line code(1): Illuminate\\Foundation\\Console\\Kernel->handle()
#14 {main}
"} 
[2025-03-20 16:29:16] local.ERROR: Class "\Themes\BC\ThemeProvider" not found {"exception":"[object] (Error(code: 0): Class \"\\Themes\\BC\\ThemeProvider\" not found at /var/www/emaparking_dss/themes/ThemeServiceProvider.php:23)
[stacktrace]
#0 /var/www/emaparking_dss/vendor/laravel/framework/src/Illuminate/Container/BoundMethod.php(36): Themes\\ThemeServiceProvider->boot()
#1 /var/www/emaparking_dss/vendor/laravel/framework/src/Illuminate/Container/Util.php(41): Illuminate\\Container\\BoundMethod::Illuminate\\Container\\{closure}()
#2 /var/www/emaparking_dss/vendor/laravel/framework/src/Illuminate/Container/BoundMethod.php(93): Illuminate\\Container\\Util::unwrapIfClosure()
#3 /var/www/emaparking_dss/vendor/laravel/framework/src/Illuminate/Container/BoundMethod.php(35): Illuminate\\Container\\BoundMethod::callBoundMethod()
#4 /var/www/emaparking_dss/vendor/laravel/framework/src/Illuminate/Container/Container.php(651): Illuminate\\Container\\BoundMethod::call()
#5 /var/www/emaparking_dss/vendor/laravel/framework/src/Illuminate/Foundation/Application.php(933): Illuminate\\Container\\Container->call()
#6 /var/www/emaparking_dss/vendor/laravel/framework/src/Illuminate/Foundation/Application.php(914): Illuminate\\Foundation\\Application->bootProvider()
#7 [internal function]: Illuminate\\Foundation\\Application->Illuminate\\Foundation\\{closure}()
#8 /var/www/emaparking_dss/vendor/laravel/framework/src/Illuminate/Foundation/Application.php(913): array_walk()
#9 /var/www/emaparking_dss/vendor/laravel/framework/src/Illuminate/Foundation/Bootstrap/BootProviders.php(17): Illuminate\\Foundation\\Application->boot()
#10 /var/www/emaparking_dss/vendor/laravel/framework/src/Illuminate/Foundation/Application.php(242): Illuminate\\Foundation\\Bootstrap\\BootProviders->bootstrap()
#11 /var/www/emaparking_dss/vendor/laravel/framework/src/Illuminate/Foundation/Console/Kernel.php(383): Illuminate\\Foundation\\Application->bootstrapWith()
#12 /var/www/emaparking_dss/vendor/laravel/framework/src/Illuminate/Foundation/Console/Kernel.php(153): Illuminate\\Foundation\\Console\\Kernel->bootstrap()
#13 Command line code(1): Illuminate\\Foundation\\Console\\Kernel->handle()
#14 {main}
"} 
[2025-03-20 16:29:16] local.ERROR: Class "\Themes\BC\ThemeProvider" not found {"exception":"[object] (Error(code: 0): Class \"\\Themes\\BC\\ThemeProvider\" not found at /var/www/emaparking_dss/themes/ThemeServiceProvider.php:23)
[stacktrace]
#0 /var/www/emaparking_dss/vendor/laravel/framework/src/Illuminate/Container/BoundMethod.php(36): Themes\\ThemeServiceProvider->boot()
#1 /var/www/emaparking_dss/vendor/laravel/framework/src/Illuminate/Container/Util.php(41): Illuminate\\Container\\BoundMethod::Illuminate\\Container\\{closure}()
#2 /var/www/emaparking_dss/vendor/laravel/framework/src/Illuminate/Container/BoundMethod.php(93): Illuminate\\Container\\Util::unwrapIfClosure()
#3 /var/www/emaparking_dss/vendor/laravel/framework/src/Illuminate/Container/BoundMethod.php(35): Illuminate\\Container\\BoundMethod::callBoundMethod()
#4 /var/www/emaparking_dss/vendor/laravel/framework/src/Illuminate/Container/Container.php(651): Illuminate\\Container\\BoundMethod::call()
#5 /var/www/emaparking_dss/vendor/laravel/framework/src/Illuminate/Foundation/Application.php(933): Illuminate\\Container\\Container->call()
#6 /var/www/emaparking_dss/vendor/laravel/framework/src/Illuminate/Foundation/Application.php(914): Illuminate\\Foundation\\Application->bootProvider()
#7 [internal function]: Illuminate\\Foundation\\Application->Illuminate\\Foundation\\{closure}()
#8 /var/www/emaparking_dss/vendor/laravel/framework/src/Illuminate/Foundation/Application.php(913): array_walk()
#9 /var/www/emaparking_dss/vendor/laravel/framework/src/Illuminate/Foundation/Bootstrap/BootProviders.php(17): Illuminate\\Foundation\\Application->boot()
#10 /var/www/emaparking_dss/vendor/laravel/framework/src/Illuminate/Foundation/Application.php(242): Illuminate\\Foundation\\Bootstrap\\BootProviders->bootstrap()
#11 /var/www/emaparking_dss/vendor/laravel/framework/src/Illuminate/Foundation/Console/Kernel.php(383): Illuminate\\Foundation\\Application->bootstrapWith()
#12 /var/www/emaparking_dss/vendor/laravel/framework/src/Illuminate/Foundation/Console/Kernel.php(153): Illuminate\\Foundation\\Console\\Kernel->bootstrap()
#13 Command line code(1): Illuminate\\Foundation\\Console\\Kernel->handle()
#14 {main}
"} 
[2025-03-20 16:30:16] local.ERROR: Class "\Themes\BC\ThemeProvider" not found {"exception":"[object] (Error(code: 0): Class \"\\Themes\\BC\\ThemeProvider\" not found at /var/www/emaparking_dss/themes/ThemeServiceProvider.php:23)
[stacktrace]
#0 /var/www/emaparking_dss/vendor/laravel/framework/src/Illuminate/Container/BoundMethod.php(36): Themes\\ThemeServiceProvider->boot()
#1 /var/www/emaparking_dss/vendor/laravel/framework/src/Illuminate/Container/Util.php(41): Illuminate\\Container\\BoundMethod::Illuminate\\Container\\{closure}()
#2 /var/www/emaparking_dss/vendor/laravel/framework/src/Illuminate/Container/BoundMethod.php(93): Illuminate\\Container\\Util::unwrapIfClosure()
#3 /var/www/emaparking_dss/vendor/laravel/framework/src/Illuminate/Container/BoundMethod.php(35): Illuminate\\Container\\BoundMethod::callBoundMethod()
#4 /var/www/emaparking_dss/vendor/laravel/framework/src/Illuminate/Container/Container.php(651): Illuminate\\Container\\BoundMethod::call()
#5 /var/www/emaparking_dss/vendor/laravel/framework/src/Illuminate/Foundation/Application.php(933): Illuminate\\Container\\Container->call()
#6 /var/www/emaparking_dss/vendor/laravel/framework/src/Illuminate/Foundation/Application.php(914): Illuminate\\Foundation\\Application->bootProvider()
#7 [internal function]: Illuminate\\Foundation\\Application->Illuminate\\Foundation\\{closure}()
#8 /var/www/emaparking_dss/vendor/laravel/framework/src/Illuminate/Foundation/Application.php(913): array_walk()
#9 /var/www/emaparking_dss/vendor/laravel/framework/src/Illuminate/Foundation/Bootstrap/BootProviders.php(17): Illuminate\\Foundation\\Application->boot()
#10 /var/www/emaparking_dss/vendor/laravel/framework/src/Illuminate/Foundation/Application.php(242): Illuminate\\Foundation\\Bootstrap\\BootProviders->bootstrap()
#11 /var/www/emaparking_dss/vendor/laravel/framework/src/Illuminate/Foundation/Console/Kernel.php(383): Illuminate\\Foundation\\Application->bootstrapWith()
#12 /var/www/emaparking_dss/vendor/laravel/framework/src/Illuminate/Foundation/Console/Kernel.php(153): Illuminate\\Foundation\\Console\\Kernel->bootstrap()
#13 Command line code(1): Illuminate\\Foundation\\Console\\Kernel->handle()
#14 {main}
"} 
[2025-03-20 16:30:16] local.ERROR: Class "\Themes\BC\ThemeProvider" not found {"exception":"[object] (Error(code: 0): Class \"\\Themes\\BC\\ThemeProvider\" not found at /var/www/emaparking_dss/themes/ThemeServiceProvider.php:23)
[stacktrace]
#0 /var/www/emaparking_dss/vendor/laravel/framework/src/Illuminate/Container/BoundMethod.php(36): Themes\\ThemeServiceProvider->boot()
#1 /var/www/emaparking_dss/vendor/laravel/framework/src/Illuminate/Container/Util.php(41): Illuminate\\Container\\BoundMethod::Illuminate\\Container\\{closure}()
#2 /var/www/emaparking_dss/vendor/laravel/framework/src/Illuminate/Container/BoundMethod.php(93): Illuminate\\Container\\Util::unwrapIfClosure()
#3 /var/www/emaparking_dss/vendor/laravel/framework/src/Illuminate/Container/BoundMethod.php(35): Illuminate\\Container\\BoundMethod::callBoundMethod()
#4 /var/www/emaparking_dss/vendor/laravel/framework/src/Illuminate/Container/Container.php(651): Illuminate\\Container\\BoundMethod::call()
#5 /var/www/emaparking_dss/vendor/laravel/framework/src/Illuminate/Foundation/Application.php(933): Illuminate\\Container\\Container->call()
#6 /var/www/emaparking_dss/vendor/laravel/framework/src/Illuminate/Foundation/Application.php(914): Illuminate\\Foundation\\Application->bootProvider()
#7 [internal function]: Illuminate\\Foundation\\Application->Illuminate\\Foundation\\{closure}()
#8 /var/www/emaparking_dss/vendor/laravel/framework/src/Illuminate/Foundation/Application.php(913): array_walk()
#9 /var/www/emaparking_dss/vendor/laravel/framework/src/Illuminate/Foundation/Bootstrap/BootProviders.php(17): Illuminate\\Foundation\\Application->boot()
#10 /var/www/emaparking_dss/vendor/laravel/framework/src/Illuminate/Foundation/Application.php(242): Illuminate\\Foundation\\Bootstrap\\BootProviders->bootstrap()
#11 /var/www/emaparking_dss/vendor/laravel/framework/src/Illuminate/Foundation/Console/Kernel.php(383): Illuminate\\Foundation\\Application->bootstrapWith()
#12 /var/www/emaparking_dss/vendor/laravel/framework/src/Illuminate/Foundation/Console/Kernel.php(153): Illuminate\\Foundation\\Console\\Kernel->bootstrap()
#13 Command line code(1): Illuminate\\Foundation\\Console\\Kernel->handle()
#14 {main}
"} 
[2025-03-20 16:31:16] local.ERROR: Class "\Themes\BC\ThemeProvider" not found {"exception":"[object] (Error(code: 0): Class \"\\Themes\\BC\\ThemeProvider\" not found at /var/www/emaparking_dss/themes/ThemeServiceProvider.php:23)
[stacktrace]
#0 /var/www/emaparking_dss/vendor/laravel/framework/src/Illuminate/Container/BoundMethod.php(36): Themes\\ThemeServiceProvider->boot()
#1 /var/www/emaparking_dss/vendor/laravel/framework/src/Illuminate/Container/Util.php(41): Illuminate\\Container\\BoundMethod::Illuminate\\Container\\{closure}()
#2 /var/www/emaparking_dss/vendor/laravel/framework/src/Illuminate/Container/BoundMethod.php(93): Illuminate\\Container\\Util::unwrapIfClosure()
#3 /var/www/emaparking_dss/vendor/laravel/framework/src/Illuminate/Container/BoundMethod.php(35): Illuminate\\Container\\BoundMethod::callBoundMethod()
#4 /var/www/emaparking_dss/vendor/laravel/framework/src/Illuminate/Container/Container.php(651): Illuminate\\Container\\BoundMethod::call()
#5 /var/www/emaparking_dss/vendor/laravel/framework/src/Illuminate/Foundation/Application.php(933): Illuminate\\Container\\Container->call()
#6 /var/www/emaparking_dss/vendor/laravel/framework/src/Illuminate/Foundation/Application.php(914): Illuminate\\Foundation\\Application->bootProvider()
#7 [internal function]: Illuminate\\Foundation\\Application->Illuminate\\Foundation\\{closure}()
#8 /var/www/emaparking_dss/vendor/laravel/framework/src/Illuminate/Foundation/Application.php(913): array_walk()
#9 /var/www/emaparking_dss/vendor/laravel/framework/src/Illuminate/Foundation/Bootstrap/BootProviders.php(17): Illuminate\\Foundation\\Application->boot()
#10 /var/www/emaparking_dss/vendor/laravel/framework/src/Illuminate/Foundation/Application.php(242): Illuminate\\Foundation\\Bootstrap\\BootProviders->bootstrap()
#11 /var/www/emaparking_dss/vendor/laravel/framework/src/Illuminate/Foundation/Console/Kernel.php(383): Illuminate\\Foundation\\Application->bootstrapWith()
#12 /var/www/emaparking_dss/vendor/laravel/framework/src/Illuminate/Foundation/Console/Kernel.php(153): Illuminate\\Foundation\\Console\\Kernel->bootstrap()
#13 Command line code(1): Illuminate\\Foundation\\Console\\Kernel->handle()
#14 {main}
"} 
[2025-03-20 16:31:16] local.ERROR: Class "\Themes\BC\ThemeProvider" not found {"exception":"[object] (Error(code: 0): Class \"\\Themes\\BC\\ThemeProvider\" not found at /var/www/emaparking_dss/themes/ThemeServiceProvider.php:23)
[stacktrace]
#0 /var/www/emaparking_dss/vendor/laravel/framework/src/Illuminate/Container/BoundMethod.php(36): Themes\\ThemeServiceProvider->boot()
#1 /var/www/emaparking_dss/vendor/laravel/framework/src/Illuminate/Container/Util.php(41): Illuminate\\Container\\BoundMethod::Illuminate\\Container\\{closure}()
#2 /var/www/emaparking_dss/vendor/laravel/framework/src/Illuminate/Container/BoundMethod.php(93): Illuminate\\Container\\Util::unwrapIfClosure()
#3 /var/www/emaparking_dss/vendor/laravel/framework/src/Illuminate/Container/BoundMethod.php(35): Illuminate\\Container\\BoundMethod::callBoundMethod()
#4 /var/www/emaparking_dss/vendor/laravel/framework/src/Illuminate/Container/Container.php(651): Illuminate\\Container\\BoundMethod::call()
#5 /var/www/emaparking_dss/vendor/laravel/framework/src/Illuminate/Foundation/Application.php(933): Illuminate\\Container\\Container->call()
#6 /var/www/emaparking_dss/vendor/laravel/framework/src/Illuminate/Foundation/Application.php(914): Illuminate\\Foundation\\Application->bootProvider()
#7 [internal function]: Illuminate\\Foundation\\Application->Illuminate\\Foundation\\{closure}()
#8 /var/www/emaparking_dss/vendor/laravel/framework/src/Illuminate/Foundation/Application.php(913): array_walk()
#9 /var/www/emaparking_dss/vendor/laravel/framework/src/Illuminate/Foundation/Bootstrap/BootProviders.php(17): Illuminate\\Foundation\\Application->boot()
#10 /var/www/emaparking_dss/vendor/laravel/framework/src/Illuminate/Foundation/Application.php(242): Illuminate\\Foundation\\Bootstrap\\BootProviders->bootstrap()
#11 /var/www/emaparking_dss/vendor/laravel/framework/src/Illuminate/Foundation/Console/Kernel.php(383): Illuminate\\Foundation\\Application->bootstrapWith()
#12 /var/www/emaparking_dss/vendor/laravel/framework/src/Illuminate/Foundation/Console/Kernel.php(153): Illuminate\\Foundation\\Console\\Kernel->bootstrap()
#13 Command line code(1): Illuminate\\Foundation\\Console\\Kernel->handle()
#14 {main}
"} 
[2025-03-20 16:32:16] local.ERROR: Class "\Themes\BC\ThemeProvider" not found {"exception":"[object] (Error(code: 0): Class \"\\Themes\\BC\\ThemeProvider\" not found at /var/www/emaparking_dss/themes/ThemeServiceProvider.php:23)
[stacktrace]
#0 /var/www/emaparking_dss/vendor/laravel/framework/src/Illuminate/Container/BoundMethod.php(36): Themes\\ThemeServiceProvider->boot()
#1 /var/www/emaparking_dss/vendor/laravel/framework/src/Illuminate/Container/Util.php(41): Illuminate\\Container\\BoundMethod::Illuminate\\Container\\{closure}()
#2 /var/www/emaparking_dss/vendor/laravel/framework/src/Illuminate/Container/BoundMethod.php(93): Illuminate\\Container\\Util::unwrapIfClosure()
#3 /var/www/emaparking_dss/vendor/laravel/framework/src/Illuminate/Container/BoundMethod.php(35): Illuminate\\Container\\BoundMethod::callBoundMethod()
#4 /var/www/emaparking_dss/vendor/laravel/framework/src/Illuminate/Container/Container.php(651): Illuminate\\Container\\BoundMethod::call()
#5 /var/www/emaparking_dss/vendor/laravel/framework/src/Illuminate/Foundation/Application.php(933): Illuminate\\Container\\Container->call()
#6 /var/www/emaparking_dss/vendor/laravel/framework/src/Illuminate/Foundation/Application.php(914): Illuminate\\Foundation\\Application->bootProvider()
#7 [internal function]: Illuminate\\Foundation\\Application->Illuminate\\Foundation\\{closure}()
#8 /var/www/emaparking_dss/vendor/laravel/framework/src/Illuminate/Foundation/Application.php(913): array_walk()
#9 /var/www/emaparking_dss/vendor/laravel/framework/src/Illuminate/Foundation/Bootstrap/BootProviders.php(17): Illuminate\\Foundation\\Application->boot()
#10 /var/www/emaparking_dss/vendor/laravel/framework/src/Illuminate/Foundation/Application.php(242): Illuminate\\Foundation\\Bootstrap\\BootProviders->bootstrap()
#11 /var/www/emaparking_dss/vendor/laravel/framework/src/Illuminate/Foundation/Console/Kernel.php(383): Illuminate\\Foundation\\Application->bootstrapWith()
#12 /var/www/emaparking_dss/vendor/laravel/framework/src/Illuminate/Foundation/Console/Kernel.php(153): Illuminate\\Foundation\\Console\\Kernel->bootstrap()
#13 Command line code(1): Illuminate\\Foundation\\Console\\Kernel->handle()
#14 {main}
"} 
[2025-03-20 16:32:16] local.ERROR: Class "\Themes\BC\ThemeProvider" not found {"exception":"[object] (Error(code: 0): Class \"\\Themes\\BC\\ThemeProvider\" not found at /var/www/emaparking_dss/themes/ThemeServiceProvider.php:23)
[stacktrace]
#0 /var/www/emaparking_dss/vendor/laravel/framework/src/Illuminate/Container/BoundMethod.php(36): Themes\\ThemeServiceProvider->boot()
#1 /var/www/emaparking_dss/vendor/laravel/framework/src/Illuminate/Container/Util.php(41): Illuminate\\Container\\BoundMethod::Illuminate\\Container\\{closure}()
#2 /var/www/emaparking_dss/vendor/laravel/framework/src/Illuminate/Container/BoundMethod.php(93): Illuminate\\Container\\Util::unwrapIfClosure()
#3 /var/www/emaparking_dss/vendor/laravel/framework/src/Illuminate/Container/BoundMethod.php(35): Illuminate\\Container\\BoundMethod::callBoundMethod()
#4 /var/www/emaparking_dss/vendor/laravel/framework/src/Illuminate/Container/Container.php(651): Illuminate\\Container\\BoundMethod::call()
#5 /var/www/emaparking_dss/vendor/laravel/framework/src/Illuminate/Foundation/Application.php(933): Illuminate\\Container\\Container->call()
#6 /var/www/emaparking_dss/vendor/laravel/framework/src/Illuminate/Foundation/Application.php(914): Illuminate\\Foundation\\Application->bootProvider()
#7 [internal function]: Illuminate\\Foundation\\Application->Illuminate\\Foundation\\{closure}()
#8 /var/www/emaparking_dss/vendor/laravel/framework/src/Illuminate/Foundation/Application.php(913): array_walk()
#9 /var/www/emaparking_dss/vendor/laravel/framework/src/Illuminate/Foundation/Bootstrap/BootProviders.php(17): Illuminate\\Foundation\\Application->boot()
#10 /var/www/emaparking_dss/vendor/laravel/framework/src/Illuminate/Foundation/Application.php(242): Illuminate\\Foundation\\Bootstrap\\BootProviders->bootstrap()
#11 /var/www/emaparking_dss/vendor/laravel/framework/src/Illuminate/Foundation/Console/Kernel.php(383): Illuminate\\Foundation\\Application->bootstrapWith()
#12 /var/www/emaparking_dss/vendor/laravel/framework/src/Illuminate/Foundation/Console/Kernel.php(153): Illuminate\\Foundation\\Console\\Kernel->bootstrap()
#13 Command line code(1): Illuminate\\Foundation\\Console\\Kernel->handle()
#14 {main}
"} 
[2025-03-20 16:33:16] local.ERROR: Class "\Themes\BC\ThemeProvider" not found {"exception":"[object] (Error(code: 0): Class \"\\Themes\\BC\\ThemeProvider\" not found at /var/www/emaparking_dss/themes/ThemeServiceProvider.php:23)
[stacktrace]
#0 /var/www/emaparking_dss/vendor/laravel/framework/src/Illuminate/Container/BoundMethod.php(36): Themes\\ThemeServiceProvider->boot()
#1 /var/www/emaparking_dss/vendor/laravel/framework/src/Illuminate/Container/Util.php(41): Illuminate\\Container\\BoundMethod::Illuminate\\Container\\{closure}()
#2 /var/www/emaparking_dss/vendor/laravel/framework/src/Illuminate/Container/BoundMethod.php(93): Illuminate\\Container\\Util::unwrapIfClosure()
#3 /var/www/emaparking_dss/vendor/laravel/framework/src/Illuminate/Container/BoundMethod.php(35): Illuminate\\Container\\BoundMethod::callBoundMethod()
#4 /var/www/emaparking_dss/vendor/laravel/framework/src/Illuminate/Container/Container.php(651): Illuminate\\Container\\BoundMethod::call()
#5 /var/www/emaparking_dss/vendor/laravel/framework/src/Illuminate/Foundation/Application.php(933): Illuminate\\Container\\Container->call()
#6 /var/www/emaparking_dss/vendor/laravel/framework/src/Illuminate/Foundation/Application.php(914): Illuminate\\Foundation\\Application->bootProvider()
#7 [internal function]: Illuminate\\Foundation\\Application->Illuminate\\Foundation\\{closure}()
#8 /var/www/emaparking_dss/vendor/laravel/framework/src/Illuminate/Foundation/Application.php(913): array_walk()
#9 /var/www/emaparking_dss/vendor/laravel/framework/src/Illuminate/Foundation/Bootstrap/BootProviders.php(17): Illuminate\\Foundation\\Application->boot()
#10 /var/www/emaparking_dss/vendor/laravel/framework/src/Illuminate/Foundation/Application.php(242): Illuminate\\Foundation\\Bootstrap\\BootProviders->bootstrap()
#11 /var/www/emaparking_dss/vendor/laravel/framework/src/Illuminate/Foundation/Console/Kernel.php(383): Illuminate\\Foundation\\Application->bootstrapWith()
#12 /var/www/emaparking_dss/vendor/laravel/framework/src/Illuminate/Foundation/Console/Kernel.php(153): Illuminate\\Foundation\\Console\\Kernel->bootstrap()
#13 Command line code(1): Illuminate\\Foundation\\Console\\Kernel->handle()
#14 {main}
"} 
[2025-03-20 16:33:16] local.ERROR: Class "\Themes\BC\ThemeProvider" not found {"exception":"[object] (Error(code: 0): Class \"\\Themes\\BC\\ThemeProvider\" not found at /var/www/emaparking_dss/themes/ThemeServiceProvider.php:23)
[stacktrace]
#0 /var/www/emaparking_dss/vendor/laravel/framework/src/Illuminate/Container/BoundMethod.php(36): Themes\\ThemeServiceProvider->boot()
#1 /var/www/emaparking_dss/vendor/laravel/framework/src/Illuminate/Container/Util.php(41): Illuminate\\Container\\BoundMethod::Illuminate\\Container\\{closure}()
#2 /var/www/emaparking_dss/vendor/laravel/framework/src/Illuminate/Container/BoundMethod.php(93): Illuminate\\Container\\Util::unwrapIfClosure()
#3 /var/www/emaparking_dss/vendor/laravel/framework/src/Illuminate/Container/BoundMethod.php(35): Illuminate\\Container\\BoundMethod::callBoundMethod()
#4 /var/www/emaparking_dss/vendor/laravel/framework/src/Illuminate/Container/Container.php(651): Illuminate\\Container\\BoundMethod::call()
#5 /var/www/emaparking_dss/vendor/laravel/framework/src/Illuminate/Foundation/Application.php(933): Illuminate\\Container\\Container->call()
#6 /var/www/emaparking_dss/vendor/laravel/framework/src/Illuminate/Foundation/Application.php(914): Illuminate\\Foundation\\Application->bootProvider()
#7 [internal function]: Illuminate\\Foundation\\Application->Illuminate\\Foundation\\{closure}()
#8 /var/www/emaparking_dss/vendor/laravel/framework/src/Illuminate/Foundation/Application.php(913): array_walk()
#9 /var/www/emaparking_dss/vendor/laravel/framework/src/Illuminate/Foundation/Bootstrap/BootProviders.php(17): Illuminate\\Foundation\\Application->boot()
#10 /var/www/emaparking_dss/vendor/laravel/framework/src/Illuminate/Foundation/Application.php(242): Illuminate\\Foundation\\Bootstrap\\BootProviders->bootstrap()
#11 /var/www/emaparking_dss/vendor/laravel/framework/src/Illuminate/Foundation/Console/Kernel.php(383): Illuminate\\Foundation\\Application->bootstrapWith()
#12 /var/www/emaparking_dss/vendor/laravel/framework/src/Illuminate/Foundation/Console/Kernel.php(153): Illuminate\\Foundation\\Console\\Kernel->bootstrap()
#13 Command line code(1): Illuminate\\Foundation\\Console\\Kernel->handle()
#14 {main}
"} 
[2025-03-20 16:34:16] local.ERROR: Class "\Themes\BC\ThemeProvider" not found {"exception":"[object] (Error(code: 0): Class \"\\Themes\\BC\\ThemeProvider\" not found at /var/www/emaparking_dss/themes/ThemeServiceProvider.php:23)
[stacktrace]
#0 /var/www/emaparking_dss/vendor/laravel/framework/src/Illuminate/Container/BoundMethod.php(36): Themes\\ThemeServiceProvider->boot()
#1 /var/www/emaparking_dss/vendor/laravel/framework/src/Illuminate/Container/Util.php(41): Illuminate\\Container\\BoundMethod::Illuminate\\Container\\{closure}()
#2 /var/www/emaparking_dss/vendor/laravel/framework/src/Illuminate/Container/BoundMethod.php(93): Illuminate\\Container\\Util::unwrapIfClosure()
#3 /var/www/emaparking_dss/vendor/laravel/framework/src/Illuminate/Container/BoundMethod.php(35): Illuminate\\Container\\BoundMethod::callBoundMethod()
#4 /var/www/emaparking_dss/vendor/laravel/framework/src/Illuminate/Container/Container.php(651): Illuminate\\Container\\BoundMethod::call()
#5 /var/www/emaparking_dss/vendor/laravel/framework/src/Illuminate/Foundation/Application.php(933): Illuminate\\Container\\Container->call()
#6 /var/www/emaparking_dss/vendor/laravel/framework/src/Illuminate/Foundation/Application.php(914): Illuminate\\Foundation\\Application->bootProvider()
#7 [internal function]: Illuminate\\Foundation\\Application->Illuminate\\Foundation\\{closure}()
#8 /var/www/emaparking_dss/vendor/laravel/framework/src/Illuminate/Foundation/Application.php(913): array_walk()
#9 /var/www/emaparking_dss/vendor/laravel/framework/src/Illuminate/Foundation/Bootstrap/BootProviders.php(17): Illuminate\\Foundation\\Application->boot()
#10 /var/www/emaparking_dss/vendor/laravel/framework/src/Illuminate/Foundation/Application.php(242): Illuminate\\Foundation\\Bootstrap\\BootProviders->bootstrap()
#11 /var/www/emaparking_dss/vendor/laravel/framework/src/Illuminate/Foundation/Console/Kernel.php(383): Illuminate\\Foundation\\Application->bootstrapWith()
#12 /var/www/emaparking_dss/vendor/laravel/framework/src/Illuminate/Foundation/Console/Kernel.php(153): Illuminate\\Foundation\\Console\\Kernel->bootstrap()
#13 Command line code(1): Illuminate\\Foundation\\Console\\Kernel->handle()
#14 {main}
"} 
[2025-03-20 16:34:16] local.ERROR: Class "\Themes\BC\ThemeProvider" not found {"exception":"[object] (Error(code: 0): Class \"\\Themes\\BC\\ThemeProvider\" not found at /var/www/emaparking_dss/themes/ThemeServiceProvider.php:23)
[stacktrace]
#0 /var/www/emaparking_dss/vendor/laravel/framework/src/Illuminate/Container/BoundMethod.php(36): Themes\\ThemeServiceProvider->boot()
#1 /var/www/emaparking_dss/vendor/laravel/framework/src/Illuminate/Container/Util.php(41): Illuminate\\Container\\BoundMethod::Illuminate\\Container\\{closure}()
#2 /var/www/emaparking_dss/vendor/laravel/framework/src/Illuminate/Container/BoundMethod.php(93): Illuminate\\Container\\Util::unwrapIfClosure()
#3 /var/www/emaparking_dss/vendor/laravel/framework/src/Illuminate/Container/BoundMethod.php(35): Illuminate\\Container\\BoundMethod::callBoundMethod()
#4 /var/www/emaparking_dss/vendor/laravel/framework/src/Illuminate/Container/Container.php(651): Illuminate\\Container\\BoundMethod::call()
#5 /var/www/emaparking_dss/vendor/laravel/framework/src/Illuminate/Foundation/Application.php(933): Illuminate\\Container\\Container->call()
#6 /var/www/emaparking_dss/vendor/laravel/framework/src/Illuminate/Foundation/Application.php(914): Illuminate\\Foundation\\Application->bootProvider()
#7 [internal function]: Illuminate\\Foundation\\Application->Illuminate\\Foundation\\{closure}()
#8 /var/www/emaparking_dss/vendor/laravel/framework/src/Illuminate/Foundation/Application.php(913): array_walk()
#9 /var/www/emaparking_dss/vendor/laravel/framework/src/Illuminate/Foundation/Bootstrap/BootProviders.php(17): Illuminate\\Foundation\\Application->boot()
#10 /var/www/emaparking_dss/vendor/laravel/framework/src/Illuminate/Foundation/Application.php(242): Illuminate\\Foundation\\Bootstrap\\BootProviders->bootstrap()
#11 /var/www/emaparking_dss/vendor/laravel/framework/src/Illuminate/Foundation/Console/Kernel.php(383): Illuminate\\Foundation\\Application->bootstrapWith()
#12 /var/www/emaparking_dss/vendor/laravel/framework/src/Illuminate/Foundation/Console/Kernel.php(153): Illuminate\\Foundation\\Console\\Kernel->bootstrap()
#13 Command line code(1): Illuminate\\Foundation\\Console\\Kernel->handle()
#14 {main}
"} 
[2025-03-20 16:35:16] local.ERROR: Class "\Themes\BC\ThemeProvider" not found {"exception":"[object] (Error(code: 0): Class \"\\Themes\\BC\\ThemeProvider\" not found at /var/www/emaparking_dss/themes/ThemeServiceProvider.php:23)
[stacktrace]
#0 /var/www/emaparking_dss/vendor/laravel/framework/src/Illuminate/Container/BoundMethod.php(36): Themes\\ThemeServiceProvider->boot()
#1 /var/www/emaparking_dss/vendor/laravel/framework/src/Illuminate/Container/Util.php(41): Illuminate\\Container\\BoundMethod::Illuminate\\Container\\{closure}()
#2 /var/www/emaparking_dss/vendor/laravel/framework/src/Illuminate/Container/BoundMethod.php(93): Illuminate\\Container\\Util::unwrapIfClosure()
#3 /var/www/emaparking_dss/vendor/laravel/framework/src/Illuminate/Container/BoundMethod.php(35): Illuminate\\Container\\BoundMethod::callBoundMethod()
#4 /var/www/emaparking_dss/vendor/laravel/framework/src/Illuminate/Container/Container.php(651): Illuminate\\Container\\BoundMethod::call()
#5 /var/www/emaparking_dss/vendor/laravel/framework/src/Illuminate/Foundation/Application.php(933): Illuminate\\Container\\Container->call()
#6 /var/www/emaparking_dss/vendor/laravel/framework/src/Illuminate/Foundation/Application.php(914): Illuminate\\Foundation\\Application->bootProvider()
#7 [internal function]: Illuminate\\Foundation\\Application->Illuminate\\Foundation\\{closure}()
#8 /var/www/emaparking_dss/vendor/laravel/framework/src/Illuminate/Foundation/Application.php(913): array_walk()
#9 /var/www/emaparking_dss/vendor/laravel/framework/src/Illuminate/Foundation/Bootstrap/BootProviders.php(17): Illuminate\\Foundation\\Application->boot()
#10 /var/www/emaparking_dss/vendor/laravel/framework/src/Illuminate/Foundation/Application.php(242): Illuminate\\Foundation\\Bootstrap\\BootProviders->bootstrap()
#11 /var/www/emaparking_dss/vendor/laravel/framework/src/Illuminate/Foundation/Console/Kernel.php(383): Illuminate\\Foundation\\Application->bootstrapWith()
#12 /var/www/emaparking_dss/vendor/laravel/framework/src/Illuminate/Foundation/Console/Kernel.php(153): Illuminate\\Foundation\\Console\\Kernel->bootstrap()
#13 Command line code(1): Illuminate\\Foundation\\Console\\Kernel->handle()
#14 {main}
"} 
[2025-03-20 16:35:16] local.ERROR: Class "\Themes\BC\ThemeProvider" not found {"exception":"[object] (Error(code: 0): Class \"\\Themes\\BC\\ThemeProvider\" not found at /var/www/emaparking_dss/themes/ThemeServiceProvider.php:23)
[stacktrace]
#0 /var/www/emaparking_dss/vendor/laravel/framework/src/Illuminate/Container/BoundMethod.php(36): Themes\\ThemeServiceProvider->boot()
#1 /var/www/emaparking_dss/vendor/laravel/framework/src/Illuminate/Container/Util.php(41): Illuminate\\Container\\BoundMethod::Illuminate\\Container\\{closure}()
#2 /var/www/emaparking_dss/vendor/laravel/framework/src/Illuminate/Container/BoundMethod.php(93): Illuminate\\Container\\Util::unwrapIfClosure()
#3 /var/www/emaparking_dss/vendor/laravel/framework/src/Illuminate/Container/BoundMethod.php(35): Illuminate\\Container\\BoundMethod::callBoundMethod()
#4 /var/www/emaparking_dss/vendor/laravel/framework/src/Illuminate/Container/Container.php(651): Illuminate\\Container\\BoundMethod::call()
#5 /var/www/emaparking_dss/vendor/laravel/framework/src/Illuminate/Foundation/Application.php(933): Illuminate\\Container\\Container->call()
#6 /var/www/emaparking_dss/vendor/laravel/framework/src/Illuminate/Foundation/Application.php(914): Illuminate\\Foundation\\Application->bootProvider()
#7 [internal function]: Illuminate\\Foundation\\Application->Illuminate\\Foundation\\{closure}()
#8 /var/www/emaparking_dss/vendor/laravel/framework/src/Illuminate/Foundation/Application.php(913): array_walk()
#9 /var/www/emaparking_dss/vendor/laravel/framework/src/Illuminate/Foundation/Bootstrap/BootProviders.php(17): Illuminate\\Foundation\\Application->boot()
#10 /var/www/emaparking_dss/vendor/laravel/framework/src/Illuminate/Foundation/Application.php(242): Illuminate\\Foundation\\Bootstrap\\BootProviders->bootstrap()
#11 /var/www/emaparking_dss/vendor/laravel/framework/src/Illuminate/Foundation/Console/Kernel.php(383): Illuminate\\Foundation\\Application->bootstrapWith()
#12 /var/www/emaparking_dss/vendor/laravel/framework/src/Illuminate/Foundation/Console/Kernel.php(153): Illuminate\\Foundation\\Console\\Kernel->bootstrap()
#13 Command line code(1): Illuminate\\Foundation\\Console\\Kernel->handle()
#14 {main}
"} 
[2025-03-20 16:36:16] local.ERROR: Class "\Themes\BC\ThemeProvider" not found {"exception":"[object] (Error(code: 0): Class \"\\Themes\\BC\\ThemeProvider\" not found at /var/www/emaparking_dss/themes/ThemeServiceProvider.php:23)
[stacktrace]
#0 /var/www/emaparking_dss/vendor/laravel/framework/src/Illuminate/Container/BoundMethod.php(36): Themes\\ThemeServiceProvider->boot()
#1 /var/www/emaparking_dss/vendor/laravel/framework/src/Illuminate/Container/Util.php(41): Illuminate\\Container\\BoundMethod::Illuminate\\Container\\{closure}()
#2 /var/www/emaparking_dss/vendor/laravel/framework/src/Illuminate/Container/BoundMethod.php(93): Illuminate\\Container\\Util::unwrapIfClosure()
#3 /var/www/emaparking_dss/vendor/laravel/framework/src/Illuminate/Container/BoundMethod.php(35): Illuminate\\Container\\BoundMethod::callBoundMethod()
#4 /var/www/emaparking_dss/vendor/laravel/framework/src/Illuminate/Container/Container.php(651): Illuminate\\Container\\BoundMethod::call()
#5 /var/www/emaparking_dss/vendor/laravel/framework/src/Illuminate/Foundation/Application.php(933): Illuminate\\Container\\Container->call()
#6 /var/www/emaparking_dss/vendor/laravel/framework/src/Illuminate/Foundation/Application.php(914): Illuminate\\Foundation\\Application->bootProvider()
#7 [internal function]: Illuminate\\Foundation\\Application->Illuminate\\Foundation\\{closure}()
#8 /var/www/emaparking_dss/vendor/laravel/framework/src/Illuminate/Foundation/Application.php(913): array_walk()
#9 /var/www/emaparking_dss/vendor/laravel/framework/src/Illuminate/Foundation/Bootstrap/BootProviders.php(17): Illuminate\\Foundation\\Application->boot()
#10 /var/www/emaparking_dss/vendor/laravel/framework/src/Illuminate/Foundation/Application.php(242): Illuminate\\Foundation\\Bootstrap\\BootProviders->bootstrap()
#11 /var/www/emaparking_dss/vendor/laravel/framework/src/Illuminate/Foundation/Console/Kernel.php(383): Illuminate\\Foundation\\Application->bootstrapWith()
#12 /var/www/emaparking_dss/vendor/laravel/framework/src/Illuminate/Foundation/Console/Kernel.php(153): Illuminate\\Foundation\\Console\\Kernel->bootstrap()
#13 Command line code(1): Illuminate\\Foundation\\Console\\Kernel->handle()
#14 {main}
"} 
[2025-03-20 16:36:16] local.ERROR: Class "\Themes\BC\ThemeProvider" not found {"exception":"[object] (Error(code: 0): Class \"\\Themes\\BC\\ThemeProvider\" not found at /var/www/emaparking_dss/themes/ThemeServiceProvider.php:23)
[stacktrace]
#0 /var/www/emaparking_dss/vendor/laravel/framework/src/Illuminate/Container/BoundMethod.php(36): Themes\\ThemeServiceProvider->boot()
#1 /var/www/emaparking_dss/vendor/laravel/framework/src/Illuminate/Container/Util.php(41): Illuminate\\Container\\BoundMethod::Illuminate\\Container\\{closure}()
#2 /var/www/emaparking_dss/vendor/laravel/framework/src/Illuminate/Container/BoundMethod.php(93): Illuminate\\Container\\Util::unwrapIfClosure()
#3 /var/www/emaparking_dss/vendor/laravel/framework/src/Illuminate/Container/BoundMethod.php(35): Illuminate\\Container\\BoundMethod::callBoundMethod()
#4 /var/www/emaparking_dss/vendor/laravel/framework/src/Illuminate/Container/Container.php(651): Illuminate\\Container\\BoundMethod::call()
#5 /var/www/emaparking_dss/vendor/laravel/framework/src/Illuminate/Foundation/Application.php(933): Illuminate\\Container\\Container->call()
#6 /var/www/emaparking_dss/vendor/laravel/framework/src/Illuminate/Foundation/Application.php(914): Illuminate\\Foundation\\Application->bootProvider()
#7 [internal function]: Illuminate\\Foundation\\Application->Illuminate\\Foundation\\{closure}()
#8 /var/www/emaparking_dss/vendor/laravel/framework/src/Illuminate/Foundation/Application.php(913): array_walk()
#9 /var/www/emaparking_dss/vendor/laravel/framework/src/Illuminate/Foundation/Bootstrap/BootProviders.php(17): Illuminate\\Foundation\\Application->boot()
#10 /var/www/emaparking_dss/vendor/laravel/framework/src/Illuminate/Foundation/Application.php(242): Illuminate\\Foundation\\Bootstrap\\BootProviders->bootstrap()
#11 /var/www/emaparking_dss/vendor/laravel/framework/src/Illuminate/Foundation/Console/Kernel.php(383): Illuminate\\Foundation\\Application->bootstrapWith()
#12 /var/www/emaparking_dss/vendor/laravel/framework/src/Illuminate/Foundation/Console/Kernel.php(153): Illuminate\\Foundation\\Console\\Kernel->bootstrap()
#13 Command line code(1): Illuminate\\Foundation\\Console\\Kernel->handle()
#14 {main}
"} 
[2025-03-20 16:37:16] local.ERROR: Class "\Themes\BC\ThemeProvider" not found {"exception":"[object] (Error(code: 0): Class \"\\Themes\\BC\\ThemeProvider\" not found at /var/www/emaparking_dss/themes/ThemeServiceProvider.php:23)
[stacktrace]
#0 /var/www/emaparking_dss/vendor/laravel/framework/src/Illuminate/Container/BoundMethod.php(36): Themes\\ThemeServiceProvider->boot()
#1 /var/www/emaparking_dss/vendor/laravel/framework/src/Illuminate/Container/Util.php(41): Illuminate\\Container\\BoundMethod::Illuminate\\Container\\{closure}()
#2 /var/www/emaparking_dss/vendor/laravel/framework/src/Illuminate/Container/BoundMethod.php(93): Illuminate\\Container\\Util::unwrapIfClosure()
#3 /var/www/emaparking_dss/vendor/laravel/framework/src/Illuminate/Container/BoundMethod.php(35): Illuminate\\Container\\BoundMethod::callBoundMethod()
#4 /var/www/emaparking_dss/vendor/laravel/framework/src/Illuminate/Container/Container.php(651): Illuminate\\Container\\BoundMethod::call()
#5 /var/www/emaparking_dss/vendor/laravel/framework/src/Illuminate/Foundation/Application.php(933): Illuminate\\Container\\Container->call()
#6 /var/www/emaparking_dss/vendor/laravel/framework/src/Illuminate/Foundation/Application.php(914): Illuminate\\Foundation\\Application->bootProvider()
#7 [internal function]: Illuminate\\Foundation\\Application->Illuminate\\Foundation\\{closure}()
#8 /var/www/emaparking_dss/vendor/laravel/framework/src/Illuminate/Foundation/Application.php(913): array_walk()
#9 /var/www/emaparking_dss/vendor/laravel/framework/src/Illuminate/Foundation/Bootstrap/BootProviders.php(17): Illuminate\\Foundation\\Application->boot()
#10 /var/www/emaparking_dss/vendor/laravel/framework/src/Illuminate/Foundation/Application.php(242): Illuminate\\Foundation\\Bootstrap\\BootProviders->bootstrap()
#11 /var/www/emaparking_dss/vendor/laravel/framework/src/Illuminate/Foundation/Console/Kernel.php(383): Illuminate\\Foundation\\Application->bootstrapWith()
#12 /var/www/emaparking_dss/vendor/laravel/framework/src/Illuminate/Foundation/Console/Kernel.php(153): Illuminate\\Foundation\\Console\\Kernel->bootstrap()
#13 Command line code(1): Illuminate\\Foundation\\Console\\Kernel->handle()
#14 {main}
"} 
[2025-03-20 16:37:16] local.ERROR: Class "\Themes\BC\ThemeProvider" not found {"exception":"[object] (Error(code: 0): Class \"\\Themes\\BC\\ThemeProvider\" not found at /var/www/emaparking_dss/themes/ThemeServiceProvider.php:23)
[stacktrace]
#0 /var/www/emaparking_dss/vendor/laravel/framework/src/Illuminate/Container/BoundMethod.php(36): Themes\\ThemeServiceProvider->boot()
#1 /var/www/emaparking_dss/vendor/laravel/framework/src/Illuminate/Container/Util.php(41): Illuminate\\Container\\BoundMethod::Illuminate\\Container\\{closure}()
#2 /var/www/emaparking_dss/vendor/laravel/framework/src/Illuminate/Container/BoundMethod.php(93): Illuminate\\Container\\Util::unwrapIfClosure()
#3 /var/www/emaparking_dss/vendor/laravel/framework/src/Illuminate/Container/BoundMethod.php(35): Illuminate\\Container\\BoundMethod::callBoundMethod()
#4 /var/www/emaparking_dss/vendor/laravel/framework/src/Illuminate/Container/Container.php(651): Illuminate\\Container\\BoundMethod::call()
#5 /var/www/emaparking_dss/vendor/laravel/framework/src/Illuminate/Foundation/Application.php(933): Illuminate\\Container\\Container->call()
#6 /var/www/emaparking_dss/vendor/laravel/framework/src/Illuminate/Foundation/Application.php(914): Illuminate\\Foundation\\Application->bootProvider()
#7 [internal function]: Illuminate\\Foundation\\Application->Illuminate\\Foundation\\{closure}()
#8 /var/www/emaparking_dss/vendor/laravel/framework/src/Illuminate/Foundation/Application.php(913): array_walk()
#9 /var/www/emaparking_dss/vendor/laravel/framework/src/Illuminate/Foundation/Bootstrap/BootProviders.php(17): Illuminate\\Foundation\\Application->boot()
#10 /var/www/emaparking_dss/vendor/laravel/framework/src/Illuminate/Foundation/Application.php(242): Illuminate\\Foundation\\Bootstrap\\BootProviders->bootstrap()
#11 /var/www/emaparking_dss/vendor/laravel/framework/src/Illuminate/Foundation/Console/Kernel.php(383): Illuminate\\Foundation\\Application->bootstrapWith()
#12 /var/www/emaparking_dss/vendor/laravel/framework/src/Illuminate/Foundation/Console/Kernel.php(153): Illuminate\\Foundation\\Console\\Kernel->bootstrap()
#13 Command line code(1): Illuminate\\Foundation\\Console\\Kernel->handle()
#14 {main}
"} 
[2025-03-20 16:38:16] local.ERROR: Class "\Themes\BC\ThemeProvider" not found {"exception":"[object] (Error(code: 0): Class \"\\Themes\\BC\\ThemeProvider\" not found at /var/www/emaparking_dss/themes/ThemeServiceProvider.php:23)
[stacktrace]
#0 /var/www/emaparking_dss/vendor/laravel/framework/src/Illuminate/Container/BoundMethod.php(36): Themes\\ThemeServiceProvider->boot()
#1 /var/www/emaparking_dss/vendor/laravel/framework/src/Illuminate/Container/Util.php(41): Illuminate\\Container\\BoundMethod::Illuminate\\Container\\{closure}()
#2 /var/www/emaparking_dss/vendor/laravel/framework/src/Illuminate/Container/BoundMethod.php(93): Illuminate\\Container\\Util::unwrapIfClosure()
#3 /var/www/emaparking_dss/vendor/laravel/framework/src/Illuminate/Container/BoundMethod.php(35): Illuminate\\Container\\BoundMethod::callBoundMethod()
#4 /var/www/emaparking_dss/vendor/laravel/framework/src/Illuminate/Container/Container.php(651): Illuminate\\Container\\BoundMethod::call()
#5 /var/www/emaparking_dss/vendor/laravel/framework/src/Illuminate/Foundation/Application.php(933): Illuminate\\Container\\Container->call()
#6 /var/www/emaparking_dss/vendor/laravel/framework/src/Illuminate/Foundation/Application.php(914): Illuminate\\Foundation\\Application->bootProvider()
#7 [internal function]: Illuminate\\Foundation\\Application->Illuminate\\Foundation\\{closure}()
#8 /var/www/emaparking_dss/vendor/laravel/framework/src/Illuminate/Foundation/Application.php(913): array_walk()
#9 /var/www/emaparking_dss/vendor/laravel/framework/src/Illuminate/Foundation/Bootstrap/BootProviders.php(17): Illuminate\\Foundation\\Application->boot()
#10 /var/www/emaparking_dss/vendor/laravel/framework/src/Illuminate/Foundation/Application.php(242): Illuminate\\Foundation\\Bootstrap\\BootProviders->bootstrap()
#11 /var/www/emaparking_dss/vendor/laravel/framework/src/Illuminate/Foundation/Console/Kernel.php(383): Illuminate\\Foundation\\Application->bootstrapWith()
#12 /var/www/emaparking_dss/vendor/laravel/framework/src/Illuminate/Foundation/Console/Kernel.php(153): Illuminate\\Foundation\\Console\\Kernel->bootstrap()
#13 Command line code(1): Illuminate\\Foundation\\Console\\Kernel->handle()
#14 {main}
"} 
[2025-03-20 16:38:16] local.ERROR: Class "\Themes\BC\ThemeProvider" not found {"exception":"[object] (Error(code: 0): Class \"\\Themes\\BC\\ThemeProvider\" not found at /var/www/emaparking_dss/themes/ThemeServiceProvider.php:23)
[stacktrace]
#0 /var/www/emaparking_dss/vendor/laravel/framework/src/Illuminate/Container/BoundMethod.php(36): Themes\\ThemeServiceProvider->boot()
#1 /var/www/emaparking_dss/vendor/laravel/framework/src/Illuminate/Container/Util.php(41): Illuminate\\Container\\BoundMethod::Illuminate\\Container\\{closure}()
#2 /var/www/emaparking_dss/vendor/laravel/framework/src/Illuminate/Container/BoundMethod.php(93): Illuminate\\Container\\Util::unwrapIfClosure()
#3 /var/www/emaparking_dss/vendor/laravel/framework/src/Illuminate/Container/BoundMethod.php(35): Illuminate\\Container\\BoundMethod::callBoundMethod()
#4 /var/www/emaparking_dss/vendor/laravel/framework/src/Illuminate/Container/Container.php(651): Illuminate\\Container\\BoundMethod::call()
#5 /var/www/emaparking_dss/vendor/laravel/framework/src/Illuminate/Foundation/Application.php(933): Illuminate\\Container\\Container->call()
#6 /var/www/emaparking_dss/vendor/laravel/framework/src/Illuminate/Foundation/Application.php(914): Illuminate\\Foundation\\Application->bootProvider()
#7 [internal function]: Illuminate\\Foundation\\Application->Illuminate\\Foundation\\{closure}()
#8 /var/www/emaparking_dss/vendor/laravel/framework/src/Illuminate/Foundation/Application.php(913): array_walk()
#9 /var/www/emaparking_dss/vendor/laravel/framework/src/Illuminate/Foundation/Bootstrap/BootProviders.php(17): Illuminate\\Foundation\\Application->boot()
#10 /var/www/emaparking_dss/vendor/laravel/framework/src/Illuminate/Foundation/Application.php(242): Illuminate\\Foundation\\Bootstrap\\BootProviders->bootstrap()
#11 /var/www/emaparking_dss/vendor/laravel/framework/src/Illuminate/Foundation/Console/Kernel.php(383): Illuminate\\Foundation\\Application->bootstrapWith()
#12 /var/www/emaparking_dss/vendor/laravel/framework/src/Illuminate/Foundation/Console/Kernel.php(153): Illuminate\\Foundation\\Console\\Kernel->bootstrap()
#13 Command line code(1): Illuminate\\Foundation\\Console\\Kernel->handle()
#14 {main}
"} 
[2025-03-20 16:39:15] local.ERROR: Class "\Themes\BC\ThemeProvider" not found {"exception":"[object] (Error(code: 0): Class \"\\Themes\\BC\\ThemeProvider\" not found at /var/www/emaparking_dss/themes/ThemeServiceProvider.php:23)
[stacktrace]
#0 /var/www/emaparking_dss/vendor/laravel/framework/src/Illuminate/Container/BoundMethod.php(36): Themes\\ThemeServiceProvider->boot()
#1 /var/www/emaparking_dss/vendor/laravel/framework/src/Illuminate/Container/Util.php(41): Illuminate\\Container\\BoundMethod::Illuminate\\Container\\{closure}()
#2 /var/www/emaparking_dss/vendor/laravel/framework/src/Illuminate/Container/BoundMethod.php(93): Illuminate\\Container\\Util::unwrapIfClosure()
#3 /var/www/emaparking_dss/vendor/laravel/framework/src/Illuminate/Container/BoundMethod.php(35): Illuminate\\Container\\BoundMethod::callBoundMethod()
#4 /var/www/emaparking_dss/vendor/laravel/framework/src/Illuminate/Container/Container.php(651): Illuminate\\Container\\BoundMethod::call()
#5 /var/www/emaparking_dss/vendor/laravel/framework/src/Illuminate/Foundation/Application.php(933): Illuminate\\Container\\Container->call()
#6 /var/www/emaparking_dss/vendor/laravel/framework/src/Illuminate/Foundation/Application.php(914): Illuminate\\Foundation\\Application->bootProvider()
#7 [internal function]: Illuminate\\Foundation\\Application->Illuminate\\Foundation\\{closure}()
#8 /var/www/emaparking_dss/vendor/laravel/framework/src/Illuminate/Foundation/Application.php(913): array_walk()
#9 /var/www/emaparking_dss/vendor/laravel/framework/src/Illuminate/Foundation/Bootstrap/BootProviders.php(17): Illuminate\\Foundation\\Application->boot()
#10 /var/www/emaparking_dss/vendor/laravel/framework/src/Illuminate/Foundation/Application.php(242): Illuminate\\Foundation\\Bootstrap\\BootProviders->bootstrap()
#11 /var/www/emaparking_dss/vendor/laravel/framework/src/Illuminate/Foundation/Console/Kernel.php(383): Illuminate\\Foundation\\Application->bootstrapWith()
#12 /var/www/emaparking_dss/vendor/laravel/framework/src/Illuminate/Foundation/Console/Kernel.php(153): Illuminate\\Foundation\\Console\\Kernel->bootstrap()
#13 Command line code(1): Illuminate\\Foundation\\Console\\Kernel->handle()
#14 {main}
"} 
[2025-03-20 16:39:16] local.ERROR: Class "\Themes\BC\ThemeProvider" not found {"exception":"[object] (Error(code: 0): Class \"\\Themes\\BC\\ThemeProvider\" not found at /var/www/emaparking_dss/themes/ThemeServiceProvider.php:23)
[stacktrace]
#0 /var/www/emaparking_dss/vendor/laravel/framework/src/Illuminate/Container/BoundMethod.php(36): Themes\\ThemeServiceProvider->boot()
#1 /var/www/emaparking_dss/vendor/laravel/framework/src/Illuminate/Container/Util.php(41): Illuminate\\Container\\BoundMethod::Illuminate\\Container\\{closure}()
#2 /var/www/emaparking_dss/vendor/laravel/framework/src/Illuminate/Container/BoundMethod.php(93): Illuminate\\Container\\Util::unwrapIfClosure()
#3 /var/www/emaparking_dss/vendor/laravel/framework/src/Illuminate/Container/BoundMethod.php(35): Illuminate\\Container\\BoundMethod::callBoundMethod()
#4 /var/www/emaparking_dss/vendor/laravel/framework/src/Illuminate/Container/Container.php(651): Illuminate\\Container\\BoundMethod::call()
#5 /var/www/emaparking_dss/vendor/laravel/framework/src/Illuminate/Foundation/Application.php(933): Illuminate\\Container\\Container->call()
#6 /var/www/emaparking_dss/vendor/laravel/framework/src/Illuminate/Foundation/Application.php(914): Illuminate\\Foundation\\Application->bootProvider()
#7 [internal function]: Illuminate\\Foundation\\Application->Illuminate\\Foundation\\{closure}()
#8 /var/www/emaparking_dss/vendor/laravel/framework/src/Illuminate/Foundation/Application.php(913): array_walk()
#9 /var/www/emaparking_dss/vendor/laravel/framework/src/Illuminate/Foundation/Bootstrap/BootProviders.php(17): Illuminate\\Foundation\\Application->boot()
#10 /var/www/emaparking_dss/vendor/laravel/framework/src/Illuminate/Foundation/Application.php(242): Illuminate\\Foundation\\Bootstrap\\BootProviders->bootstrap()
#11 /var/www/emaparking_dss/vendor/laravel/framework/src/Illuminate/Foundation/Console/Kernel.php(383): Illuminate\\Foundation\\Application->bootstrapWith()
#12 /var/www/emaparking_dss/vendor/laravel/framework/src/Illuminate/Foundation/Console/Kernel.php(153): Illuminate\\Foundation\\Console\\Kernel->bootstrap()
#13 Command line code(1): Illuminate\\Foundation\\Console\\Kernel->handle()
#14 {main}
"} 
[2025-03-20 16:39:16] local.ERROR: Class "\Themes\BC\ThemeProvider" not found {"exception":"[object] (Error(code: 0): Class \"\\Themes\\BC\\ThemeProvider\" not found at /var/www/emaparking_dss/themes/ThemeServiceProvider.php:23)
[stacktrace]
#0 /var/www/emaparking_dss/vendor/laravel/framework/src/Illuminate/Container/BoundMethod.php(36): Themes\\ThemeServiceProvider->boot()
#1 /var/www/emaparking_dss/vendor/laravel/framework/src/Illuminate/Container/Util.php(41): Illuminate\\Container\\BoundMethod::Illuminate\\Container\\{closure}()
#2 /var/www/emaparking_dss/vendor/laravel/framework/src/Illuminate/Container/BoundMethod.php(93): Illuminate\\Container\\Util::unwrapIfClosure()
#3 /var/www/emaparking_dss/vendor/laravel/framework/src/Illuminate/Container/BoundMethod.php(35): Illuminate\\Container\\BoundMethod::callBoundMethod()
#4 /var/www/emaparking_dss/vendor/laravel/framework/src/Illuminate/Container/Container.php(651): Illuminate\\Container\\BoundMethod::call()
#5 /var/www/emaparking_dss/vendor/laravel/framework/src/Illuminate/Foundation/Application.php(933): Illuminate\\Container\\Container->call()
#6 /var/www/emaparking_dss/vendor/laravel/framework/src/Illuminate/Foundation/Application.php(914): Illuminate\\Foundation\\Application->bootProvider()
#7 [internal function]: Illuminate\\Foundation\\Application->Illuminate\\Foundation\\{closure}()
#8 /var/www/emaparking_dss/vendor/laravel/framework/src/Illuminate/Foundation/Application.php(913): array_walk()
#9 /var/www/emaparking_dss/vendor/laravel/framework/src/Illuminate/Foundation/Bootstrap/BootProviders.php(17): Illuminate\\Foundation\\Application->boot()
#10 /var/www/emaparking_dss/vendor/laravel/framework/src/Illuminate/Foundation/Application.php(242): Illuminate\\Foundation\\Bootstrap\\BootProviders->bootstrap()
#11 /var/www/emaparking_dss/vendor/laravel/framework/src/Illuminate/Foundation/Console/Kernel.php(383): Illuminate\\Foundation\\Application->bootstrapWith()
#12 /var/www/emaparking_dss/vendor/laravel/framework/src/Illuminate/Foundation/Console/Kernel.php(153): Illuminate\\Foundation\\Console\\Kernel->bootstrap()
#13 Command line code(1): Illuminate\\Foundation\\Console\\Kernel->handle()
#14 {main}
"} 
[2025-03-20 16:40:16] local.ERROR: Class "\Themes\BC\ThemeProvider" not found {"exception":"[object] (Error(code: 0): Class \"\\Themes\\BC\\ThemeProvider\" not found at /var/www/emaparking_dss/themes/ThemeServiceProvider.php:23)
[stacktrace]
#0 /var/www/emaparking_dss/vendor/laravel/framework/src/Illuminate/Container/BoundMethod.php(36): Themes\\ThemeServiceProvider->boot()
#1 /var/www/emaparking_dss/vendor/laravel/framework/src/Illuminate/Container/Util.php(41): Illuminate\\Container\\BoundMethod::Illuminate\\Container\\{closure}()
#2 /var/www/emaparking_dss/vendor/laravel/framework/src/Illuminate/Container/BoundMethod.php(93): Illuminate\\Container\\Util::unwrapIfClosure()
#3 /var/www/emaparking_dss/vendor/laravel/framework/src/Illuminate/Container/BoundMethod.php(35): Illuminate\\Container\\BoundMethod::callBoundMethod()
#4 /var/www/emaparking_dss/vendor/laravel/framework/src/Illuminate/Container/Container.php(651): Illuminate\\Container\\BoundMethod::call()
#5 /var/www/emaparking_dss/vendor/laravel/framework/src/Illuminate/Foundation/Application.php(933): Illuminate\\Container\\Container->call()
#6 /var/www/emaparking_dss/vendor/laravel/framework/src/Illuminate/Foundation/Application.php(914): Illuminate\\Foundation\\Application->bootProvider()
#7 [internal function]: Illuminate\\Foundation\\Application->Illuminate\\Foundation\\{closure}()
#8 /var/www/emaparking_dss/vendor/laravel/framework/src/Illuminate/Foundation/Application.php(913): array_walk()
#9 /var/www/emaparking_dss/vendor/laravel/framework/src/Illuminate/Foundation/Bootstrap/BootProviders.php(17): Illuminate\\Foundation\\Application->boot()
#10 /var/www/emaparking_dss/vendor/laravel/framework/src/Illuminate/Foundation/Application.php(242): Illuminate\\Foundation\\Bootstrap\\BootProviders->bootstrap()
#11 /var/www/emaparking_dss/vendor/laravel/framework/src/Illuminate/Foundation/Console/Kernel.php(383): Illuminate\\Foundation\\Application->bootstrapWith()
#12 /var/www/emaparking_dss/vendor/laravel/framework/src/Illuminate/Foundation/Console/Kernel.php(153): Illuminate\\Foundation\\Console\\Kernel->bootstrap()
#13 Command line code(1): Illuminate\\Foundation\\Console\\Kernel->handle()
#14 {main}
"} 
[2025-03-20 16:40:16] local.ERROR: Class "\Themes\BC\ThemeProvider" not found {"exception":"[object] (Error(code: 0): Class \"\\Themes\\BC\\ThemeProvider\" not found at /var/www/emaparking_dss/themes/ThemeServiceProvider.php:23)
[stacktrace]
#0 /var/www/emaparking_dss/vendor/laravel/framework/src/Illuminate/Container/BoundMethod.php(36): Themes\\ThemeServiceProvider->boot()
#1 /var/www/emaparking_dss/vendor/laravel/framework/src/Illuminate/Container/Util.php(41): Illuminate\\Container\\BoundMethod::Illuminate\\Container\\{closure}()
#2 /var/www/emaparking_dss/vendor/laravel/framework/src/Illuminate/Container/BoundMethod.php(93): Illuminate\\Container\\Util::unwrapIfClosure()
#3 /var/www/emaparking_dss/vendor/laravel/framework/src/Illuminate/Container/BoundMethod.php(35): Illuminate\\Container\\BoundMethod::callBoundMethod()
#4 /var/www/emaparking_dss/vendor/laravel/framework/src/Illuminate/Container/Container.php(651): Illuminate\\Container\\BoundMethod::call()
#5 /var/www/emaparking_dss/vendor/laravel/framework/src/Illuminate/Foundation/Application.php(933): Illuminate\\Container\\Container->call()
#6 /var/www/emaparking_dss/vendor/laravel/framework/src/Illuminate/Foundation/Application.php(914): Illuminate\\Foundation\\Application->bootProvider()
#7 [internal function]: Illuminate\\Foundation\\Application->Illuminate\\Foundation\\{closure}()
#8 /var/www/emaparking_dss/vendor/laravel/framework/src/Illuminate/Foundation/Application.php(913): array_walk()
#9 /var/www/emaparking_dss/vendor/laravel/framework/src/Illuminate/Foundation/Bootstrap/BootProviders.php(17): Illuminate\\Foundation\\Application->boot()
#10 /var/www/emaparking_dss/vendor/laravel/framework/src/Illuminate/Foundation/Application.php(242): Illuminate\\Foundation\\Bootstrap\\BootProviders->bootstrap()
#11 /var/www/emaparking_dss/vendor/laravel/framework/src/Illuminate/Foundation/Console/Kernel.php(383): Illuminate\\Foundation\\Application->bootstrapWith()
#12 /var/www/emaparking_dss/vendor/laravel/framework/src/Illuminate/Foundation/Console/Kernel.php(153): Illuminate\\Foundation\\Console\\Kernel->bootstrap()
#13 Command line code(1): Illuminate\\Foundation\\Console\\Kernel->handle()
#14 {main}
"} 
[2025-03-20 16:41:16] local.ERROR: Class "\Themes\BC\ThemeProvider" not found {"exception":"[object] (Error(code: 0): Class \"\\Themes\\BC\\ThemeProvider\" not found at /var/www/emaparking_dss/themes/ThemeServiceProvider.php:23)
[stacktrace]
#0 /var/www/emaparking_dss/vendor/laravel/framework/src/Illuminate/Container/BoundMethod.php(36): Themes\\ThemeServiceProvider->boot()
#1 /var/www/emaparking_dss/vendor/laravel/framework/src/Illuminate/Container/Util.php(41): Illuminate\\Container\\BoundMethod::Illuminate\\Container\\{closure}()
#2 /var/www/emaparking_dss/vendor/laravel/framework/src/Illuminate/Container/BoundMethod.php(93): Illuminate\\Container\\Util::unwrapIfClosure()
#3 /var/www/emaparking_dss/vendor/laravel/framework/src/Illuminate/Container/BoundMethod.php(35): Illuminate\\Container\\BoundMethod::callBoundMethod()
#4 /var/www/emaparking_dss/vendor/laravel/framework/src/Illuminate/Container/Container.php(651): Illuminate\\Container\\BoundMethod::call()
#5 /var/www/emaparking_dss/vendor/laravel/framework/src/Illuminate/Foundation/Application.php(933): Illuminate\\Container\\Container->call()
#6 /var/www/emaparking_dss/vendor/laravel/framework/src/Illuminate/Foundation/Application.php(914): Illuminate\\Foundation\\Application->bootProvider()
#7 [internal function]: Illuminate\\Foundation\\Application->Illuminate\\Foundation\\{closure}()
#8 /var/www/emaparking_dss/vendor/laravel/framework/src/Illuminate/Foundation/Application.php(913): array_walk()
#9 /var/www/emaparking_dss/vendor/laravel/framework/src/Illuminate/Foundation/Bootstrap/BootProviders.php(17): Illuminate\\Foundation\\Application->boot()
#10 /var/www/emaparking_dss/vendor/laravel/framework/src/Illuminate/Foundation/Application.php(242): Illuminate\\Foundation\\Bootstrap\\BootProviders->bootstrap()
#11 /var/www/emaparking_dss/vendor/laravel/framework/src/Illuminate/Foundation/Console/Kernel.php(383): Illuminate\\Foundation\\Application->bootstrapWith()
#12 /var/www/emaparking_dss/vendor/laravel/framework/src/Illuminate/Foundation/Console/Kernel.php(153): Illuminate\\Foundation\\Console\\Kernel->bootstrap()
#13 Command line code(1): Illuminate\\Foundation\\Console\\Kernel->handle()
#14 {main}
"} 
[2025-03-20 16:41:16] local.ERROR: Class "\Themes\BC\ThemeProvider" not found {"exception":"[object] (Error(code: 0): Class \"\\Themes\\BC\\ThemeProvider\" not found at /var/www/emaparking_dss/themes/ThemeServiceProvider.php:23)
[stacktrace]
#0 /var/www/emaparking_dss/vendor/laravel/framework/src/Illuminate/Container/BoundMethod.php(36): Themes\\ThemeServiceProvider->boot()
#1 /var/www/emaparking_dss/vendor/laravel/framework/src/Illuminate/Container/Util.php(41): Illuminate\\Container\\BoundMethod::Illuminate\\Container\\{closure}()
#2 /var/www/emaparking_dss/vendor/laravel/framework/src/Illuminate/Container/BoundMethod.php(93): Illuminate\\Container\\Util::unwrapIfClosure()
#3 /var/www/emaparking_dss/vendor/laravel/framework/src/Illuminate/Container/BoundMethod.php(35): Illuminate\\Container\\BoundMethod::callBoundMethod()
#4 /var/www/emaparking_dss/vendor/laravel/framework/src/Illuminate/Container/Container.php(651): Illuminate\\Container\\BoundMethod::call()
#5 /var/www/emaparking_dss/vendor/laravel/framework/src/Illuminate/Foundation/Application.php(933): Illuminate\\Container\\Container->call()
#6 /var/www/emaparking_dss/vendor/laravel/framework/src/Illuminate/Foundation/Application.php(914): Illuminate\\Foundation\\Application->bootProvider()
#7 [internal function]: Illuminate\\Foundation\\Application->Illuminate\\Foundation\\{closure}()
#8 /var/www/emaparking_dss/vendor/laravel/framework/src/Illuminate/Foundation/Application.php(913): array_walk()
#9 /var/www/emaparking_dss/vendor/laravel/framework/src/Illuminate/Foundation/Bootstrap/BootProviders.php(17): Illuminate\\Foundation\\Application->boot()
#10 /var/www/emaparking_dss/vendor/laravel/framework/src/Illuminate/Foundation/Application.php(242): Illuminate\\Foundation\\Bootstrap\\BootProviders->bootstrap()
#11 /var/www/emaparking_dss/vendor/laravel/framework/src/Illuminate/Foundation/Console/Kernel.php(383): Illuminate\\Foundation\\Application->bootstrapWith()
#12 /var/www/emaparking_dss/vendor/laravel/framework/src/Illuminate/Foundation/Console/Kernel.php(153): Illuminate\\Foundation\\Console\\Kernel->bootstrap()
#13 Command line code(1): Illuminate\\Foundation\\Console\\Kernel->handle()
#14 {main}
"} 
[2025-03-20 16:42:16] local.ERROR: Class "\Themes\BC\ThemeProvider" not found {"exception":"[object] (Error(code: 0): Class \"\\Themes\\BC\\ThemeProvider\" not found at /var/www/emaparking_dss/themes/ThemeServiceProvider.php:23)
[stacktrace]
#0 /var/www/emaparking_dss/vendor/laravel/framework/src/Illuminate/Container/BoundMethod.php(36): Themes\\ThemeServiceProvider->boot()
#1 /var/www/emaparking_dss/vendor/laravel/framework/src/Illuminate/Container/Util.php(41): Illuminate\\Container\\BoundMethod::Illuminate\\Container\\{closure}()
#2 /var/www/emaparking_dss/vendor/laravel/framework/src/Illuminate/Container/BoundMethod.php(93): Illuminate\\Container\\Util::unwrapIfClosure()
#3 /var/www/emaparking_dss/vendor/laravel/framework/src/Illuminate/Container/BoundMethod.php(35): Illuminate\\Container\\BoundMethod::callBoundMethod()
#4 /var/www/emaparking_dss/vendor/laravel/framework/src/Illuminate/Container/Container.php(651): Illuminate\\Container\\BoundMethod::call()
#5 /var/www/emaparking_dss/vendor/laravel/framework/src/Illuminate/Foundation/Application.php(933): Illuminate\\Container\\Container->call()
#6 /var/www/emaparking_dss/vendor/laravel/framework/src/Illuminate/Foundation/Application.php(914): Illuminate\\Foundation\\Application->bootProvider()
#7 [internal function]: Illuminate\\Foundation\\Application->Illuminate\\Foundation\\{closure}()
#8 /var/www/emaparking_dss/vendor/laravel/framework/src/Illuminate/Foundation/Application.php(913): array_walk()
#9 /var/www/emaparking_dss/vendor/laravel/framework/src/Illuminate/Foundation/Bootstrap/BootProviders.php(17): Illuminate\\Foundation\\Application->boot()
#10 /var/www/emaparking_dss/vendor/laravel/framework/src/Illuminate/Foundation/Application.php(242): Illuminate\\Foundation\\Bootstrap\\BootProviders->bootstrap()
#11 /var/www/emaparking_dss/vendor/laravel/framework/src/Illuminate/Foundation/Console/Kernel.php(383): Illuminate\\Foundation\\Application->bootstrapWith()
#12 /var/www/emaparking_dss/vendor/laravel/framework/src/Illuminate/Foundation/Console/Kernel.php(153): Illuminate\\Foundation\\Console\\Kernel->bootstrap()
#13 Command line code(1): Illuminate\\Foundation\\Console\\Kernel->handle()
#14 {main}
"} 
[2025-03-20 16:42:16] local.ERROR: Class "\Themes\BC\ThemeProvider" not found {"exception":"[object] (Error(code: 0): Class \"\\Themes\\BC\\ThemeProvider\" not found at /var/www/emaparking_dss/themes/ThemeServiceProvider.php:23)
[stacktrace]
#0 /var/www/emaparking_dss/vendor/laravel/framework/src/Illuminate/Container/BoundMethod.php(36): Themes\\ThemeServiceProvider->boot()
#1 /var/www/emaparking_dss/vendor/laravel/framework/src/Illuminate/Container/Util.php(41): Illuminate\\Container\\BoundMethod::Illuminate\\Container\\{closure}()
#2 /var/www/emaparking_dss/vendor/laravel/framework/src/Illuminate/Container/BoundMethod.php(93): Illuminate\\Container\\Util::unwrapIfClosure()
#3 /var/www/emaparking_dss/vendor/laravel/framework/src/Illuminate/Container/BoundMethod.php(35): Illuminate\\Container\\BoundMethod::callBoundMethod()
#4 /var/www/emaparking_dss/vendor/laravel/framework/src/Illuminate/Container/Container.php(651): Illuminate\\Container\\BoundMethod::call()
#5 /var/www/emaparking_dss/vendor/laravel/framework/src/Illuminate/Foundation/Application.php(933): Illuminate\\Container\\Container->call()
#6 /var/www/emaparking_dss/vendor/laravel/framework/src/Illuminate/Foundation/Application.php(914): Illuminate\\Foundation\\Application->bootProvider()
#7 [internal function]: Illuminate\\Foundation\\Application->Illuminate\\Foundation\\{closure}()
#8 /var/www/emaparking_dss/vendor/laravel/framework/src/Illuminate/Foundation/Application.php(913): array_walk()
#9 /var/www/emaparking_dss/vendor/laravel/framework/src/Illuminate/Foundation/Bootstrap/BootProviders.php(17): Illuminate\\Foundation\\Application->boot()
#10 /var/www/emaparking_dss/vendor/laravel/framework/src/Illuminate/Foundation/Application.php(242): Illuminate\\Foundation\\Bootstrap\\BootProviders->bootstrap()
#11 /var/www/emaparking_dss/vendor/laravel/framework/src/Illuminate/Foundation/Console/Kernel.php(383): Illuminate\\Foundation\\Application->bootstrapWith()
#12 /var/www/emaparking_dss/vendor/laravel/framework/src/Illuminate/Foundation/Console/Kernel.php(153): Illuminate\\Foundation\\Console\\Kernel->bootstrap()
#13 Command line code(1): Illuminate\\Foundation\\Console\\Kernel->handle()
#14 {main}
"} 
[2025-03-20 16:43:16] local.ERROR: Class "\Themes\BC\ThemeProvider" not found {"exception":"[object] (Error(code: 0): Class \"\\Themes\\BC\\ThemeProvider\" not found at /var/www/emaparking_dss/themes/ThemeServiceProvider.php:23)
[stacktrace]
#0 /var/www/emaparking_dss/vendor/laravel/framework/src/Illuminate/Container/BoundMethod.php(36): Themes\\ThemeServiceProvider->boot()
#1 /var/www/emaparking_dss/vendor/laravel/framework/src/Illuminate/Container/Util.php(41): Illuminate\\Container\\BoundMethod::Illuminate\\Container\\{closure}()
#2 /var/www/emaparking_dss/vendor/laravel/framework/src/Illuminate/Container/BoundMethod.php(93): Illuminate\\Container\\Util::unwrapIfClosure()
#3 /var/www/emaparking_dss/vendor/laravel/framework/src/Illuminate/Container/BoundMethod.php(35): Illuminate\\Container\\BoundMethod::callBoundMethod()
#4 /var/www/emaparking_dss/vendor/laravel/framework/src/Illuminate/Container/Container.php(651): Illuminate\\Container\\BoundMethod::call()
#5 /var/www/emaparking_dss/vendor/laravel/framework/src/Illuminate/Foundation/Application.php(933): Illuminate\\Container\\Container->call()
#6 /var/www/emaparking_dss/vendor/laravel/framework/src/Illuminate/Foundation/Application.php(914): Illuminate\\Foundation\\Application->bootProvider()
#7 [internal function]: Illuminate\\Foundation\\Application->Illuminate\\Foundation\\{closure}()
#8 /var/www/emaparking_dss/vendor/laravel/framework/src/Illuminate/Foundation/Application.php(913): array_walk()
#9 /var/www/emaparking_dss/vendor/laravel/framework/src/Illuminate/Foundation/Bootstrap/BootProviders.php(17): Illuminate\\Foundation\\Application->boot()
#10 /var/www/emaparking_dss/vendor/laravel/framework/src/Illuminate/Foundation/Application.php(242): Illuminate\\Foundation\\Bootstrap\\BootProviders->bootstrap()
#11 /var/www/emaparking_dss/vendor/laravel/framework/src/Illuminate/Foundation/Console/Kernel.php(383): Illuminate\\Foundation\\Application->bootstrapWith()
#12 /var/www/emaparking_dss/vendor/laravel/framework/src/Illuminate/Foundation/Console/Kernel.php(153): Illuminate\\Foundation\\Console\\Kernel->bootstrap()
#13 Command line code(1): Illuminate\\Foundation\\Console\\Kernel->handle()
#14 {main}
"} 
[2025-03-20 16:43:16] local.ERROR: Class "\Themes\BC\ThemeProvider" not found {"exception":"[object] (Error(code: 0): Class \"\\Themes\\BC\\ThemeProvider\" not found at /var/www/emaparking_dss/themes/ThemeServiceProvider.php:23)
[stacktrace]
#0 /var/www/emaparking_dss/vendor/laravel/framework/src/Illuminate/Container/BoundMethod.php(36): Themes\\ThemeServiceProvider->boot()
#1 /var/www/emaparking_dss/vendor/laravel/framework/src/Illuminate/Container/Util.php(41): Illuminate\\Container\\BoundMethod::Illuminate\\Container\\{closure}()
#2 /var/www/emaparking_dss/vendor/laravel/framework/src/Illuminate/Container/BoundMethod.php(93): Illuminate\\Container\\Util::unwrapIfClosure()
#3 /var/www/emaparking_dss/vendor/laravel/framework/src/Illuminate/Container/BoundMethod.php(35): Illuminate\\Container\\BoundMethod::callBoundMethod()
#4 /var/www/emaparking_dss/vendor/laravel/framework/src/Illuminate/Container/Container.php(651): Illuminate\\Container\\BoundMethod::call()
#5 /var/www/emaparking_dss/vendor/laravel/framework/src/Illuminate/Foundation/Application.php(933): Illuminate\\Container\\Container->call()
#6 /var/www/emaparking_dss/vendor/laravel/framework/src/Illuminate/Foundation/Application.php(914): Illuminate\\Foundation\\Application->bootProvider()
#7 [internal function]: Illuminate\\Foundation\\Application->Illuminate\\Foundation\\{closure}()
#8 /var/www/emaparking_dss/vendor/laravel/framework/src/Illuminate/Foundation/Application.php(913): array_walk()
#9 /var/www/emaparking_dss/vendor/laravel/framework/src/Illuminate/Foundation/Bootstrap/BootProviders.php(17): Illuminate\\Foundation\\Application->boot()
#10 /var/www/emaparking_dss/vendor/laravel/framework/src/Illuminate/Foundation/Application.php(242): Illuminate\\Foundation\\Bootstrap\\BootProviders->bootstrap()
#11 /var/www/emaparking_dss/vendor/laravel/framework/src/Illuminate/Foundation/Console/Kernel.php(383): Illuminate\\Foundation\\Application->bootstrapWith()
#12 /var/www/emaparking_dss/vendor/laravel/framework/src/Illuminate/Foundation/Console/Kernel.php(153): Illuminate\\Foundation\\Console\\Kernel->bootstrap()
#13 Command line code(1): Illuminate\\Foundation\\Console\\Kernel->handle()
#14 {main}
"} 
[2025-03-20 16:44:16] local.ERROR: Class "\Themes\BC\ThemeProvider" not found {"exception":"[object] (Error(code: 0): Class \"\\Themes\\BC\\ThemeProvider\" not found at /var/www/emaparking_dss/themes/ThemeServiceProvider.php:23)
[stacktrace]
#0 /var/www/emaparking_dss/vendor/laravel/framework/src/Illuminate/Container/BoundMethod.php(36): Themes\\ThemeServiceProvider->boot()
#1 /var/www/emaparking_dss/vendor/laravel/framework/src/Illuminate/Container/Util.php(41): Illuminate\\Container\\BoundMethod::Illuminate\\Container\\{closure}()
#2 /var/www/emaparking_dss/vendor/laravel/framework/src/Illuminate/Container/BoundMethod.php(93): Illuminate\\Container\\Util::unwrapIfClosure()
#3 /var/www/emaparking_dss/vendor/laravel/framework/src/Illuminate/Container/BoundMethod.php(35): Illuminate\\Container\\BoundMethod::callBoundMethod()
#4 /var/www/emaparking_dss/vendor/laravel/framework/src/Illuminate/Container/Container.php(651): Illuminate\\Container\\BoundMethod::call()
#5 /var/www/emaparking_dss/vendor/laravel/framework/src/Illuminate/Foundation/Application.php(933): Illuminate\\Container\\Container->call()
#6 /var/www/emaparking_dss/vendor/laravel/framework/src/Illuminate/Foundation/Application.php(914): Illuminate\\Foundation\\Application->bootProvider()
#7 [internal function]: Illuminate\\Foundation\\Application->Illuminate\\Foundation\\{closure}()
#8 /var/www/emaparking_dss/vendor/laravel/framework/src/Illuminate/Foundation/Application.php(913): array_walk()
#9 /var/www/emaparking_dss/vendor/laravel/framework/src/Illuminate/Foundation/Bootstrap/BootProviders.php(17): Illuminate\\Foundation\\Application->boot()
#10 /var/www/emaparking_dss/vendor/laravel/framework/src/Illuminate/Foundation/Application.php(242): Illuminate\\Foundation\\Bootstrap\\BootProviders->bootstrap()
#11 /var/www/emaparking_dss/vendor/laravel/framework/src/Illuminate/Foundation/Console/Kernel.php(383): Illuminate\\Foundation\\Application->bootstrapWith()
#12 /var/www/emaparking_dss/vendor/laravel/framework/src/Illuminate/Foundation/Console/Kernel.php(153): Illuminate\\Foundation\\Console\\Kernel->bootstrap()
#13 Command line code(1): Illuminate\\Foundation\\Console\\Kernel->handle()
#14 {main}
"} 
[2025-03-20 16:44:16] local.ERROR: Class "\Themes\BC\ThemeProvider" not found {"exception":"[object] (Error(code: 0): Class \"\\Themes\\BC\\ThemeProvider\" not found at /var/www/emaparking_dss/themes/ThemeServiceProvider.php:23)
[stacktrace]
#0 /var/www/emaparking_dss/vendor/laravel/framework/src/Illuminate/Container/BoundMethod.php(36): Themes\\ThemeServiceProvider->boot()
#1 /var/www/emaparking_dss/vendor/laravel/framework/src/Illuminate/Container/Util.php(41): Illuminate\\Container\\BoundMethod::Illuminate\\Container\\{closure}()
#2 /var/www/emaparking_dss/vendor/laravel/framework/src/Illuminate/Container/BoundMethod.php(93): Illuminate\\Container\\Util::unwrapIfClosure()
#3 /var/www/emaparking_dss/vendor/laravel/framework/src/Illuminate/Container/BoundMethod.php(35): Illuminate\\Container\\BoundMethod::callBoundMethod()
#4 /var/www/emaparking_dss/vendor/laravel/framework/src/Illuminate/Container/Container.php(651): Illuminate\\Container\\BoundMethod::call()
#5 /var/www/emaparking_dss/vendor/laravel/framework/src/Illuminate/Foundation/Application.php(933): Illuminate\\Container\\Container->call()
#6 /var/www/emaparking_dss/vendor/laravel/framework/src/Illuminate/Foundation/Application.php(914): Illuminate\\Foundation\\Application->bootProvider()
#7 [internal function]: Illuminate\\Foundation\\Application->Illuminate\\Foundation\\{closure}()
#8 /var/www/emaparking_dss/vendor/laravel/framework/src/Illuminate/Foundation/Application.php(913): array_walk()
#9 /var/www/emaparking_dss/vendor/laravel/framework/src/Illuminate/Foundation/Bootstrap/BootProviders.php(17): Illuminate\\Foundation\\Application->boot()
#10 /var/www/emaparking_dss/vendor/laravel/framework/src/Illuminate/Foundation/Application.php(242): Illuminate\\Foundation\\Bootstrap\\BootProviders->bootstrap()
#11 /var/www/emaparking_dss/vendor/laravel/framework/src/Illuminate/Foundation/Console/Kernel.php(383): Illuminate\\Foundation\\Application->bootstrapWith()
#12 /var/www/emaparking_dss/vendor/laravel/framework/src/Illuminate/Foundation/Console/Kernel.php(153): Illuminate\\Foundation\\Console\\Kernel->bootstrap()
#13 Command line code(1): Illuminate\\Foundation\\Console\\Kernel->handle()
#14 {main}
"} 
[2025-03-20 16:45:16] local.ERROR: Class "\Themes\BC\ThemeProvider" not found {"exception":"[object] (Error(code: 0): Class \"\\Themes\\BC\\ThemeProvider\" not found at /var/www/emaparking_dss/themes/ThemeServiceProvider.php:23)
[stacktrace]
#0 /var/www/emaparking_dss/vendor/laravel/framework/src/Illuminate/Container/BoundMethod.php(36): Themes\\ThemeServiceProvider->boot()
#1 /var/www/emaparking_dss/vendor/laravel/framework/src/Illuminate/Container/Util.php(41): Illuminate\\Container\\BoundMethod::Illuminate\\Container\\{closure}()
#2 /var/www/emaparking_dss/vendor/laravel/framework/src/Illuminate/Container/BoundMethod.php(93): Illuminate\\Container\\Util::unwrapIfClosure()
#3 /var/www/emaparking_dss/vendor/laravel/framework/src/Illuminate/Container/BoundMethod.php(35): Illuminate\\Container\\BoundMethod::callBoundMethod()
#4 /var/www/emaparking_dss/vendor/laravel/framework/src/Illuminate/Container/Container.php(651): Illuminate\\Container\\BoundMethod::call()
#5 /var/www/emaparking_dss/vendor/laravel/framework/src/Illuminate/Foundation/Application.php(933): Illuminate\\Container\\Container->call()
#6 /var/www/emaparking_dss/vendor/laravel/framework/src/Illuminate/Foundation/Application.php(914): Illuminate\\Foundation\\Application->bootProvider()
#7 [internal function]: Illuminate\\Foundation\\Application->Illuminate\\Foundation\\{closure}()
#8 /var/www/emaparking_dss/vendor/laravel/framework/src/Illuminate/Foundation/Application.php(913): array_walk()
#9 /var/www/emaparking_dss/vendor/laravel/framework/src/Illuminate/Foundation/Bootstrap/BootProviders.php(17): Illuminate\\Foundation\\Application->boot()
#10 /var/www/emaparking_dss/vendor/laravel/framework/src/Illuminate/Foundation/Application.php(242): Illuminate\\Foundation\\Bootstrap\\BootProviders->bootstrap()
#11 /var/www/emaparking_dss/vendor/laravel/framework/src/Illuminate/Foundation/Console/Kernel.php(383): Illuminate\\Foundation\\Application->bootstrapWith()
#12 /var/www/emaparking_dss/vendor/laravel/framework/src/Illuminate/Foundation/Console/Kernel.php(153): Illuminate\\Foundation\\Console\\Kernel->bootstrap()
#13 Command line code(1): Illuminate\\Foundation\\Console\\Kernel->handle()
#14 {main}
"} 
[2025-03-20 16:45:16] local.ERROR: Class "\Themes\BC\ThemeProvider" not found {"exception":"[object] (Error(code: 0): Class \"\\Themes\\BC\\ThemeProvider\" not found at /var/www/emaparking_dss/themes/ThemeServiceProvider.php:23)
[stacktrace]
#0 /var/www/emaparking_dss/vendor/laravel/framework/src/Illuminate/Container/BoundMethod.php(36): Themes\\ThemeServiceProvider->boot()
#1 /var/www/emaparking_dss/vendor/laravel/framework/src/Illuminate/Container/Util.php(41): Illuminate\\Container\\BoundMethod::Illuminate\\Container\\{closure}()
#2 /var/www/emaparking_dss/vendor/laravel/framework/src/Illuminate/Container/BoundMethod.php(93): Illuminate\\Container\\Util::unwrapIfClosure()
#3 /var/www/emaparking_dss/vendor/laravel/framework/src/Illuminate/Container/BoundMethod.php(35): Illuminate\\Container\\BoundMethod::callBoundMethod()
#4 /var/www/emaparking_dss/vendor/laravel/framework/src/Illuminate/Container/Container.php(651): Illuminate\\Container\\BoundMethod::call()
#5 /var/www/emaparking_dss/vendor/laravel/framework/src/Illuminate/Foundation/Application.php(933): Illuminate\\Container\\Container->call()
#6 /var/www/emaparking_dss/vendor/laravel/framework/src/Illuminate/Foundation/Application.php(914): Illuminate\\Foundation\\Application->bootProvider()
#7 [internal function]: Illuminate\\Foundation\\Application->Illuminate\\Foundation\\{closure}()
#8 /var/www/emaparking_dss/vendor/laravel/framework/src/Illuminate/Foundation/Application.php(913): array_walk()
#9 /var/www/emaparking_dss/vendor/laravel/framework/src/Illuminate/Foundation/Bootstrap/BootProviders.php(17): Illuminate\\Foundation\\Application->boot()
#10 /var/www/emaparking_dss/vendor/laravel/framework/src/Illuminate/Foundation/Application.php(242): Illuminate\\Foundation\\Bootstrap\\BootProviders->bootstrap()
#11 /var/www/emaparking_dss/vendor/laravel/framework/src/Illuminate/Foundation/Console/Kernel.php(383): Illuminate\\Foundation\\Application->bootstrapWith()
#12 /var/www/emaparking_dss/vendor/laravel/framework/src/Illuminate/Foundation/Console/Kernel.php(153): Illuminate\\Foundation\\Console\\Kernel->bootstrap()
#13 Command line code(1): Illuminate\\Foundation\\Console\\Kernel->handle()
#14 {main}
"} 
[2025-03-20 16:46:16] local.ERROR: Class "\Themes\BC\ThemeProvider" not found {"exception":"[object] (Error(code: 0): Class \"\\Themes\\BC\\ThemeProvider\" not found at /var/www/emaparking_dss/themes/ThemeServiceProvider.php:23)
[stacktrace]
#0 /var/www/emaparking_dss/vendor/laravel/framework/src/Illuminate/Container/BoundMethod.php(36): Themes\\ThemeServiceProvider->boot()
#1 /var/www/emaparking_dss/vendor/laravel/framework/src/Illuminate/Container/Util.php(41): Illuminate\\Container\\BoundMethod::Illuminate\\Container\\{closure}()
#2 /var/www/emaparking_dss/vendor/laravel/framework/src/Illuminate/Container/BoundMethod.php(93): Illuminate\\Container\\Util::unwrapIfClosure()
#3 /var/www/emaparking_dss/vendor/laravel/framework/src/Illuminate/Container/BoundMethod.php(35): Illuminate\\Container\\BoundMethod::callBoundMethod()
#4 /var/www/emaparking_dss/vendor/laravel/framework/src/Illuminate/Container/Container.php(651): Illuminate\\Container\\BoundMethod::call()
#5 /var/www/emaparking_dss/vendor/laravel/framework/src/Illuminate/Foundation/Application.php(933): Illuminate\\Container\\Container->call()
#6 /var/www/emaparking_dss/vendor/laravel/framework/src/Illuminate/Foundation/Application.php(914): Illuminate\\Foundation\\Application->bootProvider()
#7 [internal function]: Illuminate\\Foundation\\Application->Illuminate\\Foundation\\{closure}()
#8 /var/www/emaparking_dss/vendor/laravel/framework/src/Illuminate/Foundation/Application.php(913): array_walk()
#9 /var/www/emaparking_dss/vendor/laravel/framework/src/Illuminate/Foundation/Bootstrap/BootProviders.php(17): Illuminate\\Foundation\\Application->boot()
#10 /var/www/emaparking_dss/vendor/laravel/framework/src/Illuminate/Foundation/Application.php(242): Illuminate\\Foundation\\Bootstrap\\BootProviders->bootstrap()
#11 /var/www/emaparking_dss/vendor/laravel/framework/src/Illuminate/Foundation/Console/Kernel.php(383): Illuminate\\Foundation\\Application->bootstrapWith()
#12 /var/www/emaparking_dss/vendor/laravel/framework/src/Illuminate/Foundation/Console/Kernel.php(153): Illuminate\\Foundation\\Console\\Kernel->bootstrap()
#13 Command line code(1): Illuminate\\Foundation\\Console\\Kernel->handle()
#14 {main}
"} 
[2025-03-20 16:46:16] local.ERROR: Class "\Themes\BC\ThemeProvider" not found {"exception":"[object] (Error(code: 0): Class \"\\Themes\\BC\\ThemeProvider\" not found at /var/www/emaparking_dss/themes/ThemeServiceProvider.php:23)
[stacktrace]
#0 /var/www/emaparking_dss/vendor/laravel/framework/src/Illuminate/Container/BoundMethod.php(36): Themes\\ThemeServiceProvider->boot()
#1 /var/www/emaparking_dss/vendor/laravel/framework/src/Illuminate/Container/Util.php(41): Illuminate\\Container\\BoundMethod::Illuminate\\Container\\{closure}()
#2 /var/www/emaparking_dss/vendor/laravel/framework/src/Illuminate/Container/BoundMethod.php(93): Illuminate\\Container\\Util::unwrapIfClosure()
#3 /var/www/emaparking_dss/vendor/laravel/framework/src/Illuminate/Container/BoundMethod.php(35): Illuminate\\Container\\BoundMethod::callBoundMethod()
#4 /var/www/emaparking_dss/vendor/laravel/framework/src/Illuminate/Container/Container.php(651): Illuminate\\Container\\BoundMethod::call()
#5 /var/www/emaparking_dss/vendor/laravel/framework/src/Illuminate/Foundation/Application.php(933): Illuminate\\Container\\Container->call()
#6 /var/www/emaparking_dss/vendor/laravel/framework/src/Illuminate/Foundation/Application.php(914): Illuminate\\Foundation\\Application->bootProvider()
#7 [internal function]: Illuminate\\Foundation\\Application->Illuminate\\Foundation\\{closure}()
#8 /var/www/emaparking_dss/vendor/laravel/framework/src/Illuminate/Foundation/Application.php(913): array_walk()
#9 /var/www/emaparking_dss/vendor/laravel/framework/src/Illuminate/Foundation/Bootstrap/BootProviders.php(17): Illuminate\\Foundation\\Application->boot()
#10 /var/www/emaparking_dss/vendor/laravel/framework/src/Illuminate/Foundation/Application.php(242): Illuminate\\Foundation\\Bootstrap\\BootProviders->bootstrap()
#11 /var/www/emaparking_dss/vendor/laravel/framework/src/Illuminate/Foundation/Console/Kernel.php(383): Illuminate\\Foundation\\Application->bootstrapWith()
#12 /var/www/emaparking_dss/vendor/laravel/framework/src/Illuminate/Foundation/Console/Kernel.php(153): Illuminate\\Foundation\\Console\\Kernel->bootstrap()
#13 Command line code(1): Illuminate\\Foundation\\Console\\Kernel->handle()
#14 {main}
"} 
[2025-03-20 16:47:16] local.ERROR: Class "\Themes\BC\ThemeProvider" not found {"exception":"[object] (Error(code: 0): Class \"\\Themes\\BC\\ThemeProvider\" not found at /var/www/emaparking_dss/themes/ThemeServiceProvider.php:23)
[stacktrace]
#0 /var/www/emaparking_dss/vendor/laravel/framework/src/Illuminate/Container/BoundMethod.php(36): Themes\\ThemeServiceProvider->boot()
#1 /var/www/emaparking_dss/vendor/laravel/framework/src/Illuminate/Container/Util.php(41): Illuminate\\Container\\BoundMethod::Illuminate\\Container\\{closure}()
#2 /var/www/emaparking_dss/vendor/laravel/framework/src/Illuminate/Container/BoundMethod.php(93): Illuminate\\Container\\Util::unwrapIfClosure()
#3 /var/www/emaparking_dss/vendor/laravel/framework/src/Illuminate/Container/BoundMethod.php(35): Illuminate\\Container\\BoundMethod::callBoundMethod()
#4 /var/www/emaparking_dss/vendor/laravel/framework/src/Illuminate/Container/Container.php(651): Illuminate\\Container\\BoundMethod::call()
#5 /var/www/emaparking_dss/vendor/laravel/framework/src/Illuminate/Foundation/Application.php(933): Illuminate\\Container\\Container->call()
#6 /var/www/emaparking_dss/vendor/laravel/framework/src/Illuminate/Foundation/Application.php(914): Illuminate\\Foundation\\Application->bootProvider()
#7 [internal function]: Illuminate\\Foundation\\Application->Illuminate\\Foundation\\{closure}()
#8 /var/www/emaparking_dss/vendor/laravel/framework/src/Illuminate/Foundation/Application.php(913): array_walk()
#9 /var/www/emaparking_dss/vendor/laravel/framework/src/Illuminate/Foundation/Bootstrap/BootProviders.php(17): Illuminate\\Foundation\\Application->boot()
#10 /var/www/emaparking_dss/vendor/laravel/framework/src/Illuminate/Foundation/Application.php(242): Illuminate\\Foundation\\Bootstrap\\BootProviders->bootstrap()
#11 /var/www/emaparking_dss/vendor/laravel/framework/src/Illuminate/Foundation/Console/Kernel.php(383): Illuminate\\Foundation\\Application->bootstrapWith()
#12 /var/www/emaparking_dss/vendor/laravel/framework/src/Illuminate/Foundation/Console/Kernel.php(153): Illuminate\\Foundation\\Console\\Kernel->bootstrap()
#13 Command line code(1): Illuminate\\Foundation\\Console\\Kernel->handle()
#14 {main}
"} 
[2025-03-20 16:47:16] local.ERROR: Class "\Themes\BC\ThemeProvider" not found {"exception":"[object] (Error(code: 0): Class \"\\Themes\\BC\\ThemeProvider\" not found at /var/www/emaparking_dss/themes/ThemeServiceProvider.php:23)
[stacktrace]
#0 /var/www/emaparking_dss/vendor/laravel/framework/src/Illuminate/Container/BoundMethod.php(36): Themes\\ThemeServiceProvider->boot()
#1 /var/www/emaparking_dss/vendor/laravel/framework/src/Illuminate/Container/Util.php(41): Illuminate\\Container\\BoundMethod::Illuminate\\Container\\{closure}()
#2 /var/www/emaparking_dss/vendor/laravel/framework/src/Illuminate/Container/BoundMethod.php(93): Illuminate\\Container\\Util::unwrapIfClosure()
#3 /var/www/emaparking_dss/vendor/laravel/framework/src/Illuminate/Container/BoundMethod.php(35): Illuminate\\Container\\BoundMethod::callBoundMethod()
#4 /var/www/emaparking_dss/vendor/laravel/framework/src/Illuminate/Container/Container.php(651): Illuminate\\Container\\BoundMethod::call()
#5 /var/www/emaparking_dss/vendor/laravel/framework/src/Illuminate/Foundation/Application.php(933): Illuminate\\Container\\Container->call()
#6 /var/www/emaparking_dss/vendor/laravel/framework/src/Illuminate/Foundation/Application.php(914): Illuminate\\Foundation\\Application->bootProvider()
#7 [internal function]: Illuminate\\Foundation\\Application->Illuminate\\Foundation\\{closure}()
#8 /var/www/emaparking_dss/vendor/laravel/framework/src/Illuminate/Foundation/Application.php(913): array_walk()
#9 /var/www/emaparking_dss/vendor/laravel/framework/src/Illuminate/Foundation/Bootstrap/BootProviders.php(17): Illuminate\\Foundation\\Application->boot()
#10 /var/www/emaparking_dss/vendor/laravel/framework/src/Illuminate/Foundation/Application.php(242): Illuminate\\Foundation\\Bootstrap\\BootProviders->bootstrap()
#11 /var/www/emaparking_dss/vendor/laravel/framework/src/Illuminate/Foundation/Console/Kernel.php(383): Illuminate\\Foundation\\Application->bootstrapWith()
#12 /var/www/emaparking_dss/vendor/laravel/framework/src/Illuminate/Foundation/Console/Kernel.php(153): Illuminate\\Foundation\\Console\\Kernel->bootstrap()
#13 Command line code(1): Illuminate\\Foundation\\Console\\Kernel->handle()
#14 {main}
"} 
[2025-03-20 16:48:16] local.ERROR: Class "\Themes\BC\ThemeProvider" not found {"exception":"[object] (Error(code: 0): Class \"\\Themes\\BC\\ThemeProvider\" not found at /var/www/emaparking_dss/themes/ThemeServiceProvider.php:23)
[stacktrace]
#0 /var/www/emaparking_dss/vendor/laravel/framework/src/Illuminate/Container/BoundMethod.php(36): Themes\\ThemeServiceProvider->boot()
#1 /var/www/emaparking_dss/vendor/laravel/framework/src/Illuminate/Container/Util.php(41): Illuminate\\Container\\BoundMethod::Illuminate\\Container\\{closure}()
#2 /var/www/emaparking_dss/vendor/laravel/framework/src/Illuminate/Container/BoundMethod.php(93): Illuminate\\Container\\Util::unwrapIfClosure()
#3 /var/www/emaparking_dss/vendor/laravel/framework/src/Illuminate/Container/BoundMethod.php(35): Illuminate\\Container\\BoundMethod::callBoundMethod()
#4 /var/www/emaparking_dss/vendor/laravel/framework/src/Illuminate/Container/Container.php(651): Illuminate\\Container\\BoundMethod::call()
#5 /var/www/emaparking_dss/vendor/laravel/framework/src/Illuminate/Foundation/Application.php(933): Illuminate\\Container\\Container->call()
#6 /var/www/emaparking_dss/vendor/laravel/framework/src/Illuminate/Foundation/Application.php(914): Illuminate\\Foundation\\Application->bootProvider()
#7 [internal function]: Illuminate\\Foundation\\Application->Illuminate\\Foundation\\{closure}()
#8 /var/www/emaparking_dss/vendor/laravel/framework/src/Illuminate/Foundation/Application.php(913): array_walk()
#9 /var/www/emaparking_dss/vendor/laravel/framework/src/Illuminate/Foundation/Bootstrap/BootProviders.php(17): Illuminate\\Foundation\\Application->boot()
#10 /var/www/emaparking_dss/vendor/laravel/framework/src/Illuminate/Foundation/Application.php(242): Illuminate\\Foundation\\Bootstrap\\BootProviders->bootstrap()
#11 /var/www/emaparking_dss/vendor/laravel/framework/src/Illuminate/Foundation/Console/Kernel.php(383): Illuminate\\Foundation\\Application->bootstrapWith()
#12 /var/www/emaparking_dss/vendor/laravel/framework/src/Illuminate/Foundation/Console/Kernel.php(153): Illuminate\\Foundation\\Console\\Kernel->bootstrap()
#13 Command line code(1): Illuminate\\Foundation\\Console\\Kernel->handle()
#14 {main}
"} 
[2025-03-20 16:48:16] local.ERROR: Class "\Themes\BC\ThemeProvider" not found {"exception":"[object] (Error(code: 0): Class \"\\Themes\\BC\\ThemeProvider\" not found at /var/www/emaparking_dss/themes/ThemeServiceProvider.php:23)
[stacktrace]
#0 /var/www/emaparking_dss/vendor/laravel/framework/src/Illuminate/Container/BoundMethod.php(36): Themes\\ThemeServiceProvider->boot()
#1 /var/www/emaparking_dss/vendor/laravel/framework/src/Illuminate/Container/Util.php(41): Illuminate\\Container\\BoundMethod::Illuminate\\Container\\{closure}()
#2 /var/www/emaparking_dss/vendor/laravel/framework/src/Illuminate/Container/BoundMethod.php(93): Illuminate\\Container\\Util::unwrapIfClosure()
#3 /var/www/emaparking_dss/vendor/laravel/framework/src/Illuminate/Container/BoundMethod.php(35): Illuminate\\Container\\BoundMethod::callBoundMethod()
#4 /var/www/emaparking_dss/vendor/laravel/framework/src/Illuminate/Container/Container.php(651): Illuminate\\Container\\BoundMethod::call()
#5 /var/www/emaparking_dss/vendor/laravel/framework/src/Illuminate/Foundation/Application.php(933): Illuminate\\Container\\Container->call()
#6 /var/www/emaparking_dss/vendor/laravel/framework/src/Illuminate/Foundation/Application.php(914): Illuminate\\Foundation\\Application->bootProvider()
#7 [internal function]: Illuminate\\Foundation\\Application->Illuminate\\Foundation\\{closure}()
#8 /var/www/emaparking_dss/vendor/laravel/framework/src/Illuminate/Foundation/Application.php(913): array_walk()
#9 /var/www/emaparking_dss/vendor/laravel/framework/src/Illuminate/Foundation/Bootstrap/BootProviders.php(17): Illuminate\\Foundation\\Application->boot()
#10 /var/www/emaparking_dss/vendor/laravel/framework/src/Illuminate/Foundation/Application.php(242): Illuminate\\Foundation\\Bootstrap\\BootProviders->bootstrap()
#11 /var/www/emaparking_dss/vendor/laravel/framework/src/Illuminate/Foundation/Console/Kernel.php(383): Illuminate\\Foundation\\Application->bootstrapWith()
#12 /var/www/emaparking_dss/vendor/laravel/framework/src/Illuminate/Foundation/Console/Kernel.php(153): Illuminate\\Foundation\\Console\\Kernel->bootstrap()
#13 Command line code(1): Illuminate\\Foundation\\Console\\Kernel->handle()
#14 {main}
"} 
[2025-03-20 16:49:15] local.ERROR: Class "\Themes\BC\ThemeProvider" not found {"exception":"[object] (Error(code: 0): Class \"\\Themes\\BC\\ThemeProvider\" not found at /var/www/emaparking_dss/themes/ThemeServiceProvider.php:23)
[stacktrace]
#0 /var/www/emaparking_dss/vendor/laravel/framework/src/Illuminate/Container/BoundMethod.php(36): Themes\\ThemeServiceProvider->boot()
#1 /var/www/emaparking_dss/vendor/laravel/framework/src/Illuminate/Container/Util.php(41): Illuminate\\Container\\BoundMethod::Illuminate\\Container\\{closure}()
#2 /var/www/emaparking_dss/vendor/laravel/framework/src/Illuminate/Container/BoundMethod.php(93): Illuminate\\Container\\Util::unwrapIfClosure()
#3 /var/www/emaparking_dss/vendor/laravel/framework/src/Illuminate/Container/BoundMethod.php(35): Illuminate\\Container\\BoundMethod::callBoundMethod()
#4 /var/www/emaparking_dss/vendor/laravel/framework/src/Illuminate/Container/Container.php(651): Illuminate\\Container\\BoundMethod::call()
#5 /var/www/emaparking_dss/vendor/laravel/framework/src/Illuminate/Foundation/Application.php(933): Illuminate\\Container\\Container->call()
#6 /var/www/emaparking_dss/vendor/laravel/framework/src/Illuminate/Foundation/Application.php(914): Illuminate\\Foundation\\Application->bootProvider()
#7 [internal function]: Illuminate\\Foundation\\Application->Illuminate\\Foundation\\{closure}()
#8 /var/www/emaparking_dss/vendor/laravel/framework/src/Illuminate/Foundation/Application.php(913): array_walk()
#9 /var/www/emaparking_dss/vendor/laravel/framework/src/Illuminate/Foundation/Bootstrap/BootProviders.php(17): Illuminate\\Foundation\\Application->boot()
#10 /var/www/emaparking_dss/vendor/laravel/framework/src/Illuminate/Foundation/Application.php(242): Illuminate\\Foundation\\Bootstrap\\BootProviders->bootstrap()
#11 /var/www/emaparking_dss/vendor/laravel/framework/src/Illuminate/Foundation/Console/Kernel.php(383): Illuminate\\Foundation\\Application->bootstrapWith()
#12 /var/www/emaparking_dss/vendor/laravel/framework/src/Illuminate/Foundation/Console/Kernel.php(153): Illuminate\\Foundation\\Console\\Kernel->bootstrap()
#13 Command line code(1): Illuminate\\Foundation\\Console\\Kernel->handle()
#14 {main}
"} 
[2025-03-20 16:49:16] local.ERROR: Class "\Themes\BC\ThemeProvider" not found {"exception":"[object] (Error(code: 0): Class \"\\Themes\\BC\\ThemeProvider\" not found at /var/www/emaparking_dss/themes/ThemeServiceProvider.php:23)
[stacktrace]
#0 /var/www/emaparking_dss/vendor/laravel/framework/src/Illuminate/Container/BoundMethod.php(36): Themes\\ThemeServiceProvider->boot()
#1 /var/www/emaparking_dss/vendor/laravel/framework/src/Illuminate/Container/Util.php(41): Illuminate\\Container\\BoundMethod::Illuminate\\Container\\{closure}()
#2 /var/www/emaparking_dss/vendor/laravel/framework/src/Illuminate/Container/BoundMethod.php(93): Illuminate\\Container\\Util::unwrapIfClosure()
#3 /var/www/emaparking_dss/vendor/laravel/framework/src/Illuminate/Container/BoundMethod.php(35): Illuminate\\Container\\BoundMethod::callBoundMethod()
#4 /var/www/emaparking_dss/vendor/laravel/framework/src/Illuminate/Container/Container.php(651): Illuminate\\Container\\BoundMethod::call()
#5 /var/www/emaparking_dss/vendor/laravel/framework/src/Illuminate/Foundation/Application.php(933): Illuminate\\Container\\Container->call()
#6 /var/www/emaparking_dss/vendor/laravel/framework/src/Illuminate/Foundation/Application.php(914): Illuminate\\Foundation\\Application->bootProvider()
#7 [internal function]: Illuminate\\Foundation\\Application->Illuminate\\Foundation\\{closure}()
#8 /var/www/emaparking_dss/vendor/laravel/framework/src/Illuminate/Foundation/Application.php(913): array_walk()
#9 /var/www/emaparking_dss/vendor/laravel/framework/src/Illuminate/Foundation/Bootstrap/BootProviders.php(17): Illuminate\\Foundation\\Application->boot()
#10 /var/www/emaparking_dss/vendor/laravel/framework/src/Illuminate/Foundation/Application.php(242): Illuminate\\Foundation\\Bootstrap\\BootProviders->bootstrap()
#11 /var/www/emaparking_dss/vendor/laravel/framework/src/Illuminate/Foundation/Console/Kernel.php(383): Illuminate\\Foundation\\Application->bootstrapWith()
#12 /var/www/emaparking_dss/vendor/laravel/framework/src/Illuminate/Foundation/Console/Kernel.php(153): Illuminate\\Foundation\\Console\\Kernel->bootstrap()
#13 Command line code(1): Illuminate\\Foundation\\Console\\Kernel->handle()
#14 {main}
"} 
[2025-03-20 16:49:16] local.ERROR: Class "\Themes\BC\ThemeProvider" not found {"exception":"[object] (Error(code: 0): Class \"\\Themes\\BC\\ThemeProvider\" not found at /var/www/emaparking_dss/themes/ThemeServiceProvider.php:23)
[stacktrace]
#0 /var/www/emaparking_dss/vendor/laravel/framework/src/Illuminate/Container/BoundMethod.php(36): Themes\\ThemeServiceProvider->boot()
#1 /var/www/emaparking_dss/vendor/laravel/framework/src/Illuminate/Container/Util.php(41): Illuminate\\Container\\BoundMethod::Illuminate\\Container\\{closure}()
#2 /var/www/emaparking_dss/vendor/laravel/framework/src/Illuminate/Container/BoundMethod.php(93): Illuminate\\Container\\Util::unwrapIfClosure()
#3 /var/www/emaparking_dss/vendor/laravel/framework/src/Illuminate/Container/BoundMethod.php(35): Illuminate\\Container\\BoundMethod::callBoundMethod()
#4 /var/www/emaparking_dss/vendor/laravel/framework/src/Illuminate/Container/Container.php(651): Illuminate\\Container\\BoundMethod::call()
#5 /var/www/emaparking_dss/vendor/laravel/framework/src/Illuminate/Foundation/Application.php(933): Illuminate\\Container\\Container->call()
#6 /var/www/emaparking_dss/vendor/laravel/framework/src/Illuminate/Foundation/Application.php(914): Illuminate\\Foundation\\Application->bootProvider()
#7 [internal function]: Illuminate\\Foundation\\Application->Illuminate\\Foundation\\{closure}()
#8 /var/www/emaparking_dss/vendor/laravel/framework/src/Illuminate/Foundation/Application.php(913): array_walk()
#9 /var/www/emaparking_dss/vendor/laravel/framework/src/Illuminate/Foundation/Bootstrap/BootProviders.php(17): Illuminate\\Foundation\\Application->boot()
#10 /var/www/emaparking_dss/vendor/laravel/framework/src/Illuminate/Foundation/Application.php(242): Illuminate\\Foundation\\Bootstrap\\BootProviders->bootstrap()
#11 /var/www/emaparking_dss/vendor/laravel/framework/src/Illuminate/Foundation/Console/Kernel.php(383): Illuminate\\Foundation\\Application->bootstrapWith()
#12 /var/www/emaparking_dss/vendor/laravel/framework/src/Illuminate/Foundation/Console/Kernel.php(153): Illuminate\\Foundation\\Console\\Kernel->bootstrap()
#13 Command line code(1): Illuminate\\Foundation\\Console\\Kernel->handle()
#14 {main}
"} 
[2025-03-20 16:50:16] local.ERROR: Class "\Themes\BC\ThemeProvider" not found {"exception":"[object] (Error(code: 0): Class \"\\Themes\\BC\\ThemeProvider\" not found at /var/www/emaparking_dss/themes/ThemeServiceProvider.php:23)
[stacktrace]
#0 /var/www/emaparking_dss/vendor/laravel/framework/src/Illuminate/Container/BoundMethod.php(36): Themes\\ThemeServiceProvider->boot()
#1 /var/www/emaparking_dss/vendor/laravel/framework/src/Illuminate/Container/Util.php(41): Illuminate\\Container\\BoundMethod::Illuminate\\Container\\{closure}()
#2 /var/www/emaparking_dss/vendor/laravel/framework/src/Illuminate/Container/BoundMethod.php(93): Illuminate\\Container\\Util::unwrapIfClosure()
#3 /var/www/emaparking_dss/vendor/laravel/framework/src/Illuminate/Container/BoundMethod.php(35): Illuminate\\Container\\BoundMethod::callBoundMethod()
#4 /var/www/emaparking_dss/vendor/laravel/framework/src/Illuminate/Container/Container.php(651): Illuminate\\Container\\BoundMethod::call()
#5 /var/www/emaparking_dss/vendor/laravel/framework/src/Illuminate/Foundation/Application.php(933): Illuminate\\Container\\Container->call()
#6 /var/www/emaparking_dss/vendor/laravel/framework/src/Illuminate/Foundation/Application.php(914): Illuminate\\Foundation\\Application->bootProvider()
#7 [internal function]: Illuminate\\Foundation\\Application->Illuminate\\Foundation\\{closure}()
#8 /var/www/emaparking_dss/vendor/laravel/framework/src/Illuminate/Foundation/Application.php(913): array_walk()
#9 /var/www/emaparking_dss/vendor/laravel/framework/src/Illuminate/Foundation/Bootstrap/BootProviders.php(17): Illuminate\\Foundation\\Application->boot()
#10 /var/www/emaparking_dss/vendor/laravel/framework/src/Illuminate/Foundation/Application.php(242): Illuminate\\Foundation\\Bootstrap\\BootProviders->bootstrap()
#11 /var/www/emaparking_dss/vendor/laravel/framework/src/Illuminate/Foundation/Console/Kernel.php(383): Illuminate\\Foundation\\Application->bootstrapWith()
#12 /var/www/emaparking_dss/vendor/laravel/framework/src/Illuminate/Foundation/Console/Kernel.php(153): Illuminate\\Foundation\\Console\\Kernel->bootstrap()
#13 Command line code(1): Illuminate\\Foundation\\Console\\Kernel->handle()
#14 {main}
"} 
[2025-03-20 16:50:16] local.ERROR: Class "\Themes\BC\ThemeProvider" not found {"exception":"[object] (Error(code: 0): Class \"\\Themes\\BC\\ThemeProvider\" not found at /var/www/emaparking_dss/themes/ThemeServiceProvider.php:23)
[stacktrace]
#0 /var/www/emaparking_dss/vendor/laravel/framework/src/Illuminate/Container/BoundMethod.php(36): Themes\\ThemeServiceProvider->boot()
#1 /var/www/emaparking_dss/vendor/laravel/framework/src/Illuminate/Container/Util.php(41): Illuminate\\Container\\BoundMethod::Illuminate\\Container\\{closure}()
#2 /var/www/emaparking_dss/vendor/laravel/framework/src/Illuminate/Container/BoundMethod.php(93): Illuminate\\Container\\Util::unwrapIfClosure()
#3 /var/www/emaparking_dss/vendor/laravel/framework/src/Illuminate/Container/BoundMethod.php(35): Illuminate\\Container\\BoundMethod::callBoundMethod()
#4 /var/www/emaparking_dss/vendor/laravel/framework/src/Illuminate/Container/Container.php(651): Illuminate\\Container\\BoundMethod::call()
#5 /var/www/emaparking_dss/vendor/laravel/framework/src/Illuminate/Foundation/Application.php(933): Illuminate\\Container\\Container->call()
#6 /var/www/emaparking_dss/vendor/laravel/framework/src/Illuminate/Foundation/Application.php(914): Illuminate\\Foundation\\Application->bootProvider()
#7 [internal function]: Illuminate\\Foundation\\Application->Illuminate\\Foundation\\{closure}()
#8 /var/www/emaparking_dss/vendor/laravel/framework/src/Illuminate/Foundation/Application.php(913): array_walk()
#9 /var/www/emaparking_dss/vendor/laravel/framework/src/Illuminate/Foundation/Bootstrap/BootProviders.php(17): Illuminate\\Foundation\\Application->boot()
#10 /var/www/emaparking_dss/vendor/laravel/framework/src/Illuminate/Foundation/Application.php(242): Illuminate\\Foundation\\Bootstrap\\BootProviders->bootstrap()
#11 /var/www/emaparking_dss/vendor/laravel/framework/src/Illuminate/Foundation/Console/Kernel.php(383): Illuminate\\Foundation\\Application->bootstrapWith()
#12 /var/www/emaparking_dss/vendor/laravel/framework/src/Illuminate/Foundation/Console/Kernel.php(153): Illuminate\\Foundation\\Console\\Kernel->bootstrap()
#13 Command line code(1): Illuminate\\Foundation\\Console\\Kernel->handle()
#14 {main}
"} 
[2025-03-20 16:51:16] local.ERROR: Class "\Themes\BC\ThemeProvider" not found {"exception":"[object] (Error(code: 0): Class \"\\Themes\\BC\\ThemeProvider\" not found at /var/www/emaparking_dss/themes/ThemeServiceProvider.php:23)
[stacktrace]
#0 /var/www/emaparking_dss/vendor/laravel/framework/src/Illuminate/Container/BoundMethod.php(36): Themes\\ThemeServiceProvider->boot()
#1 /var/www/emaparking_dss/vendor/laravel/framework/src/Illuminate/Container/Util.php(41): Illuminate\\Container\\BoundMethod::Illuminate\\Container\\{closure}()
#2 /var/www/emaparking_dss/vendor/laravel/framework/src/Illuminate/Container/BoundMethod.php(93): Illuminate\\Container\\Util::unwrapIfClosure()
#3 /var/www/emaparking_dss/vendor/laravel/framework/src/Illuminate/Container/BoundMethod.php(35): Illuminate\\Container\\BoundMethod::callBoundMethod()
#4 /var/www/emaparking_dss/vendor/laravel/framework/src/Illuminate/Container/Container.php(651): Illuminate\\Container\\BoundMethod::call()
#5 /var/www/emaparking_dss/vendor/laravel/framework/src/Illuminate/Foundation/Application.php(933): Illuminate\\Container\\Container->call()
#6 /var/www/emaparking_dss/vendor/laravel/framework/src/Illuminate/Foundation/Application.php(914): Illuminate\\Foundation\\Application->bootProvider()
#7 [internal function]: Illuminate\\Foundation\\Application->Illuminate\\Foundation\\{closure}()
#8 /var/www/emaparking_dss/vendor/laravel/framework/src/Illuminate/Foundation/Application.php(913): array_walk()
#9 /var/www/emaparking_dss/vendor/laravel/framework/src/Illuminate/Foundation/Bootstrap/BootProviders.php(17): Illuminate\\Foundation\\Application->boot()
#10 /var/www/emaparking_dss/vendor/laravel/framework/src/Illuminate/Foundation/Application.php(242): Illuminate\\Foundation\\Bootstrap\\BootProviders->bootstrap()
#11 /var/www/emaparking_dss/vendor/laravel/framework/src/Illuminate/Foundation/Console/Kernel.php(383): Illuminate\\Foundation\\Application->bootstrapWith()
#12 /var/www/emaparking_dss/vendor/laravel/framework/src/Illuminate/Foundation/Console/Kernel.php(153): Illuminate\\Foundation\\Console\\Kernel->bootstrap()
#13 Command line code(1): Illuminate\\Foundation\\Console\\Kernel->handle()
#14 {main}
"} 
[2025-03-20 16:51:16] local.ERROR: Class "\Themes\BC\ThemeProvider" not found {"exception":"[object] (Error(code: 0): Class \"\\Themes\\BC\\ThemeProvider\" not found at /var/www/emaparking_dss/themes/ThemeServiceProvider.php:23)
[stacktrace]
#0 /var/www/emaparking_dss/vendor/laravel/framework/src/Illuminate/Container/BoundMethod.php(36): Themes\\ThemeServiceProvider->boot()
#1 /var/www/emaparking_dss/vendor/laravel/framework/src/Illuminate/Container/Util.php(41): Illuminate\\Container\\BoundMethod::Illuminate\\Container\\{closure}()
#2 /var/www/emaparking_dss/vendor/laravel/framework/src/Illuminate/Container/BoundMethod.php(93): Illuminate\\Container\\Util::unwrapIfClosure()
#3 /var/www/emaparking_dss/vendor/laravel/framework/src/Illuminate/Container/BoundMethod.php(35): Illuminate\\Container\\BoundMethod::callBoundMethod()
#4 /var/www/emaparking_dss/vendor/laravel/framework/src/Illuminate/Container/Container.php(651): Illuminate\\Container\\BoundMethod::call()
#5 /var/www/emaparking_dss/vendor/laravel/framework/src/Illuminate/Foundation/Application.php(933): Illuminate\\Container\\Container->call()
#6 /var/www/emaparking_dss/vendor/laravel/framework/src/Illuminate/Foundation/Application.php(914): Illuminate\\Foundation\\Application->bootProvider()
#7 [internal function]: Illuminate\\Foundation\\Application->Illuminate\\Foundation\\{closure}()
#8 /var/www/emaparking_dss/vendor/laravel/framework/src/Illuminate/Foundation/Application.php(913): array_walk()
#9 /var/www/emaparking_dss/vendor/laravel/framework/src/Illuminate/Foundation/Bootstrap/BootProviders.php(17): Illuminate\\Foundation\\Application->boot()
#10 /var/www/emaparking_dss/vendor/laravel/framework/src/Illuminate/Foundation/Application.php(242): Illuminate\\Foundation\\Bootstrap\\BootProviders->bootstrap()
#11 /var/www/emaparking_dss/vendor/laravel/framework/src/Illuminate/Foundation/Console/Kernel.php(383): Illuminate\\Foundation\\Application->bootstrapWith()
#12 /var/www/emaparking_dss/vendor/laravel/framework/src/Illuminate/Foundation/Console/Kernel.php(153): Illuminate\\Foundation\\Console\\Kernel->bootstrap()
#13 Command line code(1): Illuminate\\Foundation\\Console\\Kernel->handle()
#14 {main}
"} 
[2025-03-20 16:52:16] local.ERROR: Class "\Themes\BC\ThemeProvider" not found {"exception":"[object] (Error(code: 0): Class \"\\Themes\\BC\\ThemeProvider\" not found at /var/www/emaparking_dss/themes/ThemeServiceProvider.php:23)
[stacktrace]
#0 /var/www/emaparking_dss/vendor/laravel/framework/src/Illuminate/Container/BoundMethod.php(36): Themes\\ThemeServiceProvider->boot()
#1 /var/www/emaparking_dss/vendor/laravel/framework/src/Illuminate/Container/Util.php(41): Illuminate\\Container\\BoundMethod::Illuminate\\Container\\{closure}()
#2 /var/www/emaparking_dss/vendor/laravel/framework/src/Illuminate/Container/BoundMethod.php(93): Illuminate\\Container\\Util::unwrapIfClosure()
#3 /var/www/emaparking_dss/vendor/laravel/framework/src/Illuminate/Container/BoundMethod.php(35): Illuminate\\Container\\BoundMethod::callBoundMethod()
#4 /var/www/emaparking_dss/vendor/laravel/framework/src/Illuminate/Container/Container.php(651): Illuminate\\Container\\BoundMethod::call()
#5 /var/www/emaparking_dss/vendor/laravel/framework/src/Illuminate/Foundation/Application.php(933): Illuminate\\Container\\Container->call()
#6 /var/www/emaparking_dss/vendor/laravel/framework/src/Illuminate/Foundation/Application.php(914): Illuminate\\Foundation\\Application->bootProvider()
#7 [internal function]: Illuminate\\Foundation\\Application->Illuminate\\Foundation\\{closure}()
#8 /var/www/emaparking_dss/vendor/laravel/framework/src/Illuminate/Foundation/Application.php(913): array_walk()
#9 /var/www/emaparking_dss/vendor/laravel/framework/src/Illuminate/Foundation/Bootstrap/BootProviders.php(17): Illuminate\\Foundation\\Application->boot()
#10 /var/www/emaparking_dss/vendor/laravel/framework/src/Illuminate/Foundation/Application.php(242): Illuminate\\Foundation\\Bootstrap\\BootProviders->bootstrap()
#11 /var/www/emaparking_dss/vendor/laravel/framework/src/Illuminate/Foundation/Console/Kernel.php(383): Illuminate\\Foundation\\Application->bootstrapWith()
#12 /var/www/emaparking_dss/vendor/laravel/framework/src/Illuminate/Foundation/Console/Kernel.php(153): Illuminate\\Foundation\\Console\\Kernel->bootstrap()
#13 Command line code(1): Illuminate\\Foundation\\Console\\Kernel->handle()
#14 {main}
"} 
[2025-03-20 16:52:16] local.ERROR: Class "\Themes\BC\ThemeProvider" not found {"exception":"[object] (Error(code: 0): Class \"\\Themes\\BC\\ThemeProvider\" not found at /var/www/emaparking_dss/themes/ThemeServiceProvider.php:23)
[stacktrace]
#0 /var/www/emaparking_dss/vendor/laravel/framework/src/Illuminate/Container/BoundMethod.php(36): Themes\\ThemeServiceProvider->boot()
#1 /var/www/emaparking_dss/vendor/laravel/framework/src/Illuminate/Container/Util.php(41): Illuminate\\Container\\BoundMethod::Illuminate\\Container\\{closure}()
#2 /var/www/emaparking_dss/vendor/laravel/framework/src/Illuminate/Container/BoundMethod.php(93): Illuminate\\Container\\Util::unwrapIfClosure()
#3 /var/www/emaparking_dss/vendor/laravel/framework/src/Illuminate/Container/BoundMethod.php(35): Illuminate\\Container\\BoundMethod::callBoundMethod()
#4 /var/www/emaparking_dss/vendor/laravel/framework/src/Illuminate/Container/Container.php(651): Illuminate\\Container\\BoundMethod::call()
#5 /var/www/emaparking_dss/vendor/laravel/framework/src/Illuminate/Foundation/Application.php(933): Illuminate\\Container\\Container->call()
#6 /var/www/emaparking_dss/vendor/laravel/framework/src/Illuminate/Foundation/Application.php(914): Illuminate\\Foundation\\Application->bootProvider()
#7 [internal function]: Illuminate\\Foundation\\Application->Illuminate\\Foundation\\{closure}()
#8 /var/www/emaparking_dss/vendor/laravel/framework/src/Illuminate/Foundation/Application.php(913): array_walk()
#9 /var/www/emaparking_dss/vendor/laravel/framework/src/Illuminate/Foundation/Bootstrap/BootProviders.php(17): Illuminate\\Foundation\\Application->boot()
#10 /var/www/emaparking_dss/vendor/laravel/framework/src/Illuminate/Foundation/Application.php(242): Illuminate\\Foundation\\Bootstrap\\BootProviders->bootstrap()
#11 /var/www/emaparking_dss/vendor/laravel/framework/src/Illuminate/Foundation/Console/Kernel.php(383): Illuminate\\Foundation\\Application->bootstrapWith()
#12 /var/www/emaparking_dss/vendor/laravel/framework/src/Illuminate/Foundation/Console/Kernel.php(153): Illuminate\\Foundation\\Console\\Kernel->bootstrap()
#13 Command line code(1): Illuminate\\Foundation\\Console\\Kernel->handle()
#14 {main}
"} 
[2025-03-20 16:53:16] local.ERROR: Class "\Themes\BC\ThemeProvider" not found {"exception":"[object] (Error(code: 0): Class \"\\Themes\\BC\\ThemeProvider\" not found at /var/www/emaparking_dss/themes/ThemeServiceProvider.php:23)
[stacktrace]
#0 /var/www/emaparking_dss/vendor/laravel/framework/src/Illuminate/Container/BoundMethod.php(36): Themes\\ThemeServiceProvider->boot()
#1 /var/www/emaparking_dss/vendor/laravel/framework/src/Illuminate/Container/Util.php(41): Illuminate\\Container\\BoundMethod::Illuminate\\Container\\{closure}()
#2 /var/www/emaparking_dss/vendor/laravel/framework/src/Illuminate/Container/BoundMethod.php(93): Illuminate\\Container\\Util::unwrapIfClosure()
#3 /var/www/emaparking_dss/vendor/laravel/framework/src/Illuminate/Container/BoundMethod.php(35): Illuminate\\Container\\BoundMethod::callBoundMethod()
#4 /var/www/emaparking_dss/vendor/laravel/framework/src/Illuminate/Container/Container.php(651): Illuminate\\Container\\BoundMethod::call()
#5 /var/www/emaparking_dss/vendor/laravel/framework/src/Illuminate/Foundation/Application.php(933): Illuminate\\Container\\Container->call()
#6 /var/www/emaparking_dss/vendor/laravel/framework/src/Illuminate/Foundation/Application.php(914): Illuminate\\Foundation\\Application->bootProvider()
#7 [internal function]: Illuminate\\Foundation\\Application->Illuminate\\Foundation\\{closure}()
#8 /var/www/emaparking_dss/vendor/laravel/framework/src/Illuminate/Foundation/Application.php(913): array_walk()
#9 /var/www/emaparking_dss/vendor/laravel/framework/src/Illuminate/Foundation/Bootstrap/BootProviders.php(17): Illuminate\\Foundation\\Application->boot()
#10 /var/www/emaparking_dss/vendor/laravel/framework/src/Illuminate/Foundation/Application.php(242): Illuminate\\Foundation\\Bootstrap\\BootProviders->bootstrap()
#11 /var/www/emaparking_dss/vendor/laravel/framework/src/Illuminate/Foundation/Console/Kernel.php(383): Illuminate\\Foundation\\Application->bootstrapWith()
#12 /var/www/emaparking_dss/vendor/laravel/framework/src/Illuminate/Foundation/Console/Kernel.php(153): Illuminate\\Foundation\\Console\\Kernel->bootstrap()
#13 Command line code(1): Illuminate\\Foundation\\Console\\Kernel->handle()
#14 {main}
"} 
[2025-03-20 16:53:16] local.ERROR: Class "\Themes\BC\ThemeProvider" not found {"exception":"[object] (Error(code: 0): Class \"\\Themes\\BC\\ThemeProvider\" not found at /var/www/emaparking_dss/themes/ThemeServiceProvider.php:23)
[stacktrace]
#0 /var/www/emaparking_dss/vendor/laravel/framework/src/Illuminate/Container/BoundMethod.php(36): Themes\\ThemeServiceProvider->boot()
#1 /var/www/emaparking_dss/vendor/laravel/framework/src/Illuminate/Container/Util.php(41): Illuminate\\Container\\BoundMethod::Illuminate\\Container\\{closure}()
#2 /var/www/emaparking_dss/vendor/laravel/framework/src/Illuminate/Container/BoundMethod.php(93): Illuminate\\Container\\Util::unwrapIfClosure()
#3 /var/www/emaparking_dss/vendor/laravel/framework/src/Illuminate/Container/BoundMethod.php(35): Illuminate\\Container\\BoundMethod::callBoundMethod()
#4 /var/www/emaparking_dss/vendor/laravel/framework/src/Illuminate/Container/Container.php(651): Illuminate\\Container\\BoundMethod::call()
#5 /var/www/emaparking_dss/vendor/laravel/framework/src/Illuminate/Foundation/Application.php(933): Illuminate\\Container\\Container->call()
#6 /var/www/emaparking_dss/vendor/laravel/framework/src/Illuminate/Foundation/Application.php(914): Illuminate\\Foundation\\Application->bootProvider()
#7 [internal function]: Illuminate\\Foundation\\Application->Illuminate\\Foundation\\{closure}()
#8 /var/www/emaparking_dss/vendor/laravel/framework/src/Illuminate/Foundation/Application.php(913): array_walk()
#9 /var/www/emaparking_dss/vendor/laravel/framework/src/Illuminate/Foundation/Bootstrap/BootProviders.php(17): Illuminate\\Foundation\\Application->boot()
#10 /var/www/emaparking_dss/vendor/laravel/framework/src/Illuminate/Foundation/Application.php(242): Illuminate\\Foundation\\Bootstrap\\BootProviders->bootstrap()
#11 /var/www/emaparking_dss/vendor/laravel/framework/src/Illuminate/Foundation/Console/Kernel.php(383): Illuminate\\Foundation\\Application->bootstrapWith()
#12 /var/www/emaparking_dss/vendor/laravel/framework/src/Illuminate/Foundation/Console/Kernel.php(153): Illuminate\\Foundation\\Console\\Kernel->bootstrap()
#13 Command line code(1): Illuminate\\Foundation\\Console\\Kernel->handle()
#14 {main}
"} 
[2025-03-20 16:54:16] local.ERROR: Class "\Themes\BC\ThemeProvider" not found {"exception":"[object] (Error(code: 0): Class \"\\Themes\\BC\\ThemeProvider\" not found at /var/www/emaparking_dss/themes/ThemeServiceProvider.php:23)
[stacktrace]
#0 /var/www/emaparking_dss/vendor/laravel/framework/src/Illuminate/Container/BoundMethod.php(36): Themes\\ThemeServiceProvider->boot()
#1 /var/www/emaparking_dss/vendor/laravel/framework/src/Illuminate/Container/Util.php(41): Illuminate\\Container\\BoundMethod::Illuminate\\Container\\{closure}()
#2 /var/www/emaparking_dss/vendor/laravel/framework/src/Illuminate/Container/BoundMethod.php(93): Illuminate\\Container\\Util::unwrapIfClosure()
#3 /var/www/emaparking_dss/vendor/laravel/framework/src/Illuminate/Container/BoundMethod.php(35): Illuminate\\Container\\BoundMethod::callBoundMethod()
#4 /var/www/emaparking_dss/vendor/laravel/framework/src/Illuminate/Container/Container.php(651): Illuminate\\Container\\BoundMethod::call()
#5 /var/www/emaparking_dss/vendor/laravel/framework/src/Illuminate/Foundation/Application.php(933): Illuminate\\Container\\Container->call()
#6 /var/www/emaparking_dss/vendor/laravel/framework/src/Illuminate/Foundation/Application.php(914): Illuminate\\Foundation\\Application->bootProvider()
#7 [internal function]: Illuminate\\Foundation\\Application->Illuminate\\Foundation\\{closure}()
#8 /var/www/emaparking_dss/vendor/laravel/framework/src/Illuminate/Foundation/Application.php(913): array_walk()
#9 /var/www/emaparking_dss/vendor/laravel/framework/src/Illuminate/Foundation/Bootstrap/BootProviders.php(17): Illuminate\\Foundation\\Application->boot()
#10 /var/www/emaparking_dss/vendor/laravel/framework/src/Illuminate/Foundation/Application.php(242): Illuminate\\Foundation\\Bootstrap\\BootProviders->bootstrap()
#11 /var/www/emaparking_dss/vendor/laravel/framework/src/Illuminate/Foundation/Console/Kernel.php(383): Illuminate\\Foundation\\Application->bootstrapWith()
#12 /var/www/emaparking_dss/vendor/laravel/framework/src/Illuminate/Foundation/Console/Kernel.php(153): Illuminate\\Foundation\\Console\\Kernel->bootstrap()
#13 Command line code(1): Illuminate\\Foundation\\Console\\Kernel->handle()
#14 {main}
"} 
[2025-03-20 16:54:16] local.ERROR: Class "\Themes\BC\ThemeProvider" not found {"exception":"[object] (Error(code: 0): Class \"\\Themes\\BC\\ThemeProvider\" not found at /var/www/emaparking_dss/themes/ThemeServiceProvider.php:23)
[stacktrace]
#0 /var/www/emaparking_dss/vendor/laravel/framework/src/Illuminate/Container/BoundMethod.php(36): Themes\\ThemeServiceProvider->boot()
#1 /var/www/emaparking_dss/vendor/laravel/framework/src/Illuminate/Container/Util.php(41): Illuminate\\Container\\BoundMethod::Illuminate\\Container\\{closure}()
#2 /var/www/emaparking_dss/vendor/laravel/framework/src/Illuminate/Container/BoundMethod.php(93): Illuminate\\Container\\Util::unwrapIfClosure()
#3 /var/www/emaparking_dss/vendor/laravel/framework/src/Illuminate/Container/BoundMethod.php(35): Illuminate\\Container\\BoundMethod::callBoundMethod()
#4 /var/www/emaparking_dss/vendor/laravel/framework/src/Illuminate/Container/Container.php(651): Illuminate\\Container\\BoundMethod::call()
#5 /var/www/emaparking_dss/vendor/laravel/framework/src/Illuminate/Foundation/Application.php(933): Illuminate\\Container\\Container->call()
#6 /var/www/emaparking_dss/vendor/laravel/framework/src/Illuminate/Foundation/Application.php(914): Illuminate\\Foundation\\Application->bootProvider()
#7 [internal function]: Illuminate\\Foundation\\Application->Illuminate\\Foundation\\{closure}()
#8 /var/www/emaparking_dss/vendor/laravel/framework/src/Illuminate/Foundation/Application.php(913): array_walk()
#9 /var/www/emaparking_dss/vendor/laravel/framework/src/Illuminate/Foundation/Bootstrap/BootProviders.php(17): Illuminate\\Foundation\\Application->boot()
#10 /var/www/emaparking_dss/vendor/laravel/framework/src/Illuminate/Foundation/Application.php(242): Illuminate\\Foundation\\Bootstrap\\BootProviders->bootstrap()
#11 /var/www/emaparking_dss/vendor/laravel/framework/src/Illuminate/Foundation/Console/Kernel.php(383): Illuminate\\Foundation\\Application->bootstrapWith()
#12 /var/www/emaparking_dss/vendor/laravel/framework/src/Illuminate/Foundation/Console/Kernel.php(153): Illuminate\\Foundation\\Console\\Kernel->bootstrap()
#13 Command line code(1): Illuminate\\Foundation\\Console\\Kernel->handle()
#14 {main}
"} 
[2025-03-20 16:55:16] local.ERROR: Class "\Themes\BC\ThemeProvider" not found {"exception":"[object] (Error(code: 0): Class \"\\Themes\\BC\\ThemeProvider\" not found at /var/www/emaparking_dss/themes/ThemeServiceProvider.php:23)
[stacktrace]
#0 /var/www/emaparking_dss/vendor/laravel/framework/src/Illuminate/Container/BoundMethod.php(36): Themes\\ThemeServiceProvider->boot()
#1 /var/www/emaparking_dss/vendor/laravel/framework/src/Illuminate/Container/Util.php(41): Illuminate\\Container\\BoundMethod::Illuminate\\Container\\{closure}()
#2 /var/www/emaparking_dss/vendor/laravel/framework/src/Illuminate/Container/BoundMethod.php(93): Illuminate\\Container\\Util::unwrapIfClosure()
#3 /var/www/emaparking_dss/vendor/laravel/framework/src/Illuminate/Container/BoundMethod.php(35): Illuminate\\Container\\BoundMethod::callBoundMethod()
#4 /var/www/emaparking_dss/vendor/laravel/framework/src/Illuminate/Container/Container.php(651): Illuminate\\Container\\BoundMethod::call()
#5 /var/www/emaparking_dss/vendor/laravel/framework/src/Illuminate/Foundation/Application.php(933): Illuminate\\Container\\Container->call()
#6 /var/www/emaparking_dss/vendor/laravel/framework/src/Illuminate/Foundation/Application.php(914): Illuminate\\Foundation\\Application->bootProvider()
#7 [internal function]: Illuminate\\Foundation\\Application->Illuminate\\Foundation\\{closure}()
#8 /var/www/emaparking_dss/vendor/laravel/framework/src/Illuminate/Foundation/Application.php(913): array_walk()
#9 /var/www/emaparking_dss/vendor/laravel/framework/src/Illuminate/Foundation/Bootstrap/BootProviders.php(17): Illuminate\\Foundation\\Application->boot()
#10 /var/www/emaparking_dss/vendor/laravel/framework/src/Illuminate/Foundation/Application.php(242): Illuminate\\Foundation\\Bootstrap\\BootProviders->bootstrap()
#11 /var/www/emaparking_dss/vendor/laravel/framework/src/Illuminate/Foundation/Console/Kernel.php(383): Illuminate\\Foundation\\Application->bootstrapWith()
#12 /var/www/emaparking_dss/vendor/laravel/framework/src/Illuminate/Foundation/Console/Kernel.php(153): Illuminate\\Foundation\\Console\\Kernel->bootstrap()
#13 Command line code(1): Illuminate\\Foundation\\Console\\Kernel->handle()
#14 {main}
"} 
[2025-03-20 16:55:16] local.ERROR: Class "\Themes\BC\ThemeProvider" not found {"exception":"[object] (Error(code: 0): Class \"\\Themes\\BC\\ThemeProvider\" not found at /var/www/emaparking_dss/themes/ThemeServiceProvider.php:23)
[stacktrace]
#0 /var/www/emaparking_dss/vendor/laravel/framework/src/Illuminate/Container/BoundMethod.php(36): Themes\\ThemeServiceProvider->boot()
#1 /var/www/emaparking_dss/vendor/laravel/framework/src/Illuminate/Container/Util.php(41): Illuminate\\Container\\BoundMethod::Illuminate\\Container\\{closure}()
#2 /var/www/emaparking_dss/vendor/laravel/framework/src/Illuminate/Container/BoundMethod.php(93): Illuminate\\Container\\Util::unwrapIfClosure()
#3 /var/www/emaparking_dss/vendor/laravel/framework/src/Illuminate/Container/BoundMethod.php(35): Illuminate\\Container\\BoundMethod::callBoundMethod()
#4 /var/www/emaparking_dss/vendor/laravel/framework/src/Illuminate/Container/Container.php(651): Illuminate\\Container\\BoundMethod::call()
#5 /var/www/emaparking_dss/vendor/laravel/framework/src/Illuminate/Foundation/Application.php(933): Illuminate\\Container\\Container->call()
#6 /var/www/emaparking_dss/vendor/laravel/framework/src/Illuminate/Foundation/Application.php(914): Illuminate\\Foundation\\Application->bootProvider()
#7 [internal function]: Illuminate\\Foundation\\Application->Illuminate\\Foundation\\{closure}()
#8 /var/www/emaparking_dss/vendor/laravel/framework/src/Illuminate/Foundation/Application.php(913): array_walk()
#9 /var/www/emaparking_dss/vendor/laravel/framework/src/Illuminate/Foundation/Bootstrap/BootProviders.php(17): Illuminate\\Foundation\\Application->boot()
#10 /var/www/emaparking_dss/vendor/laravel/framework/src/Illuminate/Foundation/Application.php(242): Illuminate\\Foundation\\Bootstrap\\BootProviders->bootstrap()
#11 /var/www/emaparking_dss/vendor/laravel/framework/src/Illuminate/Foundation/Console/Kernel.php(383): Illuminate\\Foundation\\Application->bootstrapWith()
#12 /var/www/emaparking_dss/vendor/laravel/framework/src/Illuminate/Foundation/Console/Kernel.php(153): Illuminate\\Foundation\\Console\\Kernel->bootstrap()
#13 Command line code(1): Illuminate\\Foundation\\Console\\Kernel->handle()
#14 {main}
"} 
[2025-03-20 16:56:16] local.ERROR: Class "\Themes\BC\ThemeProvider" not found {"exception":"[object] (Error(code: 0): Class \"\\Themes\\BC\\ThemeProvider\" not found at /var/www/emaparking_dss/themes/ThemeServiceProvider.php:23)
[stacktrace]
#0 /var/www/emaparking_dss/vendor/laravel/framework/src/Illuminate/Container/BoundMethod.php(36): Themes\\ThemeServiceProvider->boot()
#1 /var/www/emaparking_dss/vendor/laravel/framework/src/Illuminate/Container/Util.php(41): Illuminate\\Container\\BoundMethod::Illuminate\\Container\\{closure}()
#2 /var/www/emaparking_dss/vendor/laravel/framework/src/Illuminate/Container/BoundMethod.php(93): Illuminate\\Container\\Util::unwrapIfClosure()
#3 /var/www/emaparking_dss/vendor/laravel/framework/src/Illuminate/Container/BoundMethod.php(35): Illuminate\\Container\\BoundMethod::callBoundMethod()
#4 /var/www/emaparking_dss/vendor/laravel/framework/src/Illuminate/Container/Container.php(651): Illuminate\\Container\\BoundMethod::call()
#5 /var/www/emaparking_dss/vendor/laravel/framework/src/Illuminate/Foundation/Application.php(933): Illuminate\\Container\\Container->call()
#6 /var/www/emaparking_dss/vendor/laravel/framework/src/Illuminate/Foundation/Application.php(914): Illuminate\\Foundation\\Application->bootProvider()
#7 [internal function]: Illuminate\\Foundation\\Application->Illuminate\\Foundation\\{closure}()
#8 /var/www/emaparking_dss/vendor/laravel/framework/src/Illuminate/Foundation/Application.php(913): array_walk()
#9 /var/www/emaparking_dss/vendor/laravel/framework/src/Illuminate/Foundation/Bootstrap/BootProviders.php(17): Illuminate\\Foundation\\Application->boot()
#10 /var/www/emaparking_dss/vendor/laravel/framework/src/Illuminate/Foundation/Application.php(242): Illuminate\\Foundation\\Bootstrap\\BootProviders->bootstrap()
#11 /var/www/emaparking_dss/vendor/laravel/framework/src/Illuminate/Foundation/Console/Kernel.php(383): Illuminate\\Foundation\\Application->bootstrapWith()
#12 /var/www/emaparking_dss/vendor/laravel/framework/src/Illuminate/Foundation/Console/Kernel.php(153): Illuminate\\Foundation\\Console\\Kernel->bootstrap()
#13 Command line code(1): Illuminate\\Foundation\\Console\\Kernel->handle()
#14 {main}
"} 
[2025-03-20 16:56:16] local.ERROR: Class "\Themes\BC\ThemeProvider" not found {"exception":"[object] (Error(code: 0): Class \"\\Themes\\BC\\ThemeProvider\" not found at /var/www/emaparking_dss/themes/ThemeServiceProvider.php:23)
[stacktrace]
#0 /var/www/emaparking_dss/vendor/laravel/framework/src/Illuminate/Container/BoundMethod.php(36): Themes\\ThemeServiceProvider->boot()
#1 /var/www/emaparking_dss/vendor/laravel/framework/src/Illuminate/Container/Util.php(41): Illuminate\\Container\\BoundMethod::Illuminate\\Container\\{closure}()
#2 /var/www/emaparking_dss/vendor/laravel/framework/src/Illuminate/Container/BoundMethod.php(93): Illuminate\\Container\\Util::unwrapIfClosure()
#3 /var/www/emaparking_dss/vendor/laravel/framework/src/Illuminate/Container/BoundMethod.php(35): Illuminate\\Container\\BoundMethod::callBoundMethod()
#4 /var/www/emaparking_dss/vendor/laravel/framework/src/Illuminate/Container/Container.php(651): Illuminate\\Container\\BoundMethod::call()
#5 /var/www/emaparking_dss/vendor/laravel/framework/src/Illuminate/Foundation/Application.php(933): Illuminate\\Container\\Container->call()
#6 /var/www/emaparking_dss/vendor/laravel/framework/src/Illuminate/Foundation/Application.php(914): Illuminate\\Foundation\\Application->bootProvider()
#7 [internal function]: Illuminate\\Foundation\\Application->Illuminate\\Foundation\\{closure}()
#8 /var/www/emaparking_dss/vendor/laravel/framework/src/Illuminate/Foundation/Application.php(913): array_walk()
#9 /var/www/emaparking_dss/vendor/laravel/framework/src/Illuminate/Foundation/Bootstrap/BootProviders.php(17): Illuminate\\Foundation\\Application->boot()
#10 /var/www/emaparking_dss/vendor/laravel/framework/src/Illuminate/Foundation/Application.php(242): Illuminate\\Foundation\\Bootstrap\\BootProviders->bootstrap()
#11 /var/www/emaparking_dss/vendor/laravel/framework/src/Illuminate/Foundation/Console/Kernel.php(383): Illuminate\\Foundation\\Application->bootstrapWith()
#12 /var/www/emaparking_dss/vendor/laravel/framework/src/Illuminate/Foundation/Console/Kernel.php(153): Illuminate\\Foundation\\Console\\Kernel->bootstrap()
#13 Command line code(1): Illuminate\\Foundation\\Console\\Kernel->handle()
#14 {main}
"} 
[2025-03-20 16:57:16] local.ERROR: Class "\Themes\BC\ThemeProvider" not found {"exception":"[object] (Error(code: 0): Class \"\\Themes\\BC\\ThemeProvider\" not found at /var/www/emaparking_dss/themes/ThemeServiceProvider.php:23)
[stacktrace]
#0 /var/www/emaparking_dss/vendor/laravel/framework/src/Illuminate/Container/BoundMethod.php(36): Themes\\ThemeServiceProvider->boot()
#1 /var/www/emaparking_dss/vendor/laravel/framework/src/Illuminate/Container/Util.php(41): Illuminate\\Container\\BoundMethod::Illuminate\\Container\\{closure}()
#2 /var/www/emaparking_dss/vendor/laravel/framework/src/Illuminate/Container/BoundMethod.php(93): Illuminate\\Container\\Util::unwrapIfClosure()
#3 /var/www/emaparking_dss/vendor/laravel/framework/src/Illuminate/Container/BoundMethod.php(35): Illuminate\\Container\\BoundMethod::callBoundMethod()
#4 /var/www/emaparking_dss/vendor/laravel/framework/src/Illuminate/Container/Container.php(651): Illuminate\\Container\\BoundMethod::call()
#5 /var/www/emaparking_dss/vendor/laravel/framework/src/Illuminate/Foundation/Application.php(933): Illuminate\\Container\\Container->call()
#6 /var/www/emaparking_dss/vendor/laravel/framework/src/Illuminate/Foundation/Application.php(914): Illuminate\\Foundation\\Application->bootProvider()
#7 [internal function]: Illuminate\\Foundation\\Application->Illuminate\\Foundation\\{closure}()
#8 /var/www/emaparking_dss/vendor/laravel/framework/src/Illuminate/Foundation/Application.php(913): array_walk()
#9 /var/www/emaparking_dss/vendor/laravel/framework/src/Illuminate/Foundation/Bootstrap/BootProviders.php(17): Illuminate\\Foundation\\Application->boot()
#10 /var/www/emaparking_dss/vendor/laravel/framework/src/Illuminate/Foundation/Application.php(242): Illuminate\\Foundation\\Bootstrap\\BootProviders->bootstrap()
#11 /var/www/emaparking_dss/vendor/laravel/framework/src/Illuminate/Foundation/Console/Kernel.php(383): Illuminate\\Foundation\\Application->bootstrapWith()
#12 /var/www/emaparking_dss/vendor/laravel/framework/src/Illuminate/Foundation/Console/Kernel.php(153): Illuminate\\Foundation\\Console\\Kernel->bootstrap()
#13 Command line code(1): Illuminate\\Foundation\\Console\\Kernel->handle()
#14 {main}
"} 
[2025-03-20 16:57:16] local.ERROR: Class "\Themes\BC\ThemeProvider" not found {"exception":"[object] (Error(code: 0): Class \"\\Themes\\BC\\ThemeProvider\" not found at /var/www/emaparking_dss/themes/ThemeServiceProvider.php:23)
[stacktrace]
#0 /var/www/emaparking_dss/vendor/laravel/framework/src/Illuminate/Container/BoundMethod.php(36): Themes\\ThemeServiceProvider->boot()
#1 /var/www/emaparking_dss/vendor/laravel/framework/src/Illuminate/Container/Util.php(41): Illuminate\\Container\\BoundMethod::Illuminate\\Container\\{closure}()
#2 /var/www/emaparking_dss/vendor/laravel/framework/src/Illuminate/Container/BoundMethod.php(93): Illuminate\\Container\\Util::unwrapIfClosure()
#3 /var/www/emaparking_dss/vendor/laravel/framework/src/Illuminate/Container/BoundMethod.php(35): Illuminate\\Container\\BoundMethod::callBoundMethod()
#4 /var/www/emaparking_dss/vendor/laravel/framework/src/Illuminate/Container/Container.php(651): Illuminate\\Container\\BoundMethod::call()
#5 /var/www/emaparking_dss/vendor/laravel/framework/src/Illuminate/Foundation/Application.php(933): Illuminate\\Container\\Container->call()
#6 /var/www/emaparking_dss/vendor/laravel/framework/src/Illuminate/Foundation/Application.php(914): Illuminate\\Foundation\\Application->bootProvider()
#7 [internal function]: Illuminate\\Foundation\\Application->Illuminate\\Foundation\\{closure}()
#8 /var/www/emaparking_dss/vendor/laravel/framework/src/Illuminate/Foundation/Application.php(913): array_walk()
#9 /var/www/emaparking_dss/vendor/laravel/framework/src/Illuminate/Foundation/Bootstrap/BootProviders.php(17): Illuminate\\Foundation\\Application->boot()
#10 /var/www/emaparking_dss/vendor/laravel/framework/src/Illuminate/Foundation/Application.php(242): Illuminate\\Foundation\\Bootstrap\\BootProviders->bootstrap()
#11 /var/www/emaparking_dss/vendor/laravel/framework/src/Illuminate/Foundation/Console/Kernel.php(383): Illuminate\\Foundation\\Application->bootstrapWith()
#12 /var/www/emaparking_dss/vendor/laravel/framework/src/Illuminate/Foundation/Console/Kernel.php(153): Illuminate\\Foundation\\Console\\Kernel->bootstrap()
#13 Command line code(1): Illuminate\\Foundation\\Console\\Kernel->handle()
#14 {main}
"} 
[2025-03-20 16:58:16] local.ERROR: Class "\Themes\BC\ThemeProvider" not found {"exception":"[object] (Error(code: 0): Class \"\\Themes\\BC\\ThemeProvider\" not found at /var/www/emaparking_dss/themes/ThemeServiceProvider.php:23)
[stacktrace]
#0 /var/www/emaparking_dss/vendor/laravel/framework/src/Illuminate/Container/BoundMethod.php(36): Themes\\ThemeServiceProvider->boot()
#1 /var/www/emaparking_dss/vendor/laravel/framework/src/Illuminate/Container/Util.php(41): Illuminate\\Container\\BoundMethod::Illuminate\\Container\\{closure}()
#2 /var/www/emaparking_dss/vendor/laravel/framework/src/Illuminate/Container/BoundMethod.php(93): Illuminate\\Container\\Util::unwrapIfClosure()
#3 /var/www/emaparking_dss/vendor/laravel/framework/src/Illuminate/Container/BoundMethod.php(35): Illuminate\\Container\\BoundMethod::callBoundMethod()
#4 /var/www/emaparking_dss/vendor/laravel/framework/src/Illuminate/Container/Container.php(651): Illuminate\\Container\\BoundMethod::call()
#5 /var/www/emaparking_dss/vendor/laravel/framework/src/Illuminate/Foundation/Application.php(933): Illuminate\\Container\\Container->call()
#6 /var/www/emaparking_dss/vendor/laravel/framework/src/Illuminate/Foundation/Application.php(914): Illuminate\\Foundation\\Application->bootProvider()
#7 [internal function]: Illuminate\\Foundation\\Application->Illuminate\\Foundation\\{closure}()
#8 /var/www/emaparking_dss/vendor/laravel/framework/src/Illuminate/Foundation/Application.php(913): array_walk()
#9 /var/www/emaparking_dss/vendor/laravel/framework/src/Illuminate/Foundation/Bootstrap/BootProviders.php(17): Illuminate\\Foundation\\Application->boot()
#10 /var/www/emaparking_dss/vendor/laravel/framework/src/Illuminate/Foundation/Application.php(242): Illuminate\\Foundation\\Bootstrap\\BootProviders->bootstrap()
#11 /var/www/emaparking_dss/vendor/laravel/framework/src/Illuminate/Foundation/Console/Kernel.php(383): Illuminate\\Foundation\\Application->bootstrapWith()
#12 /var/www/emaparking_dss/vendor/laravel/framework/src/Illuminate/Foundation/Console/Kernel.php(153): Illuminate\\Foundation\\Console\\Kernel->bootstrap()
#13 Command line code(1): Illuminate\\Foundation\\Console\\Kernel->handle()
#14 {main}
"} 
[2025-03-20 16:58:16] local.ERROR: Class "\Themes\BC\ThemeProvider" not found {"exception":"[object] (Error(code: 0): Class \"\\Themes\\BC\\ThemeProvider\" not found at /var/www/emaparking_dss/themes/ThemeServiceProvider.php:23)
[stacktrace]
#0 /var/www/emaparking_dss/vendor/laravel/framework/src/Illuminate/Container/BoundMethod.php(36): Themes\\ThemeServiceProvider->boot()
#1 /var/www/emaparking_dss/vendor/laravel/framework/src/Illuminate/Container/Util.php(41): Illuminate\\Container\\BoundMethod::Illuminate\\Container\\{closure}()
#2 /var/www/emaparking_dss/vendor/laravel/framework/src/Illuminate/Container/BoundMethod.php(93): Illuminate\\Container\\Util::unwrapIfClosure()
#3 /var/www/emaparking_dss/vendor/laravel/framework/src/Illuminate/Container/BoundMethod.php(35): Illuminate\\Container\\BoundMethod::callBoundMethod()
#4 /var/www/emaparking_dss/vendor/laravel/framework/src/Illuminate/Container/Container.php(651): Illuminate\\Container\\BoundMethod::call()
#5 /var/www/emaparking_dss/vendor/laravel/framework/src/Illuminate/Foundation/Application.php(933): Illuminate\\Container\\Container->call()
#6 /var/www/emaparking_dss/vendor/laravel/framework/src/Illuminate/Foundation/Application.php(914): Illuminate\\Foundation\\Application->bootProvider()
#7 [internal function]: Illuminate\\Foundation\\Application->Illuminate\\Foundation\\{closure}()
#8 /var/www/emaparking_dss/vendor/laravel/framework/src/Illuminate/Foundation/Application.php(913): array_walk()
#9 /var/www/emaparking_dss/vendor/laravel/framework/src/Illuminate/Foundation/Bootstrap/BootProviders.php(17): Illuminate\\Foundation\\Application->boot()
#10 /var/www/emaparking_dss/vendor/laravel/framework/src/Illuminate/Foundation/Application.php(242): Illuminate\\Foundation\\Bootstrap\\BootProviders->bootstrap()
#11 /var/www/emaparking_dss/vendor/laravel/framework/src/Illuminate/Foundation/Console/Kernel.php(383): Illuminate\\Foundation\\Application->bootstrapWith()
#12 /var/www/emaparking_dss/vendor/laravel/framework/src/Illuminate/Foundation/Console/Kernel.php(153): Illuminate\\Foundation\\Console\\Kernel->bootstrap()
#13 Command line code(1): Illuminate\\Foundation\\Console\\Kernel->handle()
#14 {main}
"} 
[2025-03-20 16:59:15] local.ERROR: Class "\Themes\BC\ThemeProvider" not found {"exception":"[object] (Error(code: 0): Class \"\\Themes\\BC\\ThemeProvider\" not found at /var/www/emaparking_dss/themes/ThemeServiceProvider.php:23)
[stacktrace]
#0 /var/www/emaparking_dss/vendor/laravel/framework/src/Illuminate/Container/BoundMethod.php(36): Themes\\ThemeServiceProvider->boot()
#1 /var/www/emaparking_dss/vendor/laravel/framework/src/Illuminate/Container/Util.php(41): Illuminate\\Container\\BoundMethod::Illuminate\\Container\\{closure}()
#2 /var/www/emaparking_dss/vendor/laravel/framework/src/Illuminate/Container/BoundMethod.php(93): Illuminate\\Container\\Util::unwrapIfClosure()
#3 /var/www/emaparking_dss/vendor/laravel/framework/src/Illuminate/Container/BoundMethod.php(35): Illuminate\\Container\\BoundMethod::callBoundMethod()
#4 /var/www/emaparking_dss/vendor/laravel/framework/src/Illuminate/Container/Container.php(651): Illuminate\\Container\\BoundMethod::call()
#5 /var/www/emaparking_dss/vendor/laravel/framework/src/Illuminate/Foundation/Application.php(933): Illuminate\\Container\\Container->call()
#6 /var/www/emaparking_dss/vendor/laravel/framework/src/Illuminate/Foundation/Application.php(914): Illuminate\\Foundation\\Application->bootProvider()
#7 [internal function]: Illuminate\\Foundation\\Application->Illuminate\\Foundation\\{closure}()
#8 /var/www/emaparking_dss/vendor/laravel/framework/src/Illuminate/Foundation/Application.php(913): array_walk()
#9 /var/www/emaparking_dss/vendor/laravel/framework/src/Illuminate/Foundation/Bootstrap/BootProviders.php(17): Illuminate\\Foundation\\Application->boot()
#10 /var/www/emaparking_dss/vendor/laravel/framework/src/Illuminate/Foundation/Application.php(242): Illuminate\\Foundation\\Bootstrap\\BootProviders->bootstrap()
#11 /var/www/emaparking_dss/vendor/laravel/framework/src/Illuminate/Foundation/Console/Kernel.php(383): Illuminate\\Foundation\\Application->bootstrapWith()
#12 /var/www/emaparking_dss/vendor/laravel/framework/src/Illuminate/Foundation/Console/Kernel.php(153): Illuminate\\Foundation\\Console\\Kernel->bootstrap()
#13 Command line code(1): Illuminate\\Foundation\\Console\\Kernel->handle()
#14 {main}
"} 
[2025-03-20 16:59:16] local.ERROR: Class "\Themes\BC\ThemeProvider" not found {"exception":"[object] (Error(code: 0): Class \"\\Themes\\BC\\ThemeProvider\" not found at /var/www/emaparking_dss/themes/ThemeServiceProvider.php:23)
[stacktrace]
#0 /var/www/emaparking_dss/vendor/laravel/framework/src/Illuminate/Container/BoundMethod.php(36): Themes\\ThemeServiceProvider->boot()
#1 /var/www/emaparking_dss/vendor/laravel/framework/src/Illuminate/Container/Util.php(41): Illuminate\\Container\\BoundMethod::Illuminate\\Container\\{closure}()
#2 /var/www/emaparking_dss/vendor/laravel/framework/src/Illuminate/Container/BoundMethod.php(93): Illuminate\\Container\\Util::unwrapIfClosure()
#3 /var/www/emaparking_dss/vendor/laravel/framework/src/Illuminate/Container/BoundMethod.php(35): Illuminate\\Container\\BoundMethod::callBoundMethod()
#4 /var/www/emaparking_dss/vendor/laravel/framework/src/Illuminate/Container/Container.php(651): Illuminate\\Container\\BoundMethod::call()
#5 /var/www/emaparking_dss/vendor/laravel/framework/src/Illuminate/Foundation/Application.php(933): Illuminate\\Container\\Container->call()
#6 /var/www/emaparking_dss/vendor/laravel/framework/src/Illuminate/Foundation/Application.php(914): Illuminate\\Foundation\\Application->bootProvider()
#7 [internal function]: Illuminate\\Foundation\\Application->Illuminate\\Foundation\\{closure}()
#8 /var/www/emaparking_dss/vendor/laravel/framework/src/Illuminate/Foundation/Application.php(913): array_walk()
#9 /var/www/emaparking_dss/vendor/laravel/framework/src/Illuminate/Foundation/Bootstrap/BootProviders.php(17): Illuminate\\Foundation\\Application->boot()
#10 /var/www/emaparking_dss/vendor/laravel/framework/src/Illuminate/Foundation/Application.php(242): Illuminate\\Foundation\\Bootstrap\\BootProviders->bootstrap()
#11 /var/www/emaparking_dss/vendor/laravel/framework/src/Illuminate/Foundation/Console/Kernel.php(383): Illuminate\\Foundation\\Application->bootstrapWith()
#12 /var/www/emaparking_dss/vendor/laravel/framework/src/Illuminate/Foundation/Console/Kernel.php(153): Illuminate\\Foundation\\Console\\Kernel->bootstrap()
#13 Command line code(1): Illuminate\\Foundation\\Console\\Kernel->handle()
#14 {main}
"} 
[2025-03-20 16:59:16] local.ERROR: Class "\Themes\BC\ThemeProvider" not found {"exception":"[object] (Error(code: 0): Class \"\\Themes\\BC\\ThemeProvider\" not found at /var/www/emaparking_dss/themes/ThemeServiceProvider.php:23)
[stacktrace]
#0 /var/www/emaparking_dss/vendor/laravel/framework/src/Illuminate/Container/BoundMethod.php(36): Themes\\ThemeServiceProvider->boot()
#1 /var/www/emaparking_dss/vendor/laravel/framework/src/Illuminate/Container/Util.php(41): Illuminate\\Container\\BoundMethod::Illuminate\\Container\\{closure}()
#2 /var/www/emaparking_dss/vendor/laravel/framework/src/Illuminate/Container/BoundMethod.php(93): Illuminate\\Container\\Util::unwrapIfClosure()
#3 /var/www/emaparking_dss/vendor/laravel/framework/src/Illuminate/Container/BoundMethod.php(35): Illuminate\\Container\\BoundMethod::callBoundMethod()
#4 /var/www/emaparking_dss/vendor/laravel/framework/src/Illuminate/Container/Container.php(651): Illuminate\\Container\\BoundMethod::call()
#5 /var/www/emaparking_dss/vendor/laravel/framework/src/Illuminate/Foundation/Application.php(933): Illuminate\\Container\\Container->call()
#6 /var/www/emaparking_dss/vendor/laravel/framework/src/Illuminate/Foundation/Application.php(914): Illuminate\\Foundation\\Application->bootProvider()
#7 [internal function]: Illuminate\\Foundation\\Application->Illuminate\\Foundation\\{closure}()
#8 /var/www/emaparking_dss/vendor/laravel/framework/src/Illuminate/Foundation/Application.php(913): array_walk()
#9 /var/www/emaparking_dss/vendor/laravel/framework/src/Illuminate/Foundation/Bootstrap/BootProviders.php(17): Illuminate\\Foundation\\Application->boot()
#10 /var/www/emaparking_dss/vendor/laravel/framework/src/Illuminate/Foundation/Application.php(242): Illuminate\\Foundation\\Bootstrap\\BootProviders->bootstrap()
#11 /var/www/emaparking_dss/vendor/laravel/framework/src/Illuminate/Foundation/Console/Kernel.php(383): Illuminate\\Foundation\\Application->bootstrapWith()
#12 /var/www/emaparking_dss/vendor/laravel/framework/src/Illuminate/Foundation/Console/Kernel.php(153): Illuminate\\Foundation\\Console\\Kernel->bootstrap()
#13 Command line code(1): Illuminate\\Foundation\\Console\\Kernel->handle()
#14 {main}
"} 
[2025-03-20 17:00:16] local.ERROR: Class "\Themes\BC\ThemeProvider" not found {"exception":"[object] (Error(code: 0): Class \"\\Themes\\BC\\ThemeProvider\" not found at /var/www/emaparking_dss/themes/ThemeServiceProvider.php:23)
[stacktrace]
#0 /var/www/emaparking_dss/vendor/laravel/framework/src/Illuminate/Container/BoundMethod.php(36): Themes\\ThemeServiceProvider->boot()
#1 /var/www/emaparking_dss/vendor/laravel/framework/src/Illuminate/Container/Util.php(41): Illuminate\\Container\\BoundMethod::Illuminate\\Container\\{closure}()
#2 /var/www/emaparking_dss/vendor/laravel/framework/src/Illuminate/Container/BoundMethod.php(93): Illuminate\\Container\\Util::unwrapIfClosure()
#3 /var/www/emaparking_dss/vendor/laravel/framework/src/Illuminate/Container/BoundMethod.php(35): Illuminate\\Container\\BoundMethod::callBoundMethod()
#4 /var/www/emaparking_dss/vendor/laravel/framework/src/Illuminate/Container/Container.php(651): Illuminate\\Container\\BoundMethod::call()
#5 /var/www/emaparking_dss/vendor/laravel/framework/src/Illuminate/Foundation/Application.php(933): Illuminate\\Container\\Container->call()
#6 /var/www/emaparking_dss/vendor/laravel/framework/src/Illuminate/Foundation/Application.php(914): Illuminate\\Foundation\\Application->bootProvider()
#7 [internal function]: Illuminate\\Foundation\\Application->Illuminate\\Foundation\\{closure}()
#8 /var/www/emaparking_dss/vendor/laravel/framework/src/Illuminate/Foundation/Application.php(913): array_walk()
#9 /var/www/emaparking_dss/vendor/laravel/framework/src/Illuminate/Foundation/Bootstrap/BootProviders.php(17): Illuminate\\Foundation\\Application->boot()
#10 /var/www/emaparking_dss/vendor/laravel/framework/src/Illuminate/Foundation/Application.php(242): Illuminate\\Foundation\\Bootstrap\\BootProviders->bootstrap()
#11 /var/www/emaparking_dss/vendor/laravel/framework/src/Illuminate/Foundation/Console/Kernel.php(383): Illuminate\\Foundation\\Application->bootstrapWith()
#12 /var/www/emaparking_dss/vendor/laravel/framework/src/Illuminate/Foundation/Console/Kernel.php(153): Illuminate\\Foundation\\Console\\Kernel->bootstrap()
#13 Command line code(1): Illuminate\\Foundation\\Console\\Kernel->handle()
#14 {main}
"} 
[2025-03-20 17:00:16] local.ERROR: Class "\Themes\BC\ThemeProvider" not found {"exception":"[object] (Error(code: 0): Class \"\\Themes\\BC\\ThemeProvider\" not found at /var/www/emaparking_dss/themes/ThemeServiceProvider.php:23)
[stacktrace]
#0 /var/www/emaparking_dss/vendor/laravel/framework/src/Illuminate/Container/BoundMethod.php(36): Themes\\ThemeServiceProvider->boot()
#1 /var/www/emaparking_dss/vendor/laravel/framework/src/Illuminate/Container/Util.php(41): Illuminate\\Container\\BoundMethod::Illuminate\\Container\\{closure}()
#2 /var/www/emaparking_dss/vendor/laravel/framework/src/Illuminate/Container/BoundMethod.php(93): Illuminate\\Container\\Util::unwrapIfClosure()
#3 /var/www/emaparking_dss/vendor/laravel/framework/src/Illuminate/Container/BoundMethod.php(35): Illuminate\\Container\\BoundMethod::callBoundMethod()
#4 /var/www/emaparking_dss/vendor/laravel/framework/src/Illuminate/Container/Container.php(651): Illuminate\\Container\\BoundMethod::call()
#5 /var/www/emaparking_dss/vendor/laravel/framework/src/Illuminate/Foundation/Application.php(933): Illuminate\\Container\\Container->call()
#6 /var/www/emaparking_dss/vendor/laravel/framework/src/Illuminate/Foundation/Application.php(914): Illuminate\\Foundation\\Application->bootProvider()
#7 [internal function]: Illuminate\\Foundation\\Application->Illuminate\\Foundation\\{closure}()
#8 /var/www/emaparking_dss/vendor/laravel/framework/src/Illuminate/Foundation/Application.php(913): array_walk()
#9 /var/www/emaparking_dss/vendor/laravel/framework/src/Illuminate/Foundation/Bootstrap/BootProviders.php(17): Illuminate\\Foundation\\Application->boot()
#10 /var/www/emaparking_dss/vendor/laravel/framework/src/Illuminate/Foundation/Application.php(242): Illuminate\\Foundation\\Bootstrap\\BootProviders->bootstrap()
#11 /var/www/emaparking_dss/vendor/laravel/framework/src/Illuminate/Foundation/Console/Kernel.php(383): Illuminate\\Foundation\\Application->bootstrapWith()
#12 /var/www/emaparking_dss/vendor/laravel/framework/src/Illuminate/Foundation/Console/Kernel.php(153): Illuminate\\Foundation\\Console\\Kernel->bootstrap()
#13 Command line code(1): Illuminate\\Foundation\\Console\\Kernel->handle()
#14 {main}
"} 
[2025-03-20 17:01:16] local.ERROR: Class "\Themes\BC\ThemeProvider" not found {"exception":"[object] (Error(code: 0): Class \"\\Themes\\BC\\ThemeProvider\" not found at /var/www/emaparking_dss/themes/ThemeServiceProvider.php:23)
[stacktrace]
#0 /var/www/emaparking_dss/vendor/laravel/framework/src/Illuminate/Container/BoundMethod.php(36): Themes\\ThemeServiceProvider->boot()
#1 /var/www/emaparking_dss/vendor/laravel/framework/src/Illuminate/Container/Util.php(41): Illuminate\\Container\\BoundMethod::Illuminate\\Container\\{closure}()
#2 /var/www/emaparking_dss/vendor/laravel/framework/src/Illuminate/Container/BoundMethod.php(93): Illuminate\\Container\\Util::unwrapIfClosure()
#3 /var/www/emaparking_dss/vendor/laravel/framework/src/Illuminate/Container/BoundMethod.php(35): Illuminate\\Container\\BoundMethod::callBoundMethod()
#4 /var/www/emaparking_dss/vendor/laravel/framework/src/Illuminate/Container/Container.php(651): Illuminate\\Container\\BoundMethod::call()
#5 /var/www/emaparking_dss/vendor/laravel/framework/src/Illuminate/Foundation/Application.php(933): Illuminate\\Container\\Container->call()
#6 /var/www/emaparking_dss/vendor/laravel/framework/src/Illuminate/Foundation/Application.php(914): Illuminate\\Foundation\\Application->bootProvider()
#7 [internal function]: Illuminate\\Foundation\\Application->Illuminate\\Foundation\\{closure}()
#8 /var/www/emaparking_dss/vendor/laravel/framework/src/Illuminate/Foundation/Application.php(913): array_walk()
#9 /var/www/emaparking_dss/vendor/laravel/framework/src/Illuminate/Foundation/Bootstrap/BootProviders.php(17): Illuminate\\Foundation\\Application->boot()
#10 /var/www/emaparking_dss/vendor/laravel/framework/src/Illuminate/Foundation/Application.php(242): Illuminate\\Foundation\\Bootstrap\\BootProviders->bootstrap()
#11 /var/www/emaparking_dss/vendor/laravel/framework/src/Illuminate/Foundation/Console/Kernel.php(383): Illuminate\\Foundation\\Application->bootstrapWith()
#12 /var/www/emaparking_dss/vendor/laravel/framework/src/Illuminate/Foundation/Console/Kernel.php(153): Illuminate\\Foundation\\Console\\Kernel->bootstrap()
#13 Command line code(1): Illuminate\\Foundation\\Console\\Kernel->handle()
#14 {main}
"} 
[2025-03-20 17:01:16] local.ERROR: Class "\Themes\BC\ThemeProvider" not found {"exception":"[object] (Error(code: 0): Class \"\\Themes\\BC\\ThemeProvider\" not found at /var/www/emaparking_dss/themes/ThemeServiceProvider.php:23)
[stacktrace]
#0 /var/www/emaparking_dss/vendor/laravel/framework/src/Illuminate/Container/BoundMethod.php(36): Themes\\ThemeServiceProvider->boot()
#1 /var/www/emaparking_dss/vendor/laravel/framework/src/Illuminate/Container/Util.php(41): Illuminate\\Container\\BoundMethod::Illuminate\\Container\\{closure}()
#2 /var/www/emaparking_dss/vendor/laravel/framework/src/Illuminate/Container/BoundMethod.php(93): Illuminate\\Container\\Util::unwrapIfClosure()
#3 /var/www/emaparking_dss/vendor/laravel/framework/src/Illuminate/Container/BoundMethod.php(35): Illuminate\\Container\\BoundMethod::callBoundMethod()
#4 /var/www/emaparking_dss/vendor/laravel/framework/src/Illuminate/Container/Container.php(651): Illuminate\\Container\\BoundMethod::call()
#5 /var/www/emaparking_dss/vendor/laravel/framework/src/Illuminate/Foundation/Application.php(933): Illuminate\\Container\\Container->call()
#6 /var/www/emaparking_dss/vendor/laravel/framework/src/Illuminate/Foundation/Application.php(914): Illuminate\\Foundation\\Application->bootProvider()
#7 [internal function]: Illuminate\\Foundation\\Application->Illuminate\\Foundation\\{closure}()
#8 /var/www/emaparking_dss/vendor/laravel/framework/src/Illuminate/Foundation/Application.php(913): array_walk()
#9 /var/www/emaparking_dss/vendor/laravel/framework/src/Illuminate/Foundation/Bootstrap/BootProviders.php(17): Illuminate\\Foundation\\Application->boot()
#10 /var/www/emaparking_dss/vendor/laravel/framework/src/Illuminate/Foundation/Application.php(242): Illuminate\\Foundation\\Bootstrap\\BootProviders->bootstrap()
#11 /var/www/emaparking_dss/vendor/laravel/framework/src/Illuminate/Foundation/Console/Kernel.php(383): Illuminate\\Foundation\\Application->bootstrapWith()
#12 /var/www/emaparking_dss/vendor/laravel/framework/src/Illuminate/Foundation/Console/Kernel.php(153): Illuminate\\Foundation\\Console\\Kernel->bootstrap()
#13 Command line code(1): Illuminate\\Foundation\\Console\\Kernel->handle()
#14 {main}
"} 
[2025-03-20 17:02:16] local.ERROR: Class "\Themes\BC\ThemeProvider" not found {"exception":"[object] (Error(code: 0): Class \"\\Themes\\BC\\ThemeProvider\" not found at /var/www/emaparking_dss/themes/ThemeServiceProvider.php:23)
[stacktrace]
#0 /var/www/emaparking_dss/vendor/laravel/framework/src/Illuminate/Container/BoundMethod.php(36): Themes\\ThemeServiceProvider->boot()
#1 /var/www/emaparking_dss/vendor/laravel/framework/src/Illuminate/Container/Util.php(41): Illuminate\\Container\\BoundMethod::Illuminate\\Container\\{closure}()
#2 /var/www/emaparking_dss/vendor/laravel/framework/src/Illuminate/Container/BoundMethod.php(93): Illuminate\\Container\\Util::unwrapIfClosure()
#3 /var/www/emaparking_dss/vendor/laravel/framework/src/Illuminate/Container/BoundMethod.php(35): Illuminate\\Container\\BoundMethod::callBoundMethod()
#4 /var/www/emaparking_dss/vendor/laravel/framework/src/Illuminate/Container/Container.php(651): Illuminate\\Container\\BoundMethod::call()
#5 /var/www/emaparking_dss/vendor/laravel/framework/src/Illuminate/Foundation/Application.php(933): Illuminate\\Container\\Container->call()
#6 /var/www/emaparking_dss/vendor/laravel/framework/src/Illuminate/Foundation/Application.php(914): Illuminate\\Foundation\\Application->bootProvider()
#7 [internal function]: Illuminate\\Foundation\\Application->Illuminate\\Foundation\\{closure}()
#8 /var/www/emaparking_dss/vendor/laravel/framework/src/Illuminate/Foundation/Application.php(913): array_walk()
#9 /var/www/emaparking_dss/vendor/laravel/framework/src/Illuminate/Foundation/Bootstrap/BootProviders.php(17): Illuminate\\Foundation\\Application->boot()
#10 /var/www/emaparking_dss/vendor/laravel/framework/src/Illuminate/Foundation/Application.php(242): Illuminate\\Foundation\\Bootstrap\\BootProviders->bootstrap()
#11 /var/www/emaparking_dss/vendor/laravel/framework/src/Illuminate/Foundation/Console/Kernel.php(383): Illuminate\\Foundation\\Application->bootstrapWith()
#12 /var/www/emaparking_dss/vendor/laravel/framework/src/Illuminate/Foundation/Console/Kernel.php(153): Illuminate\\Foundation\\Console\\Kernel->bootstrap()
#13 Command line code(1): Illuminate\\Foundation\\Console\\Kernel->handle()
#14 {main}
"} 
[2025-03-20 17:02:16] local.ERROR: Class "\Themes\BC\ThemeProvider" not found {"exception":"[object] (Error(code: 0): Class \"\\Themes\\BC\\ThemeProvider\" not found at /var/www/emaparking_dss/themes/ThemeServiceProvider.php:23)
[stacktrace]
#0 /var/www/emaparking_dss/vendor/laravel/framework/src/Illuminate/Container/BoundMethod.php(36): Themes\\ThemeServiceProvider->boot()
#1 /var/www/emaparking_dss/vendor/laravel/framework/src/Illuminate/Container/Util.php(41): Illuminate\\Container\\BoundMethod::Illuminate\\Container\\{closure}()
#2 /var/www/emaparking_dss/vendor/laravel/framework/src/Illuminate/Container/BoundMethod.php(93): Illuminate\\Container\\Util::unwrapIfClosure()
#3 /var/www/emaparking_dss/vendor/laravel/framework/src/Illuminate/Container/BoundMethod.php(35): Illuminate\\Container\\BoundMethod::callBoundMethod()
#4 /var/www/emaparking_dss/vendor/laravel/framework/src/Illuminate/Container/Container.php(651): Illuminate\\Container\\BoundMethod::call()
#5 /var/www/emaparking_dss/vendor/laravel/framework/src/Illuminate/Foundation/Application.php(933): Illuminate\\Container\\Container->call()
#6 /var/www/emaparking_dss/vendor/laravel/framework/src/Illuminate/Foundation/Application.php(914): Illuminate\\Foundation\\Application->bootProvider()
#7 [internal function]: Illuminate\\Foundation\\Application->Illuminate\\Foundation\\{closure}()
#8 /var/www/emaparking_dss/vendor/laravel/framework/src/Illuminate/Foundation/Application.php(913): array_walk()
#9 /var/www/emaparking_dss/vendor/laravel/framework/src/Illuminate/Foundation/Bootstrap/BootProviders.php(17): Illuminate\\Foundation\\Application->boot()
#10 /var/www/emaparking_dss/vendor/laravel/framework/src/Illuminate/Foundation/Application.php(242): Illuminate\\Foundation\\Bootstrap\\BootProviders->bootstrap()
#11 /var/www/emaparking_dss/vendor/laravel/framework/src/Illuminate/Foundation/Console/Kernel.php(383): Illuminate\\Foundation\\Application->bootstrapWith()
#12 /var/www/emaparking_dss/vendor/laravel/framework/src/Illuminate/Foundation/Console/Kernel.php(153): Illuminate\\Foundation\\Console\\Kernel->bootstrap()
#13 Command line code(1): Illuminate\\Foundation\\Console\\Kernel->handle()
#14 {main}
"} 
[2025-03-20 17:03:16] local.ERROR: Class "\Themes\BC\ThemeProvider" not found {"exception":"[object] (Error(code: 0): Class \"\\Themes\\BC\\ThemeProvider\" not found at /var/www/emaparking_dss/themes/ThemeServiceProvider.php:23)
[stacktrace]
#0 /var/www/emaparking_dss/vendor/laravel/framework/src/Illuminate/Container/BoundMethod.php(36): Themes\\ThemeServiceProvider->boot()
#1 /var/www/emaparking_dss/vendor/laravel/framework/src/Illuminate/Container/Util.php(41): Illuminate\\Container\\BoundMethod::Illuminate\\Container\\{closure}()
#2 /var/www/emaparking_dss/vendor/laravel/framework/src/Illuminate/Container/BoundMethod.php(93): Illuminate\\Container\\Util::unwrapIfClosure()
#3 /var/www/emaparking_dss/vendor/laravel/framework/src/Illuminate/Container/BoundMethod.php(35): Illuminate\\Container\\BoundMethod::callBoundMethod()
#4 /var/www/emaparking_dss/vendor/laravel/framework/src/Illuminate/Container/Container.php(651): Illuminate\\Container\\BoundMethod::call()
#5 /var/www/emaparking_dss/vendor/laravel/framework/src/Illuminate/Foundation/Application.php(933): Illuminate\\Container\\Container->call()
#6 /var/www/emaparking_dss/vendor/laravel/framework/src/Illuminate/Foundation/Application.php(914): Illuminate\\Foundation\\Application->bootProvider()
#7 [internal function]: Illuminate\\Foundation\\Application->Illuminate\\Foundation\\{closure}()
#8 /var/www/emaparking_dss/vendor/laravel/framework/src/Illuminate/Foundation/Application.php(913): array_walk()
#9 /var/www/emaparking_dss/vendor/laravel/framework/src/Illuminate/Foundation/Bootstrap/BootProviders.php(17): Illuminate\\Foundation\\Application->boot()
#10 /var/www/emaparking_dss/vendor/laravel/framework/src/Illuminate/Foundation/Application.php(242): Illuminate\\Foundation\\Bootstrap\\BootProviders->bootstrap()
#11 /var/www/emaparking_dss/vendor/laravel/framework/src/Illuminate/Foundation/Console/Kernel.php(383): Illuminate\\Foundation\\Application->bootstrapWith()
#12 /var/www/emaparking_dss/vendor/laravel/framework/src/Illuminate/Foundation/Console/Kernel.php(153): Illuminate\\Foundation\\Console\\Kernel->bootstrap()
#13 Command line code(1): Illuminate\\Foundation\\Console\\Kernel->handle()
#14 {main}
"} 
[2025-03-20 17:03:16] local.ERROR: Class "\Themes\BC\ThemeProvider" not found {"exception":"[object] (Error(code: 0): Class \"\\Themes\\BC\\ThemeProvider\" not found at /var/www/emaparking_dss/themes/ThemeServiceProvider.php:23)
[stacktrace]
#0 /var/www/emaparking_dss/vendor/laravel/framework/src/Illuminate/Container/BoundMethod.php(36): Themes\\ThemeServiceProvider->boot()
#1 /var/www/emaparking_dss/vendor/laravel/framework/src/Illuminate/Container/Util.php(41): Illuminate\\Container\\BoundMethod::Illuminate\\Container\\{closure}()
#2 /var/www/emaparking_dss/vendor/laravel/framework/src/Illuminate/Container/BoundMethod.php(93): Illuminate\\Container\\Util::unwrapIfClosure()
#3 /var/www/emaparking_dss/vendor/laravel/framework/src/Illuminate/Container/BoundMethod.php(35): Illuminate\\Container\\BoundMethod::callBoundMethod()
#4 /var/www/emaparking_dss/vendor/laravel/framework/src/Illuminate/Container/Container.php(651): Illuminate\\Container\\BoundMethod::call()
#5 /var/www/emaparking_dss/vendor/laravel/framework/src/Illuminate/Foundation/Application.php(933): Illuminate\\Container\\Container->call()
#6 /var/www/emaparking_dss/vendor/laravel/framework/src/Illuminate/Foundation/Application.php(914): Illuminate\\Foundation\\Application->bootProvider()
#7 [internal function]: Illuminate\\Foundation\\Application->Illuminate\\Foundation\\{closure}()
#8 /var/www/emaparking_dss/vendor/laravel/framework/src/Illuminate/Foundation/Application.php(913): array_walk()
#9 /var/www/emaparking_dss/vendor/laravel/framework/src/Illuminate/Foundation/Bootstrap/BootProviders.php(17): Illuminate\\Foundation\\Application->boot()
#10 /var/www/emaparking_dss/vendor/laravel/framework/src/Illuminate/Foundation/Application.php(242): Illuminate\\Foundation\\Bootstrap\\BootProviders->bootstrap()
#11 /var/www/emaparking_dss/vendor/laravel/framework/src/Illuminate/Foundation/Console/Kernel.php(383): Illuminate\\Foundation\\Application->bootstrapWith()
#12 /var/www/emaparking_dss/vendor/laravel/framework/src/Illuminate/Foundation/Console/Kernel.php(153): Illuminate\\Foundation\\Console\\Kernel->bootstrap()
#13 Command line code(1): Illuminate\\Foundation\\Console\\Kernel->handle()
#14 {main}
"} 
[2025-03-20 17:04:16] local.ERROR: Class "\Themes\BC\ThemeProvider" not found {"exception":"[object] (Error(code: 0): Class \"\\Themes\\BC\\ThemeProvider\" not found at /var/www/emaparking_dss/themes/ThemeServiceProvider.php:23)
[stacktrace]
#0 /var/www/emaparking_dss/vendor/laravel/framework/src/Illuminate/Container/BoundMethod.php(36): Themes\\ThemeServiceProvider->boot()
#1 /var/www/emaparking_dss/vendor/laravel/framework/src/Illuminate/Container/Util.php(41): Illuminate\\Container\\BoundMethod::Illuminate\\Container\\{closure}()
#2 /var/www/emaparking_dss/vendor/laravel/framework/src/Illuminate/Container/BoundMethod.php(93): Illuminate\\Container\\Util::unwrapIfClosure()
#3 /var/www/emaparking_dss/vendor/laravel/framework/src/Illuminate/Container/BoundMethod.php(35): Illuminate\\Container\\BoundMethod::callBoundMethod()
#4 /var/www/emaparking_dss/vendor/laravel/framework/src/Illuminate/Container/Container.php(651): Illuminate\\Container\\BoundMethod::call()
#5 /var/www/emaparking_dss/vendor/laravel/framework/src/Illuminate/Foundation/Application.php(933): Illuminate\\Container\\Container->call()
#6 /var/www/emaparking_dss/vendor/laravel/framework/src/Illuminate/Foundation/Application.php(914): Illuminate\\Foundation\\Application->bootProvider()
#7 [internal function]: Illuminate\\Foundation\\Application->Illuminate\\Foundation\\{closure}()
#8 /var/www/emaparking_dss/vendor/laravel/framework/src/Illuminate/Foundation/Application.php(913): array_walk()
#9 /var/www/emaparking_dss/vendor/laravel/framework/src/Illuminate/Foundation/Bootstrap/BootProviders.php(17): Illuminate\\Foundation\\Application->boot()
#10 /var/www/emaparking_dss/vendor/laravel/framework/src/Illuminate/Foundation/Application.php(242): Illuminate\\Foundation\\Bootstrap\\BootProviders->bootstrap()
#11 /var/www/emaparking_dss/vendor/laravel/framework/src/Illuminate/Foundation/Console/Kernel.php(383): Illuminate\\Foundation\\Application->bootstrapWith()
#12 /var/www/emaparking_dss/vendor/laravel/framework/src/Illuminate/Foundation/Console/Kernel.php(153): Illuminate\\Foundation\\Console\\Kernel->bootstrap()
#13 Command line code(1): Illuminate\\Foundation\\Console\\Kernel->handle()
#14 {main}
"} 
[2025-03-20 17:04:16] local.ERROR: Class "\Themes\BC\ThemeProvider" not found {"exception":"[object] (Error(code: 0): Class \"\\Themes\\BC\\ThemeProvider\" not found at /var/www/emaparking_dss/themes/ThemeServiceProvider.php:23)
[stacktrace]
#0 /var/www/emaparking_dss/vendor/laravel/framework/src/Illuminate/Container/BoundMethod.php(36): Themes\\ThemeServiceProvider->boot()
#1 /var/www/emaparking_dss/vendor/laravel/framework/src/Illuminate/Container/Util.php(41): Illuminate\\Container\\BoundMethod::Illuminate\\Container\\{closure}()
#2 /var/www/emaparking_dss/vendor/laravel/framework/src/Illuminate/Container/BoundMethod.php(93): Illuminate\\Container\\Util::unwrapIfClosure()
#3 /var/www/emaparking_dss/vendor/laravel/framework/src/Illuminate/Container/BoundMethod.php(35): Illuminate\\Container\\BoundMethod::callBoundMethod()
#4 /var/www/emaparking_dss/vendor/laravel/framework/src/Illuminate/Container/Container.php(651): Illuminate\\Container\\BoundMethod::call()
#5 /var/www/emaparking_dss/vendor/laravel/framework/src/Illuminate/Foundation/Application.php(933): Illuminate\\Container\\Container->call()
#6 /var/www/emaparking_dss/vendor/laravel/framework/src/Illuminate/Foundation/Application.php(914): Illuminate\\Foundation\\Application->bootProvider()
#7 [internal function]: Illuminate\\Foundation\\Application->Illuminate\\Foundation\\{closure}()
#8 /var/www/emaparking_dss/vendor/laravel/framework/src/Illuminate/Foundation/Application.php(913): array_walk()
#9 /var/www/emaparking_dss/vendor/laravel/framework/src/Illuminate/Foundation/Bootstrap/BootProviders.php(17): Illuminate\\Foundation\\Application->boot()
#10 /var/www/emaparking_dss/vendor/laravel/framework/src/Illuminate/Foundation/Application.php(242): Illuminate\\Foundation\\Bootstrap\\BootProviders->bootstrap()
#11 /var/www/emaparking_dss/vendor/laravel/framework/src/Illuminate/Foundation/Console/Kernel.php(383): Illuminate\\Foundation\\Application->bootstrapWith()
#12 /var/www/emaparking_dss/vendor/laravel/framework/src/Illuminate/Foundation/Console/Kernel.php(153): Illuminate\\Foundation\\Console\\Kernel->bootstrap()
#13 Command line code(1): Illuminate\\Foundation\\Console\\Kernel->handle()
#14 {main}
"} 
[2025-03-20 17:05:16] local.ERROR: Class "\Themes\BC\ThemeProvider" not found {"exception":"[object] (Error(code: 0): Class \"\\Themes\\BC\\ThemeProvider\" not found at /var/www/emaparking_dss/themes/ThemeServiceProvider.php:23)
[stacktrace]
#0 /var/www/emaparking_dss/vendor/laravel/framework/src/Illuminate/Container/BoundMethod.php(36): Themes\\ThemeServiceProvider->boot()
#1 /var/www/emaparking_dss/vendor/laravel/framework/src/Illuminate/Container/Util.php(41): Illuminate\\Container\\BoundMethod::Illuminate\\Container\\{closure}()
#2 /var/www/emaparking_dss/vendor/laravel/framework/src/Illuminate/Container/BoundMethod.php(93): Illuminate\\Container\\Util::unwrapIfClosure()
#3 /var/www/emaparking_dss/vendor/laravel/framework/src/Illuminate/Container/BoundMethod.php(35): Illuminate\\Container\\BoundMethod::callBoundMethod()
#4 /var/www/emaparking_dss/vendor/laravel/framework/src/Illuminate/Container/Container.php(651): Illuminate\\Container\\BoundMethod::call()
#5 /var/www/emaparking_dss/vendor/laravel/framework/src/Illuminate/Foundation/Application.php(933): Illuminate\\Container\\Container->call()
#6 /var/www/emaparking_dss/vendor/laravel/framework/src/Illuminate/Foundation/Application.php(914): Illuminate\\Foundation\\Application->bootProvider()
#7 [internal function]: Illuminate\\Foundation\\Application->Illuminate\\Foundation\\{closure}()
#8 /var/www/emaparking_dss/vendor/laravel/framework/src/Illuminate/Foundation/Application.php(913): array_walk()
#9 /var/www/emaparking_dss/vendor/laravel/framework/src/Illuminate/Foundation/Bootstrap/BootProviders.php(17): Illuminate\\Foundation\\Application->boot()
#10 /var/www/emaparking_dss/vendor/laravel/framework/src/Illuminate/Foundation/Application.php(242): Illuminate\\Foundation\\Bootstrap\\BootProviders->bootstrap()
#11 /var/www/emaparking_dss/vendor/laravel/framework/src/Illuminate/Foundation/Console/Kernel.php(383): Illuminate\\Foundation\\Application->bootstrapWith()
#12 /var/www/emaparking_dss/vendor/laravel/framework/src/Illuminate/Foundation/Console/Kernel.php(153): Illuminate\\Foundation\\Console\\Kernel->bootstrap()
#13 Command line code(1): Illuminate\\Foundation\\Console\\Kernel->handle()
#14 {main}
"} 
[2025-03-20 17:05:16] local.ERROR: Class "\Themes\BC\ThemeProvider" not found {"exception":"[object] (Error(code: 0): Class \"\\Themes\\BC\\ThemeProvider\" not found at /var/www/emaparking_dss/themes/ThemeServiceProvider.php:23)
[stacktrace]
#0 /var/www/emaparking_dss/vendor/laravel/framework/src/Illuminate/Container/BoundMethod.php(36): Themes\\ThemeServiceProvider->boot()
#1 /var/www/emaparking_dss/vendor/laravel/framework/src/Illuminate/Container/Util.php(41): Illuminate\\Container\\BoundMethod::Illuminate\\Container\\{closure}()
#2 /var/www/emaparking_dss/vendor/laravel/framework/src/Illuminate/Container/BoundMethod.php(93): Illuminate\\Container\\Util::unwrapIfClosure()
#3 /var/www/emaparking_dss/vendor/laravel/framework/src/Illuminate/Container/BoundMethod.php(35): Illuminate\\Container\\BoundMethod::callBoundMethod()
#4 /var/www/emaparking_dss/vendor/laravel/framework/src/Illuminate/Container/Container.php(651): Illuminate\\Container\\BoundMethod::call()
#5 /var/www/emaparking_dss/vendor/laravel/framework/src/Illuminate/Foundation/Application.php(933): Illuminate\\Container\\Container->call()
#6 /var/www/emaparking_dss/vendor/laravel/framework/src/Illuminate/Foundation/Application.php(914): Illuminate\\Foundation\\Application->bootProvider()
#7 [internal function]: Illuminate\\Foundation\\Application->Illuminate\\Foundation\\{closure}()
#8 /var/www/emaparking_dss/vendor/laravel/framework/src/Illuminate/Foundation/Application.php(913): array_walk()
#9 /var/www/emaparking_dss/vendor/laravel/framework/src/Illuminate/Foundation/Bootstrap/BootProviders.php(17): Illuminate\\Foundation\\Application->boot()
#10 /var/www/emaparking_dss/vendor/laravel/framework/src/Illuminate/Foundation/Application.php(242): Illuminate\\Foundation\\Bootstrap\\BootProviders->bootstrap()
#11 /var/www/emaparking_dss/vendor/laravel/framework/src/Illuminate/Foundation/Console/Kernel.php(383): Illuminate\\Foundation\\Application->bootstrapWith()
#12 /var/www/emaparking_dss/vendor/laravel/framework/src/Illuminate/Foundation/Console/Kernel.php(153): Illuminate\\Foundation\\Console\\Kernel->bootstrap()
#13 Command line code(1): Illuminate\\Foundation\\Console\\Kernel->handle()
#14 {main}
"} 
[2025-03-20 17:06:16] local.ERROR: Class "\Themes\BC\ThemeProvider" not found {"exception":"[object] (Error(code: 0): Class \"\\Themes\\BC\\ThemeProvider\" not found at /var/www/emaparking_dss/themes/ThemeServiceProvider.php:23)
[stacktrace]
#0 /var/www/emaparking_dss/vendor/laravel/framework/src/Illuminate/Container/BoundMethod.php(36): Themes\\ThemeServiceProvider->boot()
#1 /var/www/emaparking_dss/vendor/laravel/framework/src/Illuminate/Container/Util.php(41): Illuminate\\Container\\BoundMethod::Illuminate\\Container\\{closure}()
#2 /var/www/emaparking_dss/vendor/laravel/framework/src/Illuminate/Container/BoundMethod.php(93): Illuminate\\Container\\Util::unwrapIfClosure()
#3 /var/www/emaparking_dss/vendor/laravel/framework/src/Illuminate/Container/BoundMethod.php(35): Illuminate\\Container\\BoundMethod::callBoundMethod()
#4 /var/www/emaparking_dss/vendor/laravel/framework/src/Illuminate/Container/Container.php(651): Illuminate\\Container\\BoundMethod::call()
#5 /var/www/emaparking_dss/vendor/laravel/framework/src/Illuminate/Foundation/Application.php(933): Illuminate\\Container\\Container->call()
#6 /var/www/emaparking_dss/vendor/laravel/framework/src/Illuminate/Foundation/Application.php(914): Illuminate\\Foundation\\Application->bootProvider()
#7 [internal function]: Illuminate\\Foundation\\Application->Illuminate\\Foundation\\{closure}()
#8 /var/www/emaparking_dss/vendor/laravel/framework/src/Illuminate/Foundation/Application.php(913): array_walk()
#9 /var/www/emaparking_dss/vendor/laravel/framework/src/Illuminate/Foundation/Bootstrap/BootProviders.php(17): Illuminate\\Foundation\\Application->boot()
#10 /var/www/emaparking_dss/vendor/laravel/framework/src/Illuminate/Foundation/Application.php(242): Illuminate\\Foundation\\Bootstrap\\BootProviders->bootstrap()
#11 /var/www/emaparking_dss/vendor/laravel/framework/src/Illuminate/Foundation/Console/Kernel.php(383): Illuminate\\Foundation\\Application->bootstrapWith()
#12 /var/www/emaparking_dss/vendor/laravel/framework/src/Illuminate/Foundation/Console/Kernel.php(153): Illuminate\\Foundation\\Console\\Kernel->bootstrap()
#13 Command line code(1): Illuminate\\Foundation\\Console\\Kernel->handle()
#14 {main}
"} 
[2025-03-20 17:06:16] local.ERROR: Class "\Themes\BC\ThemeProvider" not found {"exception":"[object] (Error(code: 0): Class \"\\Themes\\BC\\ThemeProvider\" not found at /var/www/emaparking_dss/themes/ThemeServiceProvider.php:23)
[stacktrace]
#0 /var/www/emaparking_dss/vendor/laravel/framework/src/Illuminate/Container/BoundMethod.php(36): Themes\\ThemeServiceProvider->boot()
#1 /var/www/emaparking_dss/vendor/laravel/framework/src/Illuminate/Container/Util.php(41): Illuminate\\Container\\BoundMethod::Illuminate\\Container\\{closure}()
#2 /var/www/emaparking_dss/vendor/laravel/framework/src/Illuminate/Container/BoundMethod.php(93): Illuminate\\Container\\Util::unwrapIfClosure()
#3 /var/www/emaparking_dss/vendor/laravel/framework/src/Illuminate/Container/BoundMethod.php(35): Illuminate\\Container\\BoundMethod::callBoundMethod()
#4 /var/www/emaparking_dss/vendor/laravel/framework/src/Illuminate/Container/Container.php(651): Illuminate\\Container\\BoundMethod::call()
#5 /var/www/emaparking_dss/vendor/laravel/framework/src/Illuminate/Foundation/Application.php(933): Illuminate\\Container\\Container->call()
#6 /var/www/emaparking_dss/vendor/laravel/framework/src/Illuminate/Foundation/Application.php(914): Illuminate\\Foundation\\Application->bootProvider()
#7 [internal function]: Illuminate\\Foundation\\Application->Illuminate\\Foundation\\{closure}()
#8 /var/www/emaparking_dss/vendor/laravel/framework/src/Illuminate/Foundation/Application.php(913): array_walk()
#9 /var/www/emaparking_dss/vendor/laravel/framework/src/Illuminate/Foundation/Bootstrap/BootProviders.php(17): Illuminate\\Foundation\\Application->boot()
#10 /var/www/emaparking_dss/vendor/laravel/framework/src/Illuminate/Foundation/Application.php(242): Illuminate\\Foundation\\Bootstrap\\BootProviders->bootstrap()
#11 /var/www/emaparking_dss/vendor/laravel/framework/src/Illuminate/Foundation/Console/Kernel.php(383): Illuminate\\Foundation\\Application->bootstrapWith()
#12 /var/www/emaparking_dss/vendor/laravel/framework/src/Illuminate/Foundation/Console/Kernel.php(153): Illuminate\\Foundation\\Console\\Kernel->bootstrap()
#13 Command line code(1): Illuminate\\Foundation\\Console\\Kernel->handle()
#14 {main}
"} 
[2025-03-20 17:07:16] local.ERROR: Class "\Themes\BC\ThemeProvider" not found {"exception":"[object] (Error(code: 0): Class \"\\Themes\\BC\\ThemeProvider\" not found at /var/www/emaparking_dss/themes/ThemeServiceProvider.php:23)
[stacktrace]
#0 /var/www/emaparking_dss/vendor/laravel/framework/src/Illuminate/Container/BoundMethod.php(36): Themes\\ThemeServiceProvider->boot()
#1 /var/www/emaparking_dss/vendor/laravel/framework/src/Illuminate/Container/Util.php(41): Illuminate\\Container\\BoundMethod::Illuminate\\Container\\{closure}()
#2 /var/www/emaparking_dss/vendor/laravel/framework/src/Illuminate/Container/BoundMethod.php(93): Illuminate\\Container\\Util::unwrapIfClosure()
#3 /var/www/emaparking_dss/vendor/laravel/framework/src/Illuminate/Container/BoundMethod.php(35): Illuminate\\Container\\BoundMethod::callBoundMethod()
#4 /var/www/emaparking_dss/vendor/laravel/framework/src/Illuminate/Container/Container.php(651): Illuminate\\Container\\BoundMethod::call()
#5 /var/www/emaparking_dss/vendor/laravel/framework/src/Illuminate/Foundation/Application.php(933): Illuminate\\Container\\Container->call()
#6 /var/www/emaparking_dss/vendor/laravel/framework/src/Illuminate/Foundation/Application.php(914): Illuminate\\Foundation\\Application->bootProvider()
#7 [internal function]: Illuminate\\Foundation\\Application->Illuminate\\Foundation\\{closure}()
#8 /var/www/emaparking_dss/vendor/laravel/framework/src/Illuminate/Foundation/Application.php(913): array_walk()
#9 /var/www/emaparking_dss/vendor/laravel/framework/src/Illuminate/Foundation/Bootstrap/BootProviders.php(17): Illuminate\\Foundation\\Application->boot()
#10 /var/www/emaparking_dss/vendor/laravel/framework/src/Illuminate/Foundation/Application.php(242): Illuminate\\Foundation\\Bootstrap\\BootProviders->bootstrap()
#11 /var/www/emaparking_dss/vendor/laravel/framework/src/Illuminate/Foundation/Console/Kernel.php(383): Illuminate\\Foundation\\Application->bootstrapWith()
#12 /var/www/emaparking_dss/vendor/laravel/framework/src/Illuminate/Foundation/Console/Kernel.php(153): Illuminate\\Foundation\\Console\\Kernel->bootstrap()
#13 Command line code(1): Illuminate\\Foundation\\Console\\Kernel->handle()
#14 {main}
"} 
[2025-03-20 17:07:16] local.ERROR: Class "\Themes\BC\ThemeProvider" not found {"exception":"[object] (Error(code: 0): Class \"\\Themes\\BC\\ThemeProvider\" not found at /var/www/emaparking_dss/themes/ThemeServiceProvider.php:23)
[stacktrace]
#0 /var/www/emaparking_dss/vendor/laravel/framework/src/Illuminate/Container/BoundMethod.php(36): Themes\\ThemeServiceProvider->boot()
#1 /var/www/emaparking_dss/vendor/laravel/framework/src/Illuminate/Container/Util.php(41): Illuminate\\Container\\BoundMethod::Illuminate\\Container\\{closure}()
#2 /var/www/emaparking_dss/vendor/laravel/framework/src/Illuminate/Container/BoundMethod.php(93): Illuminate\\Container\\Util::unwrapIfClosure()
#3 /var/www/emaparking_dss/vendor/laravel/framework/src/Illuminate/Container/BoundMethod.php(35): Illuminate\\Container\\BoundMethod::callBoundMethod()
#4 /var/www/emaparking_dss/vendor/laravel/framework/src/Illuminate/Container/Container.php(651): Illuminate\\Container\\BoundMethod::call()
#5 /var/www/emaparking_dss/vendor/laravel/framework/src/Illuminate/Foundation/Application.php(933): Illuminate\\Container\\Container->call()
#6 /var/www/emaparking_dss/vendor/laravel/framework/src/Illuminate/Foundation/Application.php(914): Illuminate\\Foundation\\Application->bootProvider()
#7 [internal function]: Illuminate\\Foundation\\Application->Illuminate\\Foundation\\{closure}()
#8 /var/www/emaparking_dss/vendor/laravel/framework/src/Illuminate/Foundation/Application.php(913): array_walk()
#9 /var/www/emaparking_dss/vendor/laravel/framework/src/Illuminate/Foundation/Bootstrap/BootProviders.php(17): Illuminate\\Foundation\\Application->boot()
#10 /var/www/emaparking_dss/vendor/laravel/framework/src/Illuminate/Foundation/Application.php(242): Illuminate\\Foundation\\Bootstrap\\BootProviders->bootstrap()
#11 /var/www/emaparking_dss/vendor/laravel/framework/src/Illuminate/Foundation/Console/Kernel.php(383): Illuminate\\Foundation\\Application->bootstrapWith()
#12 /var/www/emaparking_dss/vendor/laravel/framework/src/Illuminate/Foundation/Console/Kernel.php(153): Illuminate\\Foundation\\Console\\Kernel->bootstrap()
#13 Command line code(1): Illuminate\\Foundation\\Console\\Kernel->handle()
#14 {main}
"} 
[2025-03-20 17:08:16] local.ERROR: Class "\Themes\BC\ThemeProvider" not found {"exception":"[object] (Error(code: 0): Class \"\\Themes\\BC\\ThemeProvider\" not found at /var/www/emaparking_dss/themes/ThemeServiceProvider.php:23)
[stacktrace]
#0 /var/www/emaparking_dss/vendor/laravel/framework/src/Illuminate/Container/BoundMethod.php(36): Themes\\ThemeServiceProvider->boot()
#1 /var/www/emaparking_dss/vendor/laravel/framework/src/Illuminate/Container/Util.php(41): Illuminate\\Container\\BoundMethod::Illuminate\\Container\\{closure}()
#2 /var/www/emaparking_dss/vendor/laravel/framework/src/Illuminate/Container/BoundMethod.php(93): Illuminate\\Container\\Util::unwrapIfClosure()
#3 /var/www/emaparking_dss/vendor/laravel/framework/src/Illuminate/Container/BoundMethod.php(35): Illuminate\\Container\\BoundMethod::callBoundMethod()
#4 /var/www/emaparking_dss/vendor/laravel/framework/src/Illuminate/Container/Container.php(651): Illuminate\\Container\\BoundMethod::call()
#5 /var/www/emaparking_dss/vendor/laravel/framework/src/Illuminate/Foundation/Application.php(933): Illuminate\\Container\\Container->call()
#6 /var/www/emaparking_dss/vendor/laravel/framework/src/Illuminate/Foundation/Application.php(914): Illuminate\\Foundation\\Application->bootProvider()
#7 [internal function]: Illuminate\\Foundation\\Application->Illuminate\\Foundation\\{closure}()
#8 /var/www/emaparking_dss/vendor/laravel/framework/src/Illuminate/Foundation/Application.php(913): array_walk()
#9 /var/www/emaparking_dss/vendor/laravel/framework/src/Illuminate/Foundation/Bootstrap/BootProviders.php(17): Illuminate\\Foundation\\Application->boot()
#10 /var/www/emaparking_dss/vendor/laravel/framework/src/Illuminate/Foundation/Application.php(242): Illuminate\\Foundation\\Bootstrap\\BootProviders->bootstrap()
#11 /var/www/emaparking_dss/vendor/laravel/framework/src/Illuminate/Foundation/Console/Kernel.php(383): Illuminate\\Foundation\\Application->bootstrapWith()
#12 /var/www/emaparking_dss/vendor/laravel/framework/src/Illuminate/Foundation/Console/Kernel.php(153): Illuminate\\Foundation\\Console\\Kernel->bootstrap()
#13 Command line code(1): Illuminate\\Foundation\\Console\\Kernel->handle()
#14 {main}
"} 
[2025-03-20 17:08:16] local.ERROR: Class "\Themes\BC\ThemeProvider" not found {"exception":"[object] (Error(code: 0): Class \"\\Themes\\BC\\ThemeProvider\" not found at /var/www/emaparking_dss/themes/ThemeServiceProvider.php:23)
[stacktrace]
#0 /var/www/emaparking_dss/vendor/laravel/framework/src/Illuminate/Container/BoundMethod.php(36): Themes\\ThemeServiceProvider->boot()
#1 /var/www/emaparking_dss/vendor/laravel/framework/src/Illuminate/Container/Util.php(41): Illuminate\\Container\\BoundMethod::Illuminate\\Container\\{closure}()
#2 /var/www/emaparking_dss/vendor/laravel/framework/src/Illuminate/Container/BoundMethod.php(93): Illuminate\\Container\\Util::unwrapIfClosure()
#3 /var/www/emaparking_dss/vendor/laravel/framework/src/Illuminate/Container/BoundMethod.php(35): Illuminate\\Container\\BoundMethod::callBoundMethod()
#4 /var/www/emaparking_dss/vendor/laravel/framework/src/Illuminate/Container/Container.php(651): Illuminate\\Container\\BoundMethod::call()
#5 /var/www/emaparking_dss/vendor/laravel/framework/src/Illuminate/Foundation/Application.php(933): Illuminate\\Container\\Container->call()
#6 /var/www/emaparking_dss/vendor/laravel/framework/src/Illuminate/Foundation/Application.php(914): Illuminate\\Foundation\\Application->bootProvider()
#7 [internal function]: Illuminate\\Foundation\\Application->Illuminate\\Foundation\\{closure}()
#8 /var/www/emaparking_dss/vendor/laravel/framework/src/Illuminate/Foundation/Application.php(913): array_walk()
#9 /var/www/emaparking_dss/vendor/laravel/framework/src/Illuminate/Foundation/Bootstrap/BootProviders.php(17): Illuminate\\Foundation\\Application->boot()
#10 /var/www/emaparking_dss/vendor/laravel/framework/src/Illuminate/Foundation/Application.php(242): Illuminate\\Foundation\\Bootstrap\\BootProviders->bootstrap()
#11 /var/www/emaparking_dss/vendor/laravel/framework/src/Illuminate/Foundation/Console/Kernel.php(383): Illuminate\\Foundation\\Application->bootstrapWith()
#12 /var/www/emaparking_dss/vendor/laravel/framework/src/Illuminate/Foundation/Console/Kernel.php(153): Illuminate\\Foundation\\Console\\Kernel->bootstrap()
#13 Command line code(1): Illuminate\\Foundation\\Console\\Kernel->handle()
#14 {main}
"} 
[2025-03-20 17:09:15] local.ERROR: Class "\Themes\BC\ThemeProvider" not found {"exception":"[object] (Error(code: 0): Class \"\\Themes\\BC\\ThemeProvider\" not found at /var/www/emaparking_dss/themes/ThemeServiceProvider.php:23)
[stacktrace]
#0 /var/www/emaparking_dss/vendor/laravel/framework/src/Illuminate/Container/BoundMethod.php(36): Themes\\ThemeServiceProvider->boot()
#1 /var/www/emaparking_dss/vendor/laravel/framework/src/Illuminate/Container/Util.php(41): Illuminate\\Container\\BoundMethod::Illuminate\\Container\\{closure}()
#2 /var/www/emaparking_dss/vendor/laravel/framework/src/Illuminate/Container/BoundMethod.php(93): Illuminate\\Container\\Util::unwrapIfClosure()
#3 /var/www/emaparking_dss/vendor/laravel/framework/src/Illuminate/Container/BoundMethod.php(35): Illuminate\\Container\\BoundMethod::callBoundMethod()
#4 /var/www/emaparking_dss/vendor/laravel/framework/src/Illuminate/Container/Container.php(651): Illuminate\\Container\\BoundMethod::call()
#5 /var/www/emaparking_dss/vendor/laravel/framework/src/Illuminate/Foundation/Application.php(933): Illuminate\\Container\\Container->call()
#6 /var/www/emaparking_dss/vendor/laravel/framework/src/Illuminate/Foundation/Application.php(914): Illuminate\\Foundation\\Application->bootProvider()
#7 [internal function]: Illuminate\\Foundation\\Application->Illuminate\\Foundation\\{closure}()
#8 /var/www/emaparking_dss/vendor/laravel/framework/src/Illuminate/Foundation/Application.php(913): array_walk()
#9 /var/www/emaparking_dss/vendor/laravel/framework/src/Illuminate/Foundation/Bootstrap/BootProviders.php(17): Illuminate\\Foundation\\Application->boot()
#10 /var/www/emaparking_dss/vendor/laravel/framework/src/Illuminate/Foundation/Application.php(242): Illuminate\\Foundation\\Bootstrap\\BootProviders->bootstrap()
#11 /var/www/emaparking_dss/vendor/laravel/framework/src/Illuminate/Foundation/Console/Kernel.php(383): Illuminate\\Foundation\\Application->bootstrapWith()
#12 /var/www/emaparking_dss/vendor/laravel/framework/src/Illuminate/Foundation/Console/Kernel.php(153): Illuminate\\Foundation\\Console\\Kernel->bootstrap()
#13 Command line code(1): Illuminate\\Foundation\\Console\\Kernel->handle()
#14 {main}
"} 
[2025-03-20 17:09:16] local.ERROR: Class "\Themes\BC\ThemeProvider" not found {"exception":"[object] (Error(code: 0): Class \"\\Themes\\BC\\ThemeProvider\" not found at /var/www/emaparking_dss/themes/ThemeServiceProvider.php:23)
[stacktrace]
#0 /var/www/emaparking_dss/vendor/laravel/framework/src/Illuminate/Container/BoundMethod.php(36): Themes\\ThemeServiceProvider->boot()
#1 /var/www/emaparking_dss/vendor/laravel/framework/src/Illuminate/Container/Util.php(41): Illuminate\\Container\\BoundMethod::Illuminate\\Container\\{closure}()
#2 /var/www/emaparking_dss/vendor/laravel/framework/src/Illuminate/Container/BoundMethod.php(93): Illuminate\\Container\\Util::unwrapIfClosure()
#3 /var/www/emaparking_dss/vendor/laravel/framework/src/Illuminate/Container/BoundMethod.php(35): Illuminate\\Container\\BoundMethod::callBoundMethod()
#4 /var/www/emaparking_dss/vendor/laravel/framework/src/Illuminate/Container/Container.php(651): Illuminate\\Container\\BoundMethod::call()
#5 /var/www/emaparking_dss/vendor/laravel/framework/src/Illuminate/Foundation/Application.php(933): Illuminate\\Container\\Container->call()
#6 /var/www/emaparking_dss/vendor/laravel/framework/src/Illuminate/Foundation/Application.php(914): Illuminate\\Foundation\\Application->bootProvider()
#7 [internal function]: Illuminate\\Foundation\\Application->Illuminate\\Foundation\\{closure}()
#8 /var/www/emaparking_dss/vendor/laravel/framework/src/Illuminate/Foundation/Application.php(913): array_walk()
#9 /var/www/emaparking_dss/vendor/laravel/framework/src/Illuminate/Foundation/Bootstrap/BootProviders.php(17): Illuminate\\Foundation\\Application->boot()
#10 /var/www/emaparking_dss/vendor/laravel/framework/src/Illuminate/Foundation/Application.php(242): Illuminate\\Foundation\\Bootstrap\\BootProviders->bootstrap()
#11 /var/www/emaparking_dss/vendor/laravel/framework/src/Illuminate/Foundation/Console/Kernel.php(383): Illuminate\\Foundation\\Application->bootstrapWith()
#12 /var/www/emaparking_dss/vendor/laravel/framework/src/Illuminate/Foundation/Console/Kernel.php(153): Illuminate\\Foundation\\Console\\Kernel->bootstrap()
#13 Command line code(1): Illuminate\\Foundation\\Console\\Kernel->handle()
#14 {main}
"} 
[2025-03-20 17:09:16] local.ERROR: Class "\Themes\BC\ThemeProvider" not found {"exception":"[object] (Error(code: 0): Class \"\\Themes\\BC\\ThemeProvider\" not found at /var/www/emaparking_dss/themes/ThemeServiceProvider.php:23)
[stacktrace]
#0 /var/www/emaparking_dss/vendor/laravel/framework/src/Illuminate/Container/BoundMethod.php(36): Themes\\ThemeServiceProvider->boot()
#1 /var/www/emaparking_dss/vendor/laravel/framework/src/Illuminate/Container/Util.php(41): Illuminate\\Container\\BoundMethod::Illuminate\\Container\\{closure}()
#2 /var/www/emaparking_dss/vendor/laravel/framework/src/Illuminate/Container/BoundMethod.php(93): Illuminate\\Container\\Util::unwrapIfClosure()
#3 /var/www/emaparking_dss/vendor/laravel/framework/src/Illuminate/Container/BoundMethod.php(35): Illuminate\\Container\\BoundMethod::callBoundMethod()
#4 /var/www/emaparking_dss/vendor/laravel/framework/src/Illuminate/Container/Container.php(651): Illuminate\\Container\\BoundMethod::call()
#5 /var/www/emaparking_dss/vendor/laravel/framework/src/Illuminate/Foundation/Application.php(933): Illuminate\\Container\\Container->call()
#6 /var/www/emaparking_dss/vendor/laravel/framework/src/Illuminate/Foundation/Application.php(914): Illuminate\\Foundation\\Application->bootProvider()
#7 [internal function]: Illuminate\\Foundation\\Application->Illuminate\\Foundation\\{closure}()
#8 /var/www/emaparking_dss/vendor/laravel/framework/src/Illuminate/Foundation/Application.php(913): array_walk()
#9 /var/www/emaparking_dss/vendor/laravel/framework/src/Illuminate/Foundation/Bootstrap/BootProviders.php(17): Illuminate\\Foundation\\Application->boot()
#10 /var/www/emaparking_dss/vendor/laravel/framework/src/Illuminate/Foundation/Application.php(242): Illuminate\\Foundation\\Bootstrap\\BootProviders->bootstrap()
#11 /var/www/emaparking_dss/vendor/laravel/framework/src/Illuminate/Foundation/Console/Kernel.php(383): Illuminate\\Foundation\\Application->bootstrapWith()
#12 /var/www/emaparking_dss/vendor/laravel/framework/src/Illuminate/Foundation/Console/Kernel.php(153): Illuminate\\Foundation\\Console\\Kernel->bootstrap()
#13 Command line code(1): Illuminate\\Foundation\\Console\\Kernel->handle()
#14 {main}
"} 
[2025-03-20 17:10:16] local.ERROR: Class "\Themes\BC\ThemeProvider" not found {"exception":"[object] (Error(code: 0): Class \"\\Themes\\BC\\ThemeProvider\" not found at /var/www/emaparking_dss/themes/ThemeServiceProvider.php:23)
[stacktrace]
#0 /var/www/emaparking_dss/vendor/laravel/framework/src/Illuminate/Container/BoundMethod.php(36): Themes\\ThemeServiceProvider->boot()
#1 /var/www/emaparking_dss/vendor/laravel/framework/src/Illuminate/Container/Util.php(41): Illuminate\\Container\\BoundMethod::Illuminate\\Container\\{closure}()
#2 /var/www/emaparking_dss/vendor/laravel/framework/src/Illuminate/Container/BoundMethod.php(93): Illuminate\\Container\\Util::unwrapIfClosure()
#3 /var/www/emaparking_dss/vendor/laravel/framework/src/Illuminate/Container/BoundMethod.php(35): Illuminate\\Container\\BoundMethod::callBoundMethod()
#4 /var/www/emaparking_dss/vendor/laravel/framework/src/Illuminate/Container/Container.php(651): Illuminate\\Container\\BoundMethod::call()
#5 /var/www/emaparking_dss/vendor/laravel/framework/src/Illuminate/Foundation/Application.php(933): Illuminate\\Container\\Container->call()
#6 /var/www/emaparking_dss/vendor/laravel/framework/src/Illuminate/Foundation/Application.php(914): Illuminate\\Foundation\\Application->bootProvider()
#7 [internal function]: Illuminate\\Foundation\\Application->Illuminate\\Foundation\\{closure}()
#8 /var/www/emaparking_dss/vendor/laravel/framework/src/Illuminate/Foundation/Application.php(913): array_walk()
#9 /var/www/emaparking_dss/vendor/laravel/framework/src/Illuminate/Foundation/Bootstrap/BootProviders.php(17): Illuminate\\Foundation\\Application->boot()
#10 /var/www/emaparking_dss/vendor/laravel/framework/src/Illuminate/Foundation/Application.php(242): Illuminate\\Foundation\\Bootstrap\\BootProviders->bootstrap()
#11 /var/www/emaparking_dss/vendor/laravel/framework/src/Illuminate/Foundation/Console/Kernel.php(383): Illuminate\\Foundation\\Application->bootstrapWith()
#12 /var/www/emaparking_dss/vendor/laravel/framework/src/Illuminate/Foundation/Console/Kernel.php(153): Illuminate\\Foundation\\Console\\Kernel->bootstrap()
#13 Command line code(1): Illuminate\\Foundation\\Console\\Kernel->handle()
#14 {main}
"} 
[2025-03-20 17:10:16] local.ERROR: Class "\Themes\BC\ThemeProvider" not found {"exception":"[object] (Error(code: 0): Class \"\\Themes\\BC\\ThemeProvider\" not found at /var/www/emaparking_dss/themes/ThemeServiceProvider.php:23)
[stacktrace]
#0 /var/www/emaparking_dss/vendor/laravel/framework/src/Illuminate/Container/BoundMethod.php(36): Themes\\ThemeServiceProvider->boot()
#1 /var/www/emaparking_dss/vendor/laravel/framework/src/Illuminate/Container/Util.php(41): Illuminate\\Container\\BoundMethod::Illuminate\\Container\\{closure}()
#2 /var/www/emaparking_dss/vendor/laravel/framework/src/Illuminate/Container/BoundMethod.php(93): Illuminate\\Container\\Util::unwrapIfClosure()
#3 /var/www/emaparking_dss/vendor/laravel/framework/src/Illuminate/Container/BoundMethod.php(35): Illuminate\\Container\\BoundMethod::callBoundMethod()
#4 /var/www/emaparking_dss/vendor/laravel/framework/src/Illuminate/Container/Container.php(651): Illuminate\\Container\\BoundMethod::call()
#5 /var/www/emaparking_dss/vendor/laravel/framework/src/Illuminate/Foundation/Application.php(933): Illuminate\\Container\\Container->call()
#6 /var/www/emaparking_dss/vendor/laravel/framework/src/Illuminate/Foundation/Application.php(914): Illuminate\\Foundation\\Application->bootProvider()
#7 [internal function]: Illuminate\\Foundation\\Application->Illuminate\\Foundation\\{closure}()
#8 /var/www/emaparking_dss/vendor/laravel/framework/src/Illuminate/Foundation/Application.php(913): array_walk()
#9 /var/www/emaparking_dss/vendor/laravel/framework/src/Illuminate/Foundation/Bootstrap/BootProviders.php(17): Illuminate\\Foundation\\Application->boot()
#10 /var/www/emaparking_dss/vendor/laravel/framework/src/Illuminate/Foundation/Application.php(242): Illuminate\\Foundation\\Bootstrap\\BootProviders->bootstrap()
#11 /var/www/emaparking_dss/vendor/laravel/framework/src/Illuminate/Foundation/Console/Kernel.php(383): Illuminate\\Foundation\\Application->bootstrapWith()
#12 /var/www/emaparking_dss/vendor/laravel/framework/src/Illuminate/Foundation/Console/Kernel.php(153): Illuminate\\Foundation\\Console\\Kernel->bootstrap()
#13 Command line code(1): Illuminate\\Foundation\\Console\\Kernel->handle()
#14 {main}
"} 
[2025-03-20 17:54:36] local.ERROR: Class "\Themes\BC\ThemeProvider" not found {"exception":"[object] (Error(code: 0): Class \"\\Themes\\BC\\ThemeProvider\" not found at /var/www/emaparking_dss/themes/ThemeServiceProvider.php:23)
[stacktrace]
#0 /var/www/emaparking_dss/vendor/laravel/framework/src/Illuminate/Container/BoundMethod.php(36): Themes\\ThemeServiceProvider->boot()
#1 /var/www/emaparking_dss/vendor/laravel/framework/src/Illuminate/Container/Util.php(41): Illuminate\\Container\\BoundMethod::Illuminate\\Container\\{closure}()
#2 /var/www/emaparking_dss/vendor/laravel/framework/src/Illuminate/Container/BoundMethod.php(93): Illuminate\\Container\\Util::unwrapIfClosure()
#3 /var/www/emaparking_dss/vendor/laravel/framework/src/Illuminate/Container/BoundMethod.php(35): Illuminate\\Container\\BoundMethod::callBoundMethod()
#4 /var/www/emaparking_dss/vendor/laravel/framework/src/Illuminate/Container/Container.php(651): Illuminate\\Container\\BoundMethod::call()
#5 /var/www/emaparking_dss/vendor/laravel/framework/src/Illuminate/Foundation/Application.php(933): Illuminate\\Container\\Container->call()
#6 /var/www/emaparking_dss/vendor/laravel/framework/src/Illuminate/Foundation/Application.php(914): Illuminate\\Foundation\\Application->bootProvider()
#7 [internal function]: Illuminate\\Foundation\\Application->Illuminate\\Foundation\\{closure}()
#8 /var/www/emaparking_dss/vendor/laravel/framework/src/Illuminate/Foundation/Application.php(913): array_walk()
#9 /var/www/emaparking_dss/vendor/laravel/framework/src/Illuminate/Foundation/Bootstrap/BootProviders.php(17): Illuminate\\Foundation\\Application->boot()
#10 /var/www/emaparking_dss/vendor/laravel/framework/src/Illuminate/Foundation/Application.php(242): Illuminate\\Foundation\\Bootstrap\\BootProviders->bootstrap()
#11 /var/www/emaparking_dss/vendor/laravel/framework/src/Illuminate/Foundation/Console/Kernel.php(383): Illuminate\\Foundation\\Application->bootstrapWith()
#12 /var/www/emaparking_dss/vendor/laravel/framework/src/Illuminate/Foundation/Console/Kernel.php(153): Illuminate\\Foundation\\Console\\Kernel->bootstrap()
#13 Command line code(1): Illuminate\\Foundation\\Console\\Kernel->handle()
#14 {main}
"} 
[2025-03-20 17:54:36] local.ERROR: Class "\Themes\BC\ThemeProvider" not found {"exception":"[object] (Error(code: 0): Class \"\\Themes\\BC\\ThemeProvider\" not found at /var/www/emaparking_dss/themes/ThemeServiceProvider.php:23)
[stacktrace]
#0 /var/www/emaparking_dss/vendor/laravel/framework/src/Illuminate/Container/BoundMethod.php(36): Themes\\ThemeServiceProvider->boot()
#1 /var/www/emaparking_dss/vendor/laravel/framework/src/Illuminate/Container/Util.php(41): Illuminate\\Container\\BoundMethod::Illuminate\\Container\\{closure}()
#2 /var/www/emaparking_dss/vendor/laravel/framework/src/Illuminate/Container/BoundMethod.php(93): Illuminate\\Container\\Util::unwrapIfClosure()
#3 /var/www/emaparking_dss/vendor/laravel/framework/src/Illuminate/Container/BoundMethod.php(35): Illuminate\\Container\\BoundMethod::callBoundMethod()
#4 /var/www/emaparking_dss/vendor/laravel/framework/src/Illuminate/Container/Container.php(651): Illuminate\\Container\\BoundMethod::call()
#5 /var/www/emaparking_dss/vendor/laravel/framework/src/Illuminate/Foundation/Application.php(933): Illuminate\\Container\\Container->call()
#6 /var/www/emaparking_dss/vendor/laravel/framework/src/Illuminate/Foundation/Application.php(914): Illuminate\\Foundation\\Application->bootProvider()
#7 [internal function]: Illuminate\\Foundation\\Application->Illuminate\\Foundation\\{closure}()
#8 /var/www/emaparking_dss/vendor/laravel/framework/src/Illuminate/Foundation/Application.php(913): array_walk()
#9 /var/www/emaparking_dss/vendor/laravel/framework/src/Illuminate/Foundation/Bootstrap/BootProviders.php(17): Illuminate\\Foundation\\Application->boot()
#10 /var/www/emaparking_dss/vendor/laravel/framework/src/Illuminate/Foundation/Application.php(242): Illuminate\\Foundation\\Bootstrap\\BootProviders->bootstrap()
#11 /var/www/emaparking_dss/vendor/laravel/framework/src/Illuminate/Foundation/Console/Kernel.php(383): Illuminate\\Foundation\\Application->bootstrapWith()
#12 /var/www/emaparking_dss/vendor/laravel/framework/src/Illuminate/Foundation/Console/Kernel.php(153): Illuminate\\Foundation\\Console\\Kernel->bootstrap()
#13 Command line code(1): Illuminate\\Foundation\\Console\\Kernel->handle()
#14 {main}
"} 
[2025-03-20 17:54:37] local.ERROR: Class "\Themes\BC\ThemeProvider" not found {"exception":"[object] (Error(code: 0): Class \"\\Themes\\BC\\ThemeProvider\" not found at /var/www/emaparking_dss/themes/ThemeServiceProvider.php:23)
[stacktrace]
#0 /var/www/emaparking_dss/vendor/laravel/framework/src/Illuminate/Container/BoundMethod.php(36): Themes\\ThemeServiceProvider->boot()
#1 /var/www/emaparking_dss/vendor/laravel/framework/src/Illuminate/Container/Util.php(41): Illuminate\\Container\\BoundMethod::Illuminate\\Container\\{closure}()
#2 /var/www/emaparking_dss/vendor/laravel/framework/src/Illuminate/Container/BoundMethod.php(93): Illuminate\\Container\\Util::unwrapIfClosure()
#3 /var/www/emaparking_dss/vendor/laravel/framework/src/Illuminate/Container/BoundMethod.php(35): Illuminate\\Container\\BoundMethod::callBoundMethod()
#4 /var/www/emaparking_dss/vendor/laravel/framework/src/Illuminate/Container/Container.php(651): Illuminate\\Container\\BoundMethod::call()
#5 /var/www/emaparking_dss/vendor/laravel/framework/src/Illuminate/Foundation/Application.php(933): Illuminate\\Container\\Container->call()
#6 /var/www/emaparking_dss/vendor/laravel/framework/src/Illuminate/Foundation/Application.php(914): Illuminate\\Foundation\\Application->bootProvider()
#7 [internal function]: Illuminate\\Foundation\\Application->Illuminate\\Foundation\\{closure}()
#8 /var/www/emaparking_dss/vendor/laravel/framework/src/Illuminate/Foundation/Application.php(913): array_walk()
#9 /var/www/emaparking_dss/vendor/laravel/framework/src/Illuminate/Foundation/Bootstrap/BootProviders.php(17): Illuminate\\Foundation\\Application->boot()
#10 /var/www/emaparking_dss/vendor/laravel/framework/src/Illuminate/Foundation/Application.php(242): Illuminate\\Foundation\\Bootstrap\\BootProviders->bootstrap()
#11 /var/www/emaparking_dss/vendor/laravel/framework/src/Illuminate/Foundation/Console/Kernel.php(383): Illuminate\\Foundation\\Application->bootstrapWith()
#12 /var/www/emaparking_dss/vendor/laravel/framework/src/Illuminate/Foundation/Console/Kernel.php(153): Illuminate\\Foundation\\Console\\Kernel->bootstrap()
#13 Command line code(1): Illuminate\\Foundation\\Console\\Kernel->handle()
#14 {main}
"} 
[2025-03-20 17:54:37] local.ERROR: Class "\Themes\BC\ThemeProvider" not found {"exception":"[object] (Error(code: 0): Class \"\\Themes\\BC\\ThemeProvider\" not found at /var/www/emaparking_dss/themes/ThemeServiceProvider.php:23)
[stacktrace]
#0 /var/www/emaparking_dss/vendor/laravel/framework/src/Illuminate/Container/BoundMethod.php(36): Themes\\ThemeServiceProvider->boot()
#1 /var/www/emaparking_dss/vendor/laravel/framework/src/Illuminate/Container/Util.php(41): Illuminate\\Container\\BoundMethod::Illuminate\\Container\\{closure}()
#2 /var/www/emaparking_dss/vendor/laravel/framework/src/Illuminate/Container/BoundMethod.php(93): Illuminate\\Container\\Util::unwrapIfClosure()
#3 /var/www/emaparking_dss/vendor/laravel/framework/src/Illuminate/Container/BoundMethod.php(35): Illuminate\\Container\\BoundMethod::callBoundMethod()
#4 /var/www/emaparking_dss/vendor/laravel/framework/src/Illuminate/Container/Container.php(651): Illuminate\\Container\\BoundMethod::call()
#5 /var/www/emaparking_dss/vendor/laravel/framework/src/Illuminate/Foundation/Application.php(933): Illuminate\\Container\\Container->call()
#6 /var/www/emaparking_dss/vendor/laravel/framework/src/Illuminate/Foundation/Application.php(914): Illuminate\\Foundation\\Application->bootProvider()
#7 [internal function]: Illuminate\\Foundation\\Application->Illuminate\\Foundation\\{closure}()
#8 /var/www/emaparking_dss/vendor/laravel/framework/src/Illuminate/Foundation/Application.php(913): array_walk()
#9 /var/www/emaparking_dss/vendor/laravel/framework/src/Illuminate/Foundation/Bootstrap/BootProviders.php(17): Illuminate\\Foundation\\Application->boot()
#10 /var/www/emaparking_dss/vendor/laravel/framework/src/Illuminate/Foundation/Application.php(242): Illuminate\\Foundation\\Bootstrap\\BootProviders->bootstrap()
#11 /var/www/emaparking_dss/vendor/laravel/framework/src/Illuminate/Foundation/Console/Kernel.php(383): Illuminate\\Foundation\\Application->bootstrapWith()
#12 /var/www/emaparking_dss/vendor/laravel/framework/src/Illuminate/Foundation/Console/Kernel.php(153): Illuminate\\Foundation\\Console\\Kernel->bootstrap()
#13 Command line code(1): Illuminate\\Foundation\\Console\\Kernel->handle()
#14 {main}
"} 
[2025-03-20 17:54:37] local.ERROR: Class "\Themes\BC\ThemeProvider" not found {"exception":"[object] (Error(code: 0): Class \"\\Themes\\BC\\ThemeProvider\" not found at /var/www/emaparking_dss/themes/ThemeServiceProvider.php:23)
[stacktrace]
#0 /var/www/emaparking_dss/vendor/laravel/framework/src/Illuminate/Container/BoundMethod.php(36): Themes\\ThemeServiceProvider->boot()
#1 /var/www/emaparking_dss/vendor/laravel/framework/src/Illuminate/Container/Util.php(41): Illuminate\\Container\\BoundMethod::Illuminate\\Container\\{closure}()
#2 /var/www/emaparking_dss/vendor/laravel/framework/src/Illuminate/Container/BoundMethod.php(93): Illuminate\\Container\\Util::unwrapIfClosure()
#3 /var/www/emaparking_dss/vendor/laravel/framework/src/Illuminate/Container/BoundMethod.php(35): Illuminate\\Container\\BoundMethod::callBoundMethod()
#4 /var/www/emaparking_dss/vendor/laravel/framework/src/Illuminate/Container/Container.php(651): Illuminate\\Container\\BoundMethod::call()
#5 /var/www/emaparking_dss/vendor/laravel/framework/src/Illuminate/Foundation/Application.php(933): Illuminate\\Container\\Container->call()
#6 /var/www/emaparking_dss/vendor/laravel/framework/src/Illuminate/Foundation/Application.php(914): Illuminate\\Foundation\\Application->bootProvider()
#7 [internal function]: Illuminate\\Foundation\\Application->Illuminate\\Foundation\\{closure}()
#8 /var/www/emaparking_dss/vendor/laravel/framework/src/Illuminate/Foundation/Application.php(913): array_walk()
#9 /var/www/emaparking_dss/vendor/laravel/framework/src/Illuminate/Foundation/Bootstrap/BootProviders.php(17): Illuminate\\Foundation\\Application->boot()
#10 /var/www/emaparking_dss/vendor/laravel/framework/src/Illuminate/Foundation/Application.php(242): Illuminate\\Foundation\\Bootstrap\\BootProviders->bootstrap()
#11 /var/www/emaparking_dss/vendor/laravel/framework/src/Illuminate/Foundation/Console/Kernel.php(383): Illuminate\\Foundation\\Application->bootstrapWith()
#12 /var/www/emaparking_dss/vendor/laravel/framework/src/Illuminate/Foundation/Console/Kernel.php(153): Illuminate\\Foundation\\Console\\Kernel->bootstrap()
#13 Command line code(1): Illuminate\\Foundation\\Console\\Kernel->handle()
#14 {main}
"} 
[2025-03-20 17:54:37] local.ERROR: Class "\Themes\BC\ThemeProvider" not found {"exception":"[object] (Error(code: 0): Class \"\\Themes\\BC\\ThemeProvider\" not found at /var/www/emaparking_dss/themes/ThemeServiceProvider.php:23)
[stacktrace]
#0 /var/www/emaparking_dss/vendor/laravel/framework/src/Illuminate/Container/BoundMethod.php(36): Themes\\ThemeServiceProvider->boot()
#1 /var/www/emaparking_dss/vendor/laravel/framework/src/Illuminate/Container/Util.php(41): Illuminate\\Container\\BoundMethod::Illuminate\\Container\\{closure}()
#2 /var/www/emaparking_dss/vendor/laravel/framework/src/Illuminate/Container/BoundMethod.php(93): Illuminate\\Container\\Util::unwrapIfClosure()
#3 /var/www/emaparking_dss/vendor/laravel/framework/src/Illuminate/Container/BoundMethod.php(35): Illuminate\\Container\\BoundMethod::callBoundMethod()
#4 /var/www/emaparking_dss/vendor/laravel/framework/src/Illuminate/Container/Container.php(651): Illuminate\\Container\\BoundMethod::call()
#5 /var/www/emaparking_dss/vendor/laravel/framework/src/Illuminate/Foundation/Application.php(933): Illuminate\\Container\\Container->call()
#6 /var/www/emaparking_dss/vendor/laravel/framework/src/Illuminate/Foundation/Application.php(914): Illuminate\\Foundation\\Application->bootProvider()
#7 [internal function]: Illuminate\\Foundation\\Application->Illuminate\\Foundation\\{closure}()
#8 /var/www/emaparking_dss/vendor/laravel/framework/src/Illuminate/Foundation/Application.php(913): array_walk()
#9 /var/www/emaparking_dss/vendor/laravel/framework/src/Illuminate/Foundation/Bootstrap/BootProviders.php(17): Illuminate\\Foundation\\Application->boot()
#10 /var/www/emaparking_dss/vendor/laravel/framework/src/Illuminate/Foundation/Application.php(242): Illuminate\\Foundation\\Bootstrap\\BootProviders->bootstrap()
#11 /var/www/emaparking_dss/vendor/laravel/framework/src/Illuminate/Foundation/Console/Kernel.php(383): Illuminate\\Foundation\\Application->bootstrapWith()
#12 /var/www/emaparking_dss/vendor/laravel/framework/src/Illuminate/Foundation/Console/Kernel.php(153): Illuminate\\Foundation\\Console\\Kernel->bootstrap()
#13 Command line code(1): Illuminate\\Foundation\\Console\\Kernel->handle()
#14 {main}
"} 
[2025-03-20 17:54:37] local.ERROR: Class "\Themes\BC\ThemeProvider" not found {"exception":"[object] (Error(code: 0): Class \"\\Themes\\BC\\ThemeProvider\" not found at /var/www/emaparking_dss/themes/ThemeServiceProvider.php:23)
[stacktrace]
#0 /var/www/emaparking_dss/vendor/laravel/framework/src/Illuminate/Container/BoundMethod.php(36): Themes\\ThemeServiceProvider->boot()
#1 /var/www/emaparking_dss/vendor/laravel/framework/src/Illuminate/Container/Util.php(41): Illuminate\\Container\\BoundMethod::Illuminate\\Container\\{closure}()
#2 /var/www/emaparking_dss/vendor/laravel/framework/src/Illuminate/Container/BoundMethod.php(93): Illuminate\\Container\\Util::unwrapIfClosure()
#3 /var/www/emaparking_dss/vendor/laravel/framework/src/Illuminate/Container/BoundMethod.php(35): Illuminate\\Container\\BoundMethod::callBoundMethod()
#4 /var/www/emaparking_dss/vendor/laravel/framework/src/Illuminate/Container/Container.php(651): Illuminate\\Container\\BoundMethod::call()
#5 /var/www/emaparking_dss/vendor/laravel/framework/src/Illuminate/Foundation/Application.php(933): Illuminate\\Container\\Container->call()
#6 /var/www/emaparking_dss/vendor/laravel/framework/src/Illuminate/Foundation/Application.php(914): Illuminate\\Foundation\\Application->bootProvider()
#7 [internal function]: Illuminate\\Foundation\\Application->Illuminate\\Foundation\\{closure}()
#8 /var/www/emaparking_dss/vendor/laravel/framework/src/Illuminate/Foundation/Application.php(913): array_walk()
#9 /var/www/emaparking_dss/vendor/laravel/framework/src/Illuminate/Foundation/Bootstrap/BootProviders.php(17): Illuminate\\Foundation\\Application->boot()
#10 /var/www/emaparking_dss/vendor/laravel/framework/src/Illuminate/Foundation/Application.php(242): Illuminate\\Foundation\\Bootstrap\\BootProviders->bootstrap()
#11 /var/www/emaparking_dss/vendor/laravel/framework/src/Illuminate/Foundation/Console/Kernel.php(383): Illuminate\\Foundation\\Application->bootstrapWith()
#12 /var/www/emaparking_dss/vendor/laravel/framework/src/Illuminate/Foundation/Console/Kernel.php(153): Illuminate\\Foundation\\Console\\Kernel->bootstrap()
#13 Command line code(1): Illuminate\\Foundation\\Console\\Kernel->handle()
#14 {main}
"} 
[2025-03-20 17:54:38] local.ERROR: Class "\Themes\BC\ThemeProvider" not found {"exception":"[object] (Error(code: 0): Class \"\\Themes\\BC\\ThemeProvider\" not found at /var/www/emaparking_dss/themes/ThemeServiceProvider.php:23)
[stacktrace]
#0 /var/www/emaparking_dss/vendor/laravel/framework/src/Illuminate/Container/BoundMethod.php(36): Themes\\ThemeServiceProvider->boot()
#1 /var/www/emaparking_dss/vendor/laravel/framework/src/Illuminate/Container/Util.php(41): Illuminate\\Container\\BoundMethod::Illuminate\\Container\\{closure}()
#2 /var/www/emaparking_dss/vendor/laravel/framework/src/Illuminate/Container/BoundMethod.php(93): Illuminate\\Container\\Util::unwrapIfClosure()
#3 /var/www/emaparking_dss/vendor/laravel/framework/src/Illuminate/Container/BoundMethod.php(35): Illuminate\\Container\\BoundMethod::callBoundMethod()
#4 /var/www/emaparking_dss/vendor/laravel/framework/src/Illuminate/Container/Container.php(651): Illuminate\\Container\\BoundMethod::call()
#5 /var/www/emaparking_dss/vendor/laravel/framework/src/Illuminate/Foundation/Application.php(933): Illuminate\\Container\\Container->call()
#6 /var/www/emaparking_dss/vendor/laravel/framework/src/Illuminate/Foundation/Application.php(914): Illuminate\\Foundation\\Application->bootProvider()
#7 [internal function]: Illuminate\\Foundation\\Application->Illuminate\\Foundation\\{closure}()
#8 /var/www/emaparking_dss/vendor/laravel/framework/src/Illuminate/Foundation/Application.php(913): array_walk()
#9 /var/www/emaparking_dss/vendor/laravel/framework/src/Illuminate/Foundation/Bootstrap/BootProviders.php(17): Illuminate\\Foundation\\Application->boot()
#10 /var/www/emaparking_dss/vendor/laravel/framework/src/Illuminate/Foundation/Application.php(242): Illuminate\\Foundation\\Bootstrap\\BootProviders->bootstrap()
#11 /var/www/emaparking_dss/vendor/laravel/framework/src/Illuminate/Foundation/Console/Kernel.php(383): Illuminate\\Foundation\\Application->bootstrapWith()
#12 /var/www/emaparking_dss/vendor/laravel/framework/src/Illuminate/Foundation/Console/Kernel.php(153): Illuminate\\Foundation\\Console\\Kernel->bootstrap()
#13 Command line code(1): Illuminate\\Foundation\\Console\\Kernel->handle()
#14 {main}
"} 
[2025-03-20 17:54:38] local.ERROR: Class "\Themes\BC\ThemeProvider" not found {"exception":"[object] (Error(code: 0): Class \"\\Themes\\BC\\ThemeProvider\" not found at /var/www/emaparking_dss/themes/ThemeServiceProvider.php:23)
[stacktrace]
#0 /var/www/emaparking_dss/vendor/laravel/framework/src/Illuminate/Container/BoundMethod.php(36): Themes\\ThemeServiceProvider->boot()
#1 /var/www/emaparking_dss/vendor/laravel/framework/src/Illuminate/Container/Util.php(41): Illuminate\\Container\\BoundMethod::Illuminate\\Container\\{closure}()
#2 /var/www/emaparking_dss/vendor/laravel/framework/src/Illuminate/Container/BoundMethod.php(93): Illuminate\\Container\\Util::unwrapIfClosure()
#3 /var/www/emaparking_dss/vendor/laravel/framework/src/Illuminate/Container/BoundMethod.php(35): Illuminate\\Container\\BoundMethod::callBoundMethod()
#4 /var/www/emaparking_dss/vendor/laravel/framework/src/Illuminate/Container/Container.php(651): Illuminate\\Container\\BoundMethod::call()
#5 /var/www/emaparking_dss/vendor/laravel/framework/src/Illuminate/Foundation/Application.php(933): Illuminate\\Container\\Container->call()
#6 /var/www/emaparking_dss/vendor/laravel/framework/src/Illuminate/Foundation/Application.php(914): Illuminate\\Foundation\\Application->bootProvider()
#7 [internal function]: Illuminate\\Foundation\\Application->Illuminate\\Foundation\\{closure}()
#8 /var/www/emaparking_dss/vendor/laravel/framework/src/Illuminate/Foundation/Application.php(913): array_walk()
#9 /var/www/emaparking_dss/vendor/laravel/framework/src/Illuminate/Foundation/Bootstrap/BootProviders.php(17): Illuminate\\Foundation\\Application->boot()
#10 /var/www/emaparking_dss/vendor/laravel/framework/src/Illuminate/Foundation/Application.php(242): Illuminate\\Foundation\\Bootstrap\\BootProviders->bootstrap()
#11 /var/www/emaparking_dss/vendor/laravel/framework/src/Illuminate/Foundation/Console/Kernel.php(383): Illuminate\\Foundation\\Application->bootstrapWith()
#12 /var/www/emaparking_dss/vendor/laravel/framework/src/Illuminate/Foundation/Console/Kernel.php(153): Illuminate\\Foundation\\Console\\Kernel->bootstrap()
#13 Command line code(1): Illuminate\\Foundation\\Console\\Kernel->handle()
#14 {main}
"} 
[2025-03-20 17:55:37] local.ERROR: Class "\Themes\BC\ThemeProvider" not found {"exception":"[object] (Error(code: 0): Class \"\\Themes\\BC\\ThemeProvider\" not found at /var/www/emaparking_dss/themes/ThemeServiceProvider.php:23)
[stacktrace]
#0 /var/www/emaparking_dss/vendor/laravel/framework/src/Illuminate/Container/BoundMethod.php(36): Themes\\ThemeServiceProvider->boot()
#1 /var/www/emaparking_dss/vendor/laravel/framework/src/Illuminate/Container/Util.php(41): Illuminate\\Container\\BoundMethod::Illuminate\\Container\\{closure}()
#2 /var/www/emaparking_dss/vendor/laravel/framework/src/Illuminate/Container/BoundMethod.php(93): Illuminate\\Container\\Util::unwrapIfClosure()
#3 /var/www/emaparking_dss/vendor/laravel/framework/src/Illuminate/Container/BoundMethod.php(35): Illuminate\\Container\\BoundMethod::callBoundMethod()
#4 /var/www/emaparking_dss/vendor/laravel/framework/src/Illuminate/Container/Container.php(651): Illuminate\\Container\\BoundMethod::call()
#5 /var/www/emaparking_dss/vendor/laravel/framework/src/Illuminate/Foundation/Application.php(933): Illuminate\\Container\\Container->call()
#6 /var/www/emaparking_dss/vendor/laravel/framework/src/Illuminate/Foundation/Application.php(914): Illuminate\\Foundation\\Application->bootProvider()
#7 [internal function]: Illuminate\\Foundation\\Application->Illuminate\\Foundation\\{closure}()
#8 /var/www/emaparking_dss/vendor/laravel/framework/src/Illuminate/Foundation/Application.php(913): array_walk()
#9 /var/www/emaparking_dss/vendor/laravel/framework/src/Illuminate/Foundation/Bootstrap/BootProviders.php(17): Illuminate\\Foundation\\Application->boot()
#10 /var/www/emaparking_dss/vendor/laravel/framework/src/Illuminate/Foundation/Application.php(242): Illuminate\\Foundation\\Bootstrap\\BootProviders->bootstrap()
#11 /var/www/emaparking_dss/vendor/laravel/framework/src/Illuminate/Foundation/Console/Kernel.php(383): Illuminate\\Foundation\\Application->bootstrapWith()
#12 /var/www/emaparking_dss/vendor/laravel/framework/src/Illuminate/Foundation/Console/Kernel.php(153): Illuminate\\Foundation\\Console\\Kernel->bootstrap()
#13 Command line code(1): Illuminate\\Foundation\\Console\\Kernel->handle()
#14 {main}
"} 
[2025-03-20 17:55:37] local.ERROR: Class "\Themes\BC\ThemeProvider" not found {"exception":"[object] (Error(code: 0): Class \"\\Themes\\BC\\ThemeProvider\" not found at /var/www/emaparking_dss/themes/ThemeServiceProvider.php:23)
[stacktrace]
#0 /var/www/emaparking_dss/vendor/laravel/framework/src/Illuminate/Container/BoundMethod.php(36): Themes\\ThemeServiceProvider->boot()
#1 /var/www/emaparking_dss/vendor/laravel/framework/src/Illuminate/Container/Util.php(41): Illuminate\\Container\\BoundMethod::Illuminate\\Container\\{closure}()
#2 /var/www/emaparking_dss/vendor/laravel/framework/src/Illuminate/Container/BoundMethod.php(93): Illuminate\\Container\\Util::unwrapIfClosure()
#3 /var/www/emaparking_dss/vendor/laravel/framework/src/Illuminate/Container/BoundMethod.php(35): Illuminate\\Container\\BoundMethod::callBoundMethod()
#4 /var/www/emaparking_dss/vendor/laravel/framework/src/Illuminate/Container/Container.php(651): Illuminate\\Container\\BoundMethod::call()
#5 /var/www/emaparking_dss/vendor/laravel/framework/src/Illuminate/Foundation/Application.php(933): Illuminate\\Container\\Container->call()
#6 /var/www/emaparking_dss/vendor/laravel/framework/src/Illuminate/Foundation/Application.php(914): Illuminate\\Foundation\\Application->bootProvider()
#7 [internal function]: Illuminate\\Foundation\\Application->Illuminate\\Foundation\\{closure}()
#8 /var/www/emaparking_dss/vendor/laravel/framework/src/Illuminate/Foundation/Application.php(913): array_walk()
#9 /var/www/emaparking_dss/vendor/laravel/framework/src/Illuminate/Foundation/Bootstrap/BootProviders.php(17): Illuminate\\Foundation\\Application->boot()
#10 /var/www/emaparking_dss/vendor/laravel/framework/src/Illuminate/Foundation/Application.php(242): Illuminate\\Foundation\\Bootstrap\\BootProviders->bootstrap()
#11 /var/www/emaparking_dss/vendor/laravel/framework/src/Illuminate/Foundation/Console/Kernel.php(383): Illuminate\\Foundation\\Application->bootstrapWith()
#12 /var/www/emaparking_dss/vendor/laravel/framework/src/Illuminate/Foundation/Console/Kernel.php(153): Illuminate\\Foundation\\Console\\Kernel->bootstrap()
#13 Command line code(1): Illuminate\\Foundation\\Console\\Kernel->handle()
#14 {main}
"} 
[2025-03-20 17:56:37] local.ERROR: Class "\Themes\BC\ThemeProvider" not found {"exception":"[object] (Error(code: 0): Class \"\\Themes\\BC\\ThemeProvider\" not found at /var/www/emaparking_dss/themes/ThemeServiceProvider.php:23)
[stacktrace]
#0 /var/www/emaparking_dss/vendor/laravel/framework/src/Illuminate/Container/BoundMethod.php(36): Themes\\ThemeServiceProvider->boot()
#1 /var/www/emaparking_dss/vendor/laravel/framework/src/Illuminate/Container/Util.php(41): Illuminate\\Container\\BoundMethod::Illuminate\\Container\\{closure}()
#2 /var/www/emaparking_dss/vendor/laravel/framework/src/Illuminate/Container/BoundMethod.php(93): Illuminate\\Container\\Util::unwrapIfClosure()
#3 /var/www/emaparking_dss/vendor/laravel/framework/src/Illuminate/Container/BoundMethod.php(35): Illuminate\\Container\\BoundMethod::callBoundMethod()
#4 /var/www/emaparking_dss/vendor/laravel/framework/src/Illuminate/Container/Container.php(651): Illuminate\\Container\\BoundMethod::call()
#5 /var/www/emaparking_dss/vendor/laravel/framework/src/Illuminate/Foundation/Application.php(933): Illuminate\\Container\\Container->call()
#6 /var/www/emaparking_dss/vendor/laravel/framework/src/Illuminate/Foundation/Application.php(914): Illuminate\\Foundation\\Application->bootProvider()
#7 [internal function]: Illuminate\\Foundation\\Application->Illuminate\\Foundation\\{closure}()
#8 /var/www/emaparking_dss/vendor/laravel/framework/src/Illuminate/Foundation/Application.php(913): array_walk()
#9 /var/www/emaparking_dss/vendor/laravel/framework/src/Illuminate/Foundation/Bootstrap/BootProviders.php(17): Illuminate\\Foundation\\Application->boot()
#10 /var/www/emaparking_dss/vendor/laravel/framework/src/Illuminate/Foundation/Application.php(242): Illuminate\\Foundation\\Bootstrap\\BootProviders->bootstrap()
#11 /var/www/emaparking_dss/vendor/laravel/framework/src/Illuminate/Foundation/Console/Kernel.php(383): Illuminate\\Foundation\\Application->bootstrapWith()
#12 /var/www/emaparking_dss/vendor/laravel/framework/src/Illuminate/Foundation/Console/Kernel.php(153): Illuminate\\Foundation\\Console\\Kernel->bootstrap()
#13 Command line code(1): Illuminate\\Foundation\\Console\\Kernel->handle()
#14 {main}
"} 
[2025-03-20 17:56:37] local.ERROR: Class "\Themes\BC\ThemeProvider" not found {"exception":"[object] (Error(code: 0): Class \"\\Themes\\BC\\ThemeProvider\" not found at /var/www/emaparking_dss/themes/ThemeServiceProvider.php:23)
[stacktrace]
#0 /var/www/emaparking_dss/vendor/laravel/framework/src/Illuminate/Container/BoundMethod.php(36): Themes\\ThemeServiceProvider->boot()
#1 /var/www/emaparking_dss/vendor/laravel/framework/src/Illuminate/Container/Util.php(41): Illuminate\\Container\\BoundMethod::Illuminate\\Container\\{closure}()
#2 /var/www/emaparking_dss/vendor/laravel/framework/src/Illuminate/Container/BoundMethod.php(93): Illuminate\\Container\\Util::unwrapIfClosure()
#3 /var/www/emaparking_dss/vendor/laravel/framework/src/Illuminate/Container/BoundMethod.php(35): Illuminate\\Container\\BoundMethod::callBoundMethod()
#4 /var/www/emaparking_dss/vendor/laravel/framework/src/Illuminate/Container/Container.php(651): Illuminate\\Container\\BoundMethod::call()
#5 /var/www/emaparking_dss/vendor/laravel/framework/src/Illuminate/Foundation/Application.php(933): Illuminate\\Container\\Container->call()
#6 /var/www/emaparking_dss/vendor/laravel/framework/src/Illuminate/Foundation/Application.php(914): Illuminate\\Foundation\\Application->bootProvider()
#7 [internal function]: Illuminate\\Foundation\\Application->Illuminate\\Foundation\\{closure}()
#8 /var/www/emaparking_dss/vendor/laravel/framework/src/Illuminate/Foundation/Application.php(913): array_walk()
#9 /var/www/emaparking_dss/vendor/laravel/framework/src/Illuminate/Foundation/Bootstrap/BootProviders.php(17): Illuminate\\Foundation\\Application->boot()
#10 /var/www/emaparking_dss/vendor/laravel/framework/src/Illuminate/Foundation/Application.php(242): Illuminate\\Foundation\\Bootstrap\\BootProviders->bootstrap()
#11 /var/www/emaparking_dss/vendor/laravel/framework/src/Illuminate/Foundation/Console/Kernel.php(383): Illuminate\\Foundation\\Application->bootstrapWith()
#12 /var/www/emaparking_dss/vendor/laravel/framework/src/Illuminate/Foundation/Console/Kernel.php(153): Illuminate\\Foundation\\Console\\Kernel->bootstrap()
#13 Command line code(1): Illuminate\\Foundation\\Console\\Kernel->handle()
#14 {main}
"} 
[2025-03-20 17:57:36] local.ERROR: Class "\Themes\BC\ThemeProvider" not found {"exception":"[object] (Error(code: 0): Class \"\\Themes\\BC\\ThemeProvider\" not found at /var/www/emaparking_dss/themes/ThemeServiceProvider.php:23)
[stacktrace]
#0 /var/www/emaparking_dss/vendor/laravel/framework/src/Illuminate/Container/BoundMethod.php(36): Themes\\ThemeServiceProvider->boot()
#1 /var/www/emaparking_dss/vendor/laravel/framework/src/Illuminate/Container/Util.php(41): Illuminate\\Container\\BoundMethod::Illuminate\\Container\\{closure}()
#2 /var/www/emaparking_dss/vendor/laravel/framework/src/Illuminate/Container/BoundMethod.php(93): Illuminate\\Container\\Util::unwrapIfClosure()
#3 /var/www/emaparking_dss/vendor/laravel/framework/src/Illuminate/Container/BoundMethod.php(35): Illuminate\\Container\\BoundMethod::callBoundMethod()
#4 /var/www/emaparking_dss/vendor/laravel/framework/src/Illuminate/Container/Container.php(651): Illuminate\\Container\\BoundMethod::call()
#5 /var/www/emaparking_dss/vendor/laravel/framework/src/Illuminate/Foundation/Application.php(933): Illuminate\\Container\\Container->call()
#6 /var/www/emaparking_dss/vendor/laravel/framework/src/Illuminate/Foundation/Application.php(914): Illuminate\\Foundation\\Application->bootProvider()
#7 [internal function]: Illuminate\\Foundation\\Application->Illuminate\\Foundation\\{closure}()
#8 /var/www/emaparking_dss/vendor/laravel/framework/src/Illuminate/Foundation/Application.php(913): array_walk()
#9 /var/www/emaparking_dss/vendor/laravel/framework/src/Illuminate/Foundation/Bootstrap/BootProviders.php(17): Illuminate\\Foundation\\Application->boot()
#10 /var/www/emaparking_dss/vendor/laravel/framework/src/Illuminate/Foundation/Application.php(242): Illuminate\\Foundation\\Bootstrap\\BootProviders->bootstrap()
#11 /var/www/emaparking_dss/vendor/laravel/framework/src/Illuminate/Foundation/Console/Kernel.php(383): Illuminate\\Foundation\\Application->bootstrapWith()
#12 /var/www/emaparking_dss/vendor/laravel/framework/src/Illuminate/Foundation/Console/Kernel.php(153): Illuminate\\Foundation\\Console\\Kernel->bootstrap()
#13 Command line code(1): Illuminate\\Foundation\\Console\\Kernel->handle()
#14 {main}
"} 
[2025-03-20 17:57:36] local.ERROR: Class "\Themes\BC\ThemeProvider" not found {"exception":"[object] (Error(code: 0): Class \"\\Themes\\BC\\ThemeProvider\" not found at /var/www/emaparking_dss/themes/ThemeServiceProvider.php:23)
[stacktrace]
#0 /var/www/emaparking_dss/vendor/laravel/framework/src/Illuminate/Container/BoundMethod.php(36): Themes\\ThemeServiceProvider->boot()
#1 /var/www/emaparking_dss/vendor/laravel/framework/src/Illuminate/Container/Util.php(41): Illuminate\\Container\\BoundMethod::Illuminate\\Container\\{closure}()
#2 /var/www/emaparking_dss/vendor/laravel/framework/src/Illuminate/Container/BoundMethod.php(93): Illuminate\\Container\\Util::unwrapIfClosure()
#3 /var/www/emaparking_dss/vendor/laravel/framework/src/Illuminate/Container/BoundMethod.php(35): Illuminate\\Container\\BoundMethod::callBoundMethod()
#4 /var/www/emaparking_dss/vendor/laravel/framework/src/Illuminate/Container/Container.php(651): Illuminate\\Container\\BoundMethod::call()
#5 /var/www/emaparking_dss/vendor/laravel/framework/src/Illuminate/Foundation/Application.php(933): Illuminate\\Container\\Container->call()
#6 /var/www/emaparking_dss/vendor/laravel/framework/src/Illuminate/Foundation/Application.php(914): Illuminate\\Foundation\\Application->bootProvider()
#7 [internal function]: Illuminate\\Foundation\\Application->Illuminate\\Foundation\\{closure}()
#8 /var/www/emaparking_dss/vendor/laravel/framework/src/Illuminate/Foundation/Application.php(913): array_walk()
#9 /var/www/emaparking_dss/vendor/laravel/framework/src/Illuminate/Foundation/Bootstrap/BootProviders.php(17): Illuminate\\Foundation\\Application->boot()
#10 /var/www/emaparking_dss/vendor/laravel/framework/src/Illuminate/Foundation/Application.php(242): Illuminate\\Foundation\\Bootstrap\\BootProviders->bootstrap()
#11 /var/www/emaparking_dss/vendor/laravel/framework/src/Illuminate/Foundation/Console/Kernel.php(383): Illuminate\\Foundation\\Application->bootstrapWith()
#12 /var/www/emaparking_dss/vendor/laravel/framework/src/Illuminate/Foundation/Console/Kernel.php(153): Illuminate\\Foundation\\Console\\Kernel->bootstrap()
#13 Command line code(1): Illuminate\\Foundation\\Console\\Kernel->handle()
#14 {main}
"} 
[2025-03-20 17:58:36] local.ERROR: Class "\Themes\BC\ThemeProvider" not found {"exception":"[object] (Error(code: 0): Class \"\\Themes\\BC\\ThemeProvider\" not found at /var/www/emaparking_dss/themes/ThemeServiceProvider.php:23)
[stacktrace]
#0 /var/www/emaparking_dss/vendor/laravel/framework/src/Illuminate/Container/BoundMethod.php(36): Themes\\ThemeServiceProvider->boot()
#1 /var/www/emaparking_dss/vendor/laravel/framework/src/Illuminate/Container/Util.php(41): Illuminate\\Container\\BoundMethod::Illuminate\\Container\\{closure}()
#2 /var/www/emaparking_dss/vendor/laravel/framework/src/Illuminate/Container/BoundMethod.php(93): Illuminate\\Container\\Util::unwrapIfClosure()
#3 /var/www/emaparking_dss/vendor/laravel/framework/src/Illuminate/Container/BoundMethod.php(35): Illuminate\\Container\\BoundMethod::callBoundMethod()
#4 /var/www/emaparking_dss/vendor/laravel/framework/src/Illuminate/Container/Container.php(651): Illuminate\\Container\\BoundMethod::call()
#5 /var/www/emaparking_dss/vendor/laravel/framework/src/Illuminate/Foundation/Application.php(933): Illuminate\\Container\\Container->call()
#6 /var/www/emaparking_dss/vendor/laravel/framework/src/Illuminate/Foundation/Application.php(914): Illuminate\\Foundation\\Application->bootProvider()
#7 [internal function]: Illuminate\\Foundation\\Application->Illuminate\\Foundation\\{closure}()
#8 /var/www/emaparking_dss/vendor/laravel/framework/src/Illuminate/Foundation/Application.php(913): array_walk()
#9 /var/www/emaparking_dss/vendor/laravel/framework/src/Illuminate/Foundation/Bootstrap/BootProviders.php(17): Illuminate\\Foundation\\Application->boot()
#10 /var/www/emaparking_dss/vendor/laravel/framework/src/Illuminate/Foundation/Application.php(242): Illuminate\\Foundation\\Bootstrap\\BootProviders->bootstrap()
#11 /var/www/emaparking_dss/vendor/laravel/framework/src/Illuminate/Foundation/Console/Kernel.php(383): Illuminate\\Foundation\\Application->bootstrapWith()
#12 /var/www/emaparking_dss/vendor/laravel/framework/src/Illuminate/Foundation/Console/Kernel.php(153): Illuminate\\Foundation\\Console\\Kernel->bootstrap()
#13 Command line code(1): Illuminate\\Foundation\\Console\\Kernel->handle()
#14 {main}
"} 
[2025-03-20 17:58:36] local.ERROR: Class "\Themes\BC\ThemeProvider" not found {"exception":"[object] (Error(code: 0): Class \"\\Themes\\BC\\ThemeProvider\" not found at /var/www/emaparking_dss/themes/ThemeServiceProvider.php:23)
[stacktrace]
#0 /var/www/emaparking_dss/vendor/laravel/framework/src/Illuminate/Container/BoundMethod.php(36): Themes\\ThemeServiceProvider->boot()
#1 /var/www/emaparking_dss/vendor/laravel/framework/src/Illuminate/Container/Util.php(41): Illuminate\\Container\\BoundMethod::Illuminate\\Container\\{closure}()
#2 /var/www/emaparking_dss/vendor/laravel/framework/src/Illuminate/Container/BoundMethod.php(93): Illuminate\\Container\\Util::unwrapIfClosure()
#3 /var/www/emaparking_dss/vendor/laravel/framework/src/Illuminate/Container/BoundMethod.php(35): Illuminate\\Container\\BoundMethod::callBoundMethod()
#4 /var/www/emaparking_dss/vendor/laravel/framework/src/Illuminate/Container/Container.php(651): Illuminate\\Container\\BoundMethod::call()
#5 /var/www/emaparking_dss/vendor/laravel/framework/src/Illuminate/Foundation/Application.php(933): Illuminate\\Container\\Container->call()
#6 /var/www/emaparking_dss/vendor/laravel/framework/src/Illuminate/Foundation/Application.php(914): Illuminate\\Foundation\\Application->bootProvider()
#7 [internal function]: Illuminate\\Foundation\\Application->Illuminate\\Foundation\\{closure}()
#8 /var/www/emaparking_dss/vendor/laravel/framework/src/Illuminate/Foundation/Application.php(913): array_walk()
#9 /var/www/emaparking_dss/vendor/laravel/framework/src/Illuminate/Foundation/Bootstrap/BootProviders.php(17): Illuminate\\Foundation\\Application->boot()
#10 /var/www/emaparking_dss/vendor/laravel/framework/src/Illuminate/Foundation/Application.php(242): Illuminate\\Foundation\\Bootstrap\\BootProviders->bootstrap()
#11 /var/www/emaparking_dss/vendor/laravel/framework/src/Illuminate/Foundation/Console/Kernel.php(383): Illuminate\\Foundation\\Application->bootstrapWith()
#12 /var/www/emaparking_dss/vendor/laravel/framework/src/Illuminate/Foundation/Console/Kernel.php(153): Illuminate\\Foundation\\Console\\Kernel->bootstrap()
#13 Command line code(1): Illuminate\\Foundation\\Console\\Kernel->handle()
#14 {main}
"} 
[2025-03-20 17:59:36] local.ERROR: Class "\Themes\BC\ThemeProvider" not found {"exception":"[object] (Error(code: 0): Class \"\\Themes\\BC\\ThemeProvider\" not found at /var/www/emaparking_dss/themes/ThemeServiceProvider.php:23)
[stacktrace]
#0 /var/www/emaparking_dss/vendor/laravel/framework/src/Illuminate/Container/BoundMethod.php(36): Themes\\ThemeServiceProvider->boot()
#1 /var/www/emaparking_dss/vendor/laravel/framework/src/Illuminate/Container/Util.php(41): Illuminate\\Container\\BoundMethod::Illuminate\\Container\\{closure}()
#2 /var/www/emaparking_dss/vendor/laravel/framework/src/Illuminate/Container/BoundMethod.php(93): Illuminate\\Container\\Util::unwrapIfClosure()
#3 /var/www/emaparking_dss/vendor/laravel/framework/src/Illuminate/Container/BoundMethod.php(35): Illuminate\\Container\\BoundMethod::callBoundMethod()
#4 /var/www/emaparking_dss/vendor/laravel/framework/src/Illuminate/Container/Container.php(651): Illuminate\\Container\\BoundMethod::call()
#5 /var/www/emaparking_dss/vendor/laravel/framework/src/Illuminate/Foundation/Application.php(933): Illuminate\\Container\\Container->call()
#6 /var/www/emaparking_dss/vendor/laravel/framework/src/Illuminate/Foundation/Application.php(914): Illuminate\\Foundation\\Application->bootProvider()
#7 [internal function]: Illuminate\\Foundation\\Application->Illuminate\\Foundation\\{closure}()
#8 /var/www/emaparking_dss/vendor/laravel/framework/src/Illuminate/Foundation/Application.php(913): array_walk()
#9 /var/www/emaparking_dss/vendor/laravel/framework/src/Illuminate/Foundation/Bootstrap/BootProviders.php(17): Illuminate\\Foundation\\Application->boot()
#10 /var/www/emaparking_dss/vendor/laravel/framework/src/Illuminate/Foundation/Application.php(242): Illuminate\\Foundation\\Bootstrap\\BootProviders->bootstrap()
#11 /var/www/emaparking_dss/vendor/laravel/framework/src/Illuminate/Foundation/Console/Kernel.php(383): Illuminate\\Foundation\\Application->bootstrapWith()
#12 /var/www/emaparking_dss/vendor/laravel/framework/src/Illuminate/Foundation/Console/Kernel.php(153): Illuminate\\Foundation\\Console\\Kernel->bootstrap()
#13 Command line code(1): Illuminate\\Foundation\\Console\\Kernel->handle()
#14 {main}
"} 
[2025-03-20 17:59:36] local.ERROR: Class "\Themes\BC\ThemeProvider" not found {"exception":"[object] (Error(code: 0): Class \"\\Themes\\BC\\ThemeProvider\" not found at /var/www/emaparking_dss/themes/ThemeServiceProvider.php:23)
[stacktrace]
#0 /var/www/emaparking_dss/vendor/laravel/framework/src/Illuminate/Container/BoundMethod.php(36): Themes\\ThemeServiceProvider->boot()
#1 /var/www/emaparking_dss/vendor/laravel/framework/src/Illuminate/Container/Util.php(41): Illuminate\\Container\\BoundMethod::Illuminate\\Container\\{closure}()
#2 /var/www/emaparking_dss/vendor/laravel/framework/src/Illuminate/Container/BoundMethod.php(93): Illuminate\\Container\\Util::unwrapIfClosure()
#3 /var/www/emaparking_dss/vendor/laravel/framework/src/Illuminate/Container/BoundMethod.php(35): Illuminate\\Container\\BoundMethod::callBoundMethod()
#4 /var/www/emaparking_dss/vendor/laravel/framework/src/Illuminate/Container/Container.php(651): Illuminate\\Container\\BoundMethod::call()
#5 /var/www/emaparking_dss/vendor/laravel/framework/src/Illuminate/Foundation/Application.php(933): Illuminate\\Container\\Container->call()
#6 /var/www/emaparking_dss/vendor/laravel/framework/src/Illuminate/Foundation/Application.php(914): Illuminate\\Foundation\\Application->bootProvider()
#7 [internal function]: Illuminate\\Foundation\\Application->Illuminate\\Foundation\\{closure}()
#8 /var/www/emaparking_dss/vendor/laravel/framework/src/Illuminate/Foundation/Application.php(913): array_walk()
#9 /var/www/emaparking_dss/vendor/laravel/framework/src/Illuminate/Foundation/Bootstrap/BootProviders.php(17): Illuminate\\Foundation\\Application->boot()
#10 /var/www/emaparking_dss/vendor/laravel/framework/src/Illuminate/Foundation/Application.php(242): Illuminate\\Foundation\\Bootstrap\\BootProviders->bootstrap()
#11 /var/www/emaparking_dss/vendor/laravel/framework/src/Illuminate/Foundation/Console/Kernel.php(383): Illuminate\\Foundation\\Application->bootstrapWith()
#12 /var/www/emaparking_dss/vendor/laravel/framework/src/Illuminate/Foundation/Console/Kernel.php(153): Illuminate\\Foundation\\Console\\Kernel->bootstrap()
#13 Command line code(1): Illuminate\\Foundation\\Console\\Kernel->handle()
#14 {main}
"} 
[2025-03-20 18:00:36] local.ERROR: Class "\Themes\BC\ThemeProvider" not found {"exception":"[object] (Error(code: 0): Class \"\\Themes\\BC\\ThemeProvider\" not found at /var/www/emaparking_dss/themes/ThemeServiceProvider.php:23)
[stacktrace]
#0 /var/www/emaparking_dss/vendor/laravel/framework/src/Illuminate/Container/BoundMethod.php(36): Themes\\ThemeServiceProvider->boot()
#1 /var/www/emaparking_dss/vendor/laravel/framework/src/Illuminate/Container/Util.php(41): Illuminate\\Container\\BoundMethod::Illuminate\\Container\\{closure}()
#2 /var/www/emaparking_dss/vendor/laravel/framework/src/Illuminate/Container/BoundMethod.php(93): Illuminate\\Container\\Util::unwrapIfClosure()
#3 /var/www/emaparking_dss/vendor/laravel/framework/src/Illuminate/Container/BoundMethod.php(35): Illuminate\\Container\\BoundMethod::callBoundMethod()
#4 /var/www/emaparking_dss/vendor/laravel/framework/src/Illuminate/Container/Container.php(651): Illuminate\\Container\\BoundMethod::call()
#5 /var/www/emaparking_dss/vendor/laravel/framework/src/Illuminate/Foundation/Application.php(933): Illuminate\\Container\\Container->call()
#6 /var/www/emaparking_dss/vendor/laravel/framework/src/Illuminate/Foundation/Application.php(914): Illuminate\\Foundation\\Application->bootProvider()
#7 [internal function]: Illuminate\\Foundation\\Application->Illuminate\\Foundation\\{closure}()
#8 /var/www/emaparking_dss/vendor/laravel/framework/src/Illuminate/Foundation/Application.php(913): array_walk()
#9 /var/www/emaparking_dss/vendor/laravel/framework/src/Illuminate/Foundation/Bootstrap/BootProviders.php(17): Illuminate\\Foundation\\Application->boot()
#10 /var/www/emaparking_dss/vendor/laravel/framework/src/Illuminate/Foundation/Application.php(242): Illuminate\\Foundation\\Bootstrap\\BootProviders->bootstrap()
#11 /var/www/emaparking_dss/vendor/laravel/framework/src/Illuminate/Foundation/Console/Kernel.php(383): Illuminate\\Foundation\\Application->bootstrapWith()
#12 /var/www/emaparking_dss/vendor/laravel/framework/src/Illuminate/Foundation/Console/Kernel.php(153): Illuminate\\Foundation\\Console\\Kernel->bootstrap()
#13 Command line code(1): Illuminate\\Foundation\\Console\\Kernel->handle()
#14 {main}
"} 
[2025-03-20 18:00:36] local.ERROR: Class "\Themes\BC\ThemeProvider" not found {"exception":"[object] (Error(code: 0): Class \"\\Themes\\BC\\ThemeProvider\" not found at /var/www/emaparking_dss/themes/ThemeServiceProvider.php:23)
[stacktrace]
#0 /var/www/emaparking_dss/vendor/laravel/framework/src/Illuminate/Container/BoundMethod.php(36): Themes\\ThemeServiceProvider->boot()
#1 /var/www/emaparking_dss/vendor/laravel/framework/src/Illuminate/Container/Util.php(41): Illuminate\\Container\\BoundMethod::Illuminate\\Container\\{closure}()
#2 /var/www/emaparking_dss/vendor/laravel/framework/src/Illuminate/Container/BoundMethod.php(93): Illuminate\\Container\\Util::unwrapIfClosure()
#3 /var/www/emaparking_dss/vendor/laravel/framework/src/Illuminate/Container/BoundMethod.php(35): Illuminate\\Container\\BoundMethod::callBoundMethod()
#4 /var/www/emaparking_dss/vendor/laravel/framework/src/Illuminate/Container/Container.php(651): Illuminate\\Container\\BoundMethod::call()
#5 /var/www/emaparking_dss/vendor/laravel/framework/src/Illuminate/Foundation/Application.php(933): Illuminate\\Container\\Container->call()
#6 /var/www/emaparking_dss/vendor/laravel/framework/src/Illuminate/Foundation/Application.php(914): Illuminate\\Foundation\\Application->bootProvider()
#7 [internal function]: Illuminate\\Foundation\\Application->Illuminate\\Foundation\\{closure}()
#8 /var/www/emaparking_dss/vendor/laravel/framework/src/Illuminate/Foundation/Application.php(913): array_walk()
#9 /var/www/emaparking_dss/vendor/laravel/framework/src/Illuminate/Foundation/Bootstrap/BootProviders.php(17): Illuminate\\Foundation\\Application->boot()
#10 /var/www/emaparking_dss/vendor/laravel/framework/src/Illuminate/Foundation/Application.php(242): Illuminate\\Foundation\\Bootstrap\\BootProviders->bootstrap()
#11 /var/www/emaparking_dss/vendor/laravel/framework/src/Illuminate/Foundation/Console/Kernel.php(383): Illuminate\\Foundation\\Application->bootstrapWith()
#12 /var/www/emaparking_dss/vendor/laravel/framework/src/Illuminate/Foundation/Console/Kernel.php(153): Illuminate\\Foundation\\Console\\Kernel->bootstrap()
#13 Command line code(1): Illuminate\\Foundation\\Console\\Kernel->handle()
#14 {main}
"} 
[2025-03-20 18:01:36] local.ERROR: Class "\Themes\BC\ThemeProvider" not found {"exception":"[object] (Error(code: 0): Class \"\\Themes\\BC\\ThemeProvider\" not found at /var/www/emaparking_dss/themes/ThemeServiceProvider.php:23)
[stacktrace]
#0 /var/www/emaparking_dss/vendor/laravel/framework/src/Illuminate/Container/BoundMethod.php(36): Themes\\ThemeServiceProvider->boot()
#1 /var/www/emaparking_dss/vendor/laravel/framework/src/Illuminate/Container/Util.php(41): Illuminate\\Container\\BoundMethod::Illuminate\\Container\\{closure}()
#2 /var/www/emaparking_dss/vendor/laravel/framework/src/Illuminate/Container/BoundMethod.php(93): Illuminate\\Container\\Util::unwrapIfClosure()
#3 /var/www/emaparking_dss/vendor/laravel/framework/src/Illuminate/Container/BoundMethod.php(35): Illuminate\\Container\\BoundMethod::callBoundMethod()
#4 /var/www/emaparking_dss/vendor/laravel/framework/src/Illuminate/Container/Container.php(651): Illuminate\\Container\\BoundMethod::call()
#5 /var/www/emaparking_dss/vendor/laravel/framework/src/Illuminate/Foundation/Application.php(933): Illuminate\\Container\\Container->call()
#6 /var/www/emaparking_dss/vendor/laravel/framework/src/Illuminate/Foundation/Application.php(914): Illuminate\\Foundation\\Application->bootProvider()
#7 [internal function]: Illuminate\\Foundation\\Application->Illuminate\\Foundation\\{closure}()
#8 /var/www/emaparking_dss/vendor/laravel/framework/src/Illuminate/Foundation/Application.php(913): array_walk()
#9 /var/www/emaparking_dss/vendor/laravel/framework/src/Illuminate/Foundation/Bootstrap/BootProviders.php(17): Illuminate\\Foundation\\Application->boot()
#10 /var/www/emaparking_dss/vendor/laravel/framework/src/Illuminate/Foundation/Application.php(242): Illuminate\\Foundation\\Bootstrap\\BootProviders->bootstrap()
#11 /var/www/emaparking_dss/vendor/laravel/framework/src/Illuminate/Foundation/Console/Kernel.php(383): Illuminate\\Foundation\\Application->bootstrapWith()
#12 /var/www/emaparking_dss/vendor/laravel/framework/src/Illuminate/Foundation/Console/Kernel.php(153): Illuminate\\Foundation\\Console\\Kernel->bootstrap()
#13 Command line code(1): Illuminate\\Foundation\\Console\\Kernel->handle()
#14 {main}
"} 
[2025-03-20 18:01:36] local.ERROR: Class "\Themes\BC\ThemeProvider" not found {"exception":"[object] (Error(code: 0): Class \"\\Themes\\BC\\ThemeProvider\" not found at /var/www/emaparking_dss/themes/ThemeServiceProvider.php:23)
[stacktrace]
#0 /var/www/emaparking_dss/vendor/laravel/framework/src/Illuminate/Container/BoundMethod.php(36): Themes\\ThemeServiceProvider->boot()
#1 /var/www/emaparking_dss/vendor/laravel/framework/src/Illuminate/Container/Util.php(41): Illuminate\\Container\\BoundMethod::Illuminate\\Container\\{closure}()
#2 /var/www/emaparking_dss/vendor/laravel/framework/src/Illuminate/Container/BoundMethod.php(93): Illuminate\\Container\\Util::unwrapIfClosure()
#3 /var/www/emaparking_dss/vendor/laravel/framework/src/Illuminate/Container/BoundMethod.php(35): Illuminate\\Container\\BoundMethod::callBoundMethod()
#4 /var/www/emaparking_dss/vendor/laravel/framework/src/Illuminate/Container/Container.php(651): Illuminate\\Container\\BoundMethod::call()
#5 /var/www/emaparking_dss/vendor/laravel/framework/src/Illuminate/Foundation/Application.php(933): Illuminate\\Container\\Container->call()
#6 /var/www/emaparking_dss/vendor/laravel/framework/src/Illuminate/Foundation/Application.php(914): Illuminate\\Foundation\\Application->bootProvider()
#7 [internal function]: Illuminate\\Foundation\\Application->Illuminate\\Foundation\\{closure}()
#8 /var/www/emaparking_dss/vendor/laravel/framework/src/Illuminate/Foundation/Application.php(913): array_walk()
#9 /var/www/emaparking_dss/vendor/laravel/framework/src/Illuminate/Foundation/Bootstrap/BootProviders.php(17): Illuminate\\Foundation\\Application->boot()
#10 /var/www/emaparking_dss/vendor/laravel/framework/src/Illuminate/Foundation/Application.php(242): Illuminate\\Foundation\\Bootstrap\\BootProviders->bootstrap()
#11 /var/www/emaparking_dss/vendor/laravel/framework/src/Illuminate/Foundation/Console/Kernel.php(383): Illuminate\\Foundation\\Application->bootstrapWith()
#12 /var/www/emaparking_dss/vendor/laravel/framework/src/Illuminate/Foundation/Console/Kernel.php(153): Illuminate\\Foundation\\Console\\Kernel->bootstrap()
#13 Command line code(1): Illuminate\\Foundation\\Console\\Kernel->handle()
#14 {main}
"} 
[2025-03-20 18:02:37] local.ERROR: Class "\Themes\BC\ThemeProvider" not found {"exception":"[object] (Error(code: 0): Class \"\\Themes\\BC\\ThemeProvider\" not found at /var/www/emaparking_dss/themes/ThemeServiceProvider.php:23)
[stacktrace]
#0 /var/www/emaparking_dss/vendor/laravel/framework/src/Illuminate/Container/BoundMethod.php(36): Themes\\ThemeServiceProvider->boot()
#1 /var/www/emaparking_dss/vendor/laravel/framework/src/Illuminate/Container/Util.php(41): Illuminate\\Container\\BoundMethod::Illuminate\\Container\\{closure}()
#2 /var/www/emaparking_dss/vendor/laravel/framework/src/Illuminate/Container/BoundMethod.php(93): Illuminate\\Container\\Util::unwrapIfClosure()
#3 /var/www/emaparking_dss/vendor/laravel/framework/src/Illuminate/Container/BoundMethod.php(35): Illuminate\\Container\\BoundMethod::callBoundMethod()
#4 /var/www/emaparking_dss/vendor/laravel/framework/src/Illuminate/Container/Container.php(651): Illuminate\\Container\\BoundMethod::call()
#5 /var/www/emaparking_dss/vendor/laravel/framework/src/Illuminate/Foundation/Application.php(933): Illuminate\\Container\\Container->call()
#6 /var/www/emaparking_dss/vendor/laravel/framework/src/Illuminate/Foundation/Application.php(914): Illuminate\\Foundation\\Application->bootProvider()
#7 [internal function]: Illuminate\\Foundation\\Application->Illuminate\\Foundation\\{closure}()
#8 /var/www/emaparking_dss/vendor/laravel/framework/src/Illuminate/Foundation/Application.php(913): array_walk()
#9 /var/www/emaparking_dss/vendor/laravel/framework/src/Illuminate/Foundation/Bootstrap/BootProviders.php(17): Illuminate\\Foundation\\Application->boot()
#10 /var/www/emaparking_dss/vendor/laravel/framework/src/Illuminate/Foundation/Application.php(242): Illuminate\\Foundation\\Bootstrap\\BootProviders->bootstrap()
#11 /var/www/emaparking_dss/vendor/laravel/framework/src/Illuminate/Foundation/Console/Kernel.php(383): Illuminate\\Foundation\\Application->bootstrapWith()
#12 /var/www/emaparking_dss/vendor/laravel/framework/src/Illuminate/Foundation/Console/Kernel.php(153): Illuminate\\Foundation\\Console\\Kernel->bootstrap()
#13 Command line code(1): Illuminate\\Foundation\\Console\\Kernel->handle()
#14 {main}
"} 
[2025-03-20 18:02:37] local.ERROR: Class "\Themes\BC\ThemeProvider" not found {"exception":"[object] (Error(code: 0): Class \"\\Themes\\BC\\ThemeProvider\" not found at /var/www/emaparking_dss/themes/ThemeServiceProvider.php:23)
[stacktrace]
#0 /var/www/emaparking_dss/vendor/laravel/framework/src/Illuminate/Container/BoundMethod.php(36): Themes\\ThemeServiceProvider->boot()
#1 /var/www/emaparking_dss/vendor/laravel/framework/src/Illuminate/Container/Util.php(41): Illuminate\\Container\\BoundMethod::Illuminate\\Container\\{closure}()
#2 /var/www/emaparking_dss/vendor/laravel/framework/src/Illuminate/Container/BoundMethod.php(93): Illuminate\\Container\\Util::unwrapIfClosure()
#3 /var/www/emaparking_dss/vendor/laravel/framework/src/Illuminate/Container/BoundMethod.php(35): Illuminate\\Container\\BoundMethod::callBoundMethod()
#4 /var/www/emaparking_dss/vendor/laravel/framework/src/Illuminate/Container/Container.php(651): Illuminate\\Container\\BoundMethod::call()
#5 /var/www/emaparking_dss/vendor/laravel/framework/src/Illuminate/Foundation/Application.php(933): Illuminate\\Container\\Container->call()
#6 /var/www/emaparking_dss/vendor/laravel/framework/src/Illuminate/Foundation/Application.php(914): Illuminate\\Foundation\\Application->bootProvider()
#7 [internal function]: Illuminate\\Foundation\\Application->Illuminate\\Foundation\\{closure}()
#8 /var/www/emaparking_dss/vendor/laravel/framework/src/Illuminate/Foundation/Application.php(913): array_walk()
#9 /var/www/emaparking_dss/vendor/laravel/framework/src/Illuminate/Foundation/Bootstrap/BootProviders.php(17): Illuminate\\Foundation\\Application->boot()
#10 /var/www/emaparking_dss/vendor/laravel/framework/src/Illuminate/Foundation/Application.php(242): Illuminate\\Foundation\\Bootstrap\\BootProviders->bootstrap()
#11 /var/www/emaparking_dss/vendor/laravel/framework/src/Illuminate/Foundation/Console/Kernel.php(383): Illuminate\\Foundation\\Application->bootstrapWith()
#12 /var/www/emaparking_dss/vendor/laravel/framework/src/Illuminate/Foundation/Console/Kernel.php(153): Illuminate\\Foundation\\Console\\Kernel->bootstrap()
#13 Command line code(1): Illuminate\\Foundation\\Console\\Kernel->handle()
#14 {main}
"} 
[2025-03-20 18:03:36] local.ERROR: Class "\Themes\BC\ThemeProvider" not found {"exception":"[object] (Error(code: 0): Class \"\\Themes\\BC\\ThemeProvider\" not found at /var/www/emaparking_dss/themes/ThemeServiceProvider.php:23)
[stacktrace]
#0 /var/www/emaparking_dss/vendor/laravel/framework/src/Illuminate/Container/BoundMethod.php(36): Themes\\ThemeServiceProvider->boot()
#1 /var/www/emaparking_dss/vendor/laravel/framework/src/Illuminate/Container/Util.php(41): Illuminate\\Container\\BoundMethod::Illuminate\\Container\\{closure}()
#2 /var/www/emaparking_dss/vendor/laravel/framework/src/Illuminate/Container/BoundMethod.php(93): Illuminate\\Container\\Util::unwrapIfClosure()
#3 /var/www/emaparking_dss/vendor/laravel/framework/src/Illuminate/Container/BoundMethod.php(35): Illuminate\\Container\\BoundMethod::callBoundMethod()
#4 /var/www/emaparking_dss/vendor/laravel/framework/src/Illuminate/Container/Container.php(651): Illuminate\\Container\\BoundMethod::call()
#5 /var/www/emaparking_dss/vendor/laravel/framework/src/Illuminate/Foundation/Application.php(933): Illuminate\\Container\\Container->call()
#6 /var/www/emaparking_dss/vendor/laravel/framework/src/Illuminate/Foundation/Application.php(914): Illuminate\\Foundation\\Application->bootProvider()
#7 [internal function]: Illuminate\\Foundation\\Application->Illuminate\\Foundation\\{closure}()
#8 /var/www/emaparking_dss/vendor/laravel/framework/src/Illuminate/Foundation/Application.php(913): array_walk()
#9 /var/www/emaparking_dss/vendor/laravel/framework/src/Illuminate/Foundation/Bootstrap/BootProviders.php(17): Illuminate\\Foundation\\Application->boot()
#10 /var/www/emaparking_dss/vendor/laravel/framework/src/Illuminate/Foundation/Application.php(242): Illuminate\\Foundation\\Bootstrap\\BootProviders->bootstrap()
#11 /var/www/emaparking_dss/vendor/laravel/framework/src/Illuminate/Foundation/Console/Kernel.php(383): Illuminate\\Foundation\\Application->bootstrapWith()
#12 /var/www/emaparking_dss/vendor/laravel/framework/src/Illuminate/Foundation/Console/Kernel.php(153): Illuminate\\Foundation\\Console\\Kernel->bootstrap()
#13 Command line code(1): Illuminate\\Foundation\\Console\\Kernel->handle()
#14 {main}
"} 
[2025-03-20 18:03:36] local.ERROR: Class "\Themes\BC\ThemeProvider" not found {"exception":"[object] (Error(code: 0): Class \"\\Themes\\BC\\ThemeProvider\" not found at /var/www/emaparking_dss/themes/ThemeServiceProvider.php:23)
[stacktrace]
#0 /var/www/emaparking_dss/vendor/laravel/framework/src/Illuminate/Container/BoundMethod.php(36): Themes\\ThemeServiceProvider->boot()
#1 /var/www/emaparking_dss/vendor/laravel/framework/src/Illuminate/Container/Util.php(41): Illuminate\\Container\\BoundMethod::Illuminate\\Container\\{closure}()
#2 /var/www/emaparking_dss/vendor/laravel/framework/src/Illuminate/Container/BoundMethod.php(93): Illuminate\\Container\\Util::unwrapIfClosure()
#3 /var/www/emaparking_dss/vendor/laravel/framework/src/Illuminate/Container/BoundMethod.php(35): Illuminate\\Container\\BoundMethod::callBoundMethod()
#4 /var/www/emaparking_dss/vendor/laravel/framework/src/Illuminate/Container/Container.php(651): Illuminate\\Container\\BoundMethod::call()
#5 /var/www/emaparking_dss/vendor/laravel/framework/src/Illuminate/Foundation/Application.php(933): Illuminate\\Container\\Container->call()
#6 /var/www/emaparking_dss/vendor/laravel/framework/src/Illuminate/Foundation/Application.php(914): Illuminate\\Foundation\\Application->bootProvider()
#7 [internal function]: Illuminate\\Foundation\\Application->Illuminate\\Foundation\\{closure}()
#8 /var/www/emaparking_dss/vendor/laravel/framework/src/Illuminate/Foundation/Application.php(913): array_walk()
#9 /var/www/emaparking_dss/vendor/laravel/framework/src/Illuminate/Foundation/Bootstrap/BootProviders.php(17): Illuminate\\Foundation\\Application->boot()
#10 /var/www/emaparking_dss/vendor/laravel/framework/src/Illuminate/Foundation/Application.php(242): Illuminate\\Foundation\\Bootstrap\\BootProviders->bootstrap()
#11 /var/www/emaparking_dss/vendor/laravel/framework/src/Illuminate/Foundation/Console/Kernel.php(383): Illuminate\\Foundation\\Application->bootstrapWith()
#12 /var/www/emaparking_dss/vendor/laravel/framework/src/Illuminate/Foundation/Console/Kernel.php(153): Illuminate\\Foundation\\Console\\Kernel->bootstrap()
#13 Command line code(1): Illuminate\\Foundation\\Console\\Kernel->handle()
#14 {main}
"} 
[2025-03-20 18:04:37] local.ERROR: Class "\Themes\BC\ThemeProvider" not found {"exception":"[object] (Error(code: 0): Class \"\\Themes\\BC\\ThemeProvider\" not found at /var/www/emaparking_dss/themes/ThemeServiceProvider.php:23)
[stacktrace]
#0 /var/www/emaparking_dss/vendor/laravel/framework/src/Illuminate/Container/BoundMethod.php(36): Themes\\ThemeServiceProvider->boot()
#1 /var/www/emaparking_dss/vendor/laravel/framework/src/Illuminate/Container/Util.php(41): Illuminate\\Container\\BoundMethod::Illuminate\\Container\\{closure}()
#2 /var/www/emaparking_dss/vendor/laravel/framework/src/Illuminate/Container/BoundMethod.php(93): Illuminate\\Container\\Util::unwrapIfClosure()
#3 /var/www/emaparking_dss/vendor/laravel/framework/src/Illuminate/Container/BoundMethod.php(35): Illuminate\\Container\\BoundMethod::callBoundMethod()
#4 /var/www/emaparking_dss/vendor/laravel/framework/src/Illuminate/Container/Container.php(651): Illuminate\\Container\\BoundMethod::call()
#5 /var/www/emaparking_dss/vendor/laravel/framework/src/Illuminate/Foundation/Application.php(933): Illuminate\\Container\\Container->call()
#6 /var/www/emaparking_dss/vendor/laravel/framework/src/Illuminate/Foundation/Application.php(914): Illuminate\\Foundation\\Application->bootProvider()
#7 [internal function]: Illuminate\\Foundation\\Application->Illuminate\\Foundation\\{closure}()
#8 /var/www/emaparking_dss/vendor/laravel/framework/src/Illuminate/Foundation/Application.php(913): array_walk()
#9 /var/www/emaparking_dss/vendor/laravel/framework/src/Illuminate/Foundation/Bootstrap/BootProviders.php(17): Illuminate\\Foundation\\Application->boot()
#10 /var/www/emaparking_dss/vendor/laravel/framework/src/Illuminate/Foundation/Application.php(242): Illuminate\\Foundation\\Bootstrap\\BootProviders->bootstrap()
#11 /var/www/emaparking_dss/vendor/laravel/framework/src/Illuminate/Foundation/Console/Kernel.php(383): Illuminate\\Foundation\\Application->bootstrapWith()
#12 /var/www/emaparking_dss/vendor/laravel/framework/src/Illuminate/Foundation/Console/Kernel.php(153): Illuminate\\Foundation\\Console\\Kernel->bootstrap()
#13 Command line code(1): Illuminate\\Foundation\\Console\\Kernel->handle()
#14 {main}
"} 
[2025-03-20 18:04:37] local.ERROR: Class "\Themes\BC\ThemeProvider" not found {"exception":"[object] (Error(code: 0): Class \"\\Themes\\BC\\ThemeProvider\" not found at /var/www/emaparking_dss/themes/ThemeServiceProvider.php:23)
[stacktrace]
#0 /var/www/emaparking_dss/vendor/laravel/framework/src/Illuminate/Container/BoundMethod.php(36): Themes\\ThemeServiceProvider->boot()
#1 /var/www/emaparking_dss/vendor/laravel/framework/src/Illuminate/Container/Util.php(41): Illuminate\\Container\\BoundMethod::Illuminate\\Container\\{closure}()
#2 /var/www/emaparking_dss/vendor/laravel/framework/src/Illuminate/Container/BoundMethod.php(93): Illuminate\\Container\\Util::unwrapIfClosure()
#3 /var/www/emaparking_dss/vendor/laravel/framework/src/Illuminate/Container/BoundMethod.php(35): Illuminate\\Container\\BoundMethod::callBoundMethod()
#4 /var/www/emaparking_dss/vendor/laravel/framework/src/Illuminate/Container/Container.php(651): Illuminate\\Container\\BoundMethod::call()
#5 /var/www/emaparking_dss/vendor/laravel/framework/src/Illuminate/Foundation/Application.php(933): Illuminate\\Container\\Container->call()
#6 /var/www/emaparking_dss/vendor/laravel/framework/src/Illuminate/Foundation/Application.php(914): Illuminate\\Foundation\\Application->bootProvider()
#7 [internal function]: Illuminate\\Foundation\\Application->Illuminate\\Foundation\\{closure}()
#8 /var/www/emaparking_dss/vendor/laravel/framework/src/Illuminate/Foundation/Application.php(913): array_walk()
#9 /var/www/emaparking_dss/vendor/laravel/framework/src/Illuminate/Foundation/Bootstrap/BootProviders.php(17): Illuminate\\Foundation\\Application->boot()
#10 /var/www/emaparking_dss/vendor/laravel/framework/src/Illuminate/Foundation/Application.php(242): Illuminate\\Foundation\\Bootstrap\\BootProviders->bootstrap()
#11 /var/www/emaparking_dss/vendor/laravel/framework/src/Illuminate/Foundation/Console/Kernel.php(383): Illuminate\\Foundation\\Application->bootstrapWith()
#12 /var/www/emaparking_dss/vendor/laravel/framework/src/Illuminate/Foundation/Console/Kernel.php(153): Illuminate\\Foundation\\Console\\Kernel->bootstrap()
#13 Command line code(1): Illuminate\\Foundation\\Console\\Kernel->handle()
#14 {main}
"} 
[2025-03-20 18:04:37] local.ERROR: Class "\Themes\BC\ThemeProvider" not found {"exception":"[object] (Error(code: 0): Class \"\\Themes\\BC\\ThemeProvider\" not found at /var/www/emaparking_dss/themes/ThemeServiceProvider.php:23)
[stacktrace]
#0 /var/www/emaparking_dss/vendor/laravel/framework/src/Illuminate/Container/BoundMethod.php(36): Themes\\ThemeServiceProvider->boot()
#1 /var/www/emaparking_dss/vendor/laravel/framework/src/Illuminate/Container/Util.php(41): Illuminate\\Container\\BoundMethod::Illuminate\\Container\\{closure}()
#2 /var/www/emaparking_dss/vendor/laravel/framework/src/Illuminate/Container/BoundMethod.php(93): Illuminate\\Container\\Util::unwrapIfClosure()
#3 /var/www/emaparking_dss/vendor/laravel/framework/src/Illuminate/Container/BoundMethod.php(35): Illuminate\\Container\\BoundMethod::callBoundMethod()
#4 /var/www/emaparking_dss/vendor/laravel/framework/src/Illuminate/Container/Container.php(651): Illuminate\\Container\\BoundMethod::call()
#5 /var/www/emaparking_dss/vendor/laravel/framework/src/Illuminate/Foundation/Application.php(933): Illuminate\\Container\\Container->call()
#6 /var/www/emaparking_dss/vendor/laravel/framework/src/Illuminate/Foundation/Application.php(914): Illuminate\\Foundation\\Application->bootProvider()
#7 [internal function]: Illuminate\\Foundation\\Application->Illuminate\\Foundation\\{closure}()
#8 /var/www/emaparking_dss/vendor/laravel/framework/src/Illuminate/Foundation/Application.php(913): array_walk()
#9 /var/www/emaparking_dss/vendor/laravel/framework/src/Illuminate/Foundation/Bootstrap/BootProviders.php(17): Illuminate\\Foundation\\Application->boot()
#10 /var/www/emaparking_dss/vendor/laravel/framework/src/Illuminate/Foundation/Application.php(242): Illuminate\\Foundation\\Bootstrap\\BootProviders->bootstrap()
#11 /var/www/emaparking_dss/vendor/laravel/framework/src/Illuminate/Foundation/Console/Kernel.php(383): Illuminate\\Foundation\\Application->bootstrapWith()
#12 /var/www/emaparking_dss/vendor/laravel/framework/src/Illuminate/Foundation/Console/Kernel.php(153): Illuminate\\Foundation\\Console\\Kernel->bootstrap()
#13 Command line code(1): Illuminate\\Foundation\\Console\\Kernel->handle()
#14 {main}
"} 
[2025-03-20 18:05:36] local.ERROR: Class "\Themes\BC\ThemeProvider" not found {"exception":"[object] (Error(code: 0): Class \"\\Themes\\BC\\ThemeProvider\" not found at /var/www/emaparking_dss/themes/ThemeServiceProvider.php:23)
[stacktrace]
#0 /var/www/emaparking_dss/vendor/laravel/framework/src/Illuminate/Container/BoundMethod.php(36): Themes\\ThemeServiceProvider->boot()
#1 /var/www/emaparking_dss/vendor/laravel/framework/src/Illuminate/Container/Util.php(41): Illuminate\\Container\\BoundMethod::Illuminate\\Container\\{closure}()
#2 /var/www/emaparking_dss/vendor/laravel/framework/src/Illuminate/Container/BoundMethod.php(93): Illuminate\\Container\\Util::unwrapIfClosure()
#3 /var/www/emaparking_dss/vendor/laravel/framework/src/Illuminate/Container/BoundMethod.php(35): Illuminate\\Container\\BoundMethod::callBoundMethod()
#4 /var/www/emaparking_dss/vendor/laravel/framework/src/Illuminate/Container/Container.php(651): Illuminate\\Container\\BoundMethod::call()
#5 /var/www/emaparking_dss/vendor/laravel/framework/src/Illuminate/Foundation/Application.php(933): Illuminate\\Container\\Container->call()
#6 /var/www/emaparking_dss/vendor/laravel/framework/src/Illuminate/Foundation/Application.php(914): Illuminate\\Foundation\\Application->bootProvider()
#7 [internal function]: Illuminate\\Foundation\\Application->Illuminate\\Foundation\\{closure}()
#8 /var/www/emaparking_dss/vendor/laravel/framework/src/Illuminate/Foundation/Application.php(913): array_walk()
#9 /var/www/emaparking_dss/vendor/laravel/framework/src/Illuminate/Foundation/Bootstrap/BootProviders.php(17): Illuminate\\Foundation\\Application->boot()
#10 /var/www/emaparking_dss/vendor/laravel/framework/src/Illuminate/Foundation/Application.php(242): Illuminate\\Foundation\\Bootstrap\\BootProviders->bootstrap()
#11 /var/www/emaparking_dss/vendor/laravel/framework/src/Illuminate/Foundation/Console/Kernel.php(383): Illuminate\\Foundation\\Application->bootstrapWith()
#12 /var/www/emaparking_dss/vendor/laravel/framework/src/Illuminate/Foundation/Console/Kernel.php(153): Illuminate\\Foundation\\Console\\Kernel->bootstrap()
#13 Command line code(1): Illuminate\\Foundation\\Console\\Kernel->handle()
#14 {main}
"} 
[2025-03-20 18:05:36] local.ERROR: Class "\Themes\BC\ThemeProvider" not found {"exception":"[object] (Error(code: 0): Class \"\\Themes\\BC\\ThemeProvider\" not found at /var/www/emaparking_dss/themes/ThemeServiceProvider.php:23)
[stacktrace]
#0 /var/www/emaparking_dss/vendor/laravel/framework/src/Illuminate/Container/BoundMethod.php(36): Themes\\ThemeServiceProvider->boot()
#1 /var/www/emaparking_dss/vendor/laravel/framework/src/Illuminate/Container/Util.php(41): Illuminate\\Container\\BoundMethod::Illuminate\\Container\\{closure}()
#2 /var/www/emaparking_dss/vendor/laravel/framework/src/Illuminate/Container/BoundMethod.php(93): Illuminate\\Container\\Util::unwrapIfClosure()
#3 /var/www/emaparking_dss/vendor/laravel/framework/src/Illuminate/Container/BoundMethod.php(35): Illuminate\\Container\\BoundMethod::callBoundMethod()
#4 /var/www/emaparking_dss/vendor/laravel/framework/src/Illuminate/Container/Container.php(651): Illuminate\\Container\\BoundMethod::call()
#5 /var/www/emaparking_dss/vendor/laravel/framework/src/Illuminate/Foundation/Application.php(933): Illuminate\\Container\\Container->call()
#6 /var/www/emaparking_dss/vendor/laravel/framework/src/Illuminate/Foundation/Application.php(914): Illuminate\\Foundation\\Application->bootProvider()
#7 [internal function]: Illuminate\\Foundation\\Application->Illuminate\\Foundation\\{closure}()
#8 /var/www/emaparking_dss/vendor/laravel/framework/src/Illuminate/Foundation/Application.php(913): array_walk()
#9 /var/www/emaparking_dss/vendor/laravel/framework/src/Illuminate/Foundation/Bootstrap/BootProviders.php(17): Illuminate\\Foundation\\Application->boot()
#10 /var/www/emaparking_dss/vendor/laravel/framework/src/Illuminate/Foundation/Application.php(242): Illuminate\\Foundation\\Bootstrap\\BootProviders->bootstrap()
#11 /var/www/emaparking_dss/vendor/laravel/framework/src/Illuminate/Foundation/Console/Kernel.php(383): Illuminate\\Foundation\\Application->bootstrapWith()
#12 /var/www/emaparking_dss/vendor/laravel/framework/src/Illuminate/Foundation/Console/Kernel.php(153): Illuminate\\Foundation\\Console\\Kernel->bootstrap()
#13 Command line code(1): Illuminate\\Foundation\\Console\\Kernel->handle()
#14 {main}
"} 
[2025-03-20 18:06:37] local.ERROR: Class "\Themes\BC\ThemeProvider" not found {"exception":"[object] (Error(code: 0): Class \"\\Themes\\BC\\ThemeProvider\" not found at /var/www/emaparking_dss/themes/ThemeServiceProvider.php:23)
[stacktrace]
#0 /var/www/emaparking_dss/vendor/laravel/framework/src/Illuminate/Container/BoundMethod.php(36): Themes\\ThemeServiceProvider->boot()
#1 /var/www/emaparking_dss/vendor/laravel/framework/src/Illuminate/Container/Util.php(41): Illuminate\\Container\\BoundMethod::Illuminate\\Container\\{closure}()
#2 /var/www/emaparking_dss/vendor/laravel/framework/src/Illuminate/Container/BoundMethod.php(93): Illuminate\\Container\\Util::unwrapIfClosure()
#3 /var/www/emaparking_dss/vendor/laravel/framework/src/Illuminate/Container/BoundMethod.php(35): Illuminate\\Container\\BoundMethod::callBoundMethod()
#4 /var/www/emaparking_dss/vendor/laravel/framework/src/Illuminate/Container/Container.php(651): Illuminate\\Container\\BoundMethod::call()
#5 /var/www/emaparking_dss/vendor/laravel/framework/src/Illuminate/Foundation/Application.php(933): Illuminate\\Container\\Container->call()
#6 /var/www/emaparking_dss/vendor/laravel/framework/src/Illuminate/Foundation/Application.php(914): Illuminate\\Foundation\\Application->bootProvider()
#7 [internal function]: Illuminate\\Foundation\\Application->Illuminate\\Foundation\\{closure}()
#8 /var/www/emaparking_dss/vendor/laravel/framework/src/Illuminate/Foundation/Application.php(913): array_walk()
#9 /var/www/emaparking_dss/vendor/laravel/framework/src/Illuminate/Foundation/Bootstrap/BootProviders.php(17): Illuminate\\Foundation\\Application->boot()
#10 /var/www/emaparking_dss/vendor/laravel/framework/src/Illuminate/Foundation/Application.php(242): Illuminate\\Foundation\\Bootstrap\\BootProviders->bootstrap()
#11 /var/www/emaparking_dss/vendor/laravel/framework/src/Illuminate/Foundation/Console/Kernel.php(383): Illuminate\\Foundation\\Application->bootstrapWith()
#12 /var/www/emaparking_dss/vendor/laravel/framework/src/Illuminate/Foundation/Console/Kernel.php(153): Illuminate\\Foundation\\Console\\Kernel->bootstrap()
#13 Command line code(1): Illuminate\\Foundation\\Console\\Kernel->handle()
#14 {main}
"} 
[2025-03-20 18:06:37] local.ERROR: Class "\Themes\BC\ThemeProvider" not found {"exception":"[object] (Error(code: 0): Class \"\\Themes\\BC\\ThemeProvider\" not found at /var/www/emaparking_dss/themes/ThemeServiceProvider.php:23)
[stacktrace]
#0 /var/www/emaparking_dss/vendor/laravel/framework/src/Illuminate/Container/BoundMethod.php(36): Themes\\ThemeServiceProvider->boot()
#1 /var/www/emaparking_dss/vendor/laravel/framework/src/Illuminate/Container/Util.php(41): Illuminate\\Container\\BoundMethod::Illuminate\\Container\\{closure}()
#2 /var/www/emaparking_dss/vendor/laravel/framework/src/Illuminate/Container/BoundMethod.php(93): Illuminate\\Container\\Util::unwrapIfClosure()
#3 /var/www/emaparking_dss/vendor/laravel/framework/src/Illuminate/Container/BoundMethod.php(35): Illuminate\\Container\\BoundMethod::callBoundMethod()
#4 /var/www/emaparking_dss/vendor/laravel/framework/src/Illuminate/Container/Container.php(651): Illuminate\\Container\\BoundMethod::call()
#5 /var/www/emaparking_dss/vendor/laravel/framework/src/Illuminate/Foundation/Application.php(933): Illuminate\\Container\\Container->call()
#6 /var/www/emaparking_dss/vendor/laravel/framework/src/Illuminate/Foundation/Application.php(914): Illuminate\\Foundation\\Application->bootProvider()
#7 [internal function]: Illuminate\\Foundation\\Application->Illuminate\\Foundation\\{closure}()
#8 /var/www/emaparking_dss/vendor/laravel/framework/src/Illuminate/Foundation/Application.php(913): array_walk()
#9 /var/www/emaparking_dss/vendor/laravel/framework/src/Illuminate/Foundation/Bootstrap/BootProviders.php(17): Illuminate\\Foundation\\Application->boot()
#10 /var/www/emaparking_dss/vendor/laravel/framework/src/Illuminate/Foundation/Application.php(242): Illuminate\\Foundation\\Bootstrap\\BootProviders->bootstrap()
#11 /var/www/emaparking_dss/vendor/laravel/framework/src/Illuminate/Foundation/Console/Kernel.php(383): Illuminate\\Foundation\\Application->bootstrapWith()
#12 /var/www/emaparking_dss/vendor/laravel/framework/src/Illuminate/Foundation/Console/Kernel.php(153): Illuminate\\Foundation\\Console\\Kernel->bootstrap()
#13 Command line code(1): Illuminate\\Foundation\\Console\\Kernel->handle()
#14 {main}
"} 
[2025-03-20 18:07:36] local.ERROR: Class "\Themes\BC\ThemeProvider" not found {"exception":"[object] (Error(code: 0): Class \"\\Themes\\BC\\ThemeProvider\" not found at /var/www/emaparking_dss/themes/ThemeServiceProvider.php:23)
[stacktrace]
#0 /var/www/emaparking_dss/vendor/laravel/framework/src/Illuminate/Container/BoundMethod.php(36): Themes\\ThemeServiceProvider->boot()
#1 /var/www/emaparking_dss/vendor/laravel/framework/src/Illuminate/Container/Util.php(41): Illuminate\\Container\\BoundMethod::Illuminate\\Container\\{closure}()
#2 /var/www/emaparking_dss/vendor/laravel/framework/src/Illuminate/Container/BoundMethod.php(93): Illuminate\\Container\\Util::unwrapIfClosure()
#3 /var/www/emaparking_dss/vendor/laravel/framework/src/Illuminate/Container/BoundMethod.php(35): Illuminate\\Container\\BoundMethod::callBoundMethod()
#4 /var/www/emaparking_dss/vendor/laravel/framework/src/Illuminate/Container/Container.php(651): Illuminate\\Container\\BoundMethod::call()
#5 /var/www/emaparking_dss/vendor/laravel/framework/src/Illuminate/Foundation/Application.php(933): Illuminate\\Container\\Container->call()
#6 /var/www/emaparking_dss/vendor/laravel/framework/src/Illuminate/Foundation/Application.php(914): Illuminate\\Foundation\\Application->bootProvider()
#7 [internal function]: Illuminate\\Foundation\\Application->Illuminate\\Foundation\\{closure}()
#8 /var/www/emaparking_dss/vendor/laravel/framework/src/Illuminate/Foundation/Application.php(913): array_walk()
#9 /var/www/emaparking_dss/vendor/laravel/framework/src/Illuminate/Foundation/Bootstrap/BootProviders.php(17): Illuminate\\Foundation\\Application->boot()
#10 /var/www/emaparking_dss/vendor/laravel/framework/src/Illuminate/Foundation/Application.php(242): Illuminate\\Foundation\\Bootstrap\\BootProviders->bootstrap()
#11 /var/www/emaparking_dss/vendor/laravel/framework/src/Illuminate/Foundation/Console/Kernel.php(383): Illuminate\\Foundation\\Application->bootstrapWith()
#12 /var/www/emaparking_dss/vendor/laravel/framework/src/Illuminate/Foundation/Console/Kernel.php(153): Illuminate\\Foundation\\Console\\Kernel->bootstrap()
#13 Command line code(1): Illuminate\\Foundation\\Console\\Kernel->handle()
#14 {main}
"} 
[2025-03-20 18:07:36] local.ERROR: Class "\Themes\BC\ThemeProvider" not found {"exception":"[object] (Error(code: 0): Class \"\\Themes\\BC\\ThemeProvider\" not found at /var/www/emaparking_dss/themes/ThemeServiceProvider.php:23)
[stacktrace]
#0 /var/www/emaparking_dss/vendor/laravel/framework/src/Illuminate/Container/BoundMethod.php(36): Themes\\ThemeServiceProvider->boot()
#1 /var/www/emaparking_dss/vendor/laravel/framework/src/Illuminate/Container/Util.php(41): Illuminate\\Container\\BoundMethod::Illuminate\\Container\\{closure}()
#2 /var/www/emaparking_dss/vendor/laravel/framework/src/Illuminate/Container/BoundMethod.php(93): Illuminate\\Container\\Util::unwrapIfClosure()
#3 /var/www/emaparking_dss/vendor/laravel/framework/src/Illuminate/Container/BoundMethod.php(35): Illuminate\\Container\\BoundMethod::callBoundMethod()
#4 /var/www/emaparking_dss/vendor/laravel/framework/src/Illuminate/Container/Container.php(651): Illuminate\\Container\\BoundMethod::call()
#5 /var/www/emaparking_dss/vendor/laravel/framework/src/Illuminate/Foundation/Application.php(933): Illuminate\\Container\\Container->call()
#6 /var/www/emaparking_dss/vendor/laravel/framework/src/Illuminate/Foundation/Application.php(914): Illuminate\\Foundation\\Application->bootProvider()
#7 [internal function]: Illuminate\\Foundation\\Application->Illuminate\\Foundation\\{closure}()
#8 /var/www/emaparking_dss/vendor/laravel/framework/src/Illuminate/Foundation/Application.php(913): array_walk()
#9 /var/www/emaparking_dss/vendor/laravel/framework/src/Illuminate/Foundation/Bootstrap/BootProviders.php(17): Illuminate\\Foundation\\Application->boot()
#10 /var/www/emaparking_dss/vendor/laravel/framework/src/Illuminate/Foundation/Application.php(242): Illuminate\\Foundation\\Bootstrap\\BootProviders->bootstrap()
#11 /var/www/emaparking_dss/vendor/laravel/framework/src/Illuminate/Foundation/Console/Kernel.php(383): Illuminate\\Foundation\\Application->bootstrapWith()
#12 /var/www/emaparking_dss/vendor/laravel/framework/src/Illuminate/Foundation/Console/Kernel.php(153): Illuminate\\Foundation\\Console\\Kernel->bootstrap()
#13 Command line code(1): Illuminate\\Foundation\\Console\\Kernel->handle()
#14 {main}
"} 
[2025-03-20 18:08:37] local.ERROR: Class "\Themes\BC\ThemeProvider" not found {"exception":"[object] (Error(code: 0): Class \"\\Themes\\BC\\ThemeProvider\" not found at /var/www/emaparking_dss/themes/ThemeServiceProvider.php:23)
[stacktrace]
#0 /var/www/emaparking_dss/vendor/laravel/framework/src/Illuminate/Container/BoundMethod.php(36): Themes\\ThemeServiceProvider->boot()
#1 /var/www/emaparking_dss/vendor/laravel/framework/src/Illuminate/Container/Util.php(41): Illuminate\\Container\\BoundMethod::Illuminate\\Container\\{closure}()
#2 /var/www/emaparking_dss/vendor/laravel/framework/src/Illuminate/Container/BoundMethod.php(93): Illuminate\\Container\\Util::unwrapIfClosure()
#3 /var/www/emaparking_dss/vendor/laravel/framework/src/Illuminate/Container/BoundMethod.php(35): Illuminate\\Container\\BoundMethod::callBoundMethod()
#4 /var/www/emaparking_dss/vendor/laravel/framework/src/Illuminate/Container/Container.php(651): Illuminate\\Container\\BoundMethod::call()
#5 /var/www/emaparking_dss/vendor/laravel/framework/src/Illuminate/Foundation/Application.php(933): Illuminate\\Container\\Container->call()
#6 /var/www/emaparking_dss/vendor/laravel/framework/src/Illuminate/Foundation/Application.php(914): Illuminate\\Foundation\\Application->bootProvider()
#7 [internal function]: Illuminate\\Foundation\\Application->Illuminate\\Foundation\\{closure}()
#8 /var/www/emaparking_dss/vendor/laravel/framework/src/Illuminate/Foundation/Application.php(913): array_walk()
#9 /var/www/emaparking_dss/vendor/laravel/framework/src/Illuminate/Foundation/Bootstrap/BootProviders.php(17): Illuminate\\Foundation\\Application->boot()
#10 /var/www/emaparking_dss/vendor/laravel/framework/src/Illuminate/Foundation/Application.php(242): Illuminate\\Foundation\\Bootstrap\\BootProviders->bootstrap()
#11 /var/www/emaparking_dss/vendor/laravel/framework/src/Illuminate/Foundation/Console/Kernel.php(383): Illuminate\\Foundation\\Application->bootstrapWith()
#12 /var/www/emaparking_dss/vendor/laravel/framework/src/Illuminate/Foundation/Console/Kernel.php(153): Illuminate\\Foundation\\Console\\Kernel->bootstrap()
#13 Command line code(1): Illuminate\\Foundation\\Console\\Kernel->handle()
#14 {main}
"} 
[2025-03-20 18:08:37] local.ERROR: Class "\Themes\BC\ThemeProvider" not found {"exception":"[object] (Error(code: 0): Class \"\\Themes\\BC\\ThemeProvider\" not found at /var/www/emaparking_dss/themes/ThemeServiceProvider.php:23)
[stacktrace]
#0 /var/www/emaparking_dss/vendor/laravel/framework/src/Illuminate/Container/BoundMethod.php(36): Themes\\ThemeServiceProvider->boot()
#1 /var/www/emaparking_dss/vendor/laravel/framework/src/Illuminate/Container/Util.php(41): Illuminate\\Container\\BoundMethod::Illuminate\\Container\\{closure}()
#2 /var/www/emaparking_dss/vendor/laravel/framework/src/Illuminate/Container/BoundMethod.php(93): Illuminate\\Container\\Util::unwrapIfClosure()
#3 /var/www/emaparking_dss/vendor/laravel/framework/src/Illuminate/Container/BoundMethod.php(35): Illuminate\\Container\\BoundMethod::callBoundMethod()
#4 /var/www/emaparking_dss/vendor/laravel/framework/src/Illuminate/Container/Container.php(651): Illuminate\\Container\\BoundMethod::call()
#5 /var/www/emaparking_dss/vendor/laravel/framework/src/Illuminate/Foundation/Application.php(933): Illuminate\\Container\\Container->call()
#6 /var/www/emaparking_dss/vendor/laravel/framework/src/Illuminate/Foundation/Application.php(914): Illuminate\\Foundation\\Application->bootProvider()
#7 [internal function]: Illuminate\\Foundation\\Application->Illuminate\\Foundation\\{closure}()
#8 /var/www/emaparking_dss/vendor/laravel/framework/src/Illuminate/Foundation/Application.php(913): array_walk()
#9 /var/www/emaparking_dss/vendor/laravel/framework/src/Illuminate/Foundation/Bootstrap/BootProviders.php(17): Illuminate\\Foundation\\Application->boot()
#10 /var/www/emaparking_dss/vendor/laravel/framework/src/Illuminate/Foundation/Application.php(242): Illuminate\\Foundation\\Bootstrap\\BootProviders->bootstrap()
#11 /var/www/emaparking_dss/vendor/laravel/framework/src/Illuminate/Foundation/Console/Kernel.php(383): Illuminate\\Foundation\\Application->bootstrapWith()
#12 /var/www/emaparking_dss/vendor/laravel/framework/src/Illuminate/Foundation/Console/Kernel.php(153): Illuminate\\Foundation\\Console\\Kernel->bootstrap()
#13 Command line code(1): Illuminate\\Foundation\\Console\\Kernel->handle()
#14 {main}
"} 
[2025-03-20 18:09:37] local.ERROR: Class "\Themes\BC\ThemeProvider" not found {"exception":"[object] (Error(code: 0): Class \"\\Themes\\BC\\ThemeProvider\" not found at /var/www/emaparking_dss/themes/ThemeServiceProvider.php:23)
[stacktrace]
#0 /var/www/emaparking_dss/vendor/laravel/framework/src/Illuminate/Container/BoundMethod.php(36): Themes\\ThemeServiceProvider->boot()
#1 /var/www/emaparking_dss/vendor/laravel/framework/src/Illuminate/Container/Util.php(41): Illuminate\\Container\\BoundMethod::Illuminate\\Container\\{closure}()
#2 /var/www/emaparking_dss/vendor/laravel/framework/src/Illuminate/Container/BoundMethod.php(93): Illuminate\\Container\\Util::unwrapIfClosure()
#3 /var/www/emaparking_dss/vendor/laravel/framework/src/Illuminate/Container/BoundMethod.php(35): Illuminate\\Container\\BoundMethod::callBoundMethod()
#4 /var/www/emaparking_dss/vendor/laravel/framework/src/Illuminate/Container/Container.php(651): Illuminate\\Container\\BoundMethod::call()
#5 /var/www/emaparking_dss/vendor/laravel/framework/src/Illuminate/Foundation/Application.php(933): Illuminate\\Container\\Container->call()
#6 /var/www/emaparking_dss/vendor/laravel/framework/src/Illuminate/Foundation/Application.php(914): Illuminate\\Foundation\\Application->bootProvider()
#7 [internal function]: Illuminate\\Foundation\\Application->Illuminate\\Foundation\\{closure}()
#8 /var/www/emaparking_dss/vendor/laravel/framework/src/Illuminate/Foundation/Application.php(913): array_walk()
#9 /var/www/emaparking_dss/vendor/laravel/framework/src/Illuminate/Foundation/Bootstrap/BootProviders.php(17): Illuminate\\Foundation\\Application->boot()
#10 /var/www/emaparking_dss/vendor/laravel/framework/src/Illuminate/Foundation/Application.php(242): Illuminate\\Foundation\\Bootstrap\\BootProviders->bootstrap()
#11 /var/www/emaparking_dss/vendor/laravel/framework/src/Illuminate/Foundation/Console/Kernel.php(383): Illuminate\\Foundation\\Application->bootstrapWith()
#12 /var/www/emaparking_dss/vendor/laravel/framework/src/Illuminate/Foundation/Console/Kernel.php(153): Illuminate\\Foundation\\Console\\Kernel->bootstrap()
#13 Command line code(1): Illuminate\\Foundation\\Console\\Kernel->handle()
#14 {main}
"} 
[2025-03-20 18:09:37] local.ERROR: Class "\Themes\BC\ThemeProvider" not found {"exception":"[object] (Error(code: 0): Class \"\\Themes\\BC\\ThemeProvider\" not found at /var/www/emaparking_dss/themes/ThemeServiceProvider.php:23)
[stacktrace]
#0 /var/www/emaparking_dss/vendor/laravel/framework/src/Illuminate/Container/BoundMethod.php(36): Themes\\ThemeServiceProvider->boot()
#1 /var/www/emaparking_dss/vendor/laravel/framework/src/Illuminate/Container/Util.php(41): Illuminate\\Container\\BoundMethod::Illuminate\\Container\\{closure}()
#2 /var/www/emaparking_dss/vendor/laravel/framework/src/Illuminate/Container/BoundMethod.php(93): Illuminate\\Container\\Util::unwrapIfClosure()
#3 /var/www/emaparking_dss/vendor/laravel/framework/src/Illuminate/Container/BoundMethod.php(35): Illuminate\\Container\\BoundMethod::callBoundMethod()
#4 /var/www/emaparking_dss/vendor/laravel/framework/src/Illuminate/Container/Container.php(651): Illuminate\\Container\\BoundMethod::call()
#5 /var/www/emaparking_dss/vendor/laravel/framework/src/Illuminate/Foundation/Application.php(933): Illuminate\\Container\\Container->call()
#6 /var/www/emaparking_dss/vendor/laravel/framework/src/Illuminate/Foundation/Application.php(914): Illuminate\\Foundation\\Application->bootProvider()
#7 [internal function]: Illuminate\\Foundation\\Application->Illuminate\\Foundation\\{closure}()
#8 /var/www/emaparking_dss/vendor/laravel/framework/src/Illuminate/Foundation/Application.php(913): array_walk()
#9 /var/www/emaparking_dss/vendor/laravel/framework/src/Illuminate/Foundation/Bootstrap/BootProviders.php(17): Illuminate\\Foundation\\Application->boot()
#10 /var/www/emaparking_dss/vendor/laravel/framework/src/Illuminate/Foundation/Application.php(242): Illuminate\\Foundation\\Bootstrap\\BootProviders->bootstrap()
#11 /var/www/emaparking_dss/vendor/laravel/framework/src/Illuminate/Foundation/Console/Kernel.php(383): Illuminate\\Foundation\\Application->bootstrapWith()
#12 /var/www/emaparking_dss/vendor/laravel/framework/src/Illuminate/Foundation/Console/Kernel.php(153): Illuminate\\Foundation\\Console\\Kernel->bootstrap()
#13 Command line code(1): Illuminate\\Foundation\\Console\\Kernel->handle()
#14 {main}
"} 
[2025-03-20 18:10:37] local.ERROR: Class "\Themes\BC\ThemeProvider" not found {"exception":"[object] (Error(code: 0): Class \"\\Themes\\BC\\ThemeProvider\" not found at /var/www/emaparking_dss/themes/ThemeServiceProvider.php:23)
[stacktrace]
#0 /var/www/emaparking_dss/vendor/laravel/framework/src/Illuminate/Container/BoundMethod.php(36): Themes\\ThemeServiceProvider->boot()
#1 /var/www/emaparking_dss/vendor/laravel/framework/src/Illuminate/Container/Util.php(41): Illuminate\\Container\\BoundMethod::Illuminate\\Container\\{closure}()
#2 /var/www/emaparking_dss/vendor/laravel/framework/src/Illuminate/Container/BoundMethod.php(93): Illuminate\\Container\\Util::unwrapIfClosure()
#3 /var/www/emaparking_dss/vendor/laravel/framework/src/Illuminate/Container/BoundMethod.php(35): Illuminate\\Container\\BoundMethod::callBoundMethod()
#4 /var/www/emaparking_dss/vendor/laravel/framework/src/Illuminate/Container/Container.php(651): Illuminate\\Container\\BoundMethod::call()
#5 /var/www/emaparking_dss/vendor/laravel/framework/src/Illuminate/Foundation/Application.php(933): Illuminate\\Container\\Container->call()
#6 /var/www/emaparking_dss/vendor/laravel/framework/src/Illuminate/Foundation/Application.php(914): Illuminate\\Foundation\\Application->bootProvider()
#7 [internal function]: Illuminate\\Foundation\\Application->Illuminate\\Foundation\\{closure}()
#8 /var/www/emaparking_dss/vendor/laravel/framework/src/Illuminate/Foundation/Application.php(913): array_walk()
#9 /var/www/emaparking_dss/vendor/laravel/framework/src/Illuminate/Foundation/Bootstrap/BootProviders.php(17): Illuminate\\Foundation\\Application->boot()
#10 /var/www/emaparking_dss/vendor/laravel/framework/src/Illuminate/Foundation/Application.php(242): Illuminate\\Foundation\\Bootstrap\\BootProviders->bootstrap()
#11 /var/www/emaparking_dss/vendor/laravel/framework/src/Illuminate/Foundation/Console/Kernel.php(383): Illuminate\\Foundation\\Application->bootstrapWith()
#12 /var/www/emaparking_dss/vendor/laravel/framework/src/Illuminate/Foundation/Console/Kernel.php(153): Illuminate\\Foundation\\Console\\Kernel->bootstrap()
#13 Command line code(1): Illuminate\\Foundation\\Console\\Kernel->handle()
#14 {main}
"} 
[2025-03-20 18:10:37] local.ERROR: Class "\Themes\BC\ThemeProvider" not found {"exception":"[object] (Error(code: 0): Class \"\\Themes\\BC\\ThemeProvider\" not found at /var/www/emaparking_dss/themes/ThemeServiceProvider.php:23)
[stacktrace]
#0 /var/www/emaparking_dss/vendor/laravel/framework/src/Illuminate/Container/BoundMethod.php(36): Themes\\ThemeServiceProvider->boot()
#1 /var/www/emaparking_dss/vendor/laravel/framework/src/Illuminate/Container/Util.php(41): Illuminate\\Container\\BoundMethod::Illuminate\\Container\\{closure}()
#2 /var/www/emaparking_dss/vendor/laravel/framework/src/Illuminate/Container/BoundMethod.php(93): Illuminate\\Container\\Util::unwrapIfClosure()
#3 /var/www/emaparking_dss/vendor/laravel/framework/src/Illuminate/Container/BoundMethod.php(35): Illuminate\\Container\\BoundMethod::callBoundMethod()
#4 /var/www/emaparking_dss/vendor/laravel/framework/src/Illuminate/Container/Container.php(651): Illuminate\\Container\\BoundMethod::call()
#5 /var/www/emaparking_dss/vendor/laravel/framework/src/Illuminate/Foundation/Application.php(933): Illuminate\\Container\\Container->call()
#6 /var/www/emaparking_dss/vendor/laravel/framework/src/Illuminate/Foundation/Application.php(914): Illuminate\\Foundation\\Application->bootProvider()
#7 [internal function]: Illuminate\\Foundation\\Application->Illuminate\\Foundation\\{closure}()
#8 /var/www/emaparking_dss/vendor/laravel/framework/src/Illuminate/Foundation/Application.php(913): array_walk()
#9 /var/www/emaparking_dss/vendor/laravel/framework/src/Illuminate/Foundation/Bootstrap/BootProviders.php(17): Illuminate\\Foundation\\Application->boot()
#10 /var/www/emaparking_dss/vendor/laravel/framework/src/Illuminate/Foundation/Application.php(242): Illuminate\\Foundation\\Bootstrap\\BootProviders->bootstrap()
#11 /var/www/emaparking_dss/vendor/laravel/framework/src/Illuminate/Foundation/Console/Kernel.php(383): Illuminate\\Foundation\\Application->bootstrapWith()
#12 /var/www/emaparking_dss/vendor/laravel/framework/src/Illuminate/Foundation/Console/Kernel.php(153): Illuminate\\Foundation\\Console\\Kernel->bootstrap()
#13 Command line code(1): Illuminate\\Foundation\\Console\\Kernel->handle()
#14 {main}
"} 
[2025-03-20 18:11:37] local.ERROR: Class "\Themes\BC\ThemeProvider" not found {"exception":"[object] (Error(code: 0): Class \"\\Themes\\BC\\ThemeProvider\" not found at /var/www/emaparking_dss/themes/ThemeServiceProvider.php:23)
[stacktrace]
#0 /var/www/emaparking_dss/vendor/laravel/framework/src/Illuminate/Container/BoundMethod.php(36): Themes\\ThemeServiceProvider->boot()
#1 /var/www/emaparking_dss/vendor/laravel/framework/src/Illuminate/Container/Util.php(41): Illuminate\\Container\\BoundMethod::Illuminate\\Container\\{closure}()
#2 /var/www/emaparking_dss/vendor/laravel/framework/src/Illuminate/Container/BoundMethod.php(93): Illuminate\\Container\\Util::unwrapIfClosure()
#3 /var/www/emaparking_dss/vendor/laravel/framework/src/Illuminate/Container/BoundMethod.php(35): Illuminate\\Container\\BoundMethod::callBoundMethod()
#4 /var/www/emaparking_dss/vendor/laravel/framework/src/Illuminate/Container/Container.php(651): Illuminate\\Container\\BoundMethod::call()
#5 /var/www/emaparking_dss/vendor/laravel/framework/src/Illuminate/Foundation/Application.php(933): Illuminate\\Container\\Container->call()
#6 /var/www/emaparking_dss/vendor/laravel/framework/src/Illuminate/Foundation/Application.php(914): Illuminate\\Foundation\\Application->bootProvider()
#7 [internal function]: Illuminate\\Foundation\\Application->Illuminate\\Foundation\\{closure}()
#8 /var/www/emaparking_dss/vendor/laravel/framework/src/Illuminate/Foundation/Application.php(913): array_walk()
#9 /var/www/emaparking_dss/vendor/laravel/framework/src/Illuminate/Foundation/Bootstrap/BootProviders.php(17): Illuminate\\Foundation\\Application->boot()
#10 /var/www/emaparking_dss/vendor/laravel/framework/src/Illuminate/Foundation/Application.php(242): Illuminate\\Foundation\\Bootstrap\\BootProviders->bootstrap()
#11 /var/www/emaparking_dss/vendor/laravel/framework/src/Illuminate/Foundation/Console/Kernel.php(383): Illuminate\\Foundation\\Application->bootstrapWith()
#12 /var/www/emaparking_dss/vendor/laravel/framework/src/Illuminate/Foundation/Console/Kernel.php(153): Illuminate\\Foundation\\Console\\Kernel->bootstrap()
#13 Command line code(1): Illuminate\\Foundation\\Console\\Kernel->handle()
#14 {main}
"} 
[2025-03-20 18:11:37] local.ERROR: Class "\Themes\BC\ThemeProvider" not found {"exception":"[object] (Error(code: 0): Class \"\\Themes\\BC\\ThemeProvider\" not found at /var/www/emaparking_dss/themes/ThemeServiceProvider.php:23)
[stacktrace]
#0 /var/www/emaparking_dss/vendor/laravel/framework/src/Illuminate/Container/BoundMethod.php(36): Themes\\ThemeServiceProvider->boot()
#1 /var/www/emaparking_dss/vendor/laravel/framework/src/Illuminate/Container/Util.php(41): Illuminate\\Container\\BoundMethod::Illuminate\\Container\\{closure}()
#2 /var/www/emaparking_dss/vendor/laravel/framework/src/Illuminate/Container/BoundMethod.php(93): Illuminate\\Container\\Util::unwrapIfClosure()
#3 /var/www/emaparking_dss/vendor/laravel/framework/src/Illuminate/Container/BoundMethod.php(35): Illuminate\\Container\\BoundMethod::callBoundMethod()
#4 /var/www/emaparking_dss/vendor/laravel/framework/src/Illuminate/Container/Container.php(651): Illuminate\\Container\\BoundMethod::call()
#5 /var/www/emaparking_dss/vendor/laravel/framework/src/Illuminate/Foundation/Application.php(933): Illuminate\\Container\\Container->call()
#6 /var/www/emaparking_dss/vendor/laravel/framework/src/Illuminate/Foundation/Application.php(914): Illuminate\\Foundation\\Application->bootProvider()
#7 [internal function]: Illuminate\\Foundation\\Application->Illuminate\\Foundation\\{closure}()
#8 /var/www/emaparking_dss/vendor/laravel/framework/src/Illuminate/Foundation/Application.php(913): array_walk()
#9 /var/www/emaparking_dss/vendor/laravel/framework/src/Illuminate/Foundation/Bootstrap/BootProviders.php(17): Illuminate\\Foundation\\Application->boot()
#10 /var/www/emaparking_dss/vendor/laravel/framework/src/Illuminate/Foundation/Application.php(242): Illuminate\\Foundation\\Bootstrap\\BootProviders->bootstrap()
#11 /var/www/emaparking_dss/vendor/laravel/framework/src/Illuminate/Foundation/Console/Kernel.php(383): Illuminate\\Foundation\\Application->bootstrapWith()
#12 /var/www/emaparking_dss/vendor/laravel/framework/src/Illuminate/Foundation/Console/Kernel.php(153): Illuminate\\Foundation\\Console\\Kernel->bootstrap()
#13 Command line code(1): Illuminate\\Foundation\\Console\\Kernel->handle()
#14 {main}
"} 
[2025-03-20 18:12:37] local.ERROR: Class "\Themes\BC\ThemeProvider" not found {"exception":"[object] (Error(code: 0): Class \"\\Themes\\BC\\ThemeProvider\" not found at /var/www/emaparking_dss/themes/ThemeServiceProvider.php:23)
[stacktrace]
#0 /var/www/emaparking_dss/vendor/laravel/framework/src/Illuminate/Container/BoundMethod.php(36): Themes\\ThemeServiceProvider->boot()
#1 /var/www/emaparking_dss/vendor/laravel/framework/src/Illuminate/Container/Util.php(41): Illuminate\\Container\\BoundMethod::Illuminate\\Container\\{closure}()
#2 /var/www/emaparking_dss/vendor/laravel/framework/src/Illuminate/Container/BoundMethod.php(93): Illuminate\\Container\\Util::unwrapIfClosure()
#3 /var/www/emaparking_dss/vendor/laravel/framework/src/Illuminate/Container/BoundMethod.php(35): Illuminate\\Container\\BoundMethod::callBoundMethod()
#4 /var/www/emaparking_dss/vendor/laravel/framework/src/Illuminate/Container/Container.php(651): Illuminate\\Container\\BoundMethod::call()
#5 /var/www/emaparking_dss/vendor/laravel/framework/src/Illuminate/Foundation/Application.php(933): Illuminate\\Container\\Container->call()
#6 /var/www/emaparking_dss/vendor/laravel/framework/src/Illuminate/Foundation/Application.php(914): Illuminate\\Foundation\\Application->bootProvider()
#7 [internal function]: Illuminate\\Foundation\\Application->Illuminate\\Foundation\\{closure}()
#8 /var/www/emaparking_dss/vendor/laravel/framework/src/Illuminate/Foundation/Application.php(913): array_walk()
#9 /var/www/emaparking_dss/vendor/laravel/framework/src/Illuminate/Foundation/Bootstrap/BootProviders.php(17): Illuminate\\Foundation\\Application->boot()
#10 /var/www/emaparking_dss/vendor/laravel/framework/src/Illuminate/Foundation/Application.php(242): Illuminate\\Foundation\\Bootstrap\\BootProviders->bootstrap()
#11 /var/www/emaparking_dss/vendor/laravel/framework/src/Illuminate/Foundation/Console/Kernel.php(383): Illuminate\\Foundation\\Application->bootstrapWith()
#12 /var/www/emaparking_dss/vendor/laravel/framework/src/Illuminate/Foundation/Console/Kernel.php(153): Illuminate\\Foundation\\Console\\Kernel->bootstrap()
#13 Command line code(1): Illuminate\\Foundation\\Console\\Kernel->handle()
#14 {main}
"} 
[2025-03-20 18:12:37] local.ERROR: Class "\Themes\BC\ThemeProvider" not found {"exception":"[object] (Error(code: 0): Class \"\\Themes\\BC\\ThemeProvider\" not found at /var/www/emaparking_dss/themes/ThemeServiceProvider.php:23)
[stacktrace]
#0 /var/www/emaparking_dss/vendor/laravel/framework/src/Illuminate/Container/BoundMethod.php(36): Themes\\ThemeServiceProvider->boot()
#1 /var/www/emaparking_dss/vendor/laravel/framework/src/Illuminate/Container/Util.php(41): Illuminate\\Container\\BoundMethod::Illuminate\\Container\\{closure}()
#2 /var/www/emaparking_dss/vendor/laravel/framework/src/Illuminate/Container/BoundMethod.php(93): Illuminate\\Container\\Util::unwrapIfClosure()
#3 /var/www/emaparking_dss/vendor/laravel/framework/src/Illuminate/Container/BoundMethod.php(35): Illuminate\\Container\\BoundMethod::callBoundMethod()
#4 /var/www/emaparking_dss/vendor/laravel/framework/src/Illuminate/Container/Container.php(651): Illuminate\\Container\\BoundMethod::call()
#5 /var/www/emaparking_dss/vendor/laravel/framework/src/Illuminate/Foundation/Application.php(933): Illuminate\\Container\\Container->call()
#6 /var/www/emaparking_dss/vendor/laravel/framework/src/Illuminate/Foundation/Application.php(914): Illuminate\\Foundation\\Application->bootProvider()
#7 [internal function]: Illuminate\\Foundation\\Application->Illuminate\\Foundation\\{closure}()
#8 /var/www/emaparking_dss/vendor/laravel/framework/src/Illuminate/Foundation/Application.php(913): array_walk()
#9 /var/www/emaparking_dss/vendor/laravel/framework/src/Illuminate/Foundation/Bootstrap/BootProviders.php(17): Illuminate\\Foundation\\Application->boot()
#10 /var/www/emaparking_dss/vendor/laravel/framework/src/Illuminate/Foundation/Application.php(242): Illuminate\\Foundation\\Bootstrap\\BootProviders->bootstrap()
#11 /var/www/emaparking_dss/vendor/laravel/framework/src/Illuminate/Foundation/Console/Kernel.php(383): Illuminate\\Foundation\\Application->bootstrapWith()
#12 /var/www/emaparking_dss/vendor/laravel/framework/src/Illuminate/Foundation/Console/Kernel.php(153): Illuminate\\Foundation\\Console\\Kernel->bootstrap()
#13 Command line code(1): Illuminate\\Foundation\\Console\\Kernel->handle()
#14 {main}
"} 
[2025-03-20 18:13:37] local.ERROR: Class "\Themes\BC\ThemeProvider" not found {"exception":"[object] (Error(code: 0): Class \"\\Themes\\BC\\ThemeProvider\" not found at /var/www/emaparking_dss/themes/ThemeServiceProvider.php:23)
[stacktrace]
#0 /var/www/emaparking_dss/vendor/laravel/framework/src/Illuminate/Container/BoundMethod.php(36): Themes\\ThemeServiceProvider->boot()
#1 /var/www/emaparking_dss/vendor/laravel/framework/src/Illuminate/Container/Util.php(41): Illuminate\\Container\\BoundMethod::Illuminate\\Container\\{closure}()
#2 /var/www/emaparking_dss/vendor/laravel/framework/src/Illuminate/Container/BoundMethod.php(93): Illuminate\\Container\\Util::unwrapIfClosure()
#3 /var/www/emaparking_dss/vendor/laravel/framework/src/Illuminate/Container/BoundMethod.php(35): Illuminate\\Container\\BoundMethod::callBoundMethod()
#4 /var/www/emaparking_dss/vendor/laravel/framework/src/Illuminate/Container/Container.php(651): Illuminate\\Container\\BoundMethod::call()
#5 /var/www/emaparking_dss/vendor/laravel/framework/src/Illuminate/Foundation/Application.php(933): Illuminate\\Container\\Container->call()
#6 /var/www/emaparking_dss/vendor/laravel/framework/src/Illuminate/Foundation/Application.php(914): Illuminate\\Foundation\\Application->bootProvider()
#7 [internal function]: Illuminate\\Foundation\\Application->Illuminate\\Foundation\\{closure}()
#8 /var/www/emaparking_dss/vendor/laravel/framework/src/Illuminate/Foundation/Application.php(913): array_walk()
#9 /var/www/emaparking_dss/vendor/laravel/framework/src/Illuminate/Foundation/Bootstrap/BootProviders.php(17): Illuminate\\Foundation\\Application->boot()
#10 /var/www/emaparking_dss/vendor/laravel/framework/src/Illuminate/Foundation/Application.php(242): Illuminate\\Foundation\\Bootstrap\\BootProviders->bootstrap()
#11 /var/www/emaparking_dss/vendor/laravel/framework/src/Illuminate/Foundation/Console/Kernel.php(383): Illuminate\\Foundation\\Application->bootstrapWith()
#12 /var/www/emaparking_dss/vendor/laravel/framework/src/Illuminate/Foundation/Console/Kernel.php(153): Illuminate\\Foundation\\Console\\Kernel->bootstrap()
#13 Command line code(1): Illuminate\\Foundation\\Console\\Kernel->handle()
#14 {main}
"} 
[2025-03-20 18:13:37] local.ERROR: Class "\Themes\BC\ThemeProvider" not found {"exception":"[object] (Error(code: 0): Class \"\\Themes\\BC\\ThemeProvider\" not found at /var/www/emaparking_dss/themes/ThemeServiceProvider.php:23)
[stacktrace]
#0 /var/www/emaparking_dss/vendor/laravel/framework/src/Illuminate/Container/BoundMethod.php(36): Themes\\ThemeServiceProvider->boot()
#1 /var/www/emaparking_dss/vendor/laravel/framework/src/Illuminate/Container/Util.php(41): Illuminate\\Container\\BoundMethod::Illuminate\\Container\\{closure}()
#2 /var/www/emaparking_dss/vendor/laravel/framework/src/Illuminate/Container/BoundMethod.php(93): Illuminate\\Container\\Util::unwrapIfClosure()
#3 /var/www/emaparking_dss/vendor/laravel/framework/src/Illuminate/Container/BoundMethod.php(35): Illuminate\\Container\\BoundMethod::callBoundMethod()
#4 /var/www/emaparking_dss/vendor/laravel/framework/src/Illuminate/Container/Container.php(651): Illuminate\\Container\\BoundMethod::call()
#5 /var/www/emaparking_dss/vendor/laravel/framework/src/Illuminate/Foundation/Application.php(933): Illuminate\\Container\\Container->call()
#6 /var/www/emaparking_dss/vendor/laravel/framework/src/Illuminate/Foundation/Application.php(914): Illuminate\\Foundation\\Application->bootProvider()
#7 [internal function]: Illuminate\\Foundation\\Application->Illuminate\\Foundation\\{closure}()
#8 /var/www/emaparking_dss/vendor/laravel/framework/src/Illuminate/Foundation/Application.php(913): array_walk()
#9 /var/www/emaparking_dss/vendor/laravel/framework/src/Illuminate/Foundation/Bootstrap/BootProviders.php(17): Illuminate\\Foundation\\Application->boot()
#10 /var/www/emaparking_dss/vendor/laravel/framework/src/Illuminate/Foundation/Application.php(242): Illuminate\\Foundation\\Bootstrap\\BootProviders->bootstrap()
#11 /var/www/emaparking_dss/vendor/laravel/framework/src/Illuminate/Foundation/Console/Kernel.php(383): Illuminate\\Foundation\\Application->bootstrapWith()
#12 /var/www/emaparking_dss/vendor/laravel/framework/src/Illuminate/Foundation/Console/Kernel.php(153): Illuminate\\Foundation\\Console\\Kernel->bootstrap()
#13 Command line code(1): Illuminate\\Foundation\\Console\\Kernel->handle()
#14 {main}
"} 
[2025-03-20 18:14:37] local.ERROR: Class "\Themes\BC\ThemeProvider" not found {"exception":"[object] (Error(code: 0): Class \"\\Themes\\BC\\ThemeProvider\" not found at /var/www/emaparking_dss/themes/ThemeServiceProvider.php:23)
[stacktrace]
#0 /var/www/emaparking_dss/vendor/laravel/framework/src/Illuminate/Container/BoundMethod.php(36): Themes\\ThemeServiceProvider->boot()
#1 /var/www/emaparking_dss/vendor/laravel/framework/src/Illuminate/Container/Util.php(41): Illuminate\\Container\\BoundMethod::Illuminate\\Container\\{closure}()
#2 /var/www/emaparking_dss/vendor/laravel/framework/src/Illuminate/Container/BoundMethod.php(93): Illuminate\\Container\\Util::unwrapIfClosure()
#3 /var/www/emaparking_dss/vendor/laravel/framework/src/Illuminate/Container/BoundMethod.php(35): Illuminate\\Container\\BoundMethod::callBoundMethod()
#4 /var/www/emaparking_dss/vendor/laravel/framework/src/Illuminate/Container/Container.php(651): Illuminate\\Container\\BoundMethod::call()
#5 /var/www/emaparking_dss/vendor/laravel/framework/src/Illuminate/Foundation/Application.php(933): Illuminate\\Container\\Container->call()
#6 /var/www/emaparking_dss/vendor/laravel/framework/src/Illuminate/Foundation/Application.php(914): Illuminate\\Foundation\\Application->bootProvider()
#7 [internal function]: Illuminate\\Foundation\\Application->Illuminate\\Foundation\\{closure}()
#8 /var/www/emaparking_dss/vendor/laravel/framework/src/Illuminate/Foundation/Application.php(913): array_walk()
#9 /var/www/emaparking_dss/vendor/laravel/framework/src/Illuminate/Foundation/Bootstrap/BootProviders.php(17): Illuminate\\Foundation\\Application->boot()
#10 /var/www/emaparking_dss/vendor/laravel/framework/src/Illuminate/Foundation/Application.php(242): Illuminate\\Foundation\\Bootstrap\\BootProviders->bootstrap()
#11 /var/www/emaparking_dss/vendor/laravel/framework/src/Illuminate/Foundation/Console/Kernel.php(383): Illuminate\\Foundation\\Application->bootstrapWith()
#12 /var/www/emaparking_dss/vendor/laravel/framework/src/Illuminate/Foundation/Console/Kernel.php(153): Illuminate\\Foundation\\Console\\Kernel->bootstrap()
#13 Command line code(1): Illuminate\\Foundation\\Console\\Kernel->handle()
#14 {main}
"} 
[2025-03-20 18:14:37] local.ERROR: Class "\Themes\BC\ThemeProvider" not found {"exception":"[object] (Error(code: 0): Class \"\\Themes\\BC\\ThemeProvider\" not found at /var/www/emaparking_dss/themes/ThemeServiceProvider.php:23)
[stacktrace]
#0 /var/www/emaparking_dss/vendor/laravel/framework/src/Illuminate/Container/BoundMethod.php(36): Themes\\ThemeServiceProvider->boot()
#1 /var/www/emaparking_dss/vendor/laravel/framework/src/Illuminate/Container/Util.php(41): Illuminate\\Container\\BoundMethod::Illuminate\\Container\\{closure}()
#2 /var/www/emaparking_dss/vendor/laravel/framework/src/Illuminate/Container/BoundMethod.php(93): Illuminate\\Container\\Util::unwrapIfClosure()
#3 /var/www/emaparking_dss/vendor/laravel/framework/src/Illuminate/Container/BoundMethod.php(35): Illuminate\\Container\\BoundMethod::callBoundMethod()
#4 /var/www/emaparking_dss/vendor/laravel/framework/src/Illuminate/Container/Container.php(651): Illuminate\\Container\\BoundMethod::call()
#5 /var/www/emaparking_dss/vendor/laravel/framework/src/Illuminate/Foundation/Application.php(933): Illuminate\\Container\\Container->call()
#6 /var/www/emaparking_dss/vendor/laravel/framework/src/Illuminate/Foundation/Application.php(914): Illuminate\\Foundation\\Application->bootProvider()
#7 [internal function]: Illuminate\\Foundation\\Application->Illuminate\\Foundation\\{closure}()
#8 /var/www/emaparking_dss/vendor/laravel/framework/src/Illuminate/Foundation/Application.php(913): array_walk()
#9 /var/www/emaparking_dss/vendor/laravel/framework/src/Illuminate/Foundation/Bootstrap/BootProviders.php(17): Illuminate\\Foundation\\Application->boot()
#10 /var/www/emaparking_dss/vendor/laravel/framework/src/Illuminate/Foundation/Application.php(242): Illuminate\\Foundation\\Bootstrap\\BootProviders->bootstrap()
#11 /var/www/emaparking_dss/vendor/laravel/framework/src/Illuminate/Foundation/Console/Kernel.php(383): Illuminate\\Foundation\\Application->bootstrapWith()
#12 /var/www/emaparking_dss/vendor/laravel/framework/src/Illuminate/Foundation/Console/Kernel.php(153): Illuminate\\Foundation\\Console\\Kernel->bootstrap()
#13 Command line code(1): Illuminate\\Foundation\\Console\\Kernel->handle()
#14 {main}
"} 
[2025-03-20 18:14:38] local.ERROR: Class "\Themes\BC\ThemeProvider" not found {"exception":"[object] (Error(code: 0): Class \"\\Themes\\BC\\ThemeProvider\" not found at /var/www/emaparking_dss/themes/ThemeServiceProvider.php:23)
[stacktrace]
#0 /var/www/emaparking_dss/vendor/laravel/framework/src/Illuminate/Container/BoundMethod.php(36): Themes\\ThemeServiceProvider->boot()
#1 /var/www/emaparking_dss/vendor/laravel/framework/src/Illuminate/Container/Util.php(41): Illuminate\\Container\\BoundMethod::Illuminate\\Container\\{closure}()
#2 /var/www/emaparking_dss/vendor/laravel/framework/src/Illuminate/Container/BoundMethod.php(93): Illuminate\\Container\\Util::unwrapIfClosure()
#3 /var/www/emaparking_dss/vendor/laravel/framework/src/Illuminate/Container/BoundMethod.php(35): Illuminate\\Container\\BoundMethod::callBoundMethod()
#4 /var/www/emaparking_dss/vendor/laravel/framework/src/Illuminate/Container/Container.php(651): Illuminate\\Container\\BoundMethod::call()
#5 /var/www/emaparking_dss/vendor/laravel/framework/src/Illuminate/Foundation/Application.php(933): Illuminate\\Container\\Container->call()
#6 /var/www/emaparking_dss/vendor/laravel/framework/src/Illuminate/Foundation/Application.php(914): Illuminate\\Foundation\\Application->bootProvider()
#7 [internal function]: Illuminate\\Foundation\\Application->Illuminate\\Foundation\\{closure}()
#8 /var/www/emaparking_dss/vendor/laravel/framework/src/Illuminate/Foundation/Application.php(913): array_walk()
#9 /var/www/emaparking_dss/vendor/laravel/framework/src/Illuminate/Foundation/Bootstrap/BootProviders.php(17): Illuminate\\Foundation\\Application->boot()
#10 /var/www/emaparking_dss/vendor/laravel/framework/src/Illuminate/Foundation/Application.php(242): Illuminate\\Foundation\\Bootstrap\\BootProviders->bootstrap()
#11 /var/www/emaparking_dss/vendor/laravel/framework/src/Illuminate/Foundation/Console/Kernel.php(383): Illuminate\\Foundation\\Application->bootstrapWith()
#12 /var/www/emaparking_dss/vendor/laravel/framework/src/Illuminate/Foundation/Console/Kernel.php(153): Illuminate\\Foundation\\Console\\Kernel->bootstrap()
#13 Command line code(1): Illuminate\\Foundation\\Console\\Kernel->handle()
#14 {main}
"} 
[2025-03-20 18:15:37] local.ERROR: Class "\Themes\BC\ThemeProvider" not found {"exception":"[object] (Error(code: 0): Class \"\\Themes\\BC\\ThemeProvider\" not found at /var/www/emaparking_dss/themes/ThemeServiceProvider.php:23)
[stacktrace]
#0 /var/www/emaparking_dss/vendor/laravel/framework/src/Illuminate/Container/BoundMethod.php(36): Themes\\ThemeServiceProvider->boot()
#1 /var/www/emaparking_dss/vendor/laravel/framework/src/Illuminate/Container/Util.php(41): Illuminate\\Container\\BoundMethod::Illuminate\\Container\\{closure}()
#2 /var/www/emaparking_dss/vendor/laravel/framework/src/Illuminate/Container/BoundMethod.php(93): Illuminate\\Container\\Util::unwrapIfClosure()
#3 /var/www/emaparking_dss/vendor/laravel/framework/src/Illuminate/Container/BoundMethod.php(35): Illuminate\\Container\\BoundMethod::callBoundMethod()
#4 /var/www/emaparking_dss/vendor/laravel/framework/src/Illuminate/Container/Container.php(651): Illuminate\\Container\\BoundMethod::call()
#5 /var/www/emaparking_dss/vendor/laravel/framework/src/Illuminate/Foundation/Application.php(933): Illuminate\\Container\\Container->call()
#6 /var/www/emaparking_dss/vendor/laravel/framework/src/Illuminate/Foundation/Application.php(914): Illuminate\\Foundation\\Application->bootProvider()
#7 [internal function]: Illuminate\\Foundation\\Application->Illuminate\\Foundation\\{closure}()
#8 /var/www/emaparking_dss/vendor/laravel/framework/src/Illuminate/Foundation/Application.php(913): array_walk()
#9 /var/www/emaparking_dss/vendor/laravel/framework/src/Illuminate/Foundation/Bootstrap/BootProviders.php(17): Illuminate\\Foundation\\Application->boot()
#10 /var/www/emaparking_dss/vendor/laravel/framework/src/Illuminate/Foundation/Application.php(242): Illuminate\\Foundation\\Bootstrap\\BootProviders->bootstrap()
#11 /var/www/emaparking_dss/vendor/laravel/framework/src/Illuminate/Foundation/Console/Kernel.php(383): Illuminate\\Foundation\\Application->bootstrapWith()
#12 /var/www/emaparking_dss/vendor/laravel/framework/src/Illuminate/Foundation/Console/Kernel.php(153): Illuminate\\Foundation\\Console\\Kernel->bootstrap()
#13 Command line code(1): Illuminate\\Foundation\\Console\\Kernel->handle()
#14 {main}
"} 
[2025-03-20 18:15:37] local.ERROR: Class "\Themes\BC\ThemeProvider" not found {"exception":"[object] (Error(code: 0): Class \"\\Themes\\BC\\ThemeProvider\" not found at /var/www/emaparking_dss/themes/ThemeServiceProvider.php:23)
[stacktrace]
#0 /var/www/emaparking_dss/vendor/laravel/framework/src/Illuminate/Container/BoundMethod.php(36): Themes\\ThemeServiceProvider->boot()
#1 /var/www/emaparking_dss/vendor/laravel/framework/src/Illuminate/Container/Util.php(41): Illuminate\\Container\\BoundMethod::Illuminate\\Container\\{closure}()
#2 /var/www/emaparking_dss/vendor/laravel/framework/src/Illuminate/Container/BoundMethod.php(93): Illuminate\\Container\\Util::unwrapIfClosure()
#3 /var/www/emaparking_dss/vendor/laravel/framework/src/Illuminate/Container/BoundMethod.php(35): Illuminate\\Container\\BoundMethod::callBoundMethod()
#4 /var/www/emaparking_dss/vendor/laravel/framework/src/Illuminate/Container/Container.php(651): Illuminate\\Container\\BoundMethod::call()
#5 /var/www/emaparking_dss/vendor/laravel/framework/src/Illuminate/Foundation/Application.php(933): Illuminate\\Container\\Container->call()
#6 /var/www/emaparking_dss/vendor/laravel/framework/src/Illuminate/Foundation/Application.php(914): Illuminate\\Foundation\\Application->bootProvider()
#7 [internal function]: Illuminate\\Foundation\\Application->Illuminate\\Foundation\\{closure}()
#8 /var/www/emaparking_dss/vendor/laravel/framework/src/Illuminate/Foundation/Application.php(913): array_walk()
#9 /var/www/emaparking_dss/vendor/laravel/framework/src/Illuminate/Foundation/Bootstrap/BootProviders.php(17): Illuminate\\Foundation\\Application->boot()
#10 /var/www/emaparking_dss/vendor/laravel/framework/src/Illuminate/Foundation/Application.php(242): Illuminate\\Foundation\\Bootstrap\\BootProviders->bootstrap()
#11 /var/www/emaparking_dss/vendor/laravel/framework/src/Illuminate/Foundation/Console/Kernel.php(383): Illuminate\\Foundation\\Application->bootstrapWith()
#12 /var/www/emaparking_dss/vendor/laravel/framework/src/Illuminate/Foundation/Console/Kernel.php(153): Illuminate\\Foundation\\Console\\Kernel->bootstrap()
#13 Command line code(1): Illuminate\\Foundation\\Console\\Kernel->handle()
#14 {main}
"} 
[2025-03-20 18:16:37] local.ERROR: Class "\Themes\BC\ThemeProvider" not found {"exception":"[object] (Error(code: 0): Class \"\\Themes\\BC\\ThemeProvider\" not found at /var/www/emaparking_dss/themes/ThemeServiceProvider.php:23)
[stacktrace]
#0 /var/www/emaparking_dss/vendor/laravel/framework/src/Illuminate/Container/BoundMethod.php(36): Themes\\ThemeServiceProvider->boot()
#1 /var/www/emaparking_dss/vendor/laravel/framework/src/Illuminate/Container/Util.php(41): Illuminate\\Container\\BoundMethod::Illuminate\\Container\\{closure}()
#2 /var/www/emaparking_dss/vendor/laravel/framework/src/Illuminate/Container/BoundMethod.php(93): Illuminate\\Container\\Util::unwrapIfClosure()
#3 /var/www/emaparking_dss/vendor/laravel/framework/src/Illuminate/Container/BoundMethod.php(35): Illuminate\\Container\\BoundMethod::callBoundMethod()
#4 /var/www/emaparking_dss/vendor/laravel/framework/src/Illuminate/Container/Container.php(651): Illuminate\\Container\\BoundMethod::call()
#5 /var/www/emaparking_dss/vendor/laravel/framework/src/Illuminate/Foundation/Application.php(933): Illuminate\\Container\\Container->call()
#6 /var/www/emaparking_dss/vendor/laravel/framework/src/Illuminate/Foundation/Application.php(914): Illuminate\\Foundation\\Application->bootProvider()
#7 [internal function]: Illuminate\\Foundation\\Application->Illuminate\\Foundation\\{closure}()
#8 /var/www/emaparking_dss/vendor/laravel/framework/src/Illuminate/Foundation/Application.php(913): array_walk()
#9 /var/www/emaparking_dss/vendor/laravel/framework/src/Illuminate/Foundation/Bootstrap/BootProviders.php(17): Illuminate\\Foundation\\Application->boot()
#10 /var/www/emaparking_dss/vendor/laravel/framework/src/Illuminate/Foundation/Application.php(242): Illuminate\\Foundation\\Bootstrap\\BootProviders->bootstrap()
#11 /var/www/emaparking_dss/vendor/laravel/framework/src/Illuminate/Foundation/Console/Kernel.php(383): Illuminate\\Foundation\\Application->bootstrapWith()
#12 /var/www/emaparking_dss/vendor/laravel/framework/src/Illuminate/Foundation/Console/Kernel.php(153): Illuminate\\Foundation\\Console\\Kernel->bootstrap()
#13 Command line code(1): Illuminate\\Foundation\\Console\\Kernel->handle()
#14 {main}
"} 
[2025-03-20 18:16:37] local.ERROR: Class "\Themes\BC\ThemeProvider" not found {"exception":"[object] (Error(code: 0): Class \"\\Themes\\BC\\ThemeProvider\" not found at /var/www/emaparking_dss/themes/ThemeServiceProvider.php:23)
[stacktrace]
#0 /var/www/emaparking_dss/vendor/laravel/framework/src/Illuminate/Container/BoundMethod.php(36): Themes\\ThemeServiceProvider->boot()
#1 /var/www/emaparking_dss/vendor/laravel/framework/src/Illuminate/Container/Util.php(41): Illuminate\\Container\\BoundMethod::Illuminate\\Container\\{closure}()
#2 /var/www/emaparking_dss/vendor/laravel/framework/src/Illuminate/Container/BoundMethod.php(93): Illuminate\\Container\\Util::unwrapIfClosure()
#3 /var/www/emaparking_dss/vendor/laravel/framework/src/Illuminate/Container/BoundMethod.php(35): Illuminate\\Container\\BoundMethod::callBoundMethod()
#4 /var/www/emaparking_dss/vendor/laravel/framework/src/Illuminate/Container/Container.php(651): Illuminate\\Container\\BoundMethod::call()
#5 /var/www/emaparking_dss/vendor/laravel/framework/src/Illuminate/Foundation/Application.php(933): Illuminate\\Container\\Container->call()
#6 /var/www/emaparking_dss/vendor/laravel/framework/src/Illuminate/Foundation/Application.php(914): Illuminate\\Foundation\\Application->bootProvider()
#7 [internal function]: Illuminate\\Foundation\\Application->Illuminate\\Foundation\\{closure}()
#8 /var/www/emaparking_dss/vendor/laravel/framework/src/Illuminate/Foundation/Application.php(913): array_walk()
#9 /var/www/emaparking_dss/vendor/laravel/framework/src/Illuminate/Foundation/Bootstrap/BootProviders.php(17): Illuminate\\Foundation\\Application->boot()
#10 /var/www/emaparking_dss/vendor/laravel/framework/src/Illuminate/Foundation/Application.php(242): Illuminate\\Foundation\\Bootstrap\\BootProviders->bootstrap()
#11 /var/www/emaparking_dss/vendor/laravel/framework/src/Illuminate/Foundation/Console/Kernel.php(383): Illuminate\\Foundation\\Application->bootstrapWith()
#12 /var/www/emaparking_dss/vendor/laravel/framework/src/Illuminate/Foundation/Console/Kernel.php(153): Illuminate\\Foundation\\Console\\Kernel->bootstrap()
#13 Command line code(1): Illuminate\\Foundation\\Console\\Kernel->handle()
#14 {main}
"} 
[2025-03-20 18:17:37] local.ERROR: Class "\Themes\BC\ThemeProvider" not found {"exception":"[object] (Error(code: 0): Class \"\\Themes\\BC\\ThemeProvider\" not found at /var/www/emaparking_dss/themes/ThemeServiceProvider.php:23)
[stacktrace]
#0 /var/www/emaparking_dss/vendor/laravel/framework/src/Illuminate/Container/BoundMethod.php(36): Themes\\ThemeServiceProvider->boot()
#1 /var/www/emaparking_dss/vendor/laravel/framework/src/Illuminate/Container/Util.php(41): Illuminate\\Container\\BoundMethod::Illuminate\\Container\\{closure}()
#2 /var/www/emaparking_dss/vendor/laravel/framework/src/Illuminate/Container/BoundMethod.php(93): Illuminate\\Container\\Util::unwrapIfClosure()
#3 /var/www/emaparking_dss/vendor/laravel/framework/src/Illuminate/Container/BoundMethod.php(35): Illuminate\\Container\\BoundMethod::callBoundMethod()
#4 /var/www/emaparking_dss/vendor/laravel/framework/src/Illuminate/Container/Container.php(651): Illuminate\\Container\\BoundMethod::call()
#5 /var/www/emaparking_dss/vendor/laravel/framework/src/Illuminate/Foundation/Application.php(933): Illuminate\\Container\\Container->call()
#6 /var/www/emaparking_dss/vendor/laravel/framework/src/Illuminate/Foundation/Application.php(914): Illuminate\\Foundation\\Application->bootProvider()
#7 [internal function]: Illuminate\\Foundation\\Application->Illuminate\\Foundation\\{closure}()
#8 /var/www/emaparking_dss/vendor/laravel/framework/src/Illuminate/Foundation/Application.php(913): array_walk()
#9 /var/www/emaparking_dss/vendor/laravel/framework/src/Illuminate/Foundation/Bootstrap/BootProviders.php(17): Illuminate\\Foundation\\Application->boot()
#10 /var/www/emaparking_dss/vendor/laravel/framework/src/Illuminate/Foundation/Application.php(242): Illuminate\\Foundation\\Bootstrap\\BootProviders->bootstrap()
#11 /var/www/emaparking_dss/vendor/laravel/framework/src/Illuminate/Foundation/Console/Kernel.php(383): Illuminate\\Foundation\\Application->bootstrapWith()
#12 /var/www/emaparking_dss/vendor/laravel/framework/src/Illuminate/Foundation/Console/Kernel.php(153): Illuminate\\Foundation\\Console\\Kernel->bootstrap()
#13 Command line code(1): Illuminate\\Foundation\\Console\\Kernel->handle()
#14 {main}
"} 
[2025-03-20 18:17:37] local.ERROR: Class "\Themes\BC\ThemeProvider" not found {"exception":"[object] (Error(code: 0): Class \"\\Themes\\BC\\ThemeProvider\" not found at /var/www/emaparking_dss/themes/ThemeServiceProvider.php:23)
[stacktrace]
#0 /var/www/emaparking_dss/vendor/laravel/framework/src/Illuminate/Container/BoundMethod.php(36): Themes\\ThemeServiceProvider->boot()
#1 /var/www/emaparking_dss/vendor/laravel/framework/src/Illuminate/Container/Util.php(41): Illuminate\\Container\\BoundMethod::Illuminate\\Container\\{closure}()
#2 /var/www/emaparking_dss/vendor/laravel/framework/src/Illuminate/Container/BoundMethod.php(93): Illuminate\\Container\\Util::unwrapIfClosure()
#3 /var/www/emaparking_dss/vendor/laravel/framework/src/Illuminate/Container/BoundMethod.php(35): Illuminate\\Container\\BoundMethod::callBoundMethod()
#4 /var/www/emaparking_dss/vendor/laravel/framework/src/Illuminate/Container/Container.php(651): Illuminate\\Container\\BoundMethod::call()
#5 /var/www/emaparking_dss/vendor/laravel/framework/src/Illuminate/Foundation/Application.php(933): Illuminate\\Container\\Container->call()
#6 /var/www/emaparking_dss/vendor/laravel/framework/src/Illuminate/Foundation/Application.php(914): Illuminate\\Foundation\\Application->bootProvider()
#7 [internal function]: Illuminate\\Foundation\\Application->Illuminate\\Foundation\\{closure}()
#8 /var/www/emaparking_dss/vendor/laravel/framework/src/Illuminate/Foundation/Application.php(913): array_walk()
#9 /var/www/emaparking_dss/vendor/laravel/framework/src/Illuminate/Foundation/Bootstrap/BootProviders.php(17): Illuminate\\Foundation\\Application->boot()
#10 /var/www/emaparking_dss/vendor/laravel/framework/src/Illuminate/Foundation/Application.php(242): Illuminate\\Foundation\\Bootstrap\\BootProviders->bootstrap()
#11 /var/www/emaparking_dss/vendor/laravel/framework/src/Illuminate/Foundation/Console/Kernel.php(383): Illuminate\\Foundation\\Application->bootstrapWith()
#12 /var/www/emaparking_dss/vendor/laravel/framework/src/Illuminate/Foundation/Console/Kernel.php(153): Illuminate\\Foundation\\Console\\Kernel->bootstrap()
#13 Command line code(1): Illuminate\\Foundation\\Console\\Kernel->handle()
#14 {main}
"} 
