[2025-03-28 17:03:41] local.ERROR: Class "\Themes\BC\ThemeProvider" not found {"exception":"[object] (Error(code: 0): Class \"\\Themes\\BC\\ThemeProvider\" not found at /var/www/emaparking_dss/themes/ThemeServiceProvider.php:23)
[stacktrace]
#0 /var/www/emaparking_dss/vendor/laravel/framework/src/Illuminate/Container/BoundMethod.php(36): Themes\\ThemeServiceProvider->boot()
#1 /var/www/emaparking_dss/vendor/laravel/framework/src/Illuminate/Container/Util.php(41): Illuminate\\Container\\BoundMethod::Illuminate\\Container\\{closure}()
#2 /var/www/emaparking_dss/vendor/laravel/framework/src/Illuminate/Container/BoundMethod.php(93): Illuminate\\Container\\Util::unwrapIfClosure()
#3 /var/www/emaparking_dss/vendor/laravel/framework/src/Illuminate/Container/BoundMethod.php(35): Illuminate\\Container\\BoundMethod::callBoundMethod()
#4 /var/www/emaparking_dss/vendor/laravel/framework/src/Illuminate/Container/Container.php(651): Illuminate\\Container\\BoundMethod::call()
#5 /var/www/emaparking_dss/vendor/laravel/framework/src/Illuminate/Foundation/Application.php(933): Illuminate\\Container\\Container->call()
#6 /var/www/emaparking_dss/vendor/laravel/framework/src/Illuminate/Foundation/Application.php(914): Illuminate\\Foundation\\Application->bootProvider()
#7 [internal function]: Illuminate\\Foundation\\Application->Illuminate\\Foundation\\{closure}()
#8 /var/www/emaparking_dss/vendor/laravel/framework/src/Illuminate/Foundation/Application.php(913): array_walk()
#9 /var/www/emaparking_dss/vendor/laravel/framework/src/Illuminate/Foundation/Bootstrap/BootProviders.php(17): Illuminate\\Foundation\\Application->boot()
#10 /var/www/emaparking_dss/vendor/laravel/framework/src/Illuminate/Foundation/Application.php(242): Illuminate\\Foundation\\Bootstrap\\BootProviders->bootstrap()
#11 /var/www/emaparking_dss/vendor/laravel/framework/src/Illuminate/Foundation/Console/Kernel.php(383): Illuminate\\Foundation\\Application->bootstrapWith()
#12 /var/www/emaparking_dss/vendor/laravel/framework/src/Illuminate/Foundation/Console/Kernel.php(153): Illuminate\\Foundation\\Console\\Kernel->bootstrap()
#13 Command line code(1): Illuminate\\Foundation\\Console\\Kernel->handle()
#14 {main}
"} 
[2025-03-28 17:03:41] local.ERROR: Class "\Themes\BC\ThemeProvider" not found {"exception":"[object] (Error(code: 0): Class \"\\Themes\\BC\\ThemeProvider\" not found at /var/www/emaparking_dss/themes/ThemeServiceProvider.php:23)
[stacktrace]
#0 /var/www/emaparking_dss/vendor/laravel/framework/src/Illuminate/Container/BoundMethod.php(36): Themes\\ThemeServiceProvider->boot()
#1 /var/www/emaparking_dss/vendor/laravel/framework/src/Illuminate/Container/Util.php(41): Illuminate\\Container\\BoundMethod::Illuminate\\Container\\{closure}()
#2 /var/www/emaparking_dss/vendor/laravel/framework/src/Illuminate/Container/BoundMethod.php(93): Illuminate\\Container\\Util::unwrapIfClosure()
#3 /var/www/emaparking_dss/vendor/laravel/framework/src/Illuminate/Container/BoundMethod.php(35): Illuminate\\Container\\BoundMethod::callBoundMethod()
#4 /var/www/emaparking_dss/vendor/laravel/framework/src/Illuminate/Container/Container.php(651): Illuminate\\Container\\BoundMethod::call()
#5 /var/www/emaparking_dss/vendor/laravel/framework/src/Illuminate/Foundation/Application.php(933): Illuminate\\Container\\Container->call()
#6 /var/www/emaparking_dss/vendor/laravel/framework/src/Illuminate/Foundation/Application.php(914): Illuminate\\Foundation\\Application->bootProvider()
#7 [internal function]: Illuminate\\Foundation\\Application->Illuminate\\Foundation\\{closure}()
#8 /var/www/emaparking_dss/vendor/laravel/framework/src/Illuminate/Foundation/Application.php(913): array_walk()
#9 /var/www/emaparking_dss/vendor/laravel/framework/src/Illuminate/Foundation/Bootstrap/BootProviders.php(17): Illuminate\\Foundation\\Application->boot()
#10 /var/www/emaparking_dss/vendor/laravel/framework/src/Illuminate/Foundation/Application.php(242): Illuminate\\Foundation\\Bootstrap\\BootProviders->bootstrap()
#11 /var/www/emaparking_dss/vendor/laravel/framework/src/Illuminate/Foundation/Console/Kernel.php(383): Illuminate\\Foundation\\Application->bootstrapWith()
#12 /var/www/emaparking_dss/vendor/laravel/framework/src/Illuminate/Foundation/Console/Kernel.php(153): Illuminate\\Foundation\\Console\\Kernel->bootstrap()
#13 Command line code(1): Illuminate\\Foundation\\Console\\Kernel->handle()
#14 {main}
"} 
[2025-03-28 17:03:41] local.ERROR: Class "\Themes\BC\ThemeProvider" not found {"exception":"[object] (Error(code: 0): Class \"\\Themes\\BC\\ThemeProvider\" not found at /var/www/emaparking_dss/themes/ThemeServiceProvider.php:23)
[stacktrace]
#0 /var/www/emaparking_dss/vendor/laravel/framework/src/Illuminate/Container/BoundMethod.php(36): Themes\\ThemeServiceProvider->boot()
#1 /var/www/emaparking_dss/vendor/laravel/framework/src/Illuminate/Container/Util.php(41): Illuminate\\Container\\BoundMethod::Illuminate\\Container\\{closure}()
#2 /var/www/emaparking_dss/vendor/laravel/framework/src/Illuminate/Container/BoundMethod.php(93): Illuminate\\Container\\Util::unwrapIfClosure()
#3 /var/www/emaparking_dss/vendor/laravel/framework/src/Illuminate/Container/BoundMethod.php(35): Illuminate\\Container\\BoundMethod::callBoundMethod()
#4 /var/www/emaparking_dss/vendor/laravel/framework/src/Illuminate/Container/Container.php(651): Illuminate\\Container\\BoundMethod::call()
#5 /var/www/emaparking_dss/vendor/laravel/framework/src/Illuminate/Foundation/Application.php(933): Illuminate\\Container\\Container->call()
#6 /var/www/emaparking_dss/vendor/laravel/framework/src/Illuminate/Foundation/Application.php(914): Illuminate\\Foundation\\Application->bootProvider()
#7 [internal function]: Illuminate\\Foundation\\Application->Illuminate\\Foundation\\{closure}()
#8 /var/www/emaparking_dss/vendor/laravel/framework/src/Illuminate/Foundation/Application.php(913): array_walk()
#9 /var/www/emaparking_dss/vendor/laravel/framework/src/Illuminate/Foundation/Bootstrap/BootProviders.php(17): Illuminate\\Foundation\\Application->boot()
#10 /var/www/emaparking_dss/vendor/laravel/framework/src/Illuminate/Foundation/Application.php(242): Illuminate\\Foundation\\Bootstrap\\BootProviders->bootstrap()
#11 /var/www/emaparking_dss/vendor/laravel/framework/src/Illuminate/Foundation/Console/Kernel.php(383): Illuminate\\Foundation\\Application->bootstrapWith()
#12 /var/www/emaparking_dss/vendor/laravel/framework/src/Illuminate/Foundation/Console/Kernel.php(153): Illuminate\\Foundation\\Console\\Kernel->bootstrap()
#13 Command line code(1): Illuminate\\Foundation\\Console\\Kernel->handle()
#14 {main}
"} 
[2025-03-28 17:03:41] local.ERROR: Class "\Themes\BC\ThemeProvider" not found {"exception":"[object] (Error(code: 0): Class \"\\Themes\\BC\\ThemeProvider\" not found at /var/www/emaparking_dss/themes/ThemeServiceProvider.php:23)
[stacktrace]
#0 /var/www/emaparking_dss/vendor/laravel/framework/src/Illuminate/Container/BoundMethod.php(36): Themes\\ThemeServiceProvider->boot()
#1 /var/www/emaparking_dss/vendor/laravel/framework/src/Illuminate/Container/Util.php(41): Illuminate\\Container\\BoundMethod::Illuminate\\Container\\{closure}()
#2 /var/www/emaparking_dss/vendor/laravel/framework/src/Illuminate/Container/BoundMethod.php(93): Illuminate\\Container\\Util::unwrapIfClosure()
#3 /var/www/emaparking_dss/vendor/laravel/framework/src/Illuminate/Container/BoundMethod.php(35): Illuminate\\Container\\BoundMethod::callBoundMethod()
#4 /var/www/emaparking_dss/vendor/laravel/framework/src/Illuminate/Container/Container.php(651): Illuminate\\Container\\BoundMethod::call()
#5 /var/www/emaparking_dss/vendor/laravel/framework/src/Illuminate/Foundation/Application.php(933): Illuminate\\Container\\Container->call()
#6 /var/www/emaparking_dss/vendor/laravel/framework/src/Illuminate/Foundation/Application.php(914): Illuminate\\Foundation\\Application->bootProvider()
#7 [internal function]: Illuminate\\Foundation\\Application->Illuminate\\Foundation\\{closure}()
#8 /var/www/emaparking_dss/vendor/laravel/framework/src/Illuminate/Foundation/Application.php(913): array_walk()
#9 /var/www/emaparking_dss/vendor/laravel/framework/src/Illuminate/Foundation/Bootstrap/BootProviders.php(17): Illuminate\\Foundation\\Application->boot()
#10 /var/www/emaparking_dss/vendor/laravel/framework/src/Illuminate/Foundation/Application.php(242): Illuminate\\Foundation\\Bootstrap\\BootProviders->bootstrap()
#11 /var/www/emaparking_dss/vendor/laravel/framework/src/Illuminate/Foundation/Console/Kernel.php(383): Illuminate\\Foundation\\Application->bootstrapWith()
#12 /var/www/emaparking_dss/vendor/laravel/framework/src/Illuminate/Foundation/Console/Kernel.php(153): Illuminate\\Foundation\\Console\\Kernel->bootstrap()
#13 Command line code(1): Illuminate\\Foundation\\Console\\Kernel->handle()
#14 {main}
"} 
[2025-03-28 17:03:41] local.ERROR: Class "\Themes\BC\ThemeProvider" not found {"exception":"[object] (Error(code: 0): Class \"\\Themes\\BC\\ThemeProvider\" not found at /var/www/emaparking_dss/themes/ThemeServiceProvider.php:23)
[stacktrace]
#0 /var/www/emaparking_dss/vendor/laravel/framework/src/Illuminate/Container/BoundMethod.php(36): Themes\\ThemeServiceProvider->boot()
#1 /var/www/emaparking_dss/vendor/laravel/framework/src/Illuminate/Container/Util.php(41): Illuminate\\Container\\BoundMethod::Illuminate\\Container\\{closure}()
#2 /var/www/emaparking_dss/vendor/laravel/framework/src/Illuminate/Container/BoundMethod.php(93): Illuminate\\Container\\Util::unwrapIfClosure()
#3 /var/www/emaparking_dss/vendor/laravel/framework/src/Illuminate/Container/BoundMethod.php(35): Illuminate\\Container\\BoundMethod::callBoundMethod()
#4 /var/www/emaparking_dss/vendor/laravel/framework/src/Illuminate/Container/Container.php(651): Illuminate\\Container\\BoundMethod::call()
#5 /var/www/emaparking_dss/vendor/laravel/framework/src/Illuminate/Foundation/Application.php(933): Illuminate\\Container\\Container->call()
#6 /var/www/emaparking_dss/vendor/laravel/framework/src/Illuminate/Foundation/Application.php(914): Illuminate\\Foundation\\Application->bootProvider()
#7 [internal function]: Illuminate\\Foundation\\Application->Illuminate\\Foundation\\{closure}()
#8 /var/www/emaparking_dss/vendor/laravel/framework/src/Illuminate/Foundation/Application.php(913): array_walk()
#9 /var/www/emaparking_dss/vendor/laravel/framework/src/Illuminate/Foundation/Bootstrap/BootProviders.php(17): Illuminate\\Foundation\\Application->boot()
#10 /var/www/emaparking_dss/vendor/laravel/framework/src/Illuminate/Foundation/Application.php(242): Illuminate\\Foundation\\Bootstrap\\BootProviders->bootstrap()
#11 /var/www/emaparking_dss/vendor/laravel/framework/src/Illuminate/Foundation/Console/Kernel.php(383): Illuminate\\Foundation\\Application->bootstrapWith()
#12 /var/www/emaparking_dss/vendor/laravel/framework/src/Illuminate/Foundation/Console/Kernel.php(153): Illuminate\\Foundation\\Console\\Kernel->bootstrap()
#13 Command line code(1): Illuminate\\Foundation\\Console\\Kernel->handle()
#14 {main}
"} 
[2025-03-28 17:03:41] local.ERROR: Class "\Themes\BC\ThemeProvider" not found {"exception":"[object] (Error(code: 0): Class \"\\Themes\\BC\\ThemeProvider\" not found at /var/www/emaparking_dss/themes/ThemeServiceProvider.php:23)
[stacktrace]
#0 /var/www/emaparking_dss/vendor/laravel/framework/src/Illuminate/Container/BoundMethod.php(36): Themes\\ThemeServiceProvider->boot()
#1 /var/www/emaparking_dss/vendor/laravel/framework/src/Illuminate/Container/Util.php(41): Illuminate\\Container\\BoundMethod::Illuminate\\Container\\{closure}()
#2 /var/www/emaparking_dss/vendor/laravel/framework/src/Illuminate/Container/BoundMethod.php(93): Illuminate\\Container\\Util::unwrapIfClosure()
#3 /var/www/emaparking_dss/vendor/laravel/framework/src/Illuminate/Container/BoundMethod.php(35): Illuminate\\Container\\BoundMethod::callBoundMethod()
#4 /var/www/emaparking_dss/vendor/laravel/framework/src/Illuminate/Container/Container.php(651): Illuminate\\Container\\BoundMethod::call()
#5 /var/www/emaparking_dss/vendor/laravel/framework/src/Illuminate/Foundation/Application.php(933): Illuminate\\Container\\Container->call()
#6 /var/www/emaparking_dss/vendor/laravel/framework/src/Illuminate/Foundation/Application.php(914): Illuminate\\Foundation\\Application->bootProvider()
#7 [internal function]: Illuminate\\Foundation\\Application->Illuminate\\Foundation\\{closure}()
#8 /var/www/emaparking_dss/vendor/laravel/framework/src/Illuminate/Foundation/Application.php(913): array_walk()
#9 /var/www/emaparking_dss/vendor/laravel/framework/src/Illuminate/Foundation/Bootstrap/BootProviders.php(17): Illuminate\\Foundation\\Application->boot()
#10 /var/www/emaparking_dss/vendor/laravel/framework/src/Illuminate/Foundation/Application.php(242): Illuminate\\Foundation\\Bootstrap\\BootProviders->bootstrap()
#11 /var/www/emaparking_dss/vendor/laravel/framework/src/Illuminate/Foundation/Console/Kernel.php(383): Illuminate\\Foundation\\Application->bootstrapWith()
#12 /var/www/emaparking_dss/vendor/laravel/framework/src/Illuminate/Foundation/Console/Kernel.php(153): Illuminate\\Foundation\\Console\\Kernel->bootstrap()
#13 Command line code(1): Illuminate\\Foundation\\Console\\Kernel->handle()
#14 {main}
"} 
[2025-03-28 17:03:41] local.ERROR: Class "\Themes\BC\ThemeProvider" not found {"exception":"[object] (Error(code: 0): Class \"\\Themes\\BC\\ThemeProvider\" not found at /var/www/emaparking_dss/themes/ThemeServiceProvider.php:23)
[stacktrace]
#0 /var/www/emaparking_dss/vendor/laravel/framework/src/Illuminate/Container/BoundMethod.php(36): Themes\\ThemeServiceProvider->boot()
#1 /var/www/emaparking_dss/vendor/laravel/framework/src/Illuminate/Container/Util.php(41): Illuminate\\Container\\BoundMethod::Illuminate\\Container\\{closure}()
#2 /var/www/emaparking_dss/vendor/laravel/framework/src/Illuminate/Container/BoundMethod.php(93): Illuminate\\Container\\Util::unwrapIfClosure()
#3 /var/www/emaparking_dss/vendor/laravel/framework/src/Illuminate/Container/BoundMethod.php(35): Illuminate\\Container\\BoundMethod::callBoundMethod()
#4 /var/www/emaparking_dss/vendor/laravel/framework/src/Illuminate/Container/Container.php(651): Illuminate\\Container\\BoundMethod::call()
#5 /var/www/emaparking_dss/vendor/laravel/framework/src/Illuminate/Foundation/Application.php(933): Illuminate\\Container\\Container->call()
#6 /var/www/emaparking_dss/vendor/laravel/framework/src/Illuminate/Foundation/Application.php(914): Illuminate\\Foundation\\Application->bootProvider()
#7 [internal function]: Illuminate\\Foundation\\Application->Illuminate\\Foundation\\{closure}()
#8 /var/www/emaparking_dss/vendor/laravel/framework/src/Illuminate/Foundation/Application.php(913): array_walk()
#9 /var/www/emaparking_dss/vendor/laravel/framework/src/Illuminate/Foundation/Bootstrap/BootProviders.php(17): Illuminate\\Foundation\\Application->boot()
#10 /var/www/emaparking_dss/vendor/laravel/framework/src/Illuminate/Foundation/Application.php(242): Illuminate\\Foundation\\Bootstrap\\BootProviders->bootstrap()
#11 /var/www/emaparking_dss/vendor/laravel/framework/src/Illuminate/Foundation/Console/Kernel.php(383): Illuminate\\Foundation\\Application->bootstrapWith()
#12 /var/www/emaparking_dss/vendor/laravel/framework/src/Illuminate/Foundation/Console/Kernel.php(153): Illuminate\\Foundation\\Console\\Kernel->bootstrap()
#13 Command line code(1): Illuminate\\Foundation\\Console\\Kernel->handle()
#14 {main}
"} 
[2025-03-28 17:03:41] local.ERROR: Class "\Themes\BC\ThemeProvider" not found {"exception":"[object] (Error(code: 0): Class \"\\Themes\\BC\\ThemeProvider\" not found at /var/www/emaparking_dss/themes/ThemeServiceProvider.php:23)
[stacktrace]
#0 /var/www/emaparking_dss/vendor/laravel/framework/src/Illuminate/Container/BoundMethod.php(36): Themes\\ThemeServiceProvider->boot()
#1 /var/www/emaparking_dss/vendor/laravel/framework/src/Illuminate/Container/Util.php(41): Illuminate\\Container\\BoundMethod::Illuminate\\Container\\{closure}()
#2 /var/www/emaparking_dss/vendor/laravel/framework/src/Illuminate/Container/BoundMethod.php(93): Illuminate\\Container\\Util::unwrapIfClosure()
#3 /var/www/emaparking_dss/vendor/laravel/framework/src/Illuminate/Container/BoundMethod.php(35): Illuminate\\Container\\BoundMethod::callBoundMethod()
#4 /var/www/emaparking_dss/vendor/laravel/framework/src/Illuminate/Container/Container.php(651): Illuminate\\Container\\BoundMethod::call()
#5 /var/www/emaparking_dss/vendor/laravel/framework/src/Illuminate/Foundation/Application.php(933): Illuminate\\Container\\Container->call()
#6 /var/www/emaparking_dss/vendor/laravel/framework/src/Illuminate/Foundation/Application.php(914): Illuminate\\Foundation\\Application->bootProvider()
#7 [internal function]: Illuminate\\Foundation\\Application->Illuminate\\Foundation\\{closure}()
#8 /var/www/emaparking_dss/vendor/laravel/framework/src/Illuminate/Foundation/Application.php(913): array_walk()
#9 /var/www/emaparking_dss/vendor/laravel/framework/src/Illuminate/Foundation/Bootstrap/BootProviders.php(17): Illuminate\\Foundation\\Application->boot()
#10 /var/www/emaparking_dss/vendor/laravel/framework/src/Illuminate/Foundation/Application.php(242): Illuminate\\Foundation\\Bootstrap\\BootProviders->bootstrap()
#11 /var/www/emaparking_dss/vendor/laravel/framework/src/Illuminate/Foundation/Console/Kernel.php(383): Illuminate\\Foundation\\Application->bootstrapWith()
#12 /var/www/emaparking_dss/vendor/laravel/framework/src/Illuminate/Foundation/Console/Kernel.php(153): Illuminate\\Foundation\\Console\\Kernel->bootstrap()
#13 Command line code(1): Illuminate\\Foundation\\Console\\Kernel->handle()
#14 {main}
"} 
[2025-03-28 17:03:41] local.ERROR: Class "\Themes\BC\ThemeProvider" not found {"exception":"[object] (Error(code: 0): Class \"\\Themes\\BC\\ThemeProvider\" not found at /var/www/emaparking_dss/themes/ThemeServiceProvider.php:23)
[stacktrace]
#0 /var/www/emaparking_dss/vendor/laravel/framework/src/Illuminate/Container/BoundMethod.php(36): Themes\\ThemeServiceProvider->boot()
#1 /var/www/emaparking_dss/vendor/laravel/framework/src/Illuminate/Container/Util.php(41): Illuminate\\Container\\BoundMethod::Illuminate\\Container\\{closure}()
#2 /var/www/emaparking_dss/vendor/laravel/framework/src/Illuminate/Container/BoundMethod.php(93): Illuminate\\Container\\Util::unwrapIfClosure()
#3 /var/www/emaparking_dss/vendor/laravel/framework/src/Illuminate/Container/BoundMethod.php(35): Illuminate\\Container\\BoundMethod::callBoundMethod()
#4 /var/www/emaparking_dss/vendor/laravel/framework/src/Illuminate/Container/Container.php(651): Illuminate\\Container\\BoundMethod::call()
#5 /var/www/emaparking_dss/vendor/laravel/framework/src/Illuminate/Foundation/Application.php(933): Illuminate\\Container\\Container->call()
#6 /var/www/emaparking_dss/vendor/laravel/framework/src/Illuminate/Foundation/Application.php(914): Illuminate\\Foundation\\Application->bootProvider()
#7 [internal function]: Illuminate\\Foundation\\Application->Illuminate\\Foundation\\{closure}()
#8 /var/www/emaparking_dss/vendor/laravel/framework/src/Illuminate/Foundation/Application.php(913): array_walk()
#9 /var/www/emaparking_dss/vendor/laravel/framework/src/Illuminate/Foundation/Bootstrap/BootProviders.php(17): Illuminate\\Foundation\\Application->boot()
#10 /var/www/emaparking_dss/vendor/laravel/framework/src/Illuminate/Foundation/Application.php(242): Illuminate\\Foundation\\Bootstrap\\BootProviders->bootstrap()
#11 /var/www/emaparking_dss/vendor/laravel/framework/src/Illuminate/Foundation/Console/Kernel.php(383): Illuminate\\Foundation\\Application->bootstrapWith()
#12 /var/www/emaparking_dss/vendor/laravel/framework/src/Illuminate/Foundation/Console/Kernel.php(153): Illuminate\\Foundation\\Console\\Kernel->bootstrap()
#13 Command line code(1): Illuminate\\Foundation\\Console\\Kernel->handle()
#14 {main}
"} 
[2025-03-28 17:04:19] local.ERROR: Class "\Themes\BC\ThemeProvider" not found {"exception":"[object] (Error(code: 0): Class \"\\Themes\\BC\\ThemeProvider\" not found at /var/www/emaparking_dss/themes/ThemeServiceProvider.php:23)
[stacktrace]
#0 /var/www/emaparking_dss/vendor/laravel/framework/src/Illuminate/Container/BoundMethod.php(36): Themes\\ThemeServiceProvider->boot()
#1 /var/www/emaparking_dss/vendor/laravel/framework/src/Illuminate/Container/Util.php(41): Illuminate\\Container\\BoundMethod::Illuminate\\Container\\{closure}()
#2 /var/www/emaparking_dss/vendor/laravel/framework/src/Illuminate/Container/BoundMethod.php(93): Illuminate\\Container\\Util::unwrapIfClosure()
#3 /var/www/emaparking_dss/vendor/laravel/framework/src/Illuminate/Container/BoundMethod.php(35): Illuminate\\Container\\BoundMethod::callBoundMethod()
#4 /var/www/emaparking_dss/vendor/laravel/framework/src/Illuminate/Container/Container.php(651): Illuminate\\Container\\BoundMethod::call()
#5 /var/www/emaparking_dss/vendor/laravel/framework/src/Illuminate/Foundation/Application.php(933): Illuminate\\Container\\Container->call()
#6 /var/www/emaparking_dss/vendor/laravel/framework/src/Illuminate/Foundation/Application.php(914): Illuminate\\Foundation\\Application->bootProvider()
#7 [internal function]: Illuminate\\Foundation\\Application->Illuminate\\Foundation\\{closure}()
#8 /var/www/emaparking_dss/vendor/laravel/framework/src/Illuminate/Foundation/Application.php(913): array_walk()
#9 /var/www/emaparking_dss/vendor/laravel/framework/src/Illuminate/Foundation/Bootstrap/BootProviders.php(17): Illuminate\\Foundation\\Application->boot()
#10 /var/www/emaparking_dss/vendor/laravel/framework/src/Illuminate/Foundation/Application.php(242): Illuminate\\Foundation\\Bootstrap\\BootProviders->bootstrap()
#11 /var/www/emaparking_dss/vendor/laravel/framework/src/Illuminate/Foundation/Console/Kernel.php(383): Illuminate\\Foundation\\Application->bootstrapWith()
#12 /var/www/emaparking_dss/vendor/laravel/framework/src/Illuminate/Foundation/Console/Kernel.php(153): Illuminate\\Foundation\\Console\\Kernel->bootstrap()
#13 Command line code(1): Illuminate\\Foundation\\Console\\Kernel->handle()
#14 {main}
"} 
[2025-03-28 17:04:41] local.ERROR: Class "\Themes\BC\ThemeProvider" not found {"exception":"[object] (Error(code: 0): Class \"\\Themes\\BC\\ThemeProvider\" not found at /var/www/emaparking_dss/themes/ThemeServiceProvider.php:23)
[stacktrace]
#0 /var/www/emaparking_dss/vendor/laravel/framework/src/Illuminate/Container/BoundMethod.php(36): Themes\\ThemeServiceProvider->boot()
#1 /var/www/emaparking_dss/vendor/laravel/framework/src/Illuminate/Container/Util.php(41): Illuminate\\Container\\BoundMethod::Illuminate\\Container\\{closure}()
#2 /var/www/emaparking_dss/vendor/laravel/framework/src/Illuminate/Container/BoundMethod.php(93): Illuminate\\Container\\Util::unwrapIfClosure()
#3 /var/www/emaparking_dss/vendor/laravel/framework/src/Illuminate/Container/BoundMethod.php(35): Illuminate\\Container\\BoundMethod::callBoundMethod()
#4 /var/www/emaparking_dss/vendor/laravel/framework/src/Illuminate/Container/Container.php(651): Illuminate\\Container\\BoundMethod::call()
#5 /var/www/emaparking_dss/vendor/laravel/framework/src/Illuminate/Foundation/Application.php(933): Illuminate\\Container\\Container->call()
#6 /var/www/emaparking_dss/vendor/laravel/framework/src/Illuminate/Foundation/Application.php(914): Illuminate\\Foundation\\Application->bootProvider()
#7 [internal function]: Illuminate\\Foundation\\Application->Illuminate\\Foundation\\{closure}()
#8 /var/www/emaparking_dss/vendor/laravel/framework/src/Illuminate/Foundation/Application.php(913): array_walk()
#9 /var/www/emaparking_dss/vendor/laravel/framework/src/Illuminate/Foundation/Bootstrap/BootProviders.php(17): Illuminate\\Foundation\\Application->boot()
#10 /var/www/emaparking_dss/vendor/laravel/framework/src/Illuminate/Foundation/Application.php(242): Illuminate\\Foundation\\Bootstrap\\BootProviders->bootstrap()
#11 /var/www/emaparking_dss/vendor/laravel/framework/src/Illuminate/Foundation/Console/Kernel.php(383): Illuminate\\Foundation\\Application->bootstrapWith()
#12 /var/www/emaparking_dss/vendor/laravel/framework/src/Illuminate/Foundation/Console/Kernel.php(153): Illuminate\\Foundation\\Console\\Kernel->bootstrap()
#13 Command line code(1): Illuminate\\Foundation\\Console\\Kernel->handle()
#14 {main}
"} 
[2025-03-28 17:04:41] local.ERROR: Class "\Themes\BC\ThemeProvider" not found {"exception":"[object] (Error(code: 0): Class \"\\Themes\\BC\\ThemeProvider\" not found at /var/www/emaparking_dss/themes/ThemeServiceProvider.php:23)
[stacktrace]
#0 /var/www/emaparking_dss/vendor/laravel/framework/src/Illuminate/Container/BoundMethod.php(36): Themes\\ThemeServiceProvider->boot()
#1 /var/www/emaparking_dss/vendor/laravel/framework/src/Illuminate/Container/Util.php(41): Illuminate\\Container\\BoundMethod::Illuminate\\Container\\{closure}()
#2 /var/www/emaparking_dss/vendor/laravel/framework/src/Illuminate/Container/BoundMethod.php(93): Illuminate\\Container\\Util::unwrapIfClosure()
#3 /var/www/emaparking_dss/vendor/laravel/framework/src/Illuminate/Container/BoundMethod.php(35): Illuminate\\Container\\BoundMethod::callBoundMethod()
#4 /var/www/emaparking_dss/vendor/laravel/framework/src/Illuminate/Container/Container.php(651): Illuminate\\Container\\BoundMethod::call()
#5 /var/www/emaparking_dss/vendor/laravel/framework/src/Illuminate/Foundation/Application.php(933): Illuminate\\Container\\Container->call()
#6 /var/www/emaparking_dss/vendor/laravel/framework/src/Illuminate/Foundation/Application.php(914): Illuminate\\Foundation\\Application->bootProvider()
#7 [internal function]: Illuminate\\Foundation\\Application->Illuminate\\Foundation\\{closure}()
#8 /var/www/emaparking_dss/vendor/laravel/framework/src/Illuminate/Foundation/Application.php(913): array_walk()
#9 /var/www/emaparking_dss/vendor/laravel/framework/src/Illuminate/Foundation/Bootstrap/BootProviders.php(17): Illuminate\\Foundation\\Application->boot()
#10 /var/www/emaparking_dss/vendor/laravel/framework/src/Illuminate/Foundation/Application.php(242): Illuminate\\Foundation\\Bootstrap\\BootProviders->bootstrap()
#11 /var/www/emaparking_dss/vendor/laravel/framework/src/Illuminate/Foundation/Console/Kernel.php(383): Illuminate\\Foundation\\Application->bootstrapWith()
#12 /var/www/emaparking_dss/vendor/laravel/framework/src/Illuminate/Foundation/Console/Kernel.php(153): Illuminate\\Foundation\\Console\\Kernel->bootstrap()
#13 Command line code(1): Illuminate\\Foundation\\Console\\Kernel->handle()
#14 {main}
"} 
[2025-03-28 17:04:47] local.ERROR: Class "\Themes\BC\ThemeProvider" not found {"exception":"[object] (Error(code: 0): Class \"\\Themes\\BC\\ThemeProvider\" not found at /var/www/emaparking_dss/themes/ThemeServiceProvider.php:23)
[stacktrace]
#0 /var/www/emaparking_dss/vendor/laravel/framework/src/Illuminate/Container/BoundMethod.php(36): Themes\\ThemeServiceProvider->boot()
#1 /var/www/emaparking_dss/vendor/laravel/framework/src/Illuminate/Container/Util.php(41): Illuminate\\Container\\BoundMethod::Illuminate\\Container\\{closure}()
#2 /var/www/emaparking_dss/vendor/laravel/framework/src/Illuminate/Container/BoundMethod.php(93): Illuminate\\Container\\Util::unwrapIfClosure()
#3 /var/www/emaparking_dss/vendor/laravel/framework/src/Illuminate/Container/BoundMethod.php(35): Illuminate\\Container\\BoundMethod::callBoundMethod()
#4 /var/www/emaparking_dss/vendor/laravel/framework/src/Illuminate/Container/Container.php(651): Illuminate\\Container\\BoundMethod::call()
#5 /var/www/emaparking_dss/vendor/laravel/framework/src/Illuminate/Foundation/Application.php(933): Illuminate\\Container\\Container->call()
#6 /var/www/emaparking_dss/vendor/laravel/framework/src/Illuminate/Foundation/Application.php(914): Illuminate\\Foundation\\Application->bootProvider()
#7 [internal function]: Illuminate\\Foundation\\Application->Illuminate\\Foundation\\{closure}()
#8 /var/www/emaparking_dss/vendor/laravel/framework/src/Illuminate/Foundation/Application.php(913): array_walk()
#9 /var/www/emaparking_dss/vendor/laravel/framework/src/Illuminate/Foundation/Bootstrap/BootProviders.php(17): Illuminate\\Foundation\\Application->boot()
#10 /var/www/emaparking_dss/vendor/laravel/framework/src/Illuminate/Foundation/Application.php(242): Illuminate\\Foundation\\Bootstrap\\BootProviders->bootstrap()
#11 /var/www/emaparking_dss/vendor/laravel/framework/src/Illuminate/Foundation/Console/Kernel.php(383): Illuminate\\Foundation\\Application->bootstrapWith()
#12 /var/www/emaparking_dss/vendor/laravel/framework/src/Illuminate/Foundation/Console/Kernel.php(153): Illuminate\\Foundation\\Console\\Kernel->bootstrap()
#13 Command line code(1): Illuminate\\Foundation\\Console\\Kernel->handle()
#14 {main}
"} 
[2025-03-28 17:04:58] local.ERROR: Class "\Themes\BC\ThemeProvider" not found {"exception":"[object] (Error(code: 0): Class \"\\Themes\\BC\\ThemeProvider\" not found at /var/www/emaparking_dss/themes/ThemeServiceProvider.php:23)
[stacktrace]
#0 /var/www/emaparking_dss/vendor/laravel/framework/src/Illuminate/Container/BoundMethod.php(36): Themes\\ThemeServiceProvider->boot()
#1 /var/www/emaparking_dss/vendor/laravel/framework/src/Illuminate/Container/Util.php(41): Illuminate\\Container\\BoundMethod::Illuminate\\Container\\{closure}()
#2 /var/www/emaparking_dss/vendor/laravel/framework/src/Illuminate/Container/BoundMethod.php(93): Illuminate\\Container\\Util::unwrapIfClosure()
#3 /var/www/emaparking_dss/vendor/laravel/framework/src/Illuminate/Container/BoundMethod.php(35): Illuminate\\Container\\BoundMethod::callBoundMethod()
#4 /var/www/emaparking_dss/vendor/laravel/framework/src/Illuminate/Container/Container.php(651): Illuminate\\Container\\BoundMethod::call()
#5 /var/www/emaparking_dss/vendor/laravel/framework/src/Illuminate/Foundation/Application.php(933): Illuminate\\Container\\Container->call()
#6 /var/www/emaparking_dss/vendor/laravel/framework/src/Illuminate/Foundation/Application.php(914): Illuminate\\Foundation\\Application->bootProvider()
#7 [internal function]: Illuminate\\Foundation\\Application->Illuminate\\Foundation\\{closure}()
#8 /var/www/emaparking_dss/vendor/laravel/framework/src/Illuminate/Foundation/Application.php(913): array_walk()
#9 /var/www/emaparking_dss/vendor/laravel/framework/src/Illuminate/Foundation/Bootstrap/BootProviders.php(17): Illuminate\\Foundation\\Application->boot()
#10 /var/www/emaparking_dss/vendor/laravel/framework/src/Illuminate/Foundation/Application.php(242): Illuminate\\Foundation\\Bootstrap\\BootProviders->bootstrap()
#11 /var/www/emaparking_dss/vendor/laravel/framework/src/Illuminate/Foundation/Console/Kernel.php(383): Illuminate\\Foundation\\Application->bootstrapWith()
#12 /var/www/emaparking_dss/vendor/laravel/framework/src/Illuminate/Foundation/Console/Kernel.php(153): Illuminate\\Foundation\\Console\\Kernel->bootstrap()
#13 Command line code(1): Illuminate\\Foundation\\Console\\Kernel->handle()
#14 {main}
"} 
[2025-03-28 17:05:34] local.ERROR: Class "\Themes\BC\ThemeProvider" not found {"exception":"[object] (Error(code: 0): Class \"\\Themes\\BC\\ThemeProvider\" not found at /var/www/emaparking_dss/themes/ThemeServiceProvider.php:23)
[stacktrace]
#0 /var/www/emaparking_dss/vendor/laravel/framework/src/Illuminate/Container/BoundMethod.php(36): Themes\\ThemeServiceProvider->boot()
#1 /var/www/emaparking_dss/vendor/laravel/framework/src/Illuminate/Container/Util.php(41): Illuminate\\Container\\BoundMethod::Illuminate\\Container\\{closure}()
#2 /var/www/emaparking_dss/vendor/laravel/framework/src/Illuminate/Container/BoundMethod.php(93): Illuminate\\Container\\Util::unwrapIfClosure()
#3 /var/www/emaparking_dss/vendor/laravel/framework/src/Illuminate/Container/BoundMethod.php(35): Illuminate\\Container\\BoundMethod::callBoundMethod()
#4 /var/www/emaparking_dss/vendor/laravel/framework/src/Illuminate/Container/Container.php(651): Illuminate\\Container\\BoundMethod::call()
#5 /var/www/emaparking_dss/vendor/laravel/framework/src/Illuminate/Foundation/Application.php(933): Illuminate\\Container\\Container->call()
#6 /var/www/emaparking_dss/vendor/laravel/framework/src/Illuminate/Foundation/Application.php(914): Illuminate\\Foundation\\Application->bootProvider()
#7 [internal function]: Illuminate\\Foundation\\Application->Illuminate\\Foundation\\{closure}()
#8 /var/www/emaparking_dss/vendor/laravel/framework/src/Illuminate/Foundation/Application.php(913): array_walk()
#9 /var/www/emaparking_dss/vendor/laravel/framework/src/Illuminate/Foundation/Bootstrap/BootProviders.php(17): Illuminate\\Foundation\\Application->boot()
#10 /var/www/emaparking_dss/vendor/laravel/framework/src/Illuminate/Foundation/Application.php(242): Illuminate\\Foundation\\Bootstrap\\BootProviders->bootstrap()
#11 /var/www/emaparking_dss/vendor/laravel/framework/src/Illuminate/Foundation/Console/Kernel.php(383): Illuminate\\Foundation\\Application->bootstrapWith()
#12 /var/www/emaparking_dss/vendor/laravel/framework/src/Illuminate/Foundation/Console/Kernel.php(153): Illuminate\\Foundation\\Console\\Kernel->bootstrap()
#13 Command line code(1): Illuminate\\Foundation\\Console\\Kernel->handle()
#14 {main}
"} 
[2025-03-28 17:05:41] local.ERROR: Class "\Themes\BC\ThemeProvider" not found {"exception":"[object] (Error(code: 0): Class \"\\Themes\\BC\\ThemeProvider\" not found at /var/www/emaparking_dss/themes/ThemeServiceProvider.php:23)
[stacktrace]
#0 /var/www/emaparking_dss/vendor/laravel/framework/src/Illuminate/Container/BoundMethod.php(36): Themes\\ThemeServiceProvider->boot()
#1 /var/www/emaparking_dss/vendor/laravel/framework/src/Illuminate/Container/Util.php(41): Illuminate\\Container\\BoundMethod::Illuminate\\Container\\{closure}()
#2 /var/www/emaparking_dss/vendor/laravel/framework/src/Illuminate/Container/BoundMethod.php(93): Illuminate\\Container\\Util::unwrapIfClosure()
#3 /var/www/emaparking_dss/vendor/laravel/framework/src/Illuminate/Container/BoundMethod.php(35): Illuminate\\Container\\BoundMethod::callBoundMethod()
#4 /var/www/emaparking_dss/vendor/laravel/framework/src/Illuminate/Container/Container.php(651): Illuminate\\Container\\BoundMethod::call()
#5 /var/www/emaparking_dss/vendor/laravel/framework/src/Illuminate/Foundation/Application.php(933): Illuminate\\Container\\Container->call()
#6 /var/www/emaparking_dss/vendor/laravel/framework/src/Illuminate/Foundation/Application.php(914): Illuminate\\Foundation\\Application->bootProvider()
#7 [internal function]: Illuminate\\Foundation\\Application->Illuminate\\Foundation\\{closure}()
#8 /var/www/emaparking_dss/vendor/laravel/framework/src/Illuminate/Foundation/Application.php(913): array_walk()
#9 /var/www/emaparking_dss/vendor/laravel/framework/src/Illuminate/Foundation/Bootstrap/BootProviders.php(17): Illuminate\\Foundation\\Application->boot()
#10 /var/www/emaparking_dss/vendor/laravel/framework/src/Illuminate/Foundation/Application.php(242): Illuminate\\Foundation\\Bootstrap\\BootProviders->bootstrap()
#11 /var/www/emaparking_dss/vendor/laravel/framework/src/Illuminate/Foundation/Console/Kernel.php(383): Illuminate\\Foundation\\Application->bootstrapWith()
#12 /var/www/emaparking_dss/vendor/laravel/framework/src/Illuminate/Foundation/Console/Kernel.php(153): Illuminate\\Foundation\\Console\\Kernel->bootstrap()
#13 Command line code(1): Illuminate\\Foundation\\Console\\Kernel->handle()
#14 {main}
"} 
[2025-03-28 17:05:41] local.ERROR: Class "\Themes\BC\ThemeProvider" not found {"exception":"[object] (Error(code: 0): Class \"\\Themes\\BC\\ThemeProvider\" not found at /var/www/emaparking_dss/themes/ThemeServiceProvider.php:23)
[stacktrace]
#0 /var/www/emaparking_dss/vendor/laravel/framework/src/Illuminate/Container/BoundMethod.php(36): Themes\\ThemeServiceProvider->boot()
#1 /var/www/emaparking_dss/vendor/laravel/framework/src/Illuminate/Container/Util.php(41): Illuminate\\Container\\BoundMethod::Illuminate\\Container\\{closure}()
#2 /var/www/emaparking_dss/vendor/laravel/framework/src/Illuminate/Container/BoundMethod.php(93): Illuminate\\Container\\Util::unwrapIfClosure()
#3 /var/www/emaparking_dss/vendor/laravel/framework/src/Illuminate/Container/BoundMethod.php(35): Illuminate\\Container\\BoundMethod::callBoundMethod()
#4 /var/www/emaparking_dss/vendor/laravel/framework/src/Illuminate/Container/Container.php(651): Illuminate\\Container\\BoundMethod::call()
#5 /var/www/emaparking_dss/vendor/laravel/framework/src/Illuminate/Foundation/Application.php(933): Illuminate\\Container\\Container->call()
#6 /var/www/emaparking_dss/vendor/laravel/framework/src/Illuminate/Foundation/Application.php(914): Illuminate\\Foundation\\Application->bootProvider()
#7 [internal function]: Illuminate\\Foundation\\Application->Illuminate\\Foundation\\{closure}()
#8 /var/www/emaparking_dss/vendor/laravel/framework/src/Illuminate/Foundation/Application.php(913): array_walk()
#9 /var/www/emaparking_dss/vendor/laravel/framework/src/Illuminate/Foundation/Bootstrap/BootProviders.php(17): Illuminate\\Foundation\\Application->boot()
#10 /var/www/emaparking_dss/vendor/laravel/framework/src/Illuminate/Foundation/Application.php(242): Illuminate\\Foundation\\Bootstrap\\BootProviders->bootstrap()
#11 /var/www/emaparking_dss/vendor/laravel/framework/src/Illuminate/Foundation/Console/Kernel.php(383): Illuminate\\Foundation\\Application->bootstrapWith()
#12 /var/www/emaparking_dss/vendor/laravel/framework/src/Illuminate/Foundation/Console/Kernel.php(153): Illuminate\\Foundation\\Console\\Kernel->bootstrap()
#13 Command line code(1): Illuminate\\Foundation\\Console\\Kernel->handle()
#14 {main}
"} 
[2025-03-28 17:06:41] local.ERROR: Class "\Themes\BC\ThemeProvider" not found {"exception":"[object] (Error(code: 0): Class \"\\Themes\\BC\\ThemeProvider\" not found at /var/www/emaparking_dss/themes/ThemeServiceProvider.php:23)
[stacktrace]
#0 /var/www/emaparking_dss/vendor/laravel/framework/src/Illuminate/Container/BoundMethod.php(36): Themes\\ThemeServiceProvider->boot()
#1 /var/www/emaparking_dss/vendor/laravel/framework/src/Illuminate/Container/Util.php(41): Illuminate\\Container\\BoundMethod::Illuminate\\Container\\{closure}()
#2 /var/www/emaparking_dss/vendor/laravel/framework/src/Illuminate/Container/BoundMethod.php(93): Illuminate\\Container\\Util::unwrapIfClosure()
#3 /var/www/emaparking_dss/vendor/laravel/framework/src/Illuminate/Container/BoundMethod.php(35): Illuminate\\Container\\BoundMethod::callBoundMethod()
#4 /var/www/emaparking_dss/vendor/laravel/framework/src/Illuminate/Container/Container.php(651): Illuminate\\Container\\BoundMethod::call()
#5 /var/www/emaparking_dss/vendor/laravel/framework/src/Illuminate/Foundation/Application.php(933): Illuminate\\Container\\Container->call()
#6 /var/www/emaparking_dss/vendor/laravel/framework/src/Illuminate/Foundation/Application.php(914): Illuminate\\Foundation\\Application->bootProvider()
#7 [internal function]: Illuminate\\Foundation\\Application->Illuminate\\Foundation\\{closure}()
#8 /var/www/emaparking_dss/vendor/laravel/framework/src/Illuminate/Foundation/Application.php(913): array_walk()
#9 /var/www/emaparking_dss/vendor/laravel/framework/src/Illuminate/Foundation/Bootstrap/BootProviders.php(17): Illuminate\\Foundation\\Application->boot()
#10 /var/www/emaparking_dss/vendor/laravel/framework/src/Illuminate/Foundation/Application.php(242): Illuminate\\Foundation\\Bootstrap\\BootProviders->bootstrap()
#11 /var/www/emaparking_dss/vendor/laravel/framework/src/Illuminate/Foundation/Console/Kernel.php(383): Illuminate\\Foundation\\Application->bootstrapWith()
#12 /var/www/emaparking_dss/vendor/laravel/framework/src/Illuminate/Foundation/Console/Kernel.php(153): Illuminate\\Foundation\\Console\\Kernel->bootstrap()
#13 Command line code(1): Illuminate\\Foundation\\Console\\Kernel->handle()
#14 {main}
"} 
[2025-03-28 17:06:41] local.ERROR: Class "\Themes\BC\ThemeProvider" not found {"exception":"[object] (Error(code: 0): Class \"\\Themes\\BC\\ThemeProvider\" not found at /var/www/emaparking_dss/themes/ThemeServiceProvider.php:23)
[stacktrace]
#0 /var/www/emaparking_dss/vendor/laravel/framework/src/Illuminate/Container/BoundMethod.php(36): Themes\\ThemeServiceProvider->boot()
#1 /var/www/emaparking_dss/vendor/laravel/framework/src/Illuminate/Container/Util.php(41): Illuminate\\Container\\BoundMethod::Illuminate\\Container\\{closure}()
#2 /var/www/emaparking_dss/vendor/laravel/framework/src/Illuminate/Container/BoundMethod.php(93): Illuminate\\Container\\Util::unwrapIfClosure()
#3 /var/www/emaparking_dss/vendor/laravel/framework/src/Illuminate/Container/BoundMethod.php(35): Illuminate\\Container\\BoundMethod::callBoundMethod()
#4 /var/www/emaparking_dss/vendor/laravel/framework/src/Illuminate/Container/Container.php(651): Illuminate\\Container\\BoundMethod::call()
#5 /var/www/emaparking_dss/vendor/laravel/framework/src/Illuminate/Foundation/Application.php(933): Illuminate\\Container\\Container->call()
#6 /var/www/emaparking_dss/vendor/laravel/framework/src/Illuminate/Foundation/Application.php(914): Illuminate\\Foundation\\Application->bootProvider()
#7 [internal function]: Illuminate\\Foundation\\Application->Illuminate\\Foundation\\{closure}()
#8 /var/www/emaparking_dss/vendor/laravel/framework/src/Illuminate/Foundation/Application.php(913): array_walk()
#9 /var/www/emaparking_dss/vendor/laravel/framework/src/Illuminate/Foundation/Bootstrap/BootProviders.php(17): Illuminate\\Foundation\\Application->boot()
#10 /var/www/emaparking_dss/vendor/laravel/framework/src/Illuminate/Foundation/Application.php(242): Illuminate\\Foundation\\Bootstrap\\BootProviders->bootstrap()
#11 /var/www/emaparking_dss/vendor/laravel/framework/src/Illuminate/Foundation/Console/Kernel.php(383): Illuminate\\Foundation\\Application->bootstrapWith()
#12 /var/www/emaparking_dss/vendor/laravel/framework/src/Illuminate/Foundation/Console/Kernel.php(153): Illuminate\\Foundation\\Console\\Kernel->bootstrap()
#13 Command line code(1): Illuminate\\Foundation\\Console\\Kernel->handle()
#14 {main}
"} 
[2025-03-28 17:07:41] local.ERROR: Class "\Themes\BC\ThemeProvider" not found {"exception":"[object] (Error(code: 0): Class \"\\Themes\\BC\\ThemeProvider\" not found at /var/www/emaparking_dss/themes/ThemeServiceProvider.php:23)
[stacktrace]
#0 /var/www/emaparking_dss/vendor/laravel/framework/src/Illuminate/Container/BoundMethod.php(36): Themes\\ThemeServiceProvider->boot()
#1 /var/www/emaparking_dss/vendor/laravel/framework/src/Illuminate/Container/Util.php(41): Illuminate\\Container\\BoundMethod::Illuminate\\Container\\{closure}()
#2 /var/www/emaparking_dss/vendor/laravel/framework/src/Illuminate/Container/BoundMethod.php(93): Illuminate\\Container\\Util::unwrapIfClosure()
#3 /var/www/emaparking_dss/vendor/laravel/framework/src/Illuminate/Container/BoundMethod.php(35): Illuminate\\Container\\BoundMethod::callBoundMethod()
#4 /var/www/emaparking_dss/vendor/laravel/framework/src/Illuminate/Container/Container.php(651): Illuminate\\Container\\BoundMethod::call()
#5 /var/www/emaparking_dss/vendor/laravel/framework/src/Illuminate/Foundation/Application.php(933): Illuminate\\Container\\Container->call()
#6 /var/www/emaparking_dss/vendor/laravel/framework/src/Illuminate/Foundation/Application.php(914): Illuminate\\Foundation\\Application->bootProvider()
#7 [internal function]: Illuminate\\Foundation\\Application->Illuminate\\Foundation\\{closure}()
#8 /var/www/emaparking_dss/vendor/laravel/framework/src/Illuminate/Foundation/Application.php(913): array_walk()
#9 /var/www/emaparking_dss/vendor/laravel/framework/src/Illuminate/Foundation/Bootstrap/BootProviders.php(17): Illuminate\\Foundation\\Application->boot()
#10 /var/www/emaparking_dss/vendor/laravel/framework/src/Illuminate/Foundation/Application.php(242): Illuminate\\Foundation\\Bootstrap\\BootProviders->bootstrap()
#11 /var/www/emaparking_dss/vendor/laravel/framework/src/Illuminate/Foundation/Console/Kernel.php(383): Illuminate\\Foundation\\Application->bootstrapWith()
#12 /var/www/emaparking_dss/vendor/laravel/framework/src/Illuminate/Foundation/Console/Kernel.php(153): Illuminate\\Foundation\\Console\\Kernel->bootstrap()
#13 Command line code(1): Illuminate\\Foundation\\Console\\Kernel->handle()
#14 {main}
"} 
[2025-03-28 17:07:41] local.ERROR: Class "\Themes\BC\ThemeProvider" not found {"exception":"[object] (Error(code: 0): Class \"\\Themes\\BC\\ThemeProvider\" not found at /var/www/emaparking_dss/themes/ThemeServiceProvider.php:23)
[stacktrace]
#0 /var/www/emaparking_dss/vendor/laravel/framework/src/Illuminate/Container/BoundMethod.php(36): Themes\\ThemeServiceProvider->boot()
#1 /var/www/emaparking_dss/vendor/laravel/framework/src/Illuminate/Container/Util.php(41): Illuminate\\Container\\BoundMethod::Illuminate\\Container\\{closure}()
#2 /var/www/emaparking_dss/vendor/laravel/framework/src/Illuminate/Container/BoundMethod.php(93): Illuminate\\Container\\Util::unwrapIfClosure()
#3 /var/www/emaparking_dss/vendor/laravel/framework/src/Illuminate/Container/BoundMethod.php(35): Illuminate\\Container\\BoundMethod::callBoundMethod()
#4 /var/www/emaparking_dss/vendor/laravel/framework/src/Illuminate/Container/Container.php(651): Illuminate\\Container\\BoundMethod::call()
#5 /var/www/emaparking_dss/vendor/laravel/framework/src/Illuminate/Foundation/Application.php(933): Illuminate\\Container\\Container->call()
#6 /var/www/emaparking_dss/vendor/laravel/framework/src/Illuminate/Foundation/Application.php(914): Illuminate\\Foundation\\Application->bootProvider()
#7 [internal function]: Illuminate\\Foundation\\Application->Illuminate\\Foundation\\{closure}()
#8 /var/www/emaparking_dss/vendor/laravel/framework/src/Illuminate/Foundation/Application.php(913): array_walk()
#9 /var/www/emaparking_dss/vendor/laravel/framework/src/Illuminate/Foundation/Bootstrap/BootProviders.php(17): Illuminate\\Foundation\\Application->boot()
#10 /var/www/emaparking_dss/vendor/laravel/framework/src/Illuminate/Foundation/Application.php(242): Illuminate\\Foundation\\Bootstrap\\BootProviders->bootstrap()
#11 /var/www/emaparking_dss/vendor/laravel/framework/src/Illuminate/Foundation/Console/Kernel.php(383): Illuminate\\Foundation\\Application->bootstrapWith()
#12 /var/www/emaparking_dss/vendor/laravel/framework/src/Illuminate/Foundation/Console/Kernel.php(153): Illuminate\\Foundation\\Console\\Kernel->bootstrap()
#13 Command line code(1): Illuminate\\Foundation\\Console\\Kernel->handle()
#14 {main}
"} 
[2025-03-28 17:08:41] local.ERROR: Class "\Themes\BC\ThemeProvider" not found {"exception":"[object] (Error(code: 0): Class \"\\Themes\\BC\\ThemeProvider\" not found at /var/www/emaparking_dss/themes/ThemeServiceProvider.php:23)
[stacktrace]
#0 /var/www/emaparking_dss/vendor/laravel/framework/src/Illuminate/Container/BoundMethod.php(36): Themes\\ThemeServiceProvider->boot()
#1 /var/www/emaparking_dss/vendor/laravel/framework/src/Illuminate/Container/Util.php(41): Illuminate\\Container\\BoundMethod::Illuminate\\Container\\{closure}()
#2 /var/www/emaparking_dss/vendor/laravel/framework/src/Illuminate/Container/BoundMethod.php(93): Illuminate\\Container\\Util::unwrapIfClosure()
#3 /var/www/emaparking_dss/vendor/laravel/framework/src/Illuminate/Container/BoundMethod.php(35): Illuminate\\Container\\BoundMethod::callBoundMethod()
#4 /var/www/emaparking_dss/vendor/laravel/framework/src/Illuminate/Container/Container.php(651): Illuminate\\Container\\BoundMethod::call()
#5 /var/www/emaparking_dss/vendor/laravel/framework/src/Illuminate/Foundation/Application.php(933): Illuminate\\Container\\Container->call()
#6 /var/www/emaparking_dss/vendor/laravel/framework/src/Illuminate/Foundation/Application.php(914): Illuminate\\Foundation\\Application->bootProvider()
#7 [internal function]: Illuminate\\Foundation\\Application->Illuminate\\Foundation\\{closure}()
#8 /var/www/emaparking_dss/vendor/laravel/framework/src/Illuminate/Foundation/Application.php(913): array_walk()
#9 /var/www/emaparking_dss/vendor/laravel/framework/src/Illuminate/Foundation/Bootstrap/BootProviders.php(17): Illuminate\\Foundation\\Application->boot()
#10 /var/www/emaparking_dss/vendor/laravel/framework/src/Illuminate/Foundation/Application.php(242): Illuminate\\Foundation\\Bootstrap\\BootProviders->bootstrap()
#11 /var/www/emaparking_dss/vendor/laravel/framework/src/Illuminate/Foundation/Console/Kernel.php(383): Illuminate\\Foundation\\Application->bootstrapWith()
#12 /var/www/emaparking_dss/vendor/laravel/framework/src/Illuminate/Foundation/Console/Kernel.php(153): Illuminate\\Foundation\\Console\\Kernel->bootstrap()
#13 Command line code(1): Illuminate\\Foundation\\Console\\Kernel->handle()
#14 {main}
"} 
[2025-03-28 17:08:41] local.ERROR: Class "\Themes\BC\ThemeProvider" not found {"exception":"[object] (Error(code: 0): Class \"\\Themes\\BC\\ThemeProvider\" not found at /var/www/emaparking_dss/themes/ThemeServiceProvider.php:23)
[stacktrace]
#0 /var/www/emaparking_dss/vendor/laravel/framework/src/Illuminate/Container/BoundMethod.php(36): Themes\\ThemeServiceProvider->boot()
#1 /var/www/emaparking_dss/vendor/laravel/framework/src/Illuminate/Container/Util.php(41): Illuminate\\Container\\BoundMethod::Illuminate\\Container\\{closure}()
#2 /var/www/emaparking_dss/vendor/laravel/framework/src/Illuminate/Container/BoundMethod.php(93): Illuminate\\Container\\Util::unwrapIfClosure()
#3 /var/www/emaparking_dss/vendor/laravel/framework/src/Illuminate/Container/BoundMethod.php(35): Illuminate\\Container\\BoundMethod::callBoundMethod()
#4 /var/www/emaparking_dss/vendor/laravel/framework/src/Illuminate/Container/Container.php(651): Illuminate\\Container\\BoundMethod::call()
#5 /var/www/emaparking_dss/vendor/laravel/framework/src/Illuminate/Foundation/Application.php(933): Illuminate\\Container\\Container->call()
#6 /var/www/emaparking_dss/vendor/laravel/framework/src/Illuminate/Foundation/Application.php(914): Illuminate\\Foundation\\Application->bootProvider()
#7 [internal function]: Illuminate\\Foundation\\Application->Illuminate\\Foundation\\{closure}()
#8 /var/www/emaparking_dss/vendor/laravel/framework/src/Illuminate/Foundation/Application.php(913): array_walk()
#9 /var/www/emaparking_dss/vendor/laravel/framework/src/Illuminate/Foundation/Bootstrap/BootProviders.php(17): Illuminate\\Foundation\\Application->boot()
#10 /var/www/emaparking_dss/vendor/laravel/framework/src/Illuminate/Foundation/Application.php(242): Illuminate\\Foundation\\Bootstrap\\BootProviders->bootstrap()
#11 /var/www/emaparking_dss/vendor/laravel/framework/src/Illuminate/Foundation/Console/Kernel.php(383): Illuminate\\Foundation\\Application->bootstrapWith()
#12 /var/www/emaparking_dss/vendor/laravel/framework/src/Illuminate/Foundation/Console/Kernel.php(153): Illuminate\\Foundation\\Console\\Kernel->bootstrap()
#13 Command line code(1): Illuminate\\Foundation\\Console\\Kernel->handle()
#14 {main}
"} 
[2025-03-28 17:09:24] local.ERROR: Class "\Themes\BC\ThemeProvider" not found {"exception":"[object] (Error(code: 0): Class \"\\Themes\\BC\\ThemeProvider\" not found at /var/www/emaparking_dss/themes/ThemeServiceProvider.php:23)
[stacktrace]
#0 /var/www/emaparking_dss/vendor/laravel/framework/src/Illuminate/Container/BoundMethod.php(36): Themes\\ThemeServiceProvider->boot()
#1 /var/www/emaparking_dss/vendor/laravel/framework/src/Illuminate/Container/Util.php(41): Illuminate\\Container\\BoundMethod::Illuminate\\Container\\{closure}()
#2 /var/www/emaparking_dss/vendor/laravel/framework/src/Illuminate/Container/BoundMethod.php(93): Illuminate\\Container\\Util::unwrapIfClosure()
#3 /var/www/emaparking_dss/vendor/laravel/framework/src/Illuminate/Container/BoundMethod.php(35): Illuminate\\Container\\BoundMethod::callBoundMethod()
#4 /var/www/emaparking_dss/vendor/laravel/framework/src/Illuminate/Container/Container.php(651): Illuminate\\Container\\BoundMethod::call()
#5 /var/www/emaparking_dss/vendor/laravel/framework/src/Illuminate/Foundation/Application.php(933): Illuminate\\Container\\Container->call()
#6 /var/www/emaparking_dss/vendor/laravel/framework/src/Illuminate/Foundation/Application.php(914): Illuminate\\Foundation\\Application->bootProvider()
#7 [internal function]: Illuminate\\Foundation\\Application->Illuminate\\Foundation\\{closure}()
#8 /var/www/emaparking_dss/vendor/laravel/framework/src/Illuminate/Foundation/Application.php(913): array_walk()
#9 /var/www/emaparking_dss/vendor/laravel/framework/src/Illuminate/Foundation/Bootstrap/BootProviders.php(17): Illuminate\\Foundation\\Application->boot()
#10 /var/www/emaparking_dss/vendor/laravel/framework/src/Illuminate/Foundation/Application.php(242): Illuminate\\Foundation\\Bootstrap\\BootProviders->bootstrap()
#11 /var/www/emaparking_dss/vendor/laravel/framework/src/Illuminate/Foundation/Console/Kernel.php(383): Illuminate\\Foundation\\Application->bootstrapWith()
#12 /var/www/emaparking_dss/vendor/laravel/framework/src/Illuminate/Foundation/Console/Kernel.php(153): Illuminate\\Foundation\\Console\\Kernel->bootstrap()
#13 Command line code(1): Illuminate\\Foundation\\Console\\Kernel->handle()
#14 {main}
"} 
[2025-03-28 17:09:41] local.ERROR: Class "\Themes\BC\ThemeProvider" not found {"exception":"[object] (Error(code: 0): Class \"\\Themes\\BC\\ThemeProvider\" not found at /var/www/emaparking_dss/themes/ThemeServiceProvider.php:23)
[stacktrace]
#0 /var/www/emaparking_dss/vendor/laravel/framework/src/Illuminate/Container/BoundMethod.php(36): Themes\\ThemeServiceProvider->boot()
#1 /var/www/emaparking_dss/vendor/laravel/framework/src/Illuminate/Container/Util.php(41): Illuminate\\Container\\BoundMethod::Illuminate\\Container\\{closure}()
#2 /var/www/emaparking_dss/vendor/laravel/framework/src/Illuminate/Container/BoundMethod.php(93): Illuminate\\Container\\Util::unwrapIfClosure()
#3 /var/www/emaparking_dss/vendor/laravel/framework/src/Illuminate/Container/BoundMethod.php(35): Illuminate\\Container\\BoundMethod::callBoundMethod()
#4 /var/www/emaparking_dss/vendor/laravel/framework/src/Illuminate/Container/Container.php(651): Illuminate\\Container\\BoundMethod::call()
#5 /var/www/emaparking_dss/vendor/laravel/framework/src/Illuminate/Foundation/Application.php(933): Illuminate\\Container\\Container->call()
#6 /var/www/emaparking_dss/vendor/laravel/framework/src/Illuminate/Foundation/Application.php(914): Illuminate\\Foundation\\Application->bootProvider()
#7 [internal function]: Illuminate\\Foundation\\Application->Illuminate\\Foundation\\{closure}()
#8 /var/www/emaparking_dss/vendor/laravel/framework/src/Illuminate/Foundation/Application.php(913): array_walk()
#9 /var/www/emaparking_dss/vendor/laravel/framework/src/Illuminate/Foundation/Bootstrap/BootProviders.php(17): Illuminate\\Foundation\\Application->boot()
#10 /var/www/emaparking_dss/vendor/laravel/framework/src/Illuminate/Foundation/Application.php(242): Illuminate\\Foundation\\Bootstrap\\BootProviders->bootstrap()
#11 /var/www/emaparking_dss/vendor/laravel/framework/src/Illuminate/Foundation/Console/Kernel.php(383): Illuminate\\Foundation\\Application->bootstrapWith()
#12 /var/www/emaparking_dss/vendor/laravel/framework/src/Illuminate/Foundation/Console/Kernel.php(153): Illuminate\\Foundation\\Console\\Kernel->bootstrap()
#13 Command line code(1): Illuminate\\Foundation\\Console\\Kernel->handle()
#14 {main}
"} 
[2025-03-28 17:09:41] local.ERROR: Class "\Themes\BC\ThemeProvider" not found {"exception":"[object] (Error(code: 0): Class \"\\Themes\\BC\\ThemeProvider\" not found at /var/www/emaparking_dss/themes/ThemeServiceProvider.php:23)
[stacktrace]
#0 /var/www/emaparking_dss/vendor/laravel/framework/src/Illuminate/Container/BoundMethod.php(36): Themes\\ThemeServiceProvider->boot()
#1 /var/www/emaparking_dss/vendor/laravel/framework/src/Illuminate/Container/Util.php(41): Illuminate\\Container\\BoundMethod::Illuminate\\Container\\{closure}()
#2 /var/www/emaparking_dss/vendor/laravel/framework/src/Illuminate/Container/BoundMethod.php(93): Illuminate\\Container\\Util::unwrapIfClosure()
#3 /var/www/emaparking_dss/vendor/laravel/framework/src/Illuminate/Container/BoundMethod.php(35): Illuminate\\Container\\BoundMethod::callBoundMethod()
#4 /var/www/emaparking_dss/vendor/laravel/framework/src/Illuminate/Container/Container.php(651): Illuminate\\Container\\BoundMethod::call()
#5 /var/www/emaparking_dss/vendor/laravel/framework/src/Illuminate/Foundation/Application.php(933): Illuminate\\Container\\Container->call()
#6 /var/www/emaparking_dss/vendor/laravel/framework/src/Illuminate/Foundation/Application.php(914): Illuminate\\Foundation\\Application->bootProvider()
#7 [internal function]: Illuminate\\Foundation\\Application->Illuminate\\Foundation\\{closure}()
#8 /var/www/emaparking_dss/vendor/laravel/framework/src/Illuminate/Foundation/Application.php(913): array_walk()
#9 /var/www/emaparking_dss/vendor/laravel/framework/src/Illuminate/Foundation/Bootstrap/BootProviders.php(17): Illuminate\\Foundation\\Application->boot()
#10 /var/www/emaparking_dss/vendor/laravel/framework/src/Illuminate/Foundation/Application.php(242): Illuminate\\Foundation\\Bootstrap\\BootProviders->bootstrap()
#11 /var/www/emaparking_dss/vendor/laravel/framework/src/Illuminate/Foundation/Console/Kernel.php(383): Illuminate\\Foundation\\Application->bootstrapWith()
#12 /var/www/emaparking_dss/vendor/laravel/framework/src/Illuminate/Foundation/Console/Kernel.php(153): Illuminate\\Foundation\\Console\\Kernel->bootstrap()
#13 Command line code(1): Illuminate\\Foundation\\Console\\Kernel->handle()
#14 {main}
"} 
[2025-03-28 17:10:41] local.ERROR: Class "\Themes\BC\ThemeProvider" not found {"exception":"[object] (Error(code: 0): Class \"\\Themes\\BC\\ThemeProvider\" not found at /var/www/emaparking_dss/themes/ThemeServiceProvider.php:23)
[stacktrace]
#0 /var/www/emaparking_dss/vendor/laravel/framework/src/Illuminate/Container/BoundMethod.php(36): Themes\\ThemeServiceProvider->boot()
#1 /var/www/emaparking_dss/vendor/laravel/framework/src/Illuminate/Container/Util.php(41): Illuminate\\Container\\BoundMethod::Illuminate\\Container\\{closure}()
#2 /var/www/emaparking_dss/vendor/laravel/framework/src/Illuminate/Container/BoundMethod.php(93): Illuminate\\Container\\Util::unwrapIfClosure()
#3 /var/www/emaparking_dss/vendor/laravel/framework/src/Illuminate/Container/BoundMethod.php(35): Illuminate\\Container\\BoundMethod::callBoundMethod()
#4 /var/www/emaparking_dss/vendor/laravel/framework/src/Illuminate/Container/Container.php(651): Illuminate\\Container\\BoundMethod::call()
#5 /var/www/emaparking_dss/vendor/laravel/framework/src/Illuminate/Foundation/Application.php(933): Illuminate\\Container\\Container->call()
#6 /var/www/emaparking_dss/vendor/laravel/framework/src/Illuminate/Foundation/Application.php(914): Illuminate\\Foundation\\Application->bootProvider()
#7 [internal function]: Illuminate\\Foundation\\Application->Illuminate\\Foundation\\{closure}()
#8 /var/www/emaparking_dss/vendor/laravel/framework/src/Illuminate/Foundation/Application.php(913): array_walk()
#9 /var/www/emaparking_dss/vendor/laravel/framework/src/Illuminate/Foundation/Bootstrap/BootProviders.php(17): Illuminate\\Foundation\\Application->boot()
#10 /var/www/emaparking_dss/vendor/laravel/framework/src/Illuminate/Foundation/Application.php(242): Illuminate\\Foundation\\Bootstrap\\BootProviders->bootstrap()
#11 /var/www/emaparking_dss/vendor/laravel/framework/src/Illuminate/Foundation/Console/Kernel.php(383): Illuminate\\Foundation\\Application->bootstrapWith()
#12 /var/www/emaparking_dss/vendor/laravel/framework/src/Illuminate/Foundation/Console/Kernel.php(153): Illuminate\\Foundation\\Console\\Kernel->bootstrap()
#13 Command line code(1): Illuminate\\Foundation\\Console\\Kernel->handle()
#14 {main}
"} 
[2025-03-28 17:10:41] local.ERROR: Class "\Themes\BC\ThemeProvider" not found {"exception":"[object] (Error(code: 0): Class \"\\Themes\\BC\\ThemeProvider\" not found at /var/www/emaparking_dss/themes/ThemeServiceProvider.php:23)
[stacktrace]
#0 /var/www/emaparking_dss/vendor/laravel/framework/src/Illuminate/Container/BoundMethod.php(36): Themes\\ThemeServiceProvider->boot()
#1 /var/www/emaparking_dss/vendor/laravel/framework/src/Illuminate/Container/Util.php(41): Illuminate\\Container\\BoundMethod::Illuminate\\Container\\{closure}()
#2 /var/www/emaparking_dss/vendor/laravel/framework/src/Illuminate/Container/BoundMethod.php(93): Illuminate\\Container\\Util::unwrapIfClosure()
#3 /var/www/emaparking_dss/vendor/laravel/framework/src/Illuminate/Container/BoundMethod.php(35): Illuminate\\Container\\BoundMethod::callBoundMethod()
#4 /var/www/emaparking_dss/vendor/laravel/framework/src/Illuminate/Container/Container.php(651): Illuminate\\Container\\BoundMethod::call()
#5 /var/www/emaparking_dss/vendor/laravel/framework/src/Illuminate/Foundation/Application.php(933): Illuminate\\Container\\Container->call()
#6 /var/www/emaparking_dss/vendor/laravel/framework/src/Illuminate/Foundation/Application.php(914): Illuminate\\Foundation\\Application->bootProvider()
#7 [internal function]: Illuminate\\Foundation\\Application->Illuminate\\Foundation\\{closure}()
#8 /var/www/emaparking_dss/vendor/laravel/framework/src/Illuminate/Foundation/Application.php(913): array_walk()
#9 /var/www/emaparking_dss/vendor/laravel/framework/src/Illuminate/Foundation/Bootstrap/BootProviders.php(17): Illuminate\\Foundation\\Application->boot()
#10 /var/www/emaparking_dss/vendor/laravel/framework/src/Illuminate/Foundation/Application.php(242): Illuminate\\Foundation\\Bootstrap\\BootProviders->bootstrap()
#11 /var/www/emaparking_dss/vendor/laravel/framework/src/Illuminate/Foundation/Console/Kernel.php(383): Illuminate\\Foundation\\Application->bootstrapWith()
#12 /var/www/emaparking_dss/vendor/laravel/framework/src/Illuminate/Foundation/Console/Kernel.php(153): Illuminate\\Foundation\\Console\\Kernel->bootstrap()
#13 Command line code(1): Illuminate\\Foundation\\Console\\Kernel->handle()
#14 {main}
"} 
[2025-03-28 17:11:41] local.ERROR: Class "\Themes\BC\ThemeProvider" not found {"exception":"[object] (Error(code: 0): Class \"\\Themes\\BC\\ThemeProvider\" not found at /var/www/emaparking_dss/themes/ThemeServiceProvider.php:23)
[stacktrace]
#0 /var/www/emaparking_dss/vendor/laravel/framework/src/Illuminate/Container/BoundMethod.php(36): Themes\\ThemeServiceProvider->boot()
#1 /var/www/emaparking_dss/vendor/laravel/framework/src/Illuminate/Container/Util.php(41): Illuminate\\Container\\BoundMethod::Illuminate\\Container\\{closure}()
#2 /var/www/emaparking_dss/vendor/laravel/framework/src/Illuminate/Container/BoundMethod.php(93): Illuminate\\Container\\Util::unwrapIfClosure()
#3 /var/www/emaparking_dss/vendor/laravel/framework/src/Illuminate/Container/BoundMethod.php(35): Illuminate\\Container\\BoundMethod::callBoundMethod()
#4 /var/www/emaparking_dss/vendor/laravel/framework/src/Illuminate/Container/Container.php(651): Illuminate\\Container\\BoundMethod::call()
#5 /var/www/emaparking_dss/vendor/laravel/framework/src/Illuminate/Foundation/Application.php(933): Illuminate\\Container\\Container->call()
#6 /var/www/emaparking_dss/vendor/laravel/framework/src/Illuminate/Foundation/Application.php(914): Illuminate\\Foundation\\Application->bootProvider()
#7 [internal function]: Illuminate\\Foundation\\Application->Illuminate\\Foundation\\{closure}()
#8 /var/www/emaparking_dss/vendor/laravel/framework/src/Illuminate/Foundation/Application.php(913): array_walk()
#9 /var/www/emaparking_dss/vendor/laravel/framework/src/Illuminate/Foundation/Bootstrap/BootProviders.php(17): Illuminate\\Foundation\\Application->boot()
#10 /var/www/emaparking_dss/vendor/laravel/framework/src/Illuminate/Foundation/Application.php(242): Illuminate\\Foundation\\Bootstrap\\BootProviders->bootstrap()
#11 /var/www/emaparking_dss/vendor/laravel/framework/src/Illuminate/Foundation/Console/Kernel.php(383): Illuminate\\Foundation\\Application->bootstrapWith()
#12 /var/www/emaparking_dss/vendor/laravel/framework/src/Illuminate/Foundation/Console/Kernel.php(153): Illuminate\\Foundation\\Console\\Kernel->bootstrap()
#13 Command line code(1): Illuminate\\Foundation\\Console\\Kernel->handle()
#14 {main}
"} 
[2025-03-28 17:11:41] local.ERROR: Class "\Themes\BC\ThemeProvider" not found {"exception":"[object] (Error(code: 0): Class \"\\Themes\\BC\\ThemeProvider\" not found at /var/www/emaparking_dss/themes/ThemeServiceProvider.php:23)
[stacktrace]
#0 /var/www/emaparking_dss/vendor/laravel/framework/src/Illuminate/Container/BoundMethod.php(36): Themes\\ThemeServiceProvider->boot()
#1 /var/www/emaparking_dss/vendor/laravel/framework/src/Illuminate/Container/Util.php(41): Illuminate\\Container\\BoundMethod::Illuminate\\Container\\{closure}()
#2 /var/www/emaparking_dss/vendor/laravel/framework/src/Illuminate/Container/BoundMethod.php(93): Illuminate\\Container\\Util::unwrapIfClosure()
#3 /var/www/emaparking_dss/vendor/laravel/framework/src/Illuminate/Container/BoundMethod.php(35): Illuminate\\Container\\BoundMethod::callBoundMethod()
#4 /var/www/emaparking_dss/vendor/laravel/framework/src/Illuminate/Container/Container.php(651): Illuminate\\Container\\BoundMethod::call()
#5 /var/www/emaparking_dss/vendor/laravel/framework/src/Illuminate/Foundation/Application.php(933): Illuminate\\Container\\Container->call()
#6 /var/www/emaparking_dss/vendor/laravel/framework/src/Illuminate/Foundation/Application.php(914): Illuminate\\Foundation\\Application->bootProvider()
#7 [internal function]: Illuminate\\Foundation\\Application->Illuminate\\Foundation\\{closure}()
#8 /var/www/emaparking_dss/vendor/laravel/framework/src/Illuminate/Foundation/Application.php(913): array_walk()
#9 /var/www/emaparking_dss/vendor/laravel/framework/src/Illuminate/Foundation/Bootstrap/BootProviders.php(17): Illuminate\\Foundation\\Application->boot()
#10 /var/www/emaparking_dss/vendor/laravel/framework/src/Illuminate/Foundation/Application.php(242): Illuminate\\Foundation\\Bootstrap\\BootProviders->bootstrap()
#11 /var/www/emaparking_dss/vendor/laravel/framework/src/Illuminate/Foundation/Console/Kernel.php(383): Illuminate\\Foundation\\Application->bootstrapWith()
#12 /var/www/emaparking_dss/vendor/laravel/framework/src/Illuminate/Foundation/Console/Kernel.php(153): Illuminate\\Foundation\\Console\\Kernel->bootstrap()
#13 Command line code(1): Illuminate\\Foundation\\Console\\Kernel->handle()
#14 {main}
"} 
[2025-03-28 17:12:02] local.ERROR: Class "\Themes\BC\ThemeProvider" not found {"exception":"[object] (Error(code: 0): Class \"\\Themes\\BC\\ThemeProvider\" not found at /var/www/emaparking_dss/themes/ThemeServiceProvider.php:23)
[stacktrace]
#0 /var/www/emaparking_dss/vendor/laravel/framework/src/Illuminate/Container/BoundMethod.php(36): Themes\\ThemeServiceProvider->boot()
#1 /var/www/emaparking_dss/vendor/laravel/framework/src/Illuminate/Container/Util.php(41): Illuminate\\Container\\BoundMethod::Illuminate\\Container\\{closure}()
#2 /var/www/emaparking_dss/vendor/laravel/framework/src/Illuminate/Container/BoundMethod.php(93): Illuminate\\Container\\Util::unwrapIfClosure()
#3 /var/www/emaparking_dss/vendor/laravel/framework/src/Illuminate/Container/BoundMethod.php(35): Illuminate\\Container\\BoundMethod::callBoundMethod()
#4 /var/www/emaparking_dss/vendor/laravel/framework/src/Illuminate/Container/Container.php(651): Illuminate\\Container\\BoundMethod::call()
#5 /var/www/emaparking_dss/vendor/laravel/framework/src/Illuminate/Foundation/Application.php(933): Illuminate\\Container\\Container->call()
#6 /var/www/emaparking_dss/vendor/laravel/framework/src/Illuminate/Foundation/Application.php(914): Illuminate\\Foundation\\Application->bootProvider()
#7 [internal function]: Illuminate\\Foundation\\Application->Illuminate\\Foundation\\{closure}()
#8 /var/www/emaparking_dss/vendor/laravel/framework/src/Illuminate/Foundation/Application.php(913): array_walk()
#9 /var/www/emaparking_dss/vendor/laravel/framework/src/Illuminate/Foundation/Bootstrap/BootProviders.php(17): Illuminate\\Foundation\\Application->boot()
#10 /var/www/emaparking_dss/vendor/laravel/framework/src/Illuminate/Foundation/Application.php(242): Illuminate\\Foundation\\Bootstrap\\BootProviders->bootstrap()
#11 /var/www/emaparking_dss/vendor/laravel/framework/src/Illuminate/Foundation/Console/Kernel.php(383): Illuminate\\Foundation\\Application->bootstrapWith()
#12 /var/www/emaparking_dss/vendor/laravel/framework/src/Illuminate/Foundation/Console/Kernel.php(153): Illuminate\\Foundation\\Console\\Kernel->bootstrap()
#13 Command line code(1): Illuminate\\Foundation\\Console\\Kernel->handle()
#14 {main}
"} 
[2025-03-28 17:12:41] local.ERROR: Class "\Themes\BC\ThemeProvider" not found {"exception":"[object] (Error(code: 0): Class \"\\Themes\\BC\\ThemeProvider\" not found at /var/www/emaparking_dss/themes/ThemeServiceProvider.php:23)
[stacktrace]
#0 /var/www/emaparking_dss/vendor/laravel/framework/src/Illuminate/Container/BoundMethod.php(36): Themes\\ThemeServiceProvider->boot()
#1 /var/www/emaparking_dss/vendor/laravel/framework/src/Illuminate/Container/Util.php(41): Illuminate\\Container\\BoundMethod::Illuminate\\Container\\{closure}()
#2 /var/www/emaparking_dss/vendor/laravel/framework/src/Illuminate/Container/BoundMethod.php(93): Illuminate\\Container\\Util::unwrapIfClosure()
#3 /var/www/emaparking_dss/vendor/laravel/framework/src/Illuminate/Container/BoundMethod.php(35): Illuminate\\Container\\BoundMethod::callBoundMethod()
#4 /var/www/emaparking_dss/vendor/laravel/framework/src/Illuminate/Container/Container.php(651): Illuminate\\Container\\BoundMethod::call()
#5 /var/www/emaparking_dss/vendor/laravel/framework/src/Illuminate/Foundation/Application.php(933): Illuminate\\Container\\Container->call()
#6 /var/www/emaparking_dss/vendor/laravel/framework/src/Illuminate/Foundation/Application.php(914): Illuminate\\Foundation\\Application->bootProvider()
#7 [internal function]: Illuminate\\Foundation\\Application->Illuminate\\Foundation\\{closure}()
#8 /var/www/emaparking_dss/vendor/laravel/framework/src/Illuminate/Foundation/Application.php(913): array_walk()
#9 /var/www/emaparking_dss/vendor/laravel/framework/src/Illuminate/Foundation/Bootstrap/BootProviders.php(17): Illuminate\\Foundation\\Application->boot()
#10 /var/www/emaparking_dss/vendor/laravel/framework/src/Illuminate/Foundation/Application.php(242): Illuminate\\Foundation\\Bootstrap\\BootProviders->bootstrap()
#11 /var/www/emaparking_dss/vendor/laravel/framework/src/Illuminate/Foundation/Console/Kernel.php(383): Illuminate\\Foundation\\Application->bootstrapWith()
#12 /var/www/emaparking_dss/vendor/laravel/framework/src/Illuminate/Foundation/Console/Kernel.php(153): Illuminate\\Foundation\\Console\\Kernel->bootstrap()
#13 Command line code(1): Illuminate\\Foundation\\Console\\Kernel->handle()
#14 {main}
"} 
[2025-03-28 17:12:41] local.ERROR: Class "\Themes\BC\ThemeProvider" not found {"exception":"[object] (Error(code: 0): Class \"\\Themes\\BC\\ThemeProvider\" not found at /var/www/emaparking_dss/themes/ThemeServiceProvider.php:23)
[stacktrace]
#0 /var/www/emaparking_dss/vendor/laravel/framework/src/Illuminate/Container/BoundMethod.php(36): Themes\\ThemeServiceProvider->boot()
#1 /var/www/emaparking_dss/vendor/laravel/framework/src/Illuminate/Container/Util.php(41): Illuminate\\Container\\BoundMethod::Illuminate\\Container\\{closure}()
#2 /var/www/emaparking_dss/vendor/laravel/framework/src/Illuminate/Container/BoundMethod.php(93): Illuminate\\Container\\Util::unwrapIfClosure()
#3 /var/www/emaparking_dss/vendor/laravel/framework/src/Illuminate/Container/BoundMethod.php(35): Illuminate\\Container\\BoundMethod::callBoundMethod()
#4 /var/www/emaparking_dss/vendor/laravel/framework/src/Illuminate/Container/Container.php(651): Illuminate\\Container\\BoundMethod::call()
#5 /var/www/emaparking_dss/vendor/laravel/framework/src/Illuminate/Foundation/Application.php(933): Illuminate\\Container\\Container->call()
#6 /var/www/emaparking_dss/vendor/laravel/framework/src/Illuminate/Foundation/Application.php(914): Illuminate\\Foundation\\Application->bootProvider()
#7 [internal function]: Illuminate\\Foundation\\Application->Illuminate\\Foundation\\{closure}()
#8 /var/www/emaparking_dss/vendor/laravel/framework/src/Illuminate/Foundation/Application.php(913): array_walk()
#9 /var/www/emaparking_dss/vendor/laravel/framework/src/Illuminate/Foundation/Bootstrap/BootProviders.php(17): Illuminate\\Foundation\\Application->boot()
#10 /var/www/emaparking_dss/vendor/laravel/framework/src/Illuminate/Foundation/Application.php(242): Illuminate\\Foundation\\Bootstrap\\BootProviders->bootstrap()
#11 /var/www/emaparking_dss/vendor/laravel/framework/src/Illuminate/Foundation/Console/Kernel.php(383): Illuminate\\Foundation\\Application->bootstrapWith()
#12 /var/www/emaparking_dss/vendor/laravel/framework/src/Illuminate/Foundation/Console/Kernel.php(153): Illuminate\\Foundation\\Console\\Kernel->bootstrap()
#13 Command line code(1): Illuminate\\Foundation\\Console\\Kernel->handle()
#14 {main}
"} 
[2025-03-28 17:13:41] local.ERROR: Class "\Themes\BC\ThemeProvider" not found {"exception":"[object] (Error(code: 0): Class \"\\Themes\\BC\\ThemeProvider\" not found at /var/www/emaparking_dss/themes/ThemeServiceProvider.php:23)
[stacktrace]
#0 /var/www/emaparking_dss/vendor/laravel/framework/src/Illuminate/Container/BoundMethod.php(36): Themes\\ThemeServiceProvider->boot()
#1 /var/www/emaparking_dss/vendor/laravel/framework/src/Illuminate/Container/Util.php(41): Illuminate\\Container\\BoundMethod::Illuminate\\Container\\{closure}()
#2 /var/www/emaparking_dss/vendor/laravel/framework/src/Illuminate/Container/BoundMethod.php(93): Illuminate\\Container\\Util::unwrapIfClosure()
#3 /var/www/emaparking_dss/vendor/laravel/framework/src/Illuminate/Container/BoundMethod.php(35): Illuminate\\Container\\BoundMethod::callBoundMethod()
#4 /var/www/emaparking_dss/vendor/laravel/framework/src/Illuminate/Container/Container.php(651): Illuminate\\Container\\BoundMethod::call()
#5 /var/www/emaparking_dss/vendor/laravel/framework/src/Illuminate/Foundation/Application.php(933): Illuminate\\Container\\Container->call()
#6 /var/www/emaparking_dss/vendor/laravel/framework/src/Illuminate/Foundation/Application.php(914): Illuminate\\Foundation\\Application->bootProvider()
#7 [internal function]: Illuminate\\Foundation\\Application->Illuminate\\Foundation\\{closure}()
#8 /var/www/emaparking_dss/vendor/laravel/framework/src/Illuminate/Foundation/Application.php(913): array_walk()
#9 /var/www/emaparking_dss/vendor/laravel/framework/src/Illuminate/Foundation/Bootstrap/BootProviders.php(17): Illuminate\\Foundation\\Application->boot()
#10 /var/www/emaparking_dss/vendor/laravel/framework/src/Illuminate/Foundation/Application.php(242): Illuminate\\Foundation\\Bootstrap\\BootProviders->bootstrap()
#11 /var/www/emaparking_dss/vendor/laravel/framework/src/Illuminate/Foundation/Console/Kernel.php(383): Illuminate\\Foundation\\Application->bootstrapWith()
#12 /var/www/emaparking_dss/vendor/laravel/framework/src/Illuminate/Foundation/Console/Kernel.php(153): Illuminate\\Foundation\\Console\\Kernel->bootstrap()
#13 Command line code(1): Illuminate\\Foundation\\Console\\Kernel->handle()
#14 {main}
"} 
[2025-03-28 17:13:41] local.ERROR: Class "\Themes\BC\ThemeProvider" not found {"exception":"[object] (Error(code: 0): Class \"\\Themes\\BC\\ThemeProvider\" not found at /var/www/emaparking_dss/themes/ThemeServiceProvider.php:23)
[stacktrace]
#0 /var/www/emaparking_dss/vendor/laravel/framework/src/Illuminate/Container/BoundMethod.php(36): Themes\\ThemeServiceProvider->boot()
#1 /var/www/emaparking_dss/vendor/laravel/framework/src/Illuminate/Container/Util.php(41): Illuminate\\Container\\BoundMethod::Illuminate\\Container\\{closure}()
#2 /var/www/emaparking_dss/vendor/laravel/framework/src/Illuminate/Container/BoundMethod.php(93): Illuminate\\Container\\Util::unwrapIfClosure()
#3 /var/www/emaparking_dss/vendor/laravel/framework/src/Illuminate/Container/BoundMethod.php(35): Illuminate\\Container\\BoundMethod::callBoundMethod()
#4 /var/www/emaparking_dss/vendor/laravel/framework/src/Illuminate/Container/Container.php(651): Illuminate\\Container\\BoundMethod::call()
#5 /var/www/emaparking_dss/vendor/laravel/framework/src/Illuminate/Foundation/Application.php(933): Illuminate\\Container\\Container->call()
#6 /var/www/emaparking_dss/vendor/laravel/framework/src/Illuminate/Foundation/Application.php(914): Illuminate\\Foundation\\Application->bootProvider()
#7 [internal function]: Illuminate\\Foundation\\Application->Illuminate\\Foundation\\{closure}()
#8 /var/www/emaparking_dss/vendor/laravel/framework/src/Illuminate/Foundation/Application.php(913): array_walk()
#9 /var/www/emaparking_dss/vendor/laravel/framework/src/Illuminate/Foundation/Bootstrap/BootProviders.php(17): Illuminate\\Foundation\\Application->boot()
#10 /var/www/emaparking_dss/vendor/laravel/framework/src/Illuminate/Foundation/Application.php(242): Illuminate\\Foundation\\Bootstrap\\BootProviders->bootstrap()
#11 /var/www/emaparking_dss/vendor/laravel/framework/src/Illuminate/Foundation/Console/Kernel.php(383): Illuminate\\Foundation\\Application->bootstrapWith()
#12 /var/www/emaparking_dss/vendor/laravel/framework/src/Illuminate/Foundation/Console/Kernel.php(153): Illuminate\\Foundation\\Console\\Kernel->bootstrap()
#13 Command line code(1): Illuminate\\Foundation\\Console\\Kernel->handle()
#14 {main}
"} 
[2025-03-28 17:13:41] local.ERROR: Class "\Themes\BC\ThemeProvider" not found {"exception":"[object] (Error(code: 0): Class \"\\Themes\\BC\\ThemeProvider\" not found at /var/www/emaparking_dss/themes/ThemeServiceProvider.php:23)
[stacktrace]
#0 /var/www/emaparking_dss/vendor/laravel/framework/src/Illuminate/Container/BoundMethod.php(36): Themes\\ThemeServiceProvider->boot()
#1 /var/www/emaparking_dss/vendor/laravel/framework/src/Illuminate/Container/Util.php(41): Illuminate\\Container\\BoundMethod::Illuminate\\Container\\{closure}()
#2 /var/www/emaparking_dss/vendor/laravel/framework/src/Illuminate/Container/BoundMethod.php(93): Illuminate\\Container\\Util::unwrapIfClosure()
#3 /var/www/emaparking_dss/vendor/laravel/framework/src/Illuminate/Container/BoundMethod.php(35): Illuminate\\Container\\BoundMethod::callBoundMethod()
#4 /var/www/emaparking_dss/vendor/laravel/framework/src/Illuminate/Container/Container.php(651): Illuminate\\Container\\BoundMethod::call()
#5 /var/www/emaparking_dss/vendor/laravel/framework/src/Illuminate/Foundation/Application.php(933): Illuminate\\Container\\Container->call()
#6 /var/www/emaparking_dss/vendor/laravel/framework/src/Illuminate/Foundation/Application.php(914): Illuminate\\Foundation\\Application->bootProvider()
#7 [internal function]: Illuminate\\Foundation\\Application->Illuminate\\Foundation\\{closure}()
#8 /var/www/emaparking_dss/vendor/laravel/framework/src/Illuminate/Foundation/Application.php(913): array_walk()
#9 /var/www/emaparking_dss/vendor/laravel/framework/src/Illuminate/Foundation/Bootstrap/BootProviders.php(17): Illuminate\\Foundation\\Application->boot()
#10 /var/www/emaparking_dss/vendor/laravel/framework/src/Illuminate/Foundation/Application.php(242): Illuminate\\Foundation\\Bootstrap\\BootProviders->bootstrap()
#11 /var/www/emaparking_dss/vendor/laravel/framework/src/Illuminate/Foundation/Console/Kernel.php(383): Illuminate\\Foundation\\Application->bootstrapWith()
#12 /var/www/emaparking_dss/vendor/laravel/framework/src/Illuminate/Foundation/Console/Kernel.php(153): Illuminate\\Foundation\\Console\\Kernel->bootstrap()
#13 Command line code(1): Illuminate\\Foundation\\Console\\Kernel->handle()
#14 {main}
"} 
[2025-03-28 17:14:41] local.ERROR: Class "\Themes\BC\ThemeProvider" not found {"exception":"[object] (Error(code: 0): Class \"\\Themes\\BC\\ThemeProvider\" not found at /var/www/emaparking_dss/themes/ThemeServiceProvider.php:23)
[stacktrace]
#0 /var/www/emaparking_dss/vendor/laravel/framework/src/Illuminate/Container/BoundMethod.php(36): Themes\\ThemeServiceProvider->boot()
#1 /var/www/emaparking_dss/vendor/laravel/framework/src/Illuminate/Container/Util.php(41): Illuminate\\Container\\BoundMethod::Illuminate\\Container\\{closure}()
#2 /var/www/emaparking_dss/vendor/laravel/framework/src/Illuminate/Container/BoundMethod.php(93): Illuminate\\Container\\Util::unwrapIfClosure()
#3 /var/www/emaparking_dss/vendor/laravel/framework/src/Illuminate/Container/BoundMethod.php(35): Illuminate\\Container\\BoundMethod::callBoundMethod()
#4 /var/www/emaparking_dss/vendor/laravel/framework/src/Illuminate/Container/Container.php(651): Illuminate\\Container\\BoundMethod::call()
#5 /var/www/emaparking_dss/vendor/laravel/framework/src/Illuminate/Foundation/Application.php(933): Illuminate\\Container\\Container->call()
#6 /var/www/emaparking_dss/vendor/laravel/framework/src/Illuminate/Foundation/Application.php(914): Illuminate\\Foundation\\Application->bootProvider()
#7 [internal function]: Illuminate\\Foundation\\Application->Illuminate\\Foundation\\{closure}()
#8 /var/www/emaparking_dss/vendor/laravel/framework/src/Illuminate/Foundation/Application.php(913): array_walk()
#9 /var/www/emaparking_dss/vendor/laravel/framework/src/Illuminate/Foundation/Bootstrap/BootProviders.php(17): Illuminate\\Foundation\\Application->boot()
#10 /var/www/emaparking_dss/vendor/laravel/framework/src/Illuminate/Foundation/Application.php(242): Illuminate\\Foundation\\Bootstrap\\BootProviders->bootstrap()
#11 /var/www/emaparking_dss/vendor/laravel/framework/src/Illuminate/Foundation/Console/Kernel.php(383): Illuminate\\Foundation\\Application->bootstrapWith()
#12 /var/www/emaparking_dss/vendor/laravel/framework/src/Illuminate/Foundation/Console/Kernel.php(153): Illuminate\\Foundation\\Console\\Kernel->bootstrap()
#13 Command line code(1): Illuminate\\Foundation\\Console\\Kernel->handle()
#14 {main}
"} 
[2025-03-28 17:14:41] local.ERROR: Class "\Themes\BC\ThemeProvider" not found {"exception":"[object] (Error(code: 0): Class \"\\Themes\\BC\\ThemeProvider\" not found at /var/www/emaparking_dss/themes/ThemeServiceProvider.php:23)
[stacktrace]
#0 /var/www/emaparking_dss/vendor/laravel/framework/src/Illuminate/Container/BoundMethod.php(36): Themes\\ThemeServiceProvider->boot()
#1 /var/www/emaparking_dss/vendor/laravel/framework/src/Illuminate/Container/Util.php(41): Illuminate\\Container\\BoundMethod::Illuminate\\Container\\{closure}()
#2 /var/www/emaparking_dss/vendor/laravel/framework/src/Illuminate/Container/BoundMethod.php(93): Illuminate\\Container\\Util::unwrapIfClosure()
#3 /var/www/emaparking_dss/vendor/laravel/framework/src/Illuminate/Container/BoundMethod.php(35): Illuminate\\Container\\BoundMethod::callBoundMethod()
#4 /var/www/emaparking_dss/vendor/laravel/framework/src/Illuminate/Container/Container.php(651): Illuminate\\Container\\BoundMethod::call()
#5 /var/www/emaparking_dss/vendor/laravel/framework/src/Illuminate/Foundation/Application.php(933): Illuminate\\Container\\Container->call()
#6 /var/www/emaparking_dss/vendor/laravel/framework/src/Illuminate/Foundation/Application.php(914): Illuminate\\Foundation\\Application->bootProvider()
#7 [internal function]: Illuminate\\Foundation\\Application->Illuminate\\Foundation\\{closure}()
#8 /var/www/emaparking_dss/vendor/laravel/framework/src/Illuminate/Foundation/Application.php(913): array_walk()
#9 /var/www/emaparking_dss/vendor/laravel/framework/src/Illuminate/Foundation/Bootstrap/BootProviders.php(17): Illuminate\\Foundation\\Application->boot()
#10 /var/www/emaparking_dss/vendor/laravel/framework/src/Illuminate/Foundation/Application.php(242): Illuminate\\Foundation\\Bootstrap\\BootProviders->bootstrap()
#11 /var/www/emaparking_dss/vendor/laravel/framework/src/Illuminate/Foundation/Console/Kernel.php(383): Illuminate\\Foundation\\Application->bootstrapWith()
#12 /var/www/emaparking_dss/vendor/laravel/framework/src/Illuminate/Foundation/Console/Kernel.php(153): Illuminate\\Foundation\\Console\\Kernel->bootstrap()
#13 Command line code(1): Illuminate\\Foundation\\Console\\Kernel->handle()
#14 {main}
"} 
[2025-03-28 17:15:41] local.ERROR: Class "\Themes\BC\ThemeProvider" not found {"exception":"[object] (Error(code: 0): Class \"\\Themes\\BC\\ThemeProvider\" not found at /var/www/emaparking_dss/themes/ThemeServiceProvider.php:23)
[stacktrace]
#0 /var/www/emaparking_dss/vendor/laravel/framework/src/Illuminate/Container/BoundMethod.php(36): Themes\\ThemeServiceProvider->boot()
#1 /var/www/emaparking_dss/vendor/laravel/framework/src/Illuminate/Container/Util.php(41): Illuminate\\Container\\BoundMethod::Illuminate\\Container\\{closure}()
#2 /var/www/emaparking_dss/vendor/laravel/framework/src/Illuminate/Container/BoundMethod.php(93): Illuminate\\Container\\Util::unwrapIfClosure()
#3 /var/www/emaparking_dss/vendor/laravel/framework/src/Illuminate/Container/BoundMethod.php(35): Illuminate\\Container\\BoundMethod::callBoundMethod()
#4 /var/www/emaparking_dss/vendor/laravel/framework/src/Illuminate/Container/Container.php(651): Illuminate\\Container\\BoundMethod::call()
#5 /var/www/emaparking_dss/vendor/laravel/framework/src/Illuminate/Foundation/Application.php(933): Illuminate\\Container\\Container->call()
#6 /var/www/emaparking_dss/vendor/laravel/framework/src/Illuminate/Foundation/Application.php(914): Illuminate\\Foundation\\Application->bootProvider()
#7 [internal function]: Illuminate\\Foundation\\Application->Illuminate\\Foundation\\{closure}()
#8 /var/www/emaparking_dss/vendor/laravel/framework/src/Illuminate/Foundation/Application.php(913): array_walk()
#9 /var/www/emaparking_dss/vendor/laravel/framework/src/Illuminate/Foundation/Bootstrap/BootProviders.php(17): Illuminate\\Foundation\\Application->boot()
#10 /var/www/emaparking_dss/vendor/laravel/framework/src/Illuminate/Foundation/Application.php(242): Illuminate\\Foundation\\Bootstrap\\BootProviders->bootstrap()
#11 /var/www/emaparking_dss/vendor/laravel/framework/src/Illuminate/Foundation/Console/Kernel.php(383): Illuminate\\Foundation\\Application->bootstrapWith()
#12 /var/www/emaparking_dss/vendor/laravel/framework/src/Illuminate/Foundation/Console/Kernel.php(153): Illuminate\\Foundation\\Console\\Kernel->bootstrap()
#13 Command line code(1): Illuminate\\Foundation\\Console\\Kernel->handle()
#14 {main}
"} 
[2025-03-28 17:15:41] local.ERROR: Class "\Themes\BC\ThemeProvider" not found {"exception":"[object] (Error(code: 0): Class \"\\Themes\\BC\\ThemeProvider\" not found at /var/www/emaparking_dss/themes/ThemeServiceProvider.php:23)
[stacktrace]
#0 /var/www/emaparking_dss/vendor/laravel/framework/src/Illuminate/Container/BoundMethod.php(36): Themes\\ThemeServiceProvider->boot()
#1 /var/www/emaparking_dss/vendor/laravel/framework/src/Illuminate/Container/Util.php(41): Illuminate\\Container\\BoundMethod::Illuminate\\Container\\{closure}()
#2 /var/www/emaparking_dss/vendor/laravel/framework/src/Illuminate/Container/BoundMethod.php(93): Illuminate\\Container\\Util::unwrapIfClosure()
#3 /var/www/emaparking_dss/vendor/laravel/framework/src/Illuminate/Container/BoundMethod.php(35): Illuminate\\Container\\BoundMethod::callBoundMethod()
#4 /var/www/emaparking_dss/vendor/laravel/framework/src/Illuminate/Container/Container.php(651): Illuminate\\Container\\BoundMethod::call()
#5 /var/www/emaparking_dss/vendor/laravel/framework/src/Illuminate/Foundation/Application.php(933): Illuminate\\Container\\Container->call()
#6 /var/www/emaparking_dss/vendor/laravel/framework/src/Illuminate/Foundation/Application.php(914): Illuminate\\Foundation\\Application->bootProvider()
#7 [internal function]: Illuminate\\Foundation\\Application->Illuminate\\Foundation\\{closure}()
#8 /var/www/emaparking_dss/vendor/laravel/framework/src/Illuminate/Foundation/Application.php(913): array_walk()
#9 /var/www/emaparking_dss/vendor/laravel/framework/src/Illuminate/Foundation/Bootstrap/BootProviders.php(17): Illuminate\\Foundation\\Application->boot()
#10 /var/www/emaparking_dss/vendor/laravel/framework/src/Illuminate/Foundation/Application.php(242): Illuminate\\Foundation\\Bootstrap\\BootProviders->bootstrap()
#11 /var/www/emaparking_dss/vendor/laravel/framework/src/Illuminate/Foundation/Console/Kernel.php(383): Illuminate\\Foundation\\Application->bootstrapWith()
#12 /var/www/emaparking_dss/vendor/laravel/framework/src/Illuminate/Foundation/Console/Kernel.php(153): Illuminate\\Foundation\\Console\\Kernel->bootstrap()
#13 Command line code(1): Illuminate\\Foundation\\Console\\Kernel->handle()
#14 {main}
"} 
[2025-03-28 17:16:41] local.ERROR: Class "\Themes\BC\ThemeProvider" not found {"exception":"[object] (Error(code: 0): Class \"\\Themes\\BC\\ThemeProvider\" not found at /var/www/emaparking_dss/themes/ThemeServiceProvider.php:23)
[stacktrace]
#0 /var/www/emaparking_dss/vendor/laravel/framework/src/Illuminate/Container/BoundMethod.php(36): Themes\\ThemeServiceProvider->boot()
#1 /var/www/emaparking_dss/vendor/laravel/framework/src/Illuminate/Container/Util.php(41): Illuminate\\Container\\BoundMethod::Illuminate\\Container\\{closure}()
#2 /var/www/emaparking_dss/vendor/laravel/framework/src/Illuminate/Container/BoundMethod.php(93): Illuminate\\Container\\Util::unwrapIfClosure()
#3 /var/www/emaparking_dss/vendor/laravel/framework/src/Illuminate/Container/BoundMethod.php(35): Illuminate\\Container\\BoundMethod::callBoundMethod()
#4 /var/www/emaparking_dss/vendor/laravel/framework/src/Illuminate/Container/Container.php(651): Illuminate\\Container\\BoundMethod::call()
#5 /var/www/emaparking_dss/vendor/laravel/framework/src/Illuminate/Foundation/Application.php(933): Illuminate\\Container\\Container->call()
#6 /var/www/emaparking_dss/vendor/laravel/framework/src/Illuminate/Foundation/Application.php(914): Illuminate\\Foundation\\Application->bootProvider()
#7 [internal function]: Illuminate\\Foundation\\Application->Illuminate\\Foundation\\{closure}()
#8 /var/www/emaparking_dss/vendor/laravel/framework/src/Illuminate/Foundation/Application.php(913): array_walk()
#9 /var/www/emaparking_dss/vendor/laravel/framework/src/Illuminate/Foundation/Bootstrap/BootProviders.php(17): Illuminate\\Foundation\\Application->boot()
#10 /var/www/emaparking_dss/vendor/laravel/framework/src/Illuminate/Foundation/Application.php(242): Illuminate\\Foundation\\Bootstrap\\BootProviders->bootstrap()
#11 /var/www/emaparking_dss/vendor/laravel/framework/src/Illuminate/Foundation/Console/Kernel.php(383): Illuminate\\Foundation\\Application->bootstrapWith()
#12 /var/www/emaparking_dss/vendor/laravel/framework/src/Illuminate/Foundation/Console/Kernel.php(153): Illuminate\\Foundation\\Console\\Kernel->bootstrap()
#13 Command line code(1): Illuminate\\Foundation\\Console\\Kernel->handle()
#14 {main}
"} 
[2025-03-28 17:16:41] local.ERROR: Class "\Themes\BC\ThemeProvider" not found {"exception":"[object] (Error(code: 0): Class \"\\Themes\\BC\\ThemeProvider\" not found at /var/www/emaparking_dss/themes/ThemeServiceProvider.php:23)
[stacktrace]
#0 /var/www/emaparking_dss/vendor/laravel/framework/src/Illuminate/Container/BoundMethod.php(36): Themes\\ThemeServiceProvider->boot()
#1 /var/www/emaparking_dss/vendor/laravel/framework/src/Illuminate/Container/Util.php(41): Illuminate\\Container\\BoundMethod::Illuminate\\Container\\{closure}()
#2 /var/www/emaparking_dss/vendor/laravel/framework/src/Illuminate/Container/BoundMethod.php(93): Illuminate\\Container\\Util::unwrapIfClosure()
#3 /var/www/emaparking_dss/vendor/laravel/framework/src/Illuminate/Container/BoundMethod.php(35): Illuminate\\Container\\BoundMethod::callBoundMethod()
#4 /var/www/emaparking_dss/vendor/laravel/framework/src/Illuminate/Container/Container.php(651): Illuminate\\Container\\BoundMethod::call()
#5 /var/www/emaparking_dss/vendor/laravel/framework/src/Illuminate/Foundation/Application.php(933): Illuminate\\Container\\Container->call()
#6 /var/www/emaparking_dss/vendor/laravel/framework/src/Illuminate/Foundation/Application.php(914): Illuminate\\Foundation\\Application->bootProvider()
#7 [internal function]: Illuminate\\Foundation\\Application->Illuminate\\Foundation\\{closure}()
#8 /var/www/emaparking_dss/vendor/laravel/framework/src/Illuminate/Foundation/Application.php(913): array_walk()
#9 /var/www/emaparking_dss/vendor/laravel/framework/src/Illuminate/Foundation/Bootstrap/BootProviders.php(17): Illuminate\\Foundation\\Application->boot()
#10 /var/www/emaparking_dss/vendor/laravel/framework/src/Illuminate/Foundation/Application.php(242): Illuminate\\Foundation\\Bootstrap\\BootProviders->bootstrap()
#11 /var/www/emaparking_dss/vendor/laravel/framework/src/Illuminate/Foundation/Console/Kernel.php(383): Illuminate\\Foundation\\Application->bootstrapWith()
#12 /var/www/emaparking_dss/vendor/laravel/framework/src/Illuminate/Foundation/Console/Kernel.php(153): Illuminate\\Foundation\\Console\\Kernel->bootstrap()
#13 Command line code(1): Illuminate\\Foundation\\Console\\Kernel->handle()
#14 {main}
"} 
[2025-03-28 17:17:41] local.ERROR: Class "\Themes\BC\ThemeProvider" not found {"exception":"[object] (Error(code: 0): Class \"\\Themes\\BC\\ThemeProvider\" not found at /var/www/emaparking_dss/themes/ThemeServiceProvider.php:23)
[stacktrace]
#0 /var/www/emaparking_dss/vendor/laravel/framework/src/Illuminate/Container/BoundMethod.php(36): Themes\\ThemeServiceProvider->boot()
#1 /var/www/emaparking_dss/vendor/laravel/framework/src/Illuminate/Container/Util.php(41): Illuminate\\Container\\BoundMethod::Illuminate\\Container\\{closure}()
#2 /var/www/emaparking_dss/vendor/laravel/framework/src/Illuminate/Container/BoundMethod.php(93): Illuminate\\Container\\Util::unwrapIfClosure()
#3 /var/www/emaparking_dss/vendor/laravel/framework/src/Illuminate/Container/BoundMethod.php(35): Illuminate\\Container\\BoundMethod::callBoundMethod()
#4 /var/www/emaparking_dss/vendor/laravel/framework/src/Illuminate/Container/Container.php(651): Illuminate\\Container\\BoundMethod::call()
#5 /var/www/emaparking_dss/vendor/laravel/framework/src/Illuminate/Foundation/Application.php(933): Illuminate\\Container\\Container->call()
#6 /var/www/emaparking_dss/vendor/laravel/framework/src/Illuminate/Foundation/Application.php(914): Illuminate\\Foundation\\Application->bootProvider()
#7 [internal function]: Illuminate\\Foundation\\Application->Illuminate\\Foundation\\{closure}()
#8 /var/www/emaparking_dss/vendor/laravel/framework/src/Illuminate/Foundation/Application.php(913): array_walk()
#9 /var/www/emaparking_dss/vendor/laravel/framework/src/Illuminate/Foundation/Bootstrap/BootProviders.php(17): Illuminate\\Foundation\\Application->boot()
#10 /var/www/emaparking_dss/vendor/laravel/framework/src/Illuminate/Foundation/Application.php(242): Illuminate\\Foundation\\Bootstrap\\BootProviders->bootstrap()
#11 /var/www/emaparking_dss/vendor/laravel/framework/src/Illuminate/Foundation/Console/Kernel.php(383): Illuminate\\Foundation\\Application->bootstrapWith()
#12 /var/www/emaparking_dss/vendor/laravel/framework/src/Illuminate/Foundation/Console/Kernel.php(153): Illuminate\\Foundation\\Console\\Kernel->bootstrap()
#13 Command line code(1): Illuminate\\Foundation\\Console\\Kernel->handle()
#14 {main}
"} 
[2025-03-28 17:17:41] local.ERROR: Class "\Themes\BC\ThemeProvider" not found {"exception":"[object] (Error(code: 0): Class \"\\Themes\\BC\\ThemeProvider\" not found at /var/www/emaparking_dss/themes/ThemeServiceProvider.php:23)
[stacktrace]
#0 /var/www/emaparking_dss/vendor/laravel/framework/src/Illuminate/Container/BoundMethod.php(36): Themes\\ThemeServiceProvider->boot()
#1 /var/www/emaparking_dss/vendor/laravel/framework/src/Illuminate/Container/Util.php(41): Illuminate\\Container\\BoundMethod::Illuminate\\Container\\{closure}()
#2 /var/www/emaparking_dss/vendor/laravel/framework/src/Illuminate/Container/BoundMethod.php(93): Illuminate\\Container\\Util::unwrapIfClosure()
#3 /var/www/emaparking_dss/vendor/laravel/framework/src/Illuminate/Container/BoundMethod.php(35): Illuminate\\Container\\BoundMethod::callBoundMethod()
#4 /var/www/emaparking_dss/vendor/laravel/framework/src/Illuminate/Container/Container.php(651): Illuminate\\Container\\BoundMethod::call()
#5 /var/www/emaparking_dss/vendor/laravel/framework/src/Illuminate/Foundation/Application.php(933): Illuminate\\Container\\Container->call()
#6 /var/www/emaparking_dss/vendor/laravel/framework/src/Illuminate/Foundation/Application.php(914): Illuminate\\Foundation\\Application->bootProvider()
#7 [internal function]: Illuminate\\Foundation\\Application->Illuminate\\Foundation\\{closure}()
#8 /var/www/emaparking_dss/vendor/laravel/framework/src/Illuminate/Foundation/Application.php(913): array_walk()
#9 /var/www/emaparking_dss/vendor/laravel/framework/src/Illuminate/Foundation/Bootstrap/BootProviders.php(17): Illuminate\\Foundation\\Application->boot()
#10 /var/www/emaparking_dss/vendor/laravel/framework/src/Illuminate/Foundation/Application.php(242): Illuminate\\Foundation\\Bootstrap\\BootProviders->bootstrap()
#11 /var/www/emaparking_dss/vendor/laravel/framework/src/Illuminate/Foundation/Console/Kernel.php(383): Illuminate\\Foundation\\Application->bootstrapWith()
#12 /var/www/emaparking_dss/vendor/laravel/framework/src/Illuminate/Foundation/Console/Kernel.php(153): Illuminate\\Foundation\\Console\\Kernel->bootstrap()
#13 Command line code(1): Illuminate\\Foundation\\Console\\Kernel->handle()
#14 {main}
"} 
[2025-03-28 17:18:41] local.ERROR: Class "\Themes\BC\ThemeProvider" not found {"exception":"[object] (Error(code: 0): Class \"\\Themes\\BC\\ThemeProvider\" not found at /var/www/emaparking_dss/themes/ThemeServiceProvider.php:23)
[stacktrace]
#0 /var/www/emaparking_dss/vendor/laravel/framework/src/Illuminate/Container/BoundMethod.php(36): Themes\\ThemeServiceProvider->boot()
#1 /var/www/emaparking_dss/vendor/laravel/framework/src/Illuminate/Container/Util.php(41): Illuminate\\Container\\BoundMethod::Illuminate\\Container\\{closure}()
#2 /var/www/emaparking_dss/vendor/laravel/framework/src/Illuminate/Container/BoundMethod.php(93): Illuminate\\Container\\Util::unwrapIfClosure()
#3 /var/www/emaparking_dss/vendor/laravel/framework/src/Illuminate/Container/BoundMethod.php(35): Illuminate\\Container\\BoundMethod::callBoundMethod()
#4 /var/www/emaparking_dss/vendor/laravel/framework/src/Illuminate/Container/Container.php(651): Illuminate\\Container\\BoundMethod::call()
#5 /var/www/emaparking_dss/vendor/laravel/framework/src/Illuminate/Foundation/Application.php(933): Illuminate\\Container\\Container->call()
#6 /var/www/emaparking_dss/vendor/laravel/framework/src/Illuminate/Foundation/Application.php(914): Illuminate\\Foundation\\Application->bootProvider()
#7 [internal function]: Illuminate\\Foundation\\Application->Illuminate\\Foundation\\{closure}()
#8 /var/www/emaparking_dss/vendor/laravel/framework/src/Illuminate/Foundation/Application.php(913): array_walk()
#9 /var/www/emaparking_dss/vendor/laravel/framework/src/Illuminate/Foundation/Bootstrap/BootProviders.php(17): Illuminate\\Foundation\\Application->boot()
#10 /var/www/emaparking_dss/vendor/laravel/framework/src/Illuminate/Foundation/Application.php(242): Illuminate\\Foundation\\Bootstrap\\BootProviders->bootstrap()
#11 /var/www/emaparking_dss/vendor/laravel/framework/src/Illuminate/Foundation/Console/Kernel.php(383): Illuminate\\Foundation\\Application->bootstrapWith()
#12 /var/www/emaparking_dss/vendor/laravel/framework/src/Illuminate/Foundation/Console/Kernel.php(153): Illuminate\\Foundation\\Console\\Kernel->bootstrap()
#13 Command line code(1): Illuminate\\Foundation\\Console\\Kernel->handle()
#14 {main}
"} 
[2025-03-28 17:18:41] local.ERROR: Class "\Themes\BC\ThemeProvider" not found {"exception":"[object] (Error(code: 0): Class \"\\Themes\\BC\\ThemeProvider\" not found at /var/www/emaparking_dss/themes/ThemeServiceProvider.php:23)
[stacktrace]
#0 /var/www/emaparking_dss/vendor/laravel/framework/src/Illuminate/Container/BoundMethod.php(36): Themes\\ThemeServiceProvider->boot()
#1 /var/www/emaparking_dss/vendor/laravel/framework/src/Illuminate/Container/Util.php(41): Illuminate\\Container\\BoundMethod::Illuminate\\Container\\{closure}()
#2 /var/www/emaparking_dss/vendor/laravel/framework/src/Illuminate/Container/BoundMethod.php(93): Illuminate\\Container\\Util::unwrapIfClosure()
#3 /var/www/emaparking_dss/vendor/laravel/framework/src/Illuminate/Container/BoundMethod.php(35): Illuminate\\Container\\BoundMethod::callBoundMethod()
#4 /var/www/emaparking_dss/vendor/laravel/framework/src/Illuminate/Container/Container.php(651): Illuminate\\Container\\BoundMethod::call()
#5 /var/www/emaparking_dss/vendor/laravel/framework/src/Illuminate/Foundation/Application.php(933): Illuminate\\Container\\Container->call()
#6 /var/www/emaparking_dss/vendor/laravel/framework/src/Illuminate/Foundation/Application.php(914): Illuminate\\Foundation\\Application->bootProvider()
#7 [internal function]: Illuminate\\Foundation\\Application->Illuminate\\Foundation\\{closure}()
#8 /var/www/emaparking_dss/vendor/laravel/framework/src/Illuminate/Foundation/Application.php(913): array_walk()
#9 /var/www/emaparking_dss/vendor/laravel/framework/src/Illuminate/Foundation/Bootstrap/BootProviders.php(17): Illuminate\\Foundation\\Application->boot()
#10 /var/www/emaparking_dss/vendor/laravel/framework/src/Illuminate/Foundation/Application.php(242): Illuminate\\Foundation\\Bootstrap\\BootProviders->bootstrap()
#11 /var/www/emaparking_dss/vendor/laravel/framework/src/Illuminate/Foundation/Console/Kernel.php(383): Illuminate\\Foundation\\Application->bootstrapWith()
#12 /var/www/emaparking_dss/vendor/laravel/framework/src/Illuminate/Foundation/Console/Kernel.php(153): Illuminate\\Foundation\\Console\\Kernel->bootstrap()
#13 Command line code(1): Illuminate\\Foundation\\Console\\Kernel->handle()
#14 {main}
"} 
[2025-03-28 17:19:41] local.ERROR: Class "\Themes\BC\ThemeProvider" not found {"exception":"[object] (Error(code: 0): Class \"\\Themes\\BC\\ThemeProvider\" not found at /var/www/emaparking_dss/themes/ThemeServiceProvider.php:23)
[stacktrace]
#0 /var/www/emaparking_dss/vendor/laravel/framework/src/Illuminate/Container/BoundMethod.php(36): Themes\\ThemeServiceProvider->boot()
#1 /var/www/emaparking_dss/vendor/laravel/framework/src/Illuminate/Container/Util.php(41): Illuminate\\Container\\BoundMethod::Illuminate\\Container\\{closure}()
#2 /var/www/emaparking_dss/vendor/laravel/framework/src/Illuminate/Container/BoundMethod.php(93): Illuminate\\Container\\Util::unwrapIfClosure()
#3 /var/www/emaparking_dss/vendor/laravel/framework/src/Illuminate/Container/BoundMethod.php(35): Illuminate\\Container\\BoundMethod::callBoundMethod()
#4 /var/www/emaparking_dss/vendor/laravel/framework/src/Illuminate/Container/Container.php(651): Illuminate\\Container\\BoundMethod::call()
#5 /var/www/emaparking_dss/vendor/laravel/framework/src/Illuminate/Foundation/Application.php(933): Illuminate\\Container\\Container->call()
#6 /var/www/emaparking_dss/vendor/laravel/framework/src/Illuminate/Foundation/Application.php(914): Illuminate\\Foundation\\Application->bootProvider()
#7 [internal function]: Illuminate\\Foundation\\Application->Illuminate\\Foundation\\{closure}()
#8 /var/www/emaparking_dss/vendor/laravel/framework/src/Illuminate/Foundation/Application.php(913): array_walk()
#9 /var/www/emaparking_dss/vendor/laravel/framework/src/Illuminate/Foundation/Bootstrap/BootProviders.php(17): Illuminate\\Foundation\\Application->boot()
#10 /var/www/emaparking_dss/vendor/laravel/framework/src/Illuminate/Foundation/Application.php(242): Illuminate\\Foundation\\Bootstrap\\BootProviders->bootstrap()
#11 /var/www/emaparking_dss/vendor/laravel/framework/src/Illuminate/Foundation/Console/Kernel.php(383): Illuminate\\Foundation\\Application->bootstrapWith()
#12 /var/www/emaparking_dss/vendor/laravel/framework/src/Illuminate/Foundation/Console/Kernel.php(153): Illuminate\\Foundation\\Console\\Kernel->bootstrap()
#13 Command line code(1): Illuminate\\Foundation\\Console\\Kernel->handle()
#14 {main}
"} 
[2025-03-28 17:19:41] local.ERROR: Class "\Themes\BC\ThemeProvider" not found {"exception":"[object] (Error(code: 0): Class \"\\Themes\\BC\\ThemeProvider\" not found at /var/www/emaparking_dss/themes/ThemeServiceProvider.php:23)
[stacktrace]
#0 /var/www/emaparking_dss/vendor/laravel/framework/src/Illuminate/Container/BoundMethod.php(36): Themes\\ThemeServiceProvider->boot()
#1 /var/www/emaparking_dss/vendor/laravel/framework/src/Illuminate/Container/Util.php(41): Illuminate\\Container\\BoundMethod::Illuminate\\Container\\{closure}()
#2 /var/www/emaparking_dss/vendor/laravel/framework/src/Illuminate/Container/BoundMethod.php(93): Illuminate\\Container\\Util::unwrapIfClosure()
#3 /var/www/emaparking_dss/vendor/laravel/framework/src/Illuminate/Container/BoundMethod.php(35): Illuminate\\Container\\BoundMethod::callBoundMethod()
#4 /var/www/emaparking_dss/vendor/laravel/framework/src/Illuminate/Container/Container.php(651): Illuminate\\Container\\BoundMethod::call()
#5 /var/www/emaparking_dss/vendor/laravel/framework/src/Illuminate/Foundation/Application.php(933): Illuminate\\Container\\Container->call()
#6 /var/www/emaparking_dss/vendor/laravel/framework/src/Illuminate/Foundation/Application.php(914): Illuminate\\Foundation\\Application->bootProvider()
#7 [internal function]: Illuminate\\Foundation\\Application->Illuminate\\Foundation\\{closure}()
#8 /var/www/emaparking_dss/vendor/laravel/framework/src/Illuminate/Foundation/Application.php(913): array_walk()
#9 /var/www/emaparking_dss/vendor/laravel/framework/src/Illuminate/Foundation/Bootstrap/BootProviders.php(17): Illuminate\\Foundation\\Application->boot()
#10 /var/www/emaparking_dss/vendor/laravel/framework/src/Illuminate/Foundation/Application.php(242): Illuminate\\Foundation\\Bootstrap\\BootProviders->bootstrap()
#11 /var/www/emaparking_dss/vendor/laravel/framework/src/Illuminate/Foundation/Console/Kernel.php(383): Illuminate\\Foundation\\Application->bootstrapWith()
#12 /var/www/emaparking_dss/vendor/laravel/framework/src/Illuminate/Foundation/Console/Kernel.php(153): Illuminate\\Foundation\\Console\\Kernel->bootstrap()
#13 Command line code(1): Illuminate\\Foundation\\Console\\Kernel->handle()
#14 {main}
"} 
[2025-03-28 17:20:41] local.ERROR: Class "\Themes\BC\ThemeProvider" not found {"exception":"[object] (Error(code: 0): Class \"\\Themes\\BC\\ThemeProvider\" not found at /var/www/emaparking_dss/themes/ThemeServiceProvider.php:23)
[stacktrace]
#0 /var/www/emaparking_dss/vendor/laravel/framework/src/Illuminate/Container/BoundMethod.php(36): Themes\\ThemeServiceProvider->boot()
#1 /var/www/emaparking_dss/vendor/laravel/framework/src/Illuminate/Container/Util.php(41): Illuminate\\Container\\BoundMethod::Illuminate\\Container\\{closure}()
#2 /var/www/emaparking_dss/vendor/laravel/framework/src/Illuminate/Container/BoundMethod.php(93): Illuminate\\Container\\Util::unwrapIfClosure()
#3 /var/www/emaparking_dss/vendor/laravel/framework/src/Illuminate/Container/BoundMethod.php(35): Illuminate\\Container\\BoundMethod::callBoundMethod()
#4 /var/www/emaparking_dss/vendor/laravel/framework/src/Illuminate/Container/Container.php(651): Illuminate\\Container\\BoundMethod::call()
#5 /var/www/emaparking_dss/vendor/laravel/framework/src/Illuminate/Foundation/Application.php(933): Illuminate\\Container\\Container->call()
#6 /var/www/emaparking_dss/vendor/laravel/framework/src/Illuminate/Foundation/Application.php(914): Illuminate\\Foundation\\Application->bootProvider()
#7 [internal function]: Illuminate\\Foundation\\Application->Illuminate\\Foundation\\{closure}()
#8 /var/www/emaparking_dss/vendor/laravel/framework/src/Illuminate/Foundation/Application.php(913): array_walk()
#9 /var/www/emaparking_dss/vendor/laravel/framework/src/Illuminate/Foundation/Bootstrap/BootProviders.php(17): Illuminate\\Foundation\\Application->boot()
#10 /var/www/emaparking_dss/vendor/laravel/framework/src/Illuminate/Foundation/Application.php(242): Illuminate\\Foundation\\Bootstrap\\BootProviders->bootstrap()
#11 /var/www/emaparking_dss/vendor/laravel/framework/src/Illuminate/Foundation/Console/Kernel.php(383): Illuminate\\Foundation\\Application->bootstrapWith()
#12 /var/www/emaparking_dss/vendor/laravel/framework/src/Illuminate/Foundation/Console/Kernel.php(153): Illuminate\\Foundation\\Console\\Kernel->bootstrap()
#13 Command line code(1): Illuminate\\Foundation\\Console\\Kernel->handle()
#14 {main}
"} 
[2025-03-28 17:20:41] local.ERROR: Class "\Themes\BC\ThemeProvider" not found {"exception":"[object] (Error(code: 0): Class \"\\Themes\\BC\\ThemeProvider\" not found at /var/www/emaparking_dss/themes/ThemeServiceProvider.php:23)
[stacktrace]
#0 /var/www/emaparking_dss/vendor/laravel/framework/src/Illuminate/Container/BoundMethod.php(36): Themes\\ThemeServiceProvider->boot()
#1 /var/www/emaparking_dss/vendor/laravel/framework/src/Illuminate/Container/Util.php(41): Illuminate\\Container\\BoundMethod::Illuminate\\Container\\{closure}()
#2 /var/www/emaparking_dss/vendor/laravel/framework/src/Illuminate/Container/BoundMethod.php(93): Illuminate\\Container\\Util::unwrapIfClosure()
#3 /var/www/emaparking_dss/vendor/laravel/framework/src/Illuminate/Container/BoundMethod.php(35): Illuminate\\Container\\BoundMethod::callBoundMethod()
#4 /var/www/emaparking_dss/vendor/laravel/framework/src/Illuminate/Container/Container.php(651): Illuminate\\Container\\BoundMethod::call()
#5 /var/www/emaparking_dss/vendor/laravel/framework/src/Illuminate/Foundation/Application.php(933): Illuminate\\Container\\Container->call()
#6 /var/www/emaparking_dss/vendor/laravel/framework/src/Illuminate/Foundation/Application.php(914): Illuminate\\Foundation\\Application->bootProvider()
#7 [internal function]: Illuminate\\Foundation\\Application->Illuminate\\Foundation\\{closure}()
#8 /var/www/emaparking_dss/vendor/laravel/framework/src/Illuminate/Foundation/Application.php(913): array_walk()
#9 /var/www/emaparking_dss/vendor/laravel/framework/src/Illuminate/Foundation/Bootstrap/BootProviders.php(17): Illuminate\\Foundation\\Application->boot()
#10 /var/www/emaparking_dss/vendor/laravel/framework/src/Illuminate/Foundation/Application.php(242): Illuminate\\Foundation\\Bootstrap\\BootProviders->bootstrap()
#11 /var/www/emaparking_dss/vendor/laravel/framework/src/Illuminate/Foundation/Console/Kernel.php(383): Illuminate\\Foundation\\Application->bootstrapWith()
#12 /var/www/emaparking_dss/vendor/laravel/framework/src/Illuminate/Foundation/Console/Kernel.php(153): Illuminate\\Foundation\\Console\\Kernel->bootstrap()
#13 Command line code(1): Illuminate\\Foundation\\Console\\Kernel->handle()
#14 {main}
"} 
[2025-03-28 17:21:41] local.ERROR: Class "\Themes\BC\ThemeProvider" not found {"exception":"[object] (Error(code: 0): Class \"\\Themes\\BC\\ThemeProvider\" not found at /var/www/emaparking_dss/themes/ThemeServiceProvider.php:23)
[stacktrace]
#0 /var/www/emaparking_dss/vendor/laravel/framework/src/Illuminate/Container/BoundMethod.php(36): Themes\\ThemeServiceProvider->boot()
#1 /var/www/emaparking_dss/vendor/laravel/framework/src/Illuminate/Container/Util.php(41): Illuminate\\Container\\BoundMethod::Illuminate\\Container\\{closure}()
#2 /var/www/emaparking_dss/vendor/laravel/framework/src/Illuminate/Container/BoundMethod.php(93): Illuminate\\Container\\Util::unwrapIfClosure()
#3 /var/www/emaparking_dss/vendor/laravel/framework/src/Illuminate/Container/BoundMethod.php(35): Illuminate\\Container\\BoundMethod::callBoundMethod()
#4 /var/www/emaparking_dss/vendor/laravel/framework/src/Illuminate/Container/Container.php(651): Illuminate\\Container\\BoundMethod::call()
#5 /var/www/emaparking_dss/vendor/laravel/framework/src/Illuminate/Foundation/Application.php(933): Illuminate\\Container\\Container->call()
#6 /var/www/emaparking_dss/vendor/laravel/framework/src/Illuminate/Foundation/Application.php(914): Illuminate\\Foundation\\Application->bootProvider()
#7 [internal function]: Illuminate\\Foundation\\Application->Illuminate\\Foundation\\{closure}()
#8 /var/www/emaparking_dss/vendor/laravel/framework/src/Illuminate/Foundation/Application.php(913): array_walk()
#9 /var/www/emaparking_dss/vendor/laravel/framework/src/Illuminate/Foundation/Bootstrap/BootProviders.php(17): Illuminate\\Foundation\\Application->boot()
#10 /var/www/emaparking_dss/vendor/laravel/framework/src/Illuminate/Foundation/Application.php(242): Illuminate\\Foundation\\Bootstrap\\BootProviders->bootstrap()
#11 /var/www/emaparking_dss/vendor/laravel/framework/src/Illuminate/Foundation/Console/Kernel.php(383): Illuminate\\Foundation\\Application->bootstrapWith()
#12 /var/www/emaparking_dss/vendor/laravel/framework/src/Illuminate/Foundation/Console/Kernel.php(153): Illuminate\\Foundation\\Console\\Kernel->bootstrap()
#13 Command line code(1): Illuminate\\Foundation\\Console\\Kernel->handle()
#14 {main}
"} 
[2025-03-28 17:21:41] local.ERROR: Class "\Themes\BC\ThemeProvider" not found {"exception":"[object] (Error(code: 0): Class \"\\Themes\\BC\\ThemeProvider\" not found at /var/www/emaparking_dss/themes/ThemeServiceProvider.php:23)
[stacktrace]
#0 /var/www/emaparking_dss/vendor/laravel/framework/src/Illuminate/Container/BoundMethod.php(36): Themes\\ThemeServiceProvider->boot()
#1 /var/www/emaparking_dss/vendor/laravel/framework/src/Illuminate/Container/Util.php(41): Illuminate\\Container\\BoundMethod::Illuminate\\Container\\{closure}()
#2 /var/www/emaparking_dss/vendor/laravel/framework/src/Illuminate/Container/BoundMethod.php(93): Illuminate\\Container\\Util::unwrapIfClosure()
#3 /var/www/emaparking_dss/vendor/laravel/framework/src/Illuminate/Container/BoundMethod.php(35): Illuminate\\Container\\BoundMethod::callBoundMethod()
#4 /var/www/emaparking_dss/vendor/laravel/framework/src/Illuminate/Container/Container.php(651): Illuminate\\Container\\BoundMethod::call()
#5 /var/www/emaparking_dss/vendor/laravel/framework/src/Illuminate/Foundation/Application.php(933): Illuminate\\Container\\Container->call()
#6 /var/www/emaparking_dss/vendor/laravel/framework/src/Illuminate/Foundation/Application.php(914): Illuminate\\Foundation\\Application->bootProvider()
#7 [internal function]: Illuminate\\Foundation\\Application->Illuminate\\Foundation\\{closure}()
#8 /var/www/emaparking_dss/vendor/laravel/framework/src/Illuminate/Foundation/Application.php(913): array_walk()
#9 /var/www/emaparking_dss/vendor/laravel/framework/src/Illuminate/Foundation/Bootstrap/BootProviders.php(17): Illuminate\\Foundation\\Application->boot()
#10 /var/www/emaparking_dss/vendor/laravel/framework/src/Illuminate/Foundation/Application.php(242): Illuminate\\Foundation\\Bootstrap\\BootProviders->bootstrap()
#11 /var/www/emaparking_dss/vendor/laravel/framework/src/Illuminate/Foundation/Console/Kernel.php(383): Illuminate\\Foundation\\Application->bootstrapWith()
#12 /var/www/emaparking_dss/vendor/laravel/framework/src/Illuminate/Foundation/Console/Kernel.php(153): Illuminate\\Foundation\\Console\\Kernel->bootstrap()
#13 Command line code(1): Illuminate\\Foundation\\Console\\Kernel->handle()
#14 {main}
"} 
[2025-03-28 17:22:41] local.ERROR: Class "\Themes\BC\ThemeProvider" not found {"exception":"[object] (Error(code: 0): Class \"\\Themes\\BC\\ThemeProvider\" not found at /var/www/emaparking_dss/themes/ThemeServiceProvider.php:23)
[stacktrace]
#0 /var/www/emaparking_dss/vendor/laravel/framework/src/Illuminate/Container/BoundMethod.php(36): Themes\\ThemeServiceProvider->boot()
#1 /var/www/emaparking_dss/vendor/laravel/framework/src/Illuminate/Container/Util.php(41): Illuminate\\Container\\BoundMethod::Illuminate\\Container\\{closure}()
#2 /var/www/emaparking_dss/vendor/laravel/framework/src/Illuminate/Container/BoundMethod.php(93): Illuminate\\Container\\Util::unwrapIfClosure()
#3 /var/www/emaparking_dss/vendor/laravel/framework/src/Illuminate/Container/BoundMethod.php(35): Illuminate\\Container\\BoundMethod::callBoundMethod()
#4 /var/www/emaparking_dss/vendor/laravel/framework/src/Illuminate/Container/Container.php(651): Illuminate\\Container\\BoundMethod::call()
#5 /var/www/emaparking_dss/vendor/laravel/framework/src/Illuminate/Foundation/Application.php(933): Illuminate\\Container\\Container->call()
#6 /var/www/emaparking_dss/vendor/laravel/framework/src/Illuminate/Foundation/Application.php(914): Illuminate\\Foundation\\Application->bootProvider()
#7 [internal function]: Illuminate\\Foundation\\Application->Illuminate\\Foundation\\{closure}()
#8 /var/www/emaparking_dss/vendor/laravel/framework/src/Illuminate/Foundation/Application.php(913): array_walk()
#9 /var/www/emaparking_dss/vendor/laravel/framework/src/Illuminate/Foundation/Bootstrap/BootProviders.php(17): Illuminate\\Foundation\\Application->boot()
#10 /var/www/emaparking_dss/vendor/laravel/framework/src/Illuminate/Foundation/Application.php(242): Illuminate\\Foundation\\Bootstrap\\BootProviders->bootstrap()
#11 /var/www/emaparking_dss/vendor/laravel/framework/src/Illuminate/Foundation/Console/Kernel.php(383): Illuminate\\Foundation\\Application->bootstrapWith()
#12 /var/www/emaparking_dss/vendor/laravel/framework/src/Illuminate/Foundation/Console/Kernel.php(153): Illuminate\\Foundation\\Console\\Kernel->bootstrap()
#13 Command line code(1): Illuminate\\Foundation\\Console\\Kernel->handle()
#14 {main}
"} 
[2025-03-28 17:22:41] local.ERROR: Class "\Themes\BC\ThemeProvider" not found {"exception":"[object] (Error(code: 0): Class \"\\Themes\\BC\\ThemeProvider\" not found at /var/www/emaparking_dss/themes/ThemeServiceProvider.php:23)
[stacktrace]
#0 /var/www/emaparking_dss/vendor/laravel/framework/src/Illuminate/Container/BoundMethod.php(36): Themes\\ThemeServiceProvider->boot()
#1 /var/www/emaparking_dss/vendor/laravel/framework/src/Illuminate/Container/Util.php(41): Illuminate\\Container\\BoundMethod::Illuminate\\Container\\{closure}()
#2 /var/www/emaparking_dss/vendor/laravel/framework/src/Illuminate/Container/BoundMethod.php(93): Illuminate\\Container\\Util::unwrapIfClosure()
#3 /var/www/emaparking_dss/vendor/laravel/framework/src/Illuminate/Container/BoundMethod.php(35): Illuminate\\Container\\BoundMethod::callBoundMethod()
#4 /var/www/emaparking_dss/vendor/laravel/framework/src/Illuminate/Container/Container.php(651): Illuminate\\Container\\BoundMethod::call()
#5 /var/www/emaparking_dss/vendor/laravel/framework/src/Illuminate/Foundation/Application.php(933): Illuminate\\Container\\Container->call()
#6 /var/www/emaparking_dss/vendor/laravel/framework/src/Illuminate/Foundation/Application.php(914): Illuminate\\Foundation\\Application->bootProvider()
#7 [internal function]: Illuminate\\Foundation\\Application->Illuminate\\Foundation\\{closure}()
#8 /var/www/emaparking_dss/vendor/laravel/framework/src/Illuminate/Foundation/Application.php(913): array_walk()
#9 /var/www/emaparking_dss/vendor/laravel/framework/src/Illuminate/Foundation/Bootstrap/BootProviders.php(17): Illuminate\\Foundation\\Application->boot()
#10 /var/www/emaparking_dss/vendor/laravel/framework/src/Illuminate/Foundation/Application.php(242): Illuminate\\Foundation\\Bootstrap\\BootProviders->bootstrap()
#11 /var/www/emaparking_dss/vendor/laravel/framework/src/Illuminate/Foundation/Console/Kernel.php(383): Illuminate\\Foundation\\Application->bootstrapWith()
#12 /var/www/emaparking_dss/vendor/laravel/framework/src/Illuminate/Foundation/Console/Kernel.php(153): Illuminate\\Foundation\\Console\\Kernel->bootstrap()
#13 Command line code(1): Illuminate\\Foundation\\Console\\Kernel->handle()
#14 {main}
"} 
[2025-03-28 17:23:41] local.ERROR: Class "\Themes\BC\ThemeProvider" not found {"exception":"[object] (Error(code: 0): Class \"\\Themes\\BC\\ThemeProvider\" not found at /var/www/emaparking_dss/themes/ThemeServiceProvider.php:23)
[stacktrace]
#0 /var/www/emaparking_dss/vendor/laravel/framework/src/Illuminate/Container/BoundMethod.php(36): Themes\\ThemeServiceProvider->boot()
#1 /var/www/emaparking_dss/vendor/laravel/framework/src/Illuminate/Container/Util.php(41): Illuminate\\Container\\BoundMethod::Illuminate\\Container\\{closure}()
#2 /var/www/emaparking_dss/vendor/laravel/framework/src/Illuminate/Container/BoundMethod.php(93): Illuminate\\Container\\Util::unwrapIfClosure()
#3 /var/www/emaparking_dss/vendor/laravel/framework/src/Illuminate/Container/BoundMethod.php(35): Illuminate\\Container\\BoundMethod::callBoundMethod()
#4 /var/www/emaparking_dss/vendor/laravel/framework/src/Illuminate/Container/Container.php(651): Illuminate\\Container\\BoundMethod::call()
#5 /var/www/emaparking_dss/vendor/laravel/framework/src/Illuminate/Foundation/Application.php(933): Illuminate\\Container\\Container->call()
#6 /var/www/emaparking_dss/vendor/laravel/framework/src/Illuminate/Foundation/Application.php(914): Illuminate\\Foundation\\Application->bootProvider()
#7 [internal function]: Illuminate\\Foundation\\Application->Illuminate\\Foundation\\{closure}()
#8 /var/www/emaparking_dss/vendor/laravel/framework/src/Illuminate/Foundation/Application.php(913): array_walk()
#9 /var/www/emaparking_dss/vendor/laravel/framework/src/Illuminate/Foundation/Bootstrap/BootProviders.php(17): Illuminate\\Foundation\\Application->boot()
#10 /var/www/emaparking_dss/vendor/laravel/framework/src/Illuminate/Foundation/Application.php(242): Illuminate\\Foundation\\Bootstrap\\BootProviders->bootstrap()
#11 /var/www/emaparking_dss/vendor/laravel/framework/src/Illuminate/Foundation/Console/Kernel.php(383): Illuminate\\Foundation\\Application->bootstrapWith()
#12 /var/www/emaparking_dss/vendor/laravel/framework/src/Illuminate/Foundation/Console/Kernel.php(153): Illuminate\\Foundation\\Console\\Kernel->bootstrap()
#13 Command line code(1): Illuminate\\Foundation\\Console\\Kernel->handle()
#14 {main}
"} 
[2025-03-28 17:23:41] local.ERROR: Class "\Themes\BC\ThemeProvider" not found {"exception":"[object] (Error(code: 0): Class \"\\Themes\\BC\\ThemeProvider\" not found at /var/www/emaparking_dss/themes/ThemeServiceProvider.php:23)
[stacktrace]
#0 /var/www/emaparking_dss/vendor/laravel/framework/src/Illuminate/Container/BoundMethod.php(36): Themes\\ThemeServiceProvider->boot()
#1 /var/www/emaparking_dss/vendor/laravel/framework/src/Illuminate/Container/Util.php(41): Illuminate\\Container\\BoundMethod::Illuminate\\Container\\{closure}()
#2 /var/www/emaparking_dss/vendor/laravel/framework/src/Illuminate/Container/BoundMethod.php(93): Illuminate\\Container\\Util::unwrapIfClosure()
#3 /var/www/emaparking_dss/vendor/laravel/framework/src/Illuminate/Container/BoundMethod.php(35): Illuminate\\Container\\BoundMethod::callBoundMethod()
#4 /var/www/emaparking_dss/vendor/laravel/framework/src/Illuminate/Container/Container.php(651): Illuminate\\Container\\BoundMethod::call()
#5 /var/www/emaparking_dss/vendor/laravel/framework/src/Illuminate/Foundation/Application.php(933): Illuminate\\Container\\Container->call()
#6 /var/www/emaparking_dss/vendor/laravel/framework/src/Illuminate/Foundation/Application.php(914): Illuminate\\Foundation\\Application->bootProvider()
#7 [internal function]: Illuminate\\Foundation\\Application->Illuminate\\Foundation\\{closure}()
#8 /var/www/emaparking_dss/vendor/laravel/framework/src/Illuminate/Foundation/Application.php(913): array_walk()
#9 /var/www/emaparking_dss/vendor/laravel/framework/src/Illuminate/Foundation/Bootstrap/BootProviders.php(17): Illuminate\\Foundation\\Application->boot()
#10 /var/www/emaparking_dss/vendor/laravel/framework/src/Illuminate/Foundation/Application.php(242): Illuminate\\Foundation\\Bootstrap\\BootProviders->bootstrap()
#11 /var/www/emaparking_dss/vendor/laravel/framework/src/Illuminate/Foundation/Console/Kernel.php(383): Illuminate\\Foundation\\Application->bootstrapWith()
#12 /var/www/emaparking_dss/vendor/laravel/framework/src/Illuminate/Foundation/Console/Kernel.php(153): Illuminate\\Foundation\\Console\\Kernel->bootstrap()
#13 Command line code(1): Illuminate\\Foundation\\Console\\Kernel->handle()
#14 {main}
"} 
[2025-03-28 17:23:41] local.ERROR: Class "\Themes\BC\ThemeProvider" not found {"exception":"[object] (Error(code: 0): Class \"\\Themes\\BC\\ThemeProvider\" not found at /var/www/emaparking_dss/themes/ThemeServiceProvider.php:23)
[stacktrace]
#0 /var/www/emaparking_dss/vendor/laravel/framework/src/Illuminate/Container/BoundMethod.php(36): Themes\\ThemeServiceProvider->boot()
#1 /var/www/emaparking_dss/vendor/laravel/framework/src/Illuminate/Container/Util.php(41): Illuminate\\Container\\BoundMethod::Illuminate\\Container\\{closure}()
#2 /var/www/emaparking_dss/vendor/laravel/framework/src/Illuminate/Container/BoundMethod.php(93): Illuminate\\Container\\Util::unwrapIfClosure()
#3 /var/www/emaparking_dss/vendor/laravel/framework/src/Illuminate/Container/BoundMethod.php(35): Illuminate\\Container\\BoundMethod::callBoundMethod()
#4 /var/www/emaparking_dss/vendor/laravel/framework/src/Illuminate/Container/Container.php(651): Illuminate\\Container\\BoundMethod::call()
#5 /var/www/emaparking_dss/vendor/laravel/framework/src/Illuminate/Foundation/Application.php(933): Illuminate\\Container\\Container->call()
#6 /var/www/emaparking_dss/vendor/laravel/framework/src/Illuminate/Foundation/Application.php(914): Illuminate\\Foundation\\Application->bootProvider()
#7 [internal function]: Illuminate\\Foundation\\Application->Illuminate\\Foundation\\{closure}()
#8 /var/www/emaparking_dss/vendor/laravel/framework/src/Illuminate/Foundation/Application.php(913): array_walk()
#9 /var/www/emaparking_dss/vendor/laravel/framework/src/Illuminate/Foundation/Bootstrap/BootProviders.php(17): Illuminate\\Foundation\\Application->boot()
#10 /var/www/emaparking_dss/vendor/laravel/framework/src/Illuminate/Foundation/Application.php(242): Illuminate\\Foundation\\Bootstrap\\BootProviders->bootstrap()
#11 /var/www/emaparking_dss/vendor/laravel/framework/src/Illuminate/Foundation/Console/Kernel.php(383): Illuminate\\Foundation\\Application->bootstrapWith()
#12 /var/www/emaparking_dss/vendor/laravel/framework/src/Illuminate/Foundation/Console/Kernel.php(153): Illuminate\\Foundation\\Console\\Kernel->bootstrap()
#13 Command line code(1): Illuminate\\Foundation\\Console\\Kernel->handle()
#14 {main}
"} 
[2025-03-28 17:24:41] local.ERROR: Class "\Themes\BC\ThemeProvider" not found {"exception":"[object] (Error(code: 0): Class \"\\Themes\\BC\\ThemeProvider\" not found at /var/www/emaparking_dss/themes/ThemeServiceProvider.php:23)
[stacktrace]
#0 /var/www/emaparking_dss/vendor/laravel/framework/src/Illuminate/Container/BoundMethod.php(36): Themes\\ThemeServiceProvider->boot()
#1 /var/www/emaparking_dss/vendor/laravel/framework/src/Illuminate/Container/Util.php(41): Illuminate\\Container\\BoundMethod::Illuminate\\Container\\{closure}()
#2 /var/www/emaparking_dss/vendor/laravel/framework/src/Illuminate/Container/BoundMethod.php(93): Illuminate\\Container\\Util::unwrapIfClosure()
#3 /var/www/emaparking_dss/vendor/laravel/framework/src/Illuminate/Container/BoundMethod.php(35): Illuminate\\Container\\BoundMethod::callBoundMethod()
#4 /var/www/emaparking_dss/vendor/laravel/framework/src/Illuminate/Container/Container.php(651): Illuminate\\Container\\BoundMethod::call()
#5 /var/www/emaparking_dss/vendor/laravel/framework/src/Illuminate/Foundation/Application.php(933): Illuminate\\Container\\Container->call()
#6 /var/www/emaparking_dss/vendor/laravel/framework/src/Illuminate/Foundation/Application.php(914): Illuminate\\Foundation\\Application->bootProvider()
#7 [internal function]: Illuminate\\Foundation\\Application->Illuminate\\Foundation\\{closure}()
#8 /var/www/emaparking_dss/vendor/laravel/framework/src/Illuminate/Foundation/Application.php(913): array_walk()
#9 /var/www/emaparking_dss/vendor/laravel/framework/src/Illuminate/Foundation/Bootstrap/BootProviders.php(17): Illuminate\\Foundation\\Application->boot()
#10 /var/www/emaparking_dss/vendor/laravel/framework/src/Illuminate/Foundation/Application.php(242): Illuminate\\Foundation\\Bootstrap\\BootProviders->bootstrap()
#11 /var/www/emaparking_dss/vendor/laravel/framework/src/Illuminate/Foundation/Console/Kernel.php(383): Illuminate\\Foundation\\Application->bootstrapWith()
#12 /var/www/emaparking_dss/vendor/laravel/framework/src/Illuminate/Foundation/Console/Kernel.php(153): Illuminate\\Foundation\\Console\\Kernel->bootstrap()
#13 Command line code(1): Illuminate\\Foundation\\Console\\Kernel->handle()
#14 {main}
"} 
[2025-03-28 17:24:41] local.ERROR: Class "\Themes\BC\ThemeProvider" not found {"exception":"[object] (Error(code: 0): Class \"\\Themes\\BC\\ThemeProvider\" not found at /var/www/emaparking_dss/themes/ThemeServiceProvider.php:23)
[stacktrace]
#0 /var/www/emaparking_dss/vendor/laravel/framework/src/Illuminate/Container/BoundMethod.php(36): Themes\\ThemeServiceProvider->boot()
#1 /var/www/emaparking_dss/vendor/laravel/framework/src/Illuminate/Container/Util.php(41): Illuminate\\Container\\BoundMethod::Illuminate\\Container\\{closure}()
#2 /var/www/emaparking_dss/vendor/laravel/framework/src/Illuminate/Container/BoundMethod.php(93): Illuminate\\Container\\Util::unwrapIfClosure()
#3 /var/www/emaparking_dss/vendor/laravel/framework/src/Illuminate/Container/BoundMethod.php(35): Illuminate\\Container\\BoundMethod::callBoundMethod()
#4 /var/www/emaparking_dss/vendor/laravel/framework/src/Illuminate/Container/Container.php(651): Illuminate\\Container\\BoundMethod::call()
#5 /var/www/emaparking_dss/vendor/laravel/framework/src/Illuminate/Foundation/Application.php(933): Illuminate\\Container\\Container->call()
#6 /var/www/emaparking_dss/vendor/laravel/framework/src/Illuminate/Foundation/Application.php(914): Illuminate\\Foundation\\Application->bootProvider()
#7 [internal function]: Illuminate\\Foundation\\Application->Illuminate\\Foundation\\{closure}()
#8 /var/www/emaparking_dss/vendor/laravel/framework/src/Illuminate/Foundation/Application.php(913): array_walk()
#9 /var/www/emaparking_dss/vendor/laravel/framework/src/Illuminate/Foundation/Bootstrap/BootProviders.php(17): Illuminate\\Foundation\\Application->boot()
#10 /var/www/emaparking_dss/vendor/laravel/framework/src/Illuminate/Foundation/Application.php(242): Illuminate\\Foundation\\Bootstrap\\BootProviders->bootstrap()
#11 /var/www/emaparking_dss/vendor/laravel/framework/src/Illuminate/Foundation/Console/Kernel.php(383): Illuminate\\Foundation\\Application->bootstrapWith()
#12 /var/www/emaparking_dss/vendor/laravel/framework/src/Illuminate/Foundation/Console/Kernel.php(153): Illuminate\\Foundation\\Console\\Kernel->bootstrap()
#13 Command line code(1): Illuminate\\Foundation\\Console\\Kernel->handle()
#14 {main}
"} 
[2025-03-28 17:25:41] local.ERROR: Class "\Themes\BC\ThemeProvider" not found {"exception":"[object] (Error(code: 0): Class \"\\Themes\\BC\\ThemeProvider\" not found at /var/www/emaparking_dss/themes/ThemeServiceProvider.php:23)
[stacktrace]
#0 /var/www/emaparking_dss/vendor/laravel/framework/src/Illuminate/Container/BoundMethod.php(36): Themes\\ThemeServiceProvider->boot()
#1 /var/www/emaparking_dss/vendor/laravel/framework/src/Illuminate/Container/Util.php(41): Illuminate\\Container\\BoundMethod::Illuminate\\Container\\{closure}()
#2 /var/www/emaparking_dss/vendor/laravel/framework/src/Illuminate/Container/BoundMethod.php(93): Illuminate\\Container\\Util::unwrapIfClosure()
#3 /var/www/emaparking_dss/vendor/laravel/framework/src/Illuminate/Container/BoundMethod.php(35): Illuminate\\Container\\BoundMethod::callBoundMethod()
#4 /var/www/emaparking_dss/vendor/laravel/framework/src/Illuminate/Container/Container.php(651): Illuminate\\Container\\BoundMethod::call()
#5 /var/www/emaparking_dss/vendor/laravel/framework/src/Illuminate/Foundation/Application.php(933): Illuminate\\Container\\Container->call()
#6 /var/www/emaparking_dss/vendor/laravel/framework/src/Illuminate/Foundation/Application.php(914): Illuminate\\Foundation\\Application->bootProvider()
#7 [internal function]: Illuminate\\Foundation\\Application->Illuminate\\Foundation\\{closure}()
#8 /var/www/emaparking_dss/vendor/laravel/framework/src/Illuminate/Foundation/Application.php(913): array_walk()
#9 /var/www/emaparking_dss/vendor/laravel/framework/src/Illuminate/Foundation/Bootstrap/BootProviders.php(17): Illuminate\\Foundation\\Application->boot()
#10 /var/www/emaparking_dss/vendor/laravel/framework/src/Illuminate/Foundation/Application.php(242): Illuminate\\Foundation\\Bootstrap\\BootProviders->bootstrap()
#11 /var/www/emaparking_dss/vendor/laravel/framework/src/Illuminate/Foundation/Console/Kernel.php(383): Illuminate\\Foundation\\Application->bootstrapWith()
#12 /var/www/emaparking_dss/vendor/laravel/framework/src/Illuminate/Foundation/Console/Kernel.php(153): Illuminate\\Foundation\\Console\\Kernel->bootstrap()
#13 Command line code(1): Illuminate\\Foundation\\Console\\Kernel->handle()
#14 {main}
"} 
[2025-03-28 17:25:41] local.ERROR: Class "\Themes\BC\ThemeProvider" not found {"exception":"[object] (Error(code: 0): Class \"\\Themes\\BC\\ThemeProvider\" not found at /var/www/emaparking_dss/themes/ThemeServiceProvider.php:23)
[stacktrace]
#0 /var/www/emaparking_dss/vendor/laravel/framework/src/Illuminate/Container/BoundMethod.php(36): Themes\\ThemeServiceProvider->boot()
#1 /var/www/emaparking_dss/vendor/laravel/framework/src/Illuminate/Container/Util.php(41): Illuminate\\Container\\BoundMethod::Illuminate\\Container\\{closure}()
#2 /var/www/emaparking_dss/vendor/laravel/framework/src/Illuminate/Container/BoundMethod.php(93): Illuminate\\Container\\Util::unwrapIfClosure()
#3 /var/www/emaparking_dss/vendor/laravel/framework/src/Illuminate/Container/BoundMethod.php(35): Illuminate\\Container\\BoundMethod::callBoundMethod()
#4 /var/www/emaparking_dss/vendor/laravel/framework/src/Illuminate/Container/Container.php(651): Illuminate\\Container\\BoundMethod::call()
#5 /var/www/emaparking_dss/vendor/laravel/framework/src/Illuminate/Foundation/Application.php(933): Illuminate\\Container\\Container->call()
#6 /var/www/emaparking_dss/vendor/laravel/framework/src/Illuminate/Foundation/Application.php(914): Illuminate\\Foundation\\Application->bootProvider()
#7 [internal function]: Illuminate\\Foundation\\Application->Illuminate\\Foundation\\{closure}()
#8 /var/www/emaparking_dss/vendor/laravel/framework/src/Illuminate/Foundation/Application.php(913): array_walk()
#9 /var/www/emaparking_dss/vendor/laravel/framework/src/Illuminate/Foundation/Bootstrap/BootProviders.php(17): Illuminate\\Foundation\\Application->boot()
#10 /var/www/emaparking_dss/vendor/laravel/framework/src/Illuminate/Foundation/Application.php(242): Illuminate\\Foundation\\Bootstrap\\BootProviders->bootstrap()
#11 /var/www/emaparking_dss/vendor/laravel/framework/src/Illuminate/Foundation/Console/Kernel.php(383): Illuminate\\Foundation\\Application->bootstrapWith()
#12 /var/www/emaparking_dss/vendor/laravel/framework/src/Illuminate/Foundation/Console/Kernel.php(153): Illuminate\\Foundation\\Console\\Kernel->bootstrap()
#13 Command line code(1): Illuminate\\Foundation\\Console\\Kernel->handle()
#14 {main}
"} 
[2025-03-28 17:26:41] local.ERROR: Class "\Themes\BC\ThemeProvider" not found {"exception":"[object] (Error(code: 0): Class \"\\Themes\\BC\\ThemeProvider\" not found at /var/www/emaparking_dss/themes/ThemeServiceProvider.php:23)
[stacktrace]
#0 /var/www/emaparking_dss/vendor/laravel/framework/src/Illuminate/Container/BoundMethod.php(36): Themes\\ThemeServiceProvider->boot()
#1 /var/www/emaparking_dss/vendor/laravel/framework/src/Illuminate/Container/Util.php(41): Illuminate\\Container\\BoundMethod::Illuminate\\Container\\{closure}()
#2 /var/www/emaparking_dss/vendor/laravel/framework/src/Illuminate/Container/BoundMethod.php(93): Illuminate\\Container\\Util::unwrapIfClosure()
#3 /var/www/emaparking_dss/vendor/laravel/framework/src/Illuminate/Container/BoundMethod.php(35): Illuminate\\Container\\BoundMethod::callBoundMethod()
#4 /var/www/emaparking_dss/vendor/laravel/framework/src/Illuminate/Container/Container.php(651): Illuminate\\Container\\BoundMethod::call()
#5 /var/www/emaparking_dss/vendor/laravel/framework/src/Illuminate/Foundation/Application.php(933): Illuminate\\Container\\Container->call()
#6 /var/www/emaparking_dss/vendor/laravel/framework/src/Illuminate/Foundation/Application.php(914): Illuminate\\Foundation\\Application->bootProvider()
#7 [internal function]: Illuminate\\Foundation\\Application->Illuminate\\Foundation\\{closure}()
#8 /var/www/emaparking_dss/vendor/laravel/framework/src/Illuminate/Foundation/Application.php(913): array_walk()
#9 /var/www/emaparking_dss/vendor/laravel/framework/src/Illuminate/Foundation/Bootstrap/BootProviders.php(17): Illuminate\\Foundation\\Application->boot()
#10 /var/www/emaparking_dss/vendor/laravel/framework/src/Illuminate/Foundation/Application.php(242): Illuminate\\Foundation\\Bootstrap\\BootProviders->bootstrap()
#11 /var/www/emaparking_dss/vendor/laravel/framework/src/Illuminate/Foundation/Console/Kernel.php(383): Illuminate\\Foundation\\Application->bootstrapWith()
#12 /var/www/emaparking_dss/vendor/laravel/framework/src/Illuminate/Foundation/Console/Kernel.php(153): Illuminate\\Foundation\\Console\\Kernel->bootstrap()
#13 Command line code(1): Illuminate\\Foundation\\Console\\Kernel->handle()
#14 {main}
"} 
[2025-03-28 17:26:41] local.ERROR: Class "\Themes\BC\ThemeProvider" not found {"exception":"[object] (Error(code: 0): Class \"\\Themes\\BC\\ThemeProvider\" not found at /var/www/emaparking_dss/themes/ThemeServiceProvider.php:23)
[stacktrace]
#0 /var/www/emaparking_dss/vendor/laravel/framework/src/Illuminate/Container/BoundMethod.php(36): Themes\\ThemeServiceProvider->boot()
#1 /var/www/emaparking_dss/vendor/laravel/framework/src/Illuminate/Container/Util.php(41): Illuminate\\Container\\BoundMethod::Illuminate\\Container\\{closure}()
#2 /var/www/emaparking_dss/vendor/laravel/framework/src/Illuminate/Container/BoundMethod.php(93): Illuminate\\Container\\Util::unwrapIfClosure()
#3 /var/www/emaparking_dss/vendor/laravel/framework/src/Illuminate/Container/BoundMethod.php(35): Illuminate\\Container\\BoundMethod::callBoundMethod()
#4 /var/www/emaparking_dss/vendor/laravel/framework/src/Illuminate/Container/Container.php(651): Illuminate\\Container\\BoundMethod::call()
#5 /var/www/emaparking_dss/vendor/laravel/framework/src/Illuminate/Foundation/Application.php(933): Illuminate\\Container\\Container->call()
#6 /var/www/emaparking_dss/vendor/laravel/framework/src/Illuminate/Foundation/Application.php(914): Illuminate\\Foundation\\Application->bootProvider()
#7 [internal function]: Illuminate\\Foundation\\Application->Illuminate\\Foundation\\{closure}()
#8 /var/www/emaparking_dss/vendor/laravel/framework/src/Illuminate/Foundation/Application.php(913): array_walk()
#9 /var/www/emaparking_dss/vendor/laravel/framework/src/Illuminate/Foundation/Bootstrap/BootProviders.php(17): Illuminate\\Foundation\\Application->boot()
#10 /var/www/emaparking_dss/vendor/laravel/framework/src/Illuminate/Foundation/Application.php(242): Illuminate\\Foundation\\Bootstrap\\BootProviders->bootstrap()
#11 /var/www/emaparking_dss/vendor/laravel/framework/src/Illuminate/Foundation/Console/Kernel.php(383): Illuminate\\Foundation\\Application->bootstrapWith()
#12 /var/www/emaparking_dss/vendor/laravel/framework/src/Illuminate/Foundation/Console/Kernel.php(153): Illuminate\\Foundation\\Console\\Kernel->bootstrap()
#13 Command line code(1): Illuminate\\Foundation\\Console\\Kernel->handle()
#14 {main}
"} 
[2025-03-28 17:27:41] local.ERROR: Class "\Themes\BC\ThemeProvider" not found {"exception":"[object] (Error(code: 0): Class \"\\Themes\\BC\\ThemeProvider\" not found at /var/www/emaparking_dss/themes/ThemeServiceProvider.php:23)
[stacktrace]
#0 /var/www/emaparking_dss/vendor/laravel/framework/src/Illuminate/Container/BoundMethod.php(36): Themes\\ThemeServiceProvider->boot()
#1 /var/www/emaparking_dss/vendor/laravel/framework/src/Illuminate/Container/Util.php(41): Illuminate\\Container\\BoundMethod::Illuminate\\Container\\{closure}()
#2 /var/www/emaparking_dss/vendor/laravel/framework/src/Illuminate/Container/BoundMethod.php(93): Illuminate\\Container\\Util::unwrapIfClosure()
#3 /var/www/emaparking_dss/vendor/laravel/framework/src/Illuminate/Container/BoundMethod.php(35): Illuminate\\Container\\BoundMethod::callBoundMethod()
#4 /var/www/emaparking_dss/vendor/laravel/framework/src/Illuminate/Container/Container.php(651): Illuminate\\Container\\BoundMethod::call()
#5 /var/www/emaparking_dss/vendor/laravel/framework/src/Illuminate/Foundation/Application.php(933): Illuminate\\Container\\Container->call()
#6 /var/www/emaparking_dss/vendor/laravel/framework/src/Illuminate/Foundation/Application.php(914): Illuminate\\Foundation\\Application->bootProvider()
#7 [internal function]: Illuminate\\Foundation\\Application->Illuminate\\Foundation\\{closure}()
#8 /var/www/emaparking_dss/vendor/laravel/framework/src/Illuminate/Foundation/Application.php(913): array_walk()
#9 /var/www/emaparking_dss/vendor/laravel/framework/src/Illuminate/Foundation/Bootstrap/BootProviders.php(17): Illuminate\\Foundation\\Application->boot()
#10 /var/www/emaparking_dss/vendor/laravel/framework/src/Illuminate/Foundation/Application.php(242): Illuminate\\Foundation\\Bootstrap\\BootProviders->bootstrap()
#11 /var/www/emaparking_dss/vendor/laravel/framework/src/Illuminate/Foundation/Console/Kernel.php(383): Illuminate\\Foundation\\Application->bootstrapWith()
#12 /var/www/emaparking_dss/vendor/laravel/framework/src/Illuminate/Foundation/Console/Kernel.php(153): Illuminate\\Foundation\\Console\\Kernel->bootstrap()
#13 Command line code(1): Illuminate\\Foundation\\Console\\Kernel->handle()
#14 {main}
"} 
[2025-03-28 17:27:41] local.ERROR: Class "\Themes\BC\ThemeProvider" not found {"exception":"[object] (Error(code: 0): Class \"\\Themes\\BC\\ThemeProvider\" not found at /var/www/emaparking_dss/themes/ThemeServiceProvider.php:23)
[stacktrace]
#0 /var/www/emaparking_dss/vendor/laravel/framework/src/Illuminate/Container/BoundMethod.php(36): Themes\\ThemeServiceProvider->boot()
#1 /var/www/emaparking_dss/vendor/laravel/framework/src/Illuminate/Container/Util.php(41): Illuminate\\Container\\BoundMethod::Illuminate\\Container\\{closure}()
#2 /var/www/emaparking_dss/vendor/laravel/framework/src/Illuminate/Container/BoundMethod.php(93): Illuminate\\Container\\Util::unwrapIfClosure()
#3 /var/www/emaparking_dss/vendor/laravel/framework/src/Illuminate/Container/BoundMethod.php(35): Illuminate\\Container\\BoundMethod::callBoundMethod()
#4 /var/www/emaparking_dss/vendor/laravel/framework/src/Illuminate/Container/Container.php(651): Illuminate\\Container\\BoundMethod::call()
#5 /var/www/emaparking_dss/vendor/laravel/framework/src/Illuminate/Foundation/Application.php(933): Illuminate\\Container\\Container->call()
#6 /var/www/emaparking_dss/vendor/laravel/framework/src/Illuminate/Foundation/Application.php(914): Illuminate\\Foundation\\Application->bootProvider()
#7 [internal function]: Illuminate\\Foundation\\Application->Illuminate\\Foundation\\{closure}()
#8 /var/www/emaparking_dss/vendor/laravel/framework/src/Illuminate/Foundation/Application.php(913): array_walk()
#9 /var/www/emaparking_dss/vendor/laravel/framework/src/Illuminate/Foundation/Bootstrap/BootProviders.php(17): Illuminate\\Foundation\\Application->boot()
#10 /var/www/emaparking_dss/vendor/laravel/framework/src/Illuminate/Foundation/Application.php(242): Illuminate\\Foundation\\Bootstrap\\BootProviders->bootstrap()
#11 /var/www/emaparking_dss/vendor/laravel/framework/src/Illuminate/Foundation/Console/Kernel.php(383): Illuminate\\Foundation\\Application->bootstrapWith()
#12 /var/www/emaparking_dss/vendor/laravel/framework/src/Illuminate/Foundation/Console/Kernel.php(153): Illuminate\\Foundation\\Console\\Kernel->bootstrap()
#13 Command line code(1): Illuminate\\Foundation\\Console\\Kernel->handle()
#14 {main}
"} 
[2025-03-28 17:28:41] local.ERROR: Class "\Themes\BC\ThemeProvider" not found {"exception":"[object] (Error(code: 0): Class \"\\Themes\\BC\\ThemeProvider\" not found at /var/www/emaparking_dss/themes/ThemeServiceProvider.php:23)
[stacktrace]
#0 /var/www/emaparking_dss/vendor/laravel/framework/src/Illuminate/Container/BoundMethod.php(36): Themes\\ThemeServiceProvider->boot()
#1 /var/www/emaparking_dss/vendor/laravel/framework/src/Illuminate/Container/Util.php(41): Illuminate\\Container\\BoundMethod::Illuminate\\Container\\{closure}()
#2 /var/www/emaparking_dss/vendor/laravel/framework/src/Illuminate/Container/BoundMethod.php(93): Illuminate\\Container\\Util::unwrapIfClosure()
#3 /var/www/emaparking_dss/vendor/laravel/framework/src/Illuminate/Container/BoundMethod.php(35): Illuminate\\Container\\BoundMethod::callBoundMethod()
#4 /var/www/emaparking_dss/vendor/laravel/framework/src/Illuminate/Container/Container.php(651): Illuminate\\Container\\BoundMethod::call()
#5 /var/www/emaparking_dss/vendor/laravel/framework/src/Illuminate/Foundation/Application.php(933): Illuminate\\Container\\Container->call()
#6 /var/www/emaparking_dss/vendor/laravel/framework/src/Illuminate/Foundation/Application.php(914): Illuminate\\Foundation\\Application->bootProvider()
#7 [internal function]: Illuminate\\Foundation\\Application->Illuminate\\Foundation\\{closure}()
#8 /var/www/emaparking_dss/vendor/laravel/framework/src/Illuminate/Foundation/Application.php(913): array_walk()
#9 /var/www/emaparking_dss/vendor/laravel/framework/src/Illuminate/Foundation/Bootstrap/BootProviders.php(17): Illuminate\\Foundation\\Application->boot()
#10 /var/www/emaparking_dss/vendor/laravel/framework/src/Illuminate/Foundation/Application.php(242): Illuminate\\Foundation\\Bootstrap\\BootProviders->bootstrap()
#11 /var/www/emaparking_dss/vendor/laravel/framework/src/Illuminate/Foundation/Console/Kernel.php(383): Illuminate\\Foundation\\Application->bootstrapWith()
#12 /var/www/emaparking_dss/vendor/laravel/framework/src/Illuminate/Foundation/Console/Kernel.php(153): Illuminate\\Foundation\\Console\\Kernel->bootstrap()
#13 Command line code(1): Illuminate\\Foundation\\Console\\Kernel->handle()
#14 {main}
"} 
[2025-03-28 17:28:41] local.ERROR: Class "\Themes\BC\ThemeProvider" not found {"exception":"[object] (Error(code: 0): Class \"\\Themes\\BC\\ThemeProvider\" not found at /var/www/emaparking_dss/themes/ThemeServiceProvider.php:23)
[stacktrace]
#0 /var/www/emaparking_dss/vendor/laravel/framework/src/Illuminate/Container/BoundMethod.php(36): Themes\\ThemeServiceProvider->boot()
#1 /var/www/emaparking_dss/vendor/laravel/framework/src/Illuminate/Container/Util.php(41): Illuminate\\Container\\BoundMethod::Illuminate\\Container\\{closure}()
#2 /var/www/emaparking_dss/vendor/laravel/framework/src/Illuminate/Container/BoundMethod.php(93): Illuminate\\Container\\Util::unwrapIfClosure()
#3 /var/www/emaparking_dss/vendor/laravel/framework/src/Illuminate/Container/BoundMethod.php(35): Illuminate\\Container\\BoundMethod::callBoundMethod()
#4 /var/www/emaparking_dss/vendor/laravel/framework/src/Illuminate/Container/Container.php(651): Illuminate\\Container\\BoundMethod::call()
#5 /var/www/emaparking_dss/vendor/laravel/framework/src/Illuminate/Foundation/Application.php(933): Illuminate\\Container\\Container->call()
#6 /var/www/emaparking_dss/vendor/laravel/framework/src/Illuminate/Foundation/Application.php(914): Illuminate\\Foundation\\Application->bootProvider()
#7 [internal function]: Illuminate\\Foundation\\Application->Illuminate\\Foundation\\{closure}()
#8 /var/www/emaparking_dss/vendor/laravel/framework/src/Illuminate/Foundation/Application.php(913): array_walk()
#9 /var/www/emaparking_dss/vendor/laravel/framework/src/Illuminate/Foundation/Bootstrap/BootProviders.php(17): Illuminate\\Foundation\\Application->boot()
#10 /var/www/emaparking_dss/vendor/laravel/framework/src/Illuminate/Foundation/Application.php(242): Illuminate\\Foundation\\Bootstrap\\BootProviders->bootstrap()
#11 /var/www/emaparking_dss/vendor/laravel/framework/src/Illuminate/Foundation/Console/Kernel.php(383): Illuminate\\Foundation\\Application->bootstrapWith()
#12 /var/www/emaparking_dss/vendor/laravel/framework/src/Illuminate/Foundation/Console/Kernel.php(153): Illuminate\\Foundation\\Console\\Kernel->bootstrap()
#13 Command line code(1): Illuminate\\Foundation\\Console\\Kernel->handle()
#14 {main}
"} 
[2025-03-28 17:29:41] local.ERROR: Class "\Themes\BC\ThemeProvider" not found {"exception":"[object] (Error(code: 0): Class \"\\Themes\\BC\\ThemeProvider\" not found at /var/www/emaparking_dss/themes/ThemeServiceProvider.php:23)
[stacktrace]
#0 /var/www/emaparking_dss/vendor/laravel/framework/src/Illuminate/Container/BoundMethod.php(36): Themes\\ThemeServiceProvider->boot()
#1 /var/www/emaparking_dss/vendor/laravel/framework/src/Illuminate/Container/Util.php(41): Illuminate\\Container\\BoundMethod::Illuminate\\Container\\{closure}()
#2 /var/www/emaparking_dss/vendor/laravel/framework/src/Illuminate/Container/BoundMethod.php(93): Illuminate\\Container\\Util::unwrapIfClosure()
#3 /var/www/emaparking_dss/vendor/laravel/framework/src/Illuminate/Container/BoundMethod.php(35): Illuminate\\Container\\BoundMethod::callBoundMethod()
#4 /var/www/emaparking_dss/vendor/laravel/framework/src/Illuminate/Container/Container.php(651): Illuminate\\Container\\BoundMethod::call()
#5 /var/www/emaparking_dss/vendor/laravel/framework/src/Illuminate/Foundation/Application.php(933): Illuminate\\Container\\Container->call()
#6 /var/www/emaparking_dss/vendor/laravel/framework/src/Illuminate/Foundation/Application.php(914): Illuminate\\Foundation\\Application->bootProvider()
#7 [internal function]: Illuminate\\Foundation\\Application->Illuminate\\Foundation\\{closure}()
#8 /var/www/emaparking_dss/vendor/laravel/framework/src/Illuminate/Foundation/Application.php(913): array_walk()
#9 /var/www/emaparking_dss/vendor/laravel/framework/src/Illuminate/Foundation/Bootstrap/BootProviders.php(17): Illuminate\\Foundation\\Application->boot()
#10 /var/www/emaparking_dss/vendor/laravel/framework/src/Illuminate/Foundation/Application.php(242): Illuminate\\Foundation\\Bootstrap\\BootProviders->bootstrap()
#11 /var/www/emaparking_dss/vendor/laravel/framework/src/Illuminate/Foundation/Console/Kernel.php(383): Illuminate\\Foundation\\Application->bootstrapWith()
#12 /var/www/emaparking_dss/vendor/laravel/framework/src/Illuminate/Foundation/Console/Kernel.php(153): Illuminate\\Foundation\\Console\\Kernel->bootstrap()
#13 Command line code(1): Illuminate\\Foundation\\Console\\Kernel->handle()
#14 {main}
"} 
[2025-03-28 17:29:41] local.ERROR: Class "\Themes\BC\ThemeProvider" not found {"exception":"[object] (Error(code: 0): Class \"\\Themes\\BC\\ThemeProvider\" not found at /var/www/emaparking_dss/themes/ThemeServiceProvider.php:23)
[stacktrace]
#0 /var/www/emaparking_dss/vendor/laravel/framework/src/Illuminate/Container/BoundMethod.php(36): Themes\\ThemeServiceProvider->boot()
#1 /var/www/emaparking_dss/vendor/laravel/framework/src/Illuminate/Container/Util.php(41): Illuminate\\Container\\BoundMethod::Illuminate\\Container\\{closure}()
#2 /var/www/emaparking_dss/vendor/laravel/framework/src/Illuminate/Container/BoundMethod.php(93): Illuminate\\Container\\Util::unwrapIfClosure()
#3 /var/www/emaparking_dss/vendor/laravel/framework/src/Illuminate/Container/BoundMethod.php(35): Illuminate\\Container\\BoundMethod::callBoundMethod()
#4 /var/www/emaparking_dss/vendor/laravel/framework/src/Illuminate/Container/Container.php(651): Illuminate\\Container\\BoundMethod::call()
#5 /var/www/emaparking_dss/vendor/laravel/framework/src/Illuminate/Foundation/Application.php(933): Illuminate\\Container\\Container->call()
#6 /var/www/emaparking_dss/vendor/laravel/framework/src/Illuminate/Foundation/Application.php(914): Illuminate\\Foundation\\Application->bootProvider()
#7 [internal function]: Illuminate\\Foundation\\Application->Illuminate\\Foundation\\{closure}()
#8 /var/www/emaparking_dss/vendor/laravel/framework/src/Illuminate/Foundation/Application.php(913): array_walk()
#9 /var/www/emaparking_dss/vendor/laravel/framework/src/Illuminate/Foundation/Bootstrap/BootProviders.php(17): Illuminate\\Foundation\\Application->boot()
#10 /var/www/emaparking_dss/vendor/laravel/framework/src/Illuminate/Foundation/Application.php(242): Illuminate\\Foundation\\Bootstrap\\BootProviders->bootstrap()
#11 /var/www/emaparking_dss/vendor/laravel/framework/src/Illuminate/Foundation/Console/Kernel.php(383): Illuminate\\Foundation\\Application->bootstrapWith()
#12 /var/www/emaparking_dss/vendor/laravel/framework/src/Illuminate/Foundation/Console/Kernel.php(153): Illuminate\\Foundation\\Console\\Kernel->bootstrap()
#13 Command line code(1): Illuminate\\Foundation\\Console\\Kernel->handle()
#14 {main}
"} 
[2025-03-28 17:30:41] local.ERROR: Class "\Themes\BC\ThemeProvider" not found {"exception":"[object] (Error(code: 0): Class \"\\Themes\\BC\\ThemeProvider\" not found at /var/www/emaparking_dss/themes/ThemeServiceProvider.php:23)
[stacktrace]
#0 /var/www/emaparking_dss/vendor/laravel/framework/src/Illuminate/Container/BoundMethod.php(36): Themes\\ThemeServiceProvider->boot()
#1 /var/www/emaparking_dss/vendor/laravel/framework/src/Illuminate/Container/Util.php(41): Illuminate\\Container\\BoundMethod::Illuminate\\Container\\{closure}()
#2 /var/www/emaparking_dss/vendor/laravel/framework/src/Illuminate/Container/BoundMethod.php(93): Illuminate\\Container\\Util::unwrapIfClosure()
#3 /var/www/emaparking_dss/vendor/laravel/framework/src/Illuminate/Container/BoundMethod.php(35): Illuminate\\Container\\BoundMethod::callBoundMethod()
#4 /var/www/emaparking_dss/vendor/laravel/framework/src/Illuminate/Container/Container.php(651): Illuminate\\Container\\BoundMethod::call()
#5 /var/www/emaparking_dss/vendor/laravel/framework/src/Illuminate/Foundation/Application.php(933): Illuminate\\Container\\Container->call()
#6 /var/www/emaparking_dss/vendor/laravel/framework/src/Illuminate/Foundation/Application.php(914): Illuminate\\Foundation\\Application->bootProvider()
#7 [internal function]: Illuminate\\Foundation\\Application->Illuminate\\Foundation\\{closure}()
#8 /var/www/emaparking_dss/vendor/laravel/framework/src/Illuminate/Foundation/Application.php(913): array_walk()
#9 /var/www/emaparking_dss/vendor/laravel/framework/src/Illuminate/Foundation/Bootstrap/BootProviders.php(17): Illuminate\\Foundation\\Application->boot()
#10 /var/www/emaparking_dss/vendor/laravel/framework/src/Illuminate/Foundation/Application.php(242): Illuminate\\Foundation\\Bootstrap\\BootProviders->bootstrap()
#11 /var/www/emaparking_dss/vendor/laravel/framework/src/Illuminate/Foundation/Console/Kernel.php(383): Illuminate\\Foundation\\Application->bootstrapWith()
#12 /var/www/emaparking_dss/vendor/laravel/framework/src/Illuminate/Foundation/Console/Kernel.php(153): Illuminate\\Foundation\\Console\\Kernel->bootstrap()
#13 Command line code(1): Illuminate\\Foundation\\Console\\Kernel->handle()
#14 {main}
"} 
[2025-03-28 17:30:41] local.ERROR: Class "\Themes\BC\ThemeProvider" not found {"exception":"[object] (Error(code: 0): Class \"\\Themes\\BC\\ThemeProvider\" not found at /var/www/emaparking_dss/themes/ThemeServiceProvider.php:23)
[stacktrace]
#0 /var/www/emaparking_dss/vendor/laravel/framework/src/Illuminate/Container/BoundMethod.php(36): Themes\\ThemeServiceProvider->boot()
#1 /var/www/emaparking_dss/vendor/laravel/framework/src/Illuminate/Container/Util.php(41): Illuminate\\Container\\BoundMethod::Illuminate\\Container\\{closure}()
#2 /var/www/emaparking_dss/vendor/laravel/framework/src/Illuminate/Container/BoundMethod.php(93): Illuminate\\Container\\Util::unwrapIfClosure()
#3 /var/www/emaparking_dss/vendor/laravel/framework/src/Illuminate/Container/BoundMethod.php(35): Illuminate\\Container\\BoundMethod::callBoundMethod()
#4 /var/www/emaparking_dss/vendor/laravel/framework/src/Illuminate/Container/Container.php(651): Illuminate\\Container\\BoundMethod::call()
#5 /var/www/emaparking_dss/vendor/laravel/framework/src/Illuminate/Foundation/Application.php(933): Illuminate\\Container\\Container->call()
#6 /var/www/emaparking_dss/vendor/laravel/framework/src/Illuminate/Foundation/Application.php(914): Illuminate\\Foundation\\Application->bootProvider()
#7 [internal function]: Illuminate\\Foundation\\Application->Illuminate\\Foundation\\{closure}()
#8 /var/www/emaparking_dss/vendor/laravel/framework/src/Illuminate/Foundation/Application.php(913): array_walk()
#9 /var/www/emaparking_dss/vendor/laravel/framework/src/Illuminate/Foundation/Bootstrap/BootProviders.php(17): Illuminate\\Foundation\\Application->boot()
#10 /var/www/emaparking_dss/vendor/laravel/framework/src/Illuminate/Foundation/Application.php(242): Illuminate\\Foundation\\Bootstrap\\BootProviders->bootstrap()
#11 /var/www/emaparking_dss/vendor/laravel/framework/src/Illuminate/Foundation/Console/Kernel.php(383): Illuminate\\Foundation\\Application->bootstrapWith()
#12 /var/www/emaparking_dss/vendor/laravel/framework/src/Illuminate/Foundation/Console/Kernel.php(153): Illuminate\\Foundation\\Console\\Kernel->bootstrap()
#13 Command line code(1): Illuminate\\Foundation\\Console\\Kernel->handle()
#14 {main}
"} 
[2025-03-28 17:31:41] local.ERROR: Class "\Themes\BC\ThemeProvider" not found {"exception":"[object] (Error(code: 0): Class \"\\Themes\\BC\\ThemeProvider\" not found at /var/www/emaparking_dss/themes/ThemeServiceProvider.php:23)
[stacktrace]
#0 /var/www/emaparking_dss/vendor/laravel/framework/src/Illuminate/Container/BoundMethod.php(36): Themes\\ThemeServiceProvider->boot()
#1 /var/www/emaparking_dss/vendor/laravel/framework/src/Illuminate/Container/Util.php(41): Illuminate\\Container\\BoundMethod::Illuminate\\Container\\{closure}()
#2 /var/www/emaparking_dss/vendor/laravel/framework/src/Illuminate/Container/BoundMethod.php(93): Illuminate\\Container\\Util::unwrapIfClosure()
#3 /var/www/emaparking_dss/vendor/laravel/framework/src/Illuminate/Container/BoundMethod.php(35): Illuminate\\Container\\BoundMethod::callBoundMethod()
#4 /var/www/emaparking_dss/vendor/laravel/framework/src/Illuminate/Container/Container.php(651): Illuminate\\Container\\BoundMethod::call()
#5 /var/www/emaparking_dss/vendor/laravel/framework/src/Illuminate/Foundation/Application.php(933): Illuminate\\Container\\Container->call()
#6 /var/www/emaparking_dss/vendor/laravel/framework/src/Illuminate/Foundation/Application.php(914): Illuminate\\Foundation\\Application->bootProvider()
#7 [internal function]: Illuminate\\Foundation\\Application->Illuminate\\Foundation\\{closure}()
#8 /var/www/emaparking_dss/vendor/laravel/framework/src/Illuminate/Foundation/Application.php(913): array_walk()
#9 /var/www/emaparking_dss/vendor/laravel/framework/src/Illuminate/Foundation/Bootstrap/BootProviders.php(17): Illuminate\\Foundation\\Application->boot()
#10 /var/www/emaparking_dss/vendor/laravel/framework/src/Illuminate/Foundation/Application.php(242): Illuminate\\Foundation\\Bootstrap\\BootProviders->bootstrap()
#11 /var/www/emaparking_dss/vendor/laravel/framework/src/Illuminate/Foundation/Console/Kernel.php(383): Illuminate\\Foundation\\Application->bootstrapWith()
#12 /var/www/emaparking_dss/vendor/laravel/framework/src/Illuminate/Foundation/Console/Kernel.php(153): Illuminate\\Foundation\\Console\\Kernel->bootstrap()
#13 Command line code(1): Illuminate\\Foundation\\Console\\Kernel->handle()
#14 {main}
"} 
[2025-03-28 17:31:41] local.ERROR: Class "\Themes\BC\ThemeProvider" not found {"exception":"[object] (Error(code: 0): Class \"\\Themes\\BC\\ThemeProvider\" not found at /var/www/emaparking_dss/themes/ThemeServiceProvider.php:23)
[stacktrace]
#0 /var/www/emaparking_dss/vendor/laravel/framework/src/Illuminate/Container/BoundMethod.php(36): Themes\\ThemeServiceProvider->boot()
#1 /var/www/emaparking_dss/vendor/laravel/framework/src/Illuminate/Container/Util.php(41): Illuminate\\Container\\BoundMethod::Illuminate\\Container\\{closure}()
#2 /var/www/emaparking_dss/vendor/laravel/framework/src/Illuminate/Container/BoundMethod.php(93): Illuminate\\Container\\Util::unwrapIfClosure()
#3 /var/www/emaparking_dss/vendor/laravel/framework/src/Illuminate/Container/BoundMethod.php(35): Illuminate\\Container\\BoundMethod::callBoundMethod()
#4 /var/www/emaparking_dss/vendor/laravel/framework/src/Illuminate/Container/Container.php(651): Illuminate\\Container\\BoundMethod::call()
#5 /var/www/emaparking_dss/vendor/laravel/framework/src/Illuminate/Foundation/Application.php(933): Illuminate\\Container\\Container->call()
#6 /var/www/emaparking_dss/vendor/laravel/framework/src/Illuminate/Foundation/Application.php(914): Illuminate\\Foundation\\Application->bootProvider()
#7 [internal function]: Illuminate\\Foundation\\Application->Illuminate\\Foundation\\{closure}()
#8 /var/www/emaparking_dss/vendor/laravel/framework/src/Illuminate/Foundation/Application.php(913): array_walk()
#9 /var/www/emaparking_dss/vendor/laravel/framework/src/Illuminate/Foundation/Bootstrap/BootProviders.php(17): Illuminate\\Foundation\\Application->boot()
#10 /var/www/emaparking_dss/vendor/laravel/framework/src/Illuminate/Foundation/Application.php(242): Illuminate\\Foundation\\Bootstrap\\BootProviders->bootstrap()
#11 /var/www/emaparking_dss/vendor/laravel/framework/src/Illuminate/Foundation/Console/Kernel.php(383): Illuminate\\Foundation\\Application->bootstrapWith()
#12 /var/www/emaparking_dss/vendor/laravel/framework/src/Illuminate/Foundation/Console/Kernel.php(153): Illuminate\\Foundation\\Console\\Kernel->bootstrap()
#13 Command line code(1): Illuminate\\Foundation\\Console\\Kernel->handle()
#14 {main}
"} 
[2025-03-28 17:32:41] local.ERROR: Class "\Themes\BC\ThemeProvider" not found {"exception":"[object] (Error(code: 0): Class \"\\Themes\\BC\\ThemeProvider\" not found at /var/www/emaparking_dss/themes/ThemeServiceProvider.php:23)
[stacktrace]
#0 /var/www/emaparking_dss/vendor/laravel/framework/src/Illuminate/Container/BoundMethod.php(36): Themes\\ThemeServiceProvider->boot()
#1 /var/www/emaparking_dss/vendor/laravel/framework/src/Illuminate/Container/Util.php(41): Illuminate\\Container\\BoundMethod::Illuminate\\Container\\{closure}()
#2 /var/www/emaparking_dss/vendor/laravel/framework/src/Illuminate/Container/BoundMethod.php(93): Illuminate\\Container\\Util::unwrapIfClosure()
#3 /var/www/emaparking_dss/vendor/laravel/framework/src/Illuminate/Container/BoundMethod.php(35): Illuminate\\Container\\BoundMethod::callBoundMethod()
#4 /var/www/emaparking_dss/vendor/laravel/framework/src/Illuminate/Container/Container.php(651): Illuminate\\Container\\BoundMethod::call()
#5 /var/www/emaparking_dss/vendor/laravel/framework/src/Illuminate/Foundation/Application.php(933): Illuminate\\Container\\Container->call()
#6 /var/www/emaparking_dss/vendor/laravel/framework/src/Illuminate/Foundation/Application.php(914): Illuminate\\Foundation\\Application->bootProvider()
#7 [internal function]: Illuminate\\Foundation\\Application->Illuminate\\Foundation\\{closure}()
#8 /var/www/emaparking_dss/vendor/laravel/framework/src/Illuminate/Foundation/Application.php(913): array_walk()
#9 /var/www/emaparking_dss/vendor/laravel/framework/src/Illuminate/Foundation/Bootstrap/BootProviders.php(17): Illuminate\\Foundation\\Application->boot()
#10 /var/www/emaparking_dss/vendor/laravel/framework/src/Illuminate/Foundation/Application.php(242): Illuminate\\Foundation\\Bootstrap\\BootProviders->bootstrap()
#11 /var/www/emaparking_dss/vendor/laravel/framework/src/Illuminate/Foundation/Console/Kernel.php(383): Illuminate\\Foundation\\Application->bootstrapWith()
#12 /var/www/emaparking_dss/vendor/laravel/framework/src/Illuminate/Foundation/Console/Kernel.php(153): Illuminate\\Foundation\\Console\\Kernel->bootstrap()
#13 Command line code(1): Illuminate\\Foundation\\Console\\Kernel->handle()
#14 {main}
"} 
[2025-03-28 17:32:41] local.ERROR: Class "\Themes\BC\ThemeProvider" not found {"exception":"[object] (Error(code: 0): Class \"\\Themes\\BC\\ThemeProvider\" not found at /var/www/emaparking_dss/themes/ThemeServiceProvider.php:23)
[stacktrace]
#0 /var/www/emaparking_dss/vendor/laravel/framework/src/Illuminate/Container/BoundMethod.php(36): Themes\\ThemeServiceProvider->boot()
#1 /var/www/emaparking_dss/vendor/laravel/framework/src/Illuminate/Container/Util.php(41): Illuminate\\Container\\BoundMethod::Illuminate\\Container\\{closure}()
#2 /var/www/emaparking_dss/vendor/laravel/framework/src/Illuminate/Container/BoundMethod.php(93): Illuminate\\Container\\Util::unwrapIfClosure()
#3 /var/www/emaparking_dss/vendor/laravel/framework/src/Illuminate/Container/BoundMethod.php(35): Illuminate\\Container\\BoundMethod::callBoundMethod()
#4 /var/www/emaparking_dss/vendor/laravel/framework/src/Illuminate/Container/Container.php(651): Illuminate\\Container\\BoundMethod::call()
#5 /var/www/emaparking_dss/vendor/laravel/framework/src/Illuminate/Foundation/Application.php(933): Illuminate\\Container\\Container->call()
#6 /var/www/emaparking_dss/vendor/laravel/framework/src/Illuminate/Foundation/Application.php(914): Illuminate\\Foundation\\Application->bootProvider()
#7 [internal function]: Illuminate\\Foundation\\Application->Illuminate\\Foundation\\{closure}()
#8 /var/www/emaparking_dss/vendor/laravel/framework/src/Illuminate/Foundation/Application.php(913): array_walk()
#9 /var/www/emaparking_dss/vendor/laravel/framework/src/Illuminate/Foundation/Bootstrap/BootProviders.php(17): Illuminate\\Foundation\\Application->boot()
#10 /var/www/emaparking_dss/vendor/laravel/framework/src/Illuminate/Foundation/Application.php(242): Illuminate\\Foundation\\Bootstrap\\BootProviders->bootstrap()
#11 /var/www/emaparking_dss/vendor/laravel/framework/src/Illuminate/Foundation/Console/Kernel.php(383): Illuminate\\Foundation\\Application->bootstrapWith()
#12 /var/www/emaparking_dss/vendor/laravel/framework/src/Illuminate/Foundation/Console/Kernel.php(153): Illuminate\\Foundation\\Console\\Kernel->bootstrap()
#13 Command line code(1): Illuminate\\Foundation\\Console\\Kernel->handle()
#14 {main}
"} 
