[2025-03-24 15:08:57] local.ERROR: Class "\Themes\BC\ThemeProvider" not found {"exception":"[object] (Error(code: 0): Class \"\\Themes\\BC\\ThemeProvider\" not found at /var/www/emaparking_dss/themes/ThemeServiceProvider.php:23)
[stacktrace]
#0 /var/www/emaparking_dss/vendor/laravel/framework/src/Illuminate/Container/BoundMethod.php(36): Themes\\ThemeServiceProvider->boot()
#1 /var/www/emaparking_dss/vendor/laravel/framework/src/Illuminate/Container/Util.php(41): Illuminate\\Container\\BoundMethod::Illuminate\\Container\\{closure}()
#2 /var/www/emaparking_dss/vendor/laravel/framework/src/Illuminate/Container/BoundMethod.php(93): Illuminate\\Container\\Util::unwrapIfClosure()
#3 /var/www/emaparking_dss/vendor/laravel/framework/src/Illuminate/Container/BoundMethod.php(35): Illuminate\\Container\\BoundMethod::callBoundMethod()
#4 /var/www/emaparking_dss/vendor/laravel/framework/src/Illuminate/Container/Container.php(651): Illuminate\\Container\\BoundMethod::call()
#5 /var/www/emaparking_dss/vendor/laravel/framework/src/Illuminate/Foundation/Application.php(933): Illuminate\\Container\\Container->call()
#6 /var/www/emaparking_dss/vendor/laravel/framework/src/Illuminate/Foundation/Application.php(914): Illuminate\\Foundation\\Application->bootProvider()
#7 [internal function]: Illuminate\\Foundation\\Application->Illuminate\\Foundation\\{closure}()
#8 /var/www/emaparking_dss/vendor/laravel/framework/src/Illuminate/Foundation/Application.php(913): array_walk()
#9 /var/www/emaparking_dss/vendor/laravel/framework/src/Illuminate/Foundation/Bootstrap/BootProviders.php(17): Illuminate\\Foundation\\Application->boot()
#10 /var/www/emaparking_dss/vendor/laravel/framework/src/Illuminate/Foundation/Application.php(242): Illuminate\\Foundation\\Bootstrap\\BootProviders->bootstrap()
#11 /var/www/emaparking_dss/vendor/laravel/framework/src/Illuminate/Foundation/Console/Kernel.php(383): Illuminate\\Foundation\\Application->bootstrapWith()
#12 /var/www/emaparking_dss/vendor/laravel/framework/src/Illuminate/Foundation/Console/Kernel.php(153): Illuminate\\Foundation\\Console\\Kernel->bootstrap()
#13 Command line code(1): Illuminate\\Foundation\\Console\\Kernel->handle()
#14 {main}
"} 
[2025-03-24 15:08:57] local.ERROR: Class "\Themes\BC\ThemeProvider" not found {"exception":"[object] (Error(code: 0): Class \"\\Themes\\BC\\ThemeProvider\" not found at /var/www/emaparking_dss/themes/ThemeServiceProvider.php:23)
[stacktrace]
#0 /var/www/emaparking_dss/vendor/laravel/framework/src/Illuminate/Container/BoundMethod.php(36): Themes\\ThemeServiceProvider->boot()
#1 /var/www/emaparking_dss/vendor/laravel/framework/src/Illuminate/Container/Util.php(41): Illuminate\\Container\\BoundMethod::Illuminate\\Container\\{closure}()
#2 /var/www/emaparking_dss/vendor/laravel/framework/src/Illuminate/Container/BoundMethod.php(93): Illuminate\\Container\\Util::unwrapIfClosure()
#3 /var/www/emaparking_dss/vendor/laravel/framework/src/Illuminate/Container/BoundMethod.php(35): Illuminate\\Container\\BoundMethod::callBoundMethod()
#4 /var/www/emaparking_dss/vendor/laravel/framework/src/Illuminate/Container/Container.php(651): Illuminate\\Container\\BoundMethod::call()
#5 /var/www/emaparking_dss/vendor/laravel/framework/src/Illuminate/Foundation/Application.php(933): Illuminate\\Container\\Container->call()
#6 /var/www/emaparking_dss/vendor/laravel/framework/src/Illuminate/Foundation/Application.php(914): Illuminate\\Foundation\\Application->bootProvider()
#7 [internal function]: Illuminate\\Foundation\\Application->Illuminate\\Foundation\\{closure}()
#8 /var/www/emaparking_dss/vendor/laravel/framework/src/Illuminate/Foundation/Application.php(913): array_walk()
#9 /var/www/emaparking_dss/vendor/laravel/framework/src/Illuminate/Foundation/Bootstrap/BootProviders.php(17): Illuminate\\Foundation\\Application->boot()
#10 /var/www/emaparking_dss/vendor/laravel/framework/src/Illuminate/Foundation/Application.php(242): Illuminate\\Foundation\\Bootstrap\\BootProviders->bootstrap()
#11 /var/www/emaparking_dss/vendor/laravel/framework/src/Illuminate/Foundation/Console/Kernel.php(383): Illuminate\\Foundation\\Application->bootstrapWith()
#12 /var/www/emaparking_dss/vendor/laravel/framework/src/Illuminate/Foundation/Console/Kernel.php(153): Illuminate\\Foundation\\Console\\Kernel->bootstrap()
#13 Command line code(1): Illuminate\\Foundation\\Console\\Kernel->handle()
#14 {main}
"} 
[2025-03-24 15:08:57] local.ERROR: Class "\Themes\BC\ThemeProvider" not found {"exception":"[object] (Error(code: 0): Class \"\\Themes\\BC\\ThemeProvider\" not found at /var/www/emaparking_dss/themes/ThemeServiceProvider.php:23)
[stacktrace]
#0 /var/www/emaparking_dss/vendor/laravel/framework/src/Illuminate/Container/BoundMethod.php(36): Themes\\ThemeServiceProvider->boot()
#1 /var/www/emaparking_dss/vendor/laravel/framework/src/Illuminate/Container/Util.php(41): Illuminate\\Container\\BoundMethod::Illuminate\\Container\\{closure}()
#2 /var/www/emaparking_dss/vendor/laravel/framework/src/Illuminate/Container/BoundMethod.php(93): Illuminate\\Container\\Util::unwrapIfClosure()
#3 /var/www/emaparking_dss/vendor/laravel/framework/src/Illuminate/Container/BoundMethod.php(35): Illuminate\\Container\\BoundMethod::callBoundMethod()
#4 /var/www/emaparking_dss/vendor/laravel/framework/src/Illuminate/Container/Container.php(651): Illuminate\\Container\\BoundMethod::call()
#5 /var/www/emaparking_dss/vendor/laravel/framework/src/Illuminate/Foundation/Application.php(933): Illuminate\\Container\\Container->call()
#6 /var/www/emaparking_dss/vendor/laravel/framework/src/Illuminate/Foundation/Application.php(914): Illuminate\\Foundation\\Application->bootProvider()
#7 [internal function]: Illuminate\\Foundation\\Application->Illuminate\\Foundation\\{closure}()
#8 /var/www/emaparking_dss/vendor/laravel/framework/src/Illuminate/Foundation/Application.php(913): array_walk()
#9 /var/www/emaparking_dss/vendor/laravel/framework/src/Illuminate/Foundation/Bootstrap/BootProviders.php(17): Illuminate\\Foundation\\Application->boot()
#10 /var/www/emaparking_dss/vendor/laravel/framework/src/Illuminate/Foundation/Application.php(242): Illuminate\\Foundation\\Bootstrap\\BootProviders->bootstrap()
#11 /var/www/emaparking_dss/vendor/laravel/framework/src/Illuminate/Foundation/Console/Kernel.php(383): Illuminate\\Foundation\\Application->bootstrapWith()
#12 /var/www/emaparking_dss/vendor/laravel/framework/src/Illuminate/Foundation/Console/Kernel.php(153): Illuminate\\Foundation\\Console\\Kernel->bootstrap()
#13 Command line code(1): Illuminate\\Foundation\\Console\\Kernel->handle()
#14 {main}
"} 
[2025-03-24 15:08:57] local.ERROR: Class "\Themes\BC\ThemeProvider" not found {"exception":"[object] (Error(code: 0): Class \"\\Themes\\BC\\ThemeProvider\" not found at /var/www/emaparking_dss/themes/ThemeServiceProvider.php:23)
[stacktrace]
#0 /var/www/emaparking_dss/vendor/laravel/framework/src/Illuminate/Container/BoundMethod.php(36): Themes\\ThemeServiceProvider->boot()
#1 /var/www/emaparking_dss/vendor/laravel/framework/src/Illuminate/Container/Util.php(41): Illuminate\\Container\\BoundMethod::Illuminate\\Container\\{closure}()
#2 /var/www/emaparking_dss/vendor/laravel/framework/src/Illuminate/Container/BoundMethod.php(93): Illuminate\\Container\\Util::unwrapIfClosure()
#3 /var/www/emaparking_dss/vendor/laravel/framework/src/Illuminate/Container/BoundMethod.php(35): Illuminate\\Container\\BoundMethod::callBoundMethod()
#4 /var/www/emaparking_dss/vendor/laravel/framework/src/Illuminate/Container/Container.php(651): Illuminate\\Container\\BoundMethod::call()
#5 /var/www/emaparking_dss/vendor/laravel/framework/src/Illuminate/Foundation/Application.php(933): Illuminate\\Container\\Container->call()
#6 /var/www/emaparking_dss/vendor/laravel/framework/src/Illuminate/Foundation/Application.php(914): Illuminate\\Foundation\\Application->bootProvider()
#7 [internal function]: Illuminate\\Foundation\\Application->Illuminate\\Foundation\\{closure}()
#8 /var/www/emaparking_dss/vendor/laravel/framework/src/Illuminate/Foundation/Application.php(913): array_walk()
#9 /var/www/emaparking_dss/vendor/laravel/framework/src/Illuminate/Foundation/Bootstrap/BootProviders.php(17): Illuminate\\Foundation\\Application->boot()
#10 /var/www/emaparking_dss/vendor/laravel/framework/src/Illuminate/Foundation/Application.php(242): Illuminate\\Foundation\\Bootstrap\\BootProviders->bootstrap()
#11 /var/www/emaparking_dss/vendor/laravel/framework/src/Illuminate/Foundation/Console/Kernel.php(383): Illuminate\\Foundation\\Application->bootstrapWith()
#12 /var/www/emaparking_dss/vendor/laravel/framework/src/Illuminate/Foundation/Console/Kernel.php(153): Illuminate\\Foundation\\Console\\Kernel->bootstrap()
#13 Command line code(1): Illuminate\\Foundation\\Console\\Kernel->handle()
#14 {main}
"} 
[2025-03-24 15:08:57] local.ERROR: Class "\Themes\BC\ThemeProvider" not found {"exception":"[object] (Error(code: 0): Class \"\\Themes\\BC\\ThemeProvider\" not found at /var/www/emaparking_dss/themes/ThemeServiceProvider.php:23)
[stacktrace]
#0 /var/www/emaparking_dss/vendor/laravel/framework/src/Illuminate/Container/BoundMethod.php(36): Themes\\ThemeServiceProvider->boot()
#1 /var/www/emaparking_dss/vendor/laravel/framework/src/Illuminate/Container/Util.php(41): Illuminate\\Container\\BoundMethod::Illuminate\\Container\\{closure}()
#2 /var/www/emaparking_dss/vendor/laravel/framework/src/Illuminate/Container/BoundMethod.php(93): Illuminate\\Container\\Util::unwrapIfClosure()
#3 /var/www/emaparking_dss/vendor/laravel/framework/src/Illuminate/Container/BoundMethod.php(35): Illuminate\\Container\\BoundMethod::callBoundMethod()
#4 /var/www/emaparking_dss/vendor/laravel/framework/src/Illuminate/Container/Container.php(651): Illuminate\\Container\\BoundMethod::call()
#5 /var/www/emaparking_dss/vendor/laravel/framework/src/Illuminate/Foundation/Application.php(933): Illuminate\\Container\\Container->call()
#6 /var/www/emaparking_dss/vendor/laravel/framework/src/Illuminate/Foundation/Application.php(914): Illuminate\\Foundation\\Application->bootProvider()
#7 [internal function]: Illuminate\\Foundation\\Application->Illuminate\\Foundation\\{closure}()
#8 /var/www/emaparking_dss/vendor/laravel/framework/src/Illuminate/Foundation/Application.php(913): array_walk()
#9 /var/www/emaparking_dss/vendor/laravel/framework/src/Illuminate/Foundation/Bootstrap/BootProviders.php(17): Illuminate\\Foundation\\Application->boot()
#10 /var/www/emaparking_dss/vendor/laravel/framework/src/Illuminate/Foundation/Application.php(242): Illuminate\\Foundation\\Bootstrap\\BootProviders->bootstrap()
#11 /var/www/emaparking_dss/vendor/laravel/framework/src/Illuminate/Foundation/Console/Kernel.php(383): Illuminate\\Foundation\\Application->bootstrapWith()
#12 /var/www/emaparking_dss/vendor/laravel/framework/src/Illuminate/Foundation/Console/Kernel.php(153): Illuminate\\Foundation\\Console\\Kernel->bootstrap()
#13 Command line code(1): Illuminate\\Foundation\\Console\\Kernel->handle()
#14 {main}
"} 
[2025-03-24 15:08:57] local.ERROR: Class "\Themes\BC\ThemeProvider" not found {"exception":"[object] (Error(code: 0): Class \"\\Themes\\BC\\ThemeProvider\" not found at /var/www/emaparking_dss/themes/ThemeServiceProvider.php:23)
[stacktrace]
#0 /var/www/emaparking_dss/vendor/laravel/framework/src/Illuminate/Container/BoundMethod.php(36): Themes\\ThemeServiceProvider->boot()
#1 /var/www/emaparking_dss/vendor/laravel/framework/src/Illuminate/Container/Util.php(41): Illuminate\\Container\\BoundMethod::Illuminate\\Container\\{closure}()
#2 /var/www/emaparking_dss/vendor/laravel/framework/src/Illuminate/Container/BoundMethod.php(93): Illuminate\\Container\\Util::unwrapIfClosure()
#3 /var/www/emaparking_dss/vendor/laravel/framework/src/Illuminate/Container/BoundMethod.php(35): Illuminate\\Container\\BoundMethod::callBoundMethod()
#4 /var/www/emaparking_dss/vendor/laravel/framework/src/Illuminate/Container/Container.php(651): Illuminate\\Container\\BoundMethod::call()
#5 /var/www/emaparking_dss/vendor/laravel/framework/src/Illuminate/Foundation/Application.php(933): Illuminate\\Container\\Container->call()
#6 /var/www/emaparking_dss/vendor/laravel/framework/src/Illuminate/Foundation/Application.php(914): Illuminate\\Foundation\\Application->bootProvider()
#7 [internal function]: Illuminate\\Foundation\\Application->Illuminate\\Foundation\\{closure}()
#8 /var/www/emaparking_dss/vendor/laravel/framework/src/Illuminate/Foundation/Application.php(913): array_walk()
#9 /var/www/emaparking_dss/vendor/laravel/framework/src/Illuminate/Foundation/Bootstrap/BootProviders.php(17): Illuminate\\Foundation\\Application->boot()
#10 /var/www/emaparking_dss/vendor/laravel/framework/src/Illuminate/Foundation/Application.php(242): Illuminate\\Foundation\\Bootstrap\\BootProviders->bootstrap()
#11 /var/www/emaparking_dss/vendor/laravel/framework/src/Illuminate/Foundation/Console/Kernel.php(383): Illuminate\\Foundation\\Application->bootstrapWith()
#12 /var/www/emaparking_dss/vendor/laravel/framework/src/Illuminate/Foundation/Console/Kernel.php(153): Illuminate\\Foundation\\Console\\Kernel->bootstrap()
#13 Command line code(1): Illuminate\\Foundation\\Console\\Kernel->handle()
#14 {main}
"} 
[2025-03-24 15:08:57] local.ERROR: Class "\Themes\BC\ThemeProvider" not found {"exception":"[object] (Error(code: 0): Class \"\\Themes\\BC\\ThemeProvider\" not found at /var/www/emaparking_dss/themes/ThemeServiceProvider.php:23)
[stacktrace]
#0 /var/www/emaparking_dss/vendor/laravel/framework/src/Illuminate/Container/BoundMethod.php(36): Themes\\ThemeServiceProvider->boot()
#1 /var/www/emaparking_dss/vendor/laravel/framework/src/Illuminate/Container/Util.php(41): Illuminate\\Container\\BoundMethod::Illuminate\\Container\\{closure}()
#2 /var/www/emaparking_dss/vendor/laravel/framework/src/Illuminate/Container/BoundMethod.php(93): Illuminate\\Container\\Util::unwrapIfClosure()
#3 /var/www/emaparking_dss/vendor/laravel/framework/src/Illuminate/Container/BoundMethod.php(35): Illuminate\\Container\\BoundMethod::callBoundMethod()
#4 /var/www/emaparking_dss/vendor/laravel/framework/src/Illuminate/Container/Container.php(651): Illuminate\\Container\\BoundMethod::call()
#5 /var/www/emaparking_dss/vendor/laravel/framework/src/Illuminate/Foundation/Application.php(933): Illuminate\\Container\\Container->call()
#6 /var/www/emaparking_dss/vendor/laravel/framework/src/Illuminate/Foundation/Application.php(914): Illuminate\\Foundation\\Application->bootProvider()
#7 [internal function]: Illuminate\\Foundation\\Application->Illuminate\\Foundation\\{closure}()
#8 /var/www/emaparking_dss/vendor/laravel/framework/src/Illuminate/Foundation/Application.php(913): array_walk()
#9 /var/www/emaparking_dss/vendor/laravel/framework/src/Illuminate/Foundation/Bootstrap/BootProviders.php(17): Illuminate\\Foundation\\Application->boot()
#10 /var/www/emaparking_dss/vendor/laravel/framework/src/Illuminate/Foundation/Application.php(242): Illuminate\\Foundation\\Bootstrap\\BootProviders->bootstrap()
#11 /var/www/emaparking_dss/vendor/laravel/framework/src/Illuminate/Foundation/Console/Kernel.php(383): Illuminate\\Foundation\\Application->bootstrapWith()
#12 /var/www/emaparking_dss/vendor/laravel/framework/src/Illuminate/Foundation/Console/Kernel.php(153): Illuminate\\Foundation\\Console\\Kernel->bootstrap()
#13 Command line code(1): Illuminate\\Foundation\\Console\\Kernel->handle()
#14 {main}
"} 
[2025-03-24 15:08:58] local.ERROR: Class "\Themes\BC\ThemeProvider" not found {"exception":"[object] (Error(code: 0): Class \"\\Themes\\BC\\ThemeProvider\" not found at /var/www/emaparking_dss/themes/ThemeServiceProvider.php:23)
[stacktrace]
#0 /var/www/emaparking_dss/vendor/laravel/framework/src/Illuminate/Container/BoundMethod.php(36): Themes\\ThemeServiceProvider->boot()
#1 /var/www/emaparking_dss/vendor/laravel/framework/src/Illuminate/Container/Util.php(41): Illuminate\\Container\\BoundMethod::Illuminate\\Container\\{closure}()
#2 /var/www/emaparking_dss/vendor/laravel/framework/src/Illuminate/Container/BoundMethod.php(93): Illuminate\\Container\\Util::unwrapIfClosure()
#3 /var/www/emaparking_dss/vendor/laravel/framework/src/Illuminate/Container/BoundMethod.php(35): Illuminate\\Container\\BoundMethod::callBoundMethod()
#4 /var/www/emaparking_dss/vendor/laravel/framework/src/Illuminate/Container/Container.php(651): Illuminate\\Container\\BoundMethod::call()
#5 /var/www/emaparking_dss/vendor/laravel/framework/src/Illuminate/Foundation/Application.php(933): Illuminate\\Container\\Container->call()
#6 /var/www/emaparking_dss/vendor/laravel/framework/src/Illuminate/Foundation/Application.php(914): Illuminate\\Foundation\\Application->bootProvider()
#7 [internal function]: Illuminate\\Foundation\\Application->Illuminate\\Foundation\\{closure}()
#8 /var/www/emaparking_dss/vendor/laravel/framework/src/Illuminate/Foundation/Application.php(913): array_walk()
#9 /var/www/emaparking_dss/vendor/laravel/framework/src/Illuminate/Foundation/Bootstrap/BootProviders.php(17): Illuminate\\Foundation\\Application->boot()
#10 /var/www/emaparking_dss/vendor/laravel/framework/src/Illuminate/Foundation/Application.php(242): Illuminate\\Foundation\\Bootstrap\\BootProviders->bootstrap()
#11 /var/www/emaparking_dss/vendor/laravel/framework/src/Illuminate/Foundation/Console/Kernel.php(383): Illuminate\\Foundation\\Application->bootstrapWith()
#12 /var/www/emaparking_dss/vendor/laravel/framework/src/Illuminate/Foundation/Console/Kernel.php(153): Illuminate\\Foundation\\Console\\Kernel->bootstrap()
#13 Command line code(1): Illuminate\\Foundation\\Console\\Kernel->handle()
#14 {main}
"} 
[2025-03-24 15:08:58] local.ERROR: Class "\Themes\BC\ThemeProvider" not found {"exception":"[object] (Error(code: 0): Class \"\\Themes\\BC\\ThemeProvider\" not found at /var/www/emaparking_dss/themes/ThemeServiceProvider.php:23)
[stacktrace]
#0 /var/www/emaparking_dss/vendor/laravel/framework/src/Illuminate/Container/BoundMethod.php(36): Themes\\ThemeServiceProvider->boot()
#1 /var/www/emaparking_dss/vendor/laravel/framework/src/Illuminate/Container/Util.php(41): Illuminate\\Container\\BoundMethod::Illuminate\\Container\\{closure}()
#2 /var/www/emaparking_dss/vendor/laravel/framework/src/Illuminate/Container/BoundMethod.php(93): Illuminate\\Container\\Util::unwrapIfClosure()
#3 /var/www/emaparking_dss/vendor/laravel/framework/src/Illuminate/Container/BoundMethod.php(35): Illuminate\\Container\\BoundMethod::callBoundMethod()
#4 /var/www/emaparking_dss/vendor/laravel/framework/src/Illuminate/Container/Container.php(651): Illuminate\\Container\\BoundMethod::call()
#5 /var/www/emaparking_dss/vendor/laravel/framework/src/Illuminate/Foundation/Application.php(933): Illuminate\\Container\\Container->call()
#6 /var/www/emaparking_dss/vendor/laravel/framework/src/Illuminate/Foundation/Application.php(914): Illuminate\\Foundation\\Application->bootProvider()
#7 [internal function]: Illuminate\\Foundation\\Application->Illuminate\\Foundation\\{closure}()
#8 /var/www/emaparking_dss/vendor/laravel/framework/src/Illuminate/Foundation/Application.php(913): array_walk()
#9 /var/www/emaparking_dss/vendor/laravel/framework/src/Illuminate/Foundation/Bootstrap/BootProviders.php(17): Illuminate\\Foundation\\Application->boot()
#10 /var/www/emaparking_dss/vendor/laravel/framework/src/Illuminate/Foundation/Application.php(242): Illuminate\\Foundation\\Bootstrap\\BootProviders->bootstrap()
#11 /var/www/emaparking_dss/vendor/laravel/framework/src/Illuminate/Foundation/Console/Kernel.php(383): Illuminate\\Foundation\\Application->bootstrapWith()
#12 /var/www/emaparking_dss/vendor/laravel/framework/src/Illuminate/Foundation/Console/Kernel.php(153): Illuminate\\Foundation\\Console\\Kernel->bootstrap()
#13 Command line code(1): Illuminate\\Foundation\\Console\\Kernel->handle()
#14 {main}
"} 
[2025-03-24 15:09:57] local.ERROR: Class "\Themes\BC\ThemeProvider" not found {"exception":"[object] (Error(code: 0): Class \"\\Themes\\BC\\ThemeProvider\" not found at /var/www/emaparking_dss/themes/ThemeServiceProvider.php:23)
[stacktrace]
#0 /var/www/emaparking_dss/vendor/laravel/framework/src/Illuminate/Container/BoundMethod.php(36): Themes\\ThemeServiceProvider->boot()
#1 /var/www/emaparking_dss/vendor/laravel/framework/src/Illuminate/Container/Util.php(41): Illuminate\\Container\\BoundMethod::Illuminate\\Container\\{closure}()
#2 /var/www/emaparking_dss/vendor/laravel/framework/src/Illuminate/Container/BoundMethod.php(93): Illuminate\\Container\\Util::unwrapIfClosure()
#3 /var/www/emaparking_dss/vendor/laravel/framework/src/Illuminate/Container/BoundMethod.php(35): Illuminate\\Container\\BoundMethod::callBoundMethod()
#4 /var/www/emaparking_dss/vendor/laravel/framework/src/Illuminate/Container/Container.php(651): Illuminate\\Container\\BoundMethod::call()
#5 /var/www/emaparking_dss/vendor/laravel/framework/src/Illuminate/Foundation/Application.php(933): Illuminate\\Container\\Container->call()
#6 /var/www/emaparking_dss/vendor/laravel/framework/src/Illuminate/Foundation/Application.php(914): Illuminate\\Foundation\\Application->bootProvider()
#7 [internal function]: Illuminate\\Foundation\\Application->Illuminate\\Foundation\\{closure}()
#8 /var/www/emaparking_dss/vendor/laravel/framework/src/Illuminate/Foundation/Application.php(913): array_walk()
#9 /var/www/emaparking_dss/vendor/laravel/framework/src/Illuminate/Foundation/Bootstrap/BootProviders.php(17): Illuminate\\Foundation\\Application->boot()
#10 /var/www/emaparking_dss/vendor/laravel/framework/src/Illuminate/Foundation/Application.php(242): Illuminate\\Foundation\\Bootstrap\\BootProviders->bootstrap()
#11 /var/www/emaparking_dss/vendor/laravel/framework/src/Illuminate/Foundation/Console/Kernel.php(383): Illuminate\\Foundation\\Application->bootstrapWith()
#12 /var/www/emaparking_dss/vendor/laravel/framework/src/Illuminate/Foundation/Console/Kernel.php(153): Illuminate\\Foundation\\Console\\Kernel->bootstrap()
#13 Command line code(1): Illuminate\\Foundation\\Console\\Kernel->handle()
#14 {main}
"} 
[2025-03-24 15:09:57] local.ERROR: Class "\Themes\BC\ThemeProvider" not found {"exception":"[object] (Error(code: 0): Class \"\\Themes\\BC\\ThemeProvider\" not found at /var/www/emaparking_dss/themes/ThemeServiceProvider.php:23)
[stacktrace]
#0 /var/www/emaparking_dss/vendor/laravel/framework/src/Illuminate/Container/BoundMethod.php(36): Themes\\ThemeServiceProvider->boot()
#1 /var/www/emaparking_dss/vendor/laravel/framework/src/Illuminate/Container/Util.php(41): Illuminate\\Container\\BoundMethod::Illuminate\\Container\\{closure}()
#2 /var/www/emaparking_dss/vendor/laravel/framework/src/Illuminate/Container/BoundMethod.php(93): Illuminate\\Container\\Util::unwrapIfClosure()
#3 /var/www/emaparking_dss/vendor/laravel/framework/src/Illuminate/Container/BoundMethod.php(35): Illuminate\\Container\\BoundMethod::callBoundMethod()
#4 /var/www/emaparking_dss/vendor/laravel/framework/src/Illuminate/Container/Container.php(651): Illuminate\\Container\\BoundMethod::call()
#5 /var/www/emaparking_dss/vendor/laravel/framework/src/Illuminate/Foundation/Application.php(933): Illuminate\\Container\\Container->call()
#6 /var/www/emaparking_dss/vendor/laravel/framework/src/Illuminate/Foundation/Application.php(914): Illuminate\\Foundation\\Application->bootProvider()
#7 [internal function]: Illuminate\\Foundation\\Application->Illuminate\\Foundation\\{closure}()
#8 /var/www/emaparking_dss/vendor/laravel/framework/src/Illuminate/Foundation/Application.php(913): array_walk()
#9 /var/www/emaparking_dss/vendor/laravel/framework/src/Illuminate/Foundation/Bootstrap/BootProviders.php(17): Illuminate\\Foundation\\Application->boot()
#10 /var/www/emaparking_dss/vendor/laravel/framework/src/Illuminate/Foundation/Application.php(242): Illuminate\\Foundation\\Bootstrap\\BootProviders->bootstrap()
#11 /var/www/emaparking_dss/vendor/laravel/framework/src/Illuminate/Foundation/Console/Kernel.php(383): Illuminate\\Foundation\\Application->bootstrapWith()
#12 /var/www/emaparking_dss/vendor/laravel/framework/src/Illuminate/Foundation/Console/Kernel.php(153): Illuminate\\Foundation\\Console\\Kernel->bootstrap()
#13 Command line code(1): Illuminate\\Foundation\\Console\\Kernel->handle()
#14 {main}
"} 
[2025-03-24 15:10:58] local.ERROR: Class "\Themes\BC\ThemeProvider" not found {"exception":"[object] (Error(code: 0): Class \"\\Themes\\BC\\ThemeProvider\" not found at /var/www/emaparking_dss/themes/ThemeServiceProvider.php:23)
[stacktrace]
#0 /var/www/emaparking_dss/vendor/laravel/framework/src/Illuminate/Container/BoundMethod.php(36): Themes\\ThemeServiceProvider->boot()
#1 /var/www/emaparking_dss/vendor/laravel/framework/src/Illuminate/Container/Util.php(41): Illuminate\\Container\\BoundMethod::Illuminate\\Container\\{closure}()
#2 /var/www/emaparking_dss/vendor/laravel/framework/src/Illuminate/Container/BoundMethod.php(93): Illuminate\\Container\\Util::unwrapIfClosure()
#3 /var/www/emaparking_dss/vendor/laravel/framework/src/Illuminate/Container/BoundMethod.php(35): Illuminate\\Container\\BoundMethod::callBoundMethod()
#4 /var/www/emaparking_dss/vendor/laravel/framework/src/Illuminate/Container/Container.php(651): Illuminate\\Container\\BoundMethod::call()
#5 /var/www/emaparking_dss/vendor/laravel/framework/src/Illuminate/Foundation/Application.php(933): Illuminate\\Container\\Container->call()
#6 /var/www/emaparking_dss/vendor/laravel/framework/src/Illuminate/Foundation/Application.php(914): Illuminate\\Foundation\\Application->bootProvider()
#7 [internal function]: Illuminate\\Foundation\\Application->Illuminate\\Foundation\\{closure}()
#8 /var/www/emaparking_dss/vendor/laravel/framework/src/Illuminate/Foundation/Application.php(913): array_walk()
#9 /var/www/emaparking_dss/vendor/laravel/framework/src/Illuminate/Foundation/Bootstrap/BootProviders.php(17): Illuminate\\Foundation\\Application->boot()
#10 /var/www/emaparking_dss/vendor/laravel/framework/src/Illuminate/Foundation/Application.php(242): Illuminate\\Foundation\\Bootstrap\\BootProviders->bootstrap()
#11 /var/www/emaparking_dss/vendor/laravel/framework/src/Illuminate/Foundation/Console/Kernel.php(383): Illuminate\\Foundation\\Application->bootstrapWith()
#12 /var/www/emaparking_dss/vendor/laravel/framework/src/Illuminate/Foundation/Console/Kernel.php(153): Illuminate\\Foundation\\Console\\Kernel->bootstrap()
#13 Command line code(1): Illuminate\\Foundation\\Console\\Kernel->handle()
#14 {main}
"} 
[2025-03-24 15:10:58] local.ERROR: Class "\Themes\BC\ThemeProvider" not found {"exception":"[object] (Error(code: 0): Class \"\\Themes\\BC\\ThemeProvider\" not found at /var/www/emaparking_dss/themes/ThemeServiceProvider.php:23)
[stacktrace]
#0 /var/www/emaparking_dss/vendor/laravel/framework/src/Illuminate/Container/BoundMethod.php(36): Themes\\ThemeServiceProvider->boot()
#1 /var/www/emaparking_dss/vendor/laravel/framework/src/Illuminate/Container/Util.php(41): Illuminate\\Container\\BoundMethod::Illuminate\\Container\\{closure}()
#2 /var/www/emaparking_dss/vendor/laravel/framework/src/Illuminate/Container/BoundMethod.php(93): Illuminate\\Container\\Util::unwrapIfClosure()
#3 /var/www/emaparking_dss/vendor/laravel/framework/src/Illuminate/Container/BoundMethod.php(35): Illuminate\\Container\\BoundMethod::callBoundMethod()
#4 /var/www/emaparking_dss/vendor/laravel/framework/src/Illuminate/Container/Container.php(651): Illuminate\\Container\\BoundMethod::call()
#5 /var/www/emaparking_dss/vendor/laravel/framework/src/Illuminate/Foundation/Application.php(933): Illuminate\\Container\\Container->call()
#6 /var/www/emaparking_dss/vendor/laravel/framework/src/Illuminate/Foundation/Application.php(914): Illuminate\\Foundation\\Application->bootProvider()
#7 [internal function]: Illuminate\\Foundation\\Application->Illuminate\\Foundation\\{closure}()
#8 /var/www/emaparking_dss/vendor/laravel/framework/src/Illuminate/Foundation/Application.php(913): array_walk()
#9 /var/www/emaparking_dss/vendor/laravel/framework/src/Illuminate/Foundation/Bootstrap/BootProviders.php(17): Illuminate\\Foundation\\Application->boot()
#10 /var/www/emaparking_dss/vendor/laravel/framework/src/Illuminate/Foundation/Application.php(242): Illuminate\\Foundation\\Bootstrap\\BootProviders->bootstrap()
#11 /var/www/emaparking_dss/vendor/laravel/framework/src/Illuminate/Foundation/Console/Kernel.php(383): Illuminate\\Foundation\\Application->bootstrapWith()
#12 /var/www/emaparking_dss/vendor/laravel/framework/src/Illuminate/Foundation/Console/Kernel.php(153): Illuminate\\Foundation\\Console\\Kernel->bootstrap()
#13 Command line code(1): Illuminate\\Foundation\\Console\\Kernel->handle()
#14 {main}
"} 
[2025-03-24 15:11:58] local.ERROR: Class "\Themes\BC\ThemeProvider" not found {"exception":"[object] (Error(code: 0): Class \"\\Themes\\BC\\ThemeProvider\" not found at /var/www/emaparking_dss/themes/ThemeServiceProvider.php:23)
[stacktrace]
#0 /var/www/emaparking_dss/vendor/laravel/framework/src/Illuminate/Container/BoundMethod.php(36): Themes\\ThemeServiceProvider->boot()
#1 /var/www/emaparking_dss/vendor/laravel/framework/src/Illuminate/Container/Util.php(41): Illuminate\\Container\\BoundMethod::Illuminate\\Container\\{closure}()
#2 /var/www/emaparking_dss/vendor/laravel/framework/src/Illuminate/Container/BoundMethod.php(93): Illuminate\\Container\\Util::unwrapIfClosure()
#3 /var/www/emaparking_dss/vendor/laravel/framework/src/Illuminate/Container/BoundMethod.php(35): Illuminate\\Container\\BoundMethod::callBoundMethod()
#4 /var/www/emaparking_dss/vendor/laravel/framework/src/Illuminate/Container/Container.php(651): Illuminate\\Container\\BoundMethod::call()
#5 /var/www/emaparking_dss/vendor/laravel/framework/src/Illuminate/Foundation/Application.php(933): Illuminate\\Container\\Container->call()
#6 /var/www/emaparking_dss/vendor/laravel/framework/src/Illuminate/Foundation/Application.php(914): Illuminate\\Foundation\\Application->bootProvider()
#7 [internal function]: Illuminate\\Foundation\\Application->Illuminate\\Foundation\\{closure}()
#8 /var/www/emaparking_dss/vendor/laravel/framework/src/Illuminate/Foundation/Application.php(913): array_walk()
#9 /var/www/emaparking_dss/vendor/laravel/framework/src/Illuminate/Foundation/Bootstrap/BootProviders.php(17): Illuminate\\Foundation\\Application->boot()
#10 /var/www/emaparking_dss/vendor/laravel/framework/src/Illuminate/Foundation/Application.php(242): Illuminate\\Foundation\\Bootstrap\\BootProviders->bootstrap()
#11 /var/www/emaparking_dss/vendor/laravel/framework/src/Illuminate/Foundation/Console/Kernel.php(383): Illuminate\\Foundation\\Application->bootstrapWith()
#12 /var/www/emaparking_dss/vendor/laravel/framework/src/Illuminate/Foundation/Console/Kernel.php(153): Illuminate\\Foundation\\Console\\Kernel->bootstrap()
#13 Command line code(1): Illuminate\\Foundation\\Console\\Kernel->handle()
#14 {main}
"} 
[2025-03-24 15:11:58] local.ERROR: Class "\Themes\BC\ThemeProvider" not found {"exception":"[object] (Error(code: 0): Class \"\\Themes\\BC\\ThemeProvider\" not found at /var/www/emaparking_dss/themes/ThemeServiceProvider.php:23)
[stacktrace]
#0 /var/www/emaparking_dss/vendor/laravel/framework/src/Illuminate/Container/BoundMethod.php(36): Themes\\ThemeServiceProvider->boot()
#1 /var/www/emaparking_dss/vendor/laravel/framework/src/Illuminate/Container/Util.php(41): Illuminate\\Container\\BoundMethod::Illuminate\\Container\\{closure}()
#2 /var/www/emaparking_dss/vendor/laravel/framework/src/Illuminate/Container/BoundMethod.php(93): Illuminate\\Container\\Util::unwrapIfClosure()
#3 /var/www/emaparking_dss/vendor/laravel/framework/src/Illuminate/Container/BoundMethod.php(35): Illuminate\\Container\\BoundMethod::callBoundMethod()
#4 /var/www/emaparking_dss/vendor/laravel/framework/src/Illuminate/Container/Container.php(651): Illuminate\\Container\\BoundMethod::call()
#5 /var/www/emaparking_dss/vendor/laravel/framework/src/Illuminate/Foundation/Application.php(933): Illuminate\\Container\\Container->call()
#6 /var/www/emaparking_dss/vendor/laravel/framework/src/Illuminate/Foundation/Application.php(914): Illuminate\\Foundation\\Application->bootProvider()
#7 [internal function]: Illuminate\\Foundation\\Application->Illuminate\\Foundation\\{closure}()
#8 /var/www/emaparking_dss/vendor/laravel/framework/src/Illuminate/Foundation/Application.php(913): array_walk()
#9 /var/www/emaparking_dss/vendor/laravel/framework/src/Illuminate/Foundation/Bootstrap/BootProviders.php(17): Illuminate\\Foundation\\Application->boot()
#10 /var/www/emaparking_dss/vendor/laravel/framework/src/Illuminate/Foundation/Application.php(242): Illuminate\\Foundation\\Bootstrap\\BootProviders->bootstrap()
#11 /var/www/emaparking_dss/vendor/laravel/framework/src/Illuminate/Foundation/Console/Kernel.php(383): Illuminate\\Foundation\\Application->bootstrapWith()
#12 /var/www/emaparking_dss/vendor/laravel/framework/src/Illuminate/Foundation/Console/Kernel.php(153): Illuminate\\Foundation\\Console\\Kernel->bootstrap()
#13 Command line code(1): Illuminate\\Foundation\\Console\\Kernel->handle()
#14 {main}
"} 
[2025-03-24 15:12:58] local.ERROR: Class "\Themes\BC\ThemeProvider" not found {"exception":"[object] (Error(code: 0): Class \"\\Themes\\BC\\ThemeProvider\" not found at /var/www/emaparking_dss/themes/ThemeServiceProvider.php:23)
[stacktrace]
#0 /var/www/emaparking_dss/vendor/laravel/framework/src/Illuminate/Container/BoundMethod.php(36): Themes\\ThemeServiceProvider->boot()
#1 /var/www/emaparking_dss/vendor/laravel/framework/src/Illuminate/Container/Util.php(41): Illuminate\\Container\\BoundMethod::Illuminate\\Container\\{closure}()
#2 /var/www/emaparking_dss/vendor/laravel/framework/src/Illuminate/Container/BoundMethod.php(93): Illuminate\\Container\\Util::unwrapIfClosure()
#3 /var/www/emaparking_dss/vendor/laravel/framework/src/Illuminate/Container/BoundMethod.php(35): Illuminate\\Container\\BoundMethod::callBoundMethod()
#4 /var/www/emaparking_dss/vendor/laravel/framework/src/Illuminate/Container/Container.php(651): Illuminate\\Container\\BoundMethod::call()
#5 /var/www/emaparking_dss/vendor/laravel/framework/src/Illuminate/Foundation/Application.php(933): Illuminate\\Container\\Container->call()
#6 /var/www/emaparking_dss/vendor/laravel/framework/src/Illuminate/Foundation/Application.php(914): Illuminate\\Foundation\\Application->bootProvider()
#7 [internal function]: Illuminate\\Foundation\\Application->Illuminate\\Foundation\\{closure}()
#8 /var/www/emaparking_dss/vendor/laravel/framework/src/Illuminate/Foundation/Application.php(913): array_walk()
#9 /var/www/emaparking_dss/vendor/laravel/framework/src/Illuminate/Foundation/Bootstrap/BootProviders.php(17): Illuminate\\Foundation\\Application->boot()
#10 /var/www/emaparking_dss/vendor/laravel/framework/src/Illuminate/Foundation/Application.php(242): Illuminate\\Foundation\\Bootstrap\\BootProviders->bootstrap()
#11 /var/www/emaparking_dss/vendor/laravel/framework/src/Illuminate/Foundation/Console/Kernel.php(383): Illuminate\\Foundation\\Application->bootstrapWith()
#12 /var/www/emaparking_dss/vendor/laravel/framework/src/Illuminate/Foundation/Console/Kernel.php(153): Illuminate\\Foundation\\Console\\Kernel->bootstrap()
#13 Command line code(1): Illuminate\\Foundation\\Console\\Kernel->handle()
#14 {main}
"} 
[2025-03-24 15:12:58] local.ERROR: Class "\Themes\BC\ThemeProvider" not found {"exception":"[object] (Error(code: 0): Class \"\\Themes\\BC\\ThemeProvider\" not found at /var/www/emaparking_dss/themes/ThemeServiceProvider.php:23)
[stacktrace]
#0 /var/www/emaparking_dss/vendor/laravel/framework/src/Illuminate/Container/BoundMethod.php(36): Themes\\ThemeServiceProvider->boot()
#1 /var/www/emaparking_dss/vendor/laravel/framework/src/Illuminate/Container/Util.php(41): Illuminate\\Container\\BoundMethod::Illuminate\\Container\\{closure}()
#2 /var/www/emaparking_dss/vendor/laravel/framework/src/Illuminate/Container/BoundMethod.php(93): Illuminate\\Container\\Util::unwrapIfClosure()
#3 /var/www/emaparking_dss/vendor/laravel/framework/src/Illuminate/Container/BoundMethod.php(35): Illuminate\\Container\\BoundMethod::callBoundMethod()
#4 /var/www/emaparking_dss/vendor/laravel/framework/src/Illuminate/Container/Container.php(651): Illuminate\\Container\\BoundMethod::call()
#5 /var/www/emaparking_dss/vendor/laravel/framework/src/Illuminate/Foundation/Application.php(933): Illuminate\\Container\\Container->call()
#6 /var/www/emaparking_dss/vendor/laravel/framework/src/Illuminate/Foundation/Application.php(914): Illuminate\\Foundation\\Application->bootProvider()
#7 [internal function]: Illuminate\\Foundation\\Application->Illuminate\\Foundation\\{closure}()
#8 /var/www/emaparking_dss/vendor/laravel/framework/src/Illuminate/Foundation/Application.php(913): array_walk()
#9 /var/www/emaparking_dss/vendor/laravel/framework/src/Illuminate/Foundation/Bootstrap/BootProviders.php(17): Illuminate\\Foundation\\Application->boot()
#10 /var/www/emaparking_dss/vendor/laravel/framework/src/Illuminate/Foundation/Application.php(242): Illuminate\\Foundation\\Bootstrap\\BootProviders->bootstrap()
#11 /var/www/emaparking_dss/vendor/laravel/framework/src/Illuminate/Foundation/Console/Kernel.php(383): Illuminate\\Foundation\\Application->bootstrapWith()
#12 /var/www/emaparking_dss/vendor/laravel/framework/src/Illuminate/Foundation/Console/Kernel.php(153): Illuminate\\Foundation\\Console\\Kernel->bootstrap()
#13 Command line code(1): Illuminate\\Foundation\\Console\\Kernel->handle()
#14 {main}
"} 
[2025-03-24 15:13:58] local.ERROR: Class "\Themes\BC\ThemeProvider" not found {"exception":"[object] (Error(code: 0): Class \"\\Themes\\BC\\ThemeProvider\" not found at /var/www/emaparking_dss/themes/ThemeServiceProvider.php:23)
[stacktrace]
#0 /var/www/emaparking_dss/vendor/laravel/framework/src/Illuminate/Container/BoundMethod.php(36): Themes\\ThemeServiceProvider->boot()
#1 /var/www/emaparking_dss/vendor/laravel/framework/src/Illuminate/Container/Util.php(41): Illuminate\\Container\\BoundMethod::Illuminate\\Container\\{closure}()
#2 /var/www/emaparking_dss/vendor/laravel/framework/src/Illuminate/Container/BoundMethod.php(93): Illuminate\\Container\\Util::unwrapIfClosure()
#3 /var/www/emaparking_dss/vendor/laravel/framework/src/Illuminate/Container/BoundMethod.php(35): Illuminate\\Container\\BoundMethod::callBoundMethod()
#4 /var/www/emaparking_dss/vendor/laravel/framework/src/Illuminate/Container/Container.php(651): Illuminate\\Container\\BoundMethod::call()
#5 /var/www/emaparking_dss/vendor/laravel/framework/src/Illuminate/Foundation/Application.php(933): Illuminate\\Container\\Container->call()
#6 /var/www/emaparking_dss/vendor/laravel/framework/src/Illuminate/Foundation/Application.php(914): Illuminate\\Foundation\\Application->bootProvider()
#7 [internal function]: Illuminate\\Foundation\\Application->Illuminate\\Foundation\\{closure}()
#8 /var/www/emaparking_dss/vendor/laravel/framework/src/Illuminate/Foundation/Application.php(913): array_walk()
#9 /var/www/emaparking_dss/vendor/laravel/framework/src/Illuminate/Foundation/Bootstrap/BootProviders.php(17): Illuminate\\Foundation\\Application->boot()
#10 /var/www/emaparking_dss/vendor/laravel/framework/src/Illuminate/Foundation/Application.php(242): Illuminate\\Foundation\\Bootstrap\\BootProviders->bootstrap()
#11 /var/www/emaparking_dss/vendor/laravel/framework/src/Illuminate/Foundation/Console/Kernel.php(383): Illuminate\\Foundation\\Application->bootstrapWith()
#12 /var/www/emaparking_dss/vendor/laravel/framework/src/Illuminate/Foundation/Console/Kernel.php(153): Illuminate\\Foundation\\Console\\Kernel->bootstrap()
#13 Command line code(1): Illuminate\\Foundation\\Console\\Kernel->handle()
#14 {main}
"} 
[2025-03-24 15:13:58] local.ERROR: Class "\Themes\BC\ThemeProvider" not found {"exception":"[object] (Error(code: 0): Class \"\\Themes\\BC\\ThemeProvider\" not found at /var/www/emaparking_dss/themes/ThemeServiceProvider.php:23)
[stacktrace]
#0 /var/www/emaparking_dss/vendor/laravel/framework/src/Illuminate/Container/BoundMethod.php(36): Themes\\ThemeServiceProvider->boot()
#1 /var/www/emaparking_dss/vendor/laravel/framework/src/Illuminate/Container/Util.php(41): Illuminate\\Container\\BoundMethod::Illuminate\\Container\\{closure}()
#2 /var/www/emaparking_dss/vendor/laravel/framework/src/Illuminate/Container/BoundMethod.php(93): Illuminate\\Container\\Util::unwrapIfClosure()
#3 /var/www/emaparking_dss/vendor/laravel/framework/src/Illuminate/Container/BoundMethod.php(35): Illuminate\\Container\\BoundMethod::callBoundMethod()
#4 /var/www/emaparking_dss/vendor/laravel/framework/src/Illuminate/Container/Container.php(651): Illuminate\\Container\\BoundMethod::call()
#5 /var/www/emaparking_dss/vendor/laravel/framework/src/Illuminate/Foundation/Application.php(933): Illuminate\\Container\\Container->call()
#6 /var/www/emaparking_dss/vendor/laravel/framework/src/Illuminate/Foundation/Application.php(914): Illuminate\\Foundation\\Application->bootProvider()
#7 [internal function]: Illuminate\\Foundation\\Application->Illuminate\\Foundation\\{closure}()
#8 /var/www/emaparking_dss/vendor/laravel/framework/src/Illuminate/Foundation/Application.php(913): array_walk()
#9 /var/www/emaparking_dss/vendor/laravel/framework/src/Illuminate/Foundation/Bootstrap/BootProviders.php(17): Illuminate\\Foundation\\Application->boot()
#10 /var/www/emaparking_dss/vendor/laravel/framework/src/Illuminate/Foundation/Application.php(242): Illuminate\\Foundation\\Bootstrap\\BootProviders->bootstrap()
#11 /var/www/emaparking_dss/vendor/laravel/framework/src/Illuminate/Foundation/Console/Kernel.php(383): Illuminate\\Foundation\\Application->bootstrapWith()
#12 /var/www/emaparking_dss/vendor/laravel/framework/src/Illuminate/Foundation/Console/Kernel.php(153): Illuminate\\Foundation\\Console\\Kernel->bootstrap()
#13 Command line code(1): Illuminate\\Foundation\\Console\\Kernel->handle()
#14 {main}
"} 
[2025-03-24 15:14:58] local.ERROR: Class "\Themes\BC\ThemeProvider" not found {"exception":"[object] (Error(code: 0): Class \"\\Themes\\BC\\ThemeProvider\" not found at /var/www/emaparking_dss/themes/ThemeServiceProvider.php:23)
[stacktrace]
#0 /var/www/emaparking_dss/vendor/laravel/framework/src/Illuminate/Container/BoundMethod.php(36): Themes\\ThemeServiceProvider->boot()
#1 /var/www/emaparking_dss/vendor/laravel/framework/src/Illuminate/Container/Util.php(41): Illuminate\\Container\\BoundMethod::Illuminate\\Container\\{closure}()
#2 /var/www/emaparking_dss/vendor/laravel/framework/src/Illuminate/Container/BoundMethod.php(93): Illuminate\\Container\\Util::unwrapIfClosure()
#3 /var/www/emaparking_dss/vendor/laravel/framework/src/Illuminate/Container/BoundMethod.php(35): Illuminate\\Container\\BoundMethod::callBoundMethod()
#4 /var/www/emaparking_dss/vendor/laravel/framework/src/Illuminate/Container/Container.php(651): Illuminate\\Container\\BoundMethod::call()
#5 /var/www/emaparking_dss/vendor/laravel/framework/src/Illuminate/Foundation/Application.php(933): Illuminate\\Container\\Container->call()
#6 /var/www/emaparking_dss/vendor/laravel/framework/src/Illuminate/Foundation/Application.php(914): Illuminate\\Foundation\\Application->bootProvider()
#7 [internal function]: Illuminate\\Foundation\\Application->Illuminate\\Foundation\\{closure}()
#8 /var/www/emaparking_dss/vendor/laravel/framework/src/Illuminate/Foundation/Application.php(913): array_walk()
#9 /var/www/emaparking_dss/vendor/laravel/framework/src/Illuminate/Foundation/Bootstrap/BootProviders.php(17): Illuminate\\Foundation\\Application->boot()
#10 /var/www/emaparking_dss/vendor/laravel/framework/src/Illuminate/Foundation/Application.php(242): Illuminate\\Foundation\\Bootstrap\\BootProviders->bootstrap()
#11 /var/www/emaparking_dss/vendor/laravel/framework/src/Illuminate/Foundation/Console/Kernel.php(383): Illuminate\\Foundation\\Application->bootstrapWith()
#12 /var/www/emaparking_dss/vendor/laravel/framework/src/Illuminate/Foundation/Console/Kernel.php(153): Illuminate\\Foundation\\Console\\Kernel->bootstrap()
#13 Command line code(1): Illuminate\\Foundation\\Console\\Kernel->handle()
#14 {main}
"} 
[2025-03-24 15:14:58] local.ERROR: Class "\Themes\BC\ThemeProvider" not found {"exception":"[object] (Error(code: 0): Class \"\\Themes\\BC\\ThemeProvider\" not found at /var/www/emaparking_dss/themes/ThemeServiceProvider.php:23)
[stacktrace]
#0 /var/www/emaparking_dss/vendor/laravel/framework/src/Illuminate/Container/BoundMethod.php(36): Themes\\ThemeServiceProvider->boot()
#1 /var/www/emaparking_dss/vendor/laravel/framework/src/Illuminate/Container/Util.php(41): Illuminate\\Container\\BoundMethod::Illuminate\\Container\\{closure}()
#2 /var/www/emaparking_dss/vendor/laravel/framework/src/Illuminate/Container/BoundMethod.php(93): Illuminate\\Container\\Util::unwrapIfClosure()
#3 /var/www/emaparking_dss/vendor/laravel/framework/src/Illuminate/Container/BoundMethod.php(35): Illuminate\\Container\\BoundMethod::callBoundMethod()
#4 /var/www/emaparking_dss/vendor/laravel/framework/src/Illuminate/Container/Container.php(651): Illuminate\\Container\\BoundMethod::call()
#5 /var/www/emaparking_dss/vendor/laravel/framework/src/Illuminate/Foundation/Application.php(933): Illuminate\\Container\\Container->call()
#6 /var/www/emaparking_dss/vendor/laravel/framework/src/Illuminate/Foundation/Application.php(914): Illuminate\\Foundation\\Application->bootProvider()
#7 [internal function]: Illuminate\\Foundation\\Application->Illuminate\\Foundation\\{closure}()
#8 /var/www/emaparking_dss/vendor/laravel/framework/src/Illuminate/Foundation/Application.php(913): array_walk()
#9 /var/www/emaparking_dss/vendor/laravel/framework/src/Illuminate/Foundation/Bootstrap/BootProviders.php(17): Illuminate\\Foundation\\Application->boot()
#10 /var/www/emaparking_dss/vendor/laravel/framework/src/Illuminate/Foundation/Application.php(242): Illuminate\\Foundation\\Bootstrap\\BootProviders->bootstrap()
#11 /var/www/emaparking_dss/vendor/laravel/framework/src/Illuminate/Foundation/Console/Kernel.php(383): Illuminate\\Foundation\\Application->bootstrapWith()
#12 /var/www/emaparking_dss/vendor/laravel/framework/src/Illuminate/Foundation/Console/Kernel.php(153): Illuminate\\Foundation\\Console\\Kernel->bootstrap()
#13 Command line code(1): Illuminate\\Foundation\\Console\\Kernel->handle()
#14 {main}
"} 
[2025-03-24 15:15:58] local.ERROR: Class "\Themes\BC\ThemeProvider" not found {"exception":"[object] (Error(code: 0): Class \"\\Themes\\BC\\ThemeProvider\" not found at /var/www/emaparking_dss/themes/ThemeServiceProvider.php:23)
[stacktrace]
#0 /var/www/emaparking_dss/vendor/laravel/framework/src/Illuminate/Container/BoundMethod.php(36): Themes\\ThemeServiceProvider->boot()
#1 /var/www/emaparking_dss/vendor/laravel/framework/src/Illuminate/Container/Util.php(41): Illuminate\\Container\\BoundMethod::Illuminate\\Container\\{closure}()
#2 /var/www/emaparking_dss/vendor/laravel/framework/src/Illuminate/Container/BoundMethod.php(93): Illuminate\\Container\\Util::unwrapIfClosure()
#3 /var/www/emaparking_dss/vendor/laravel/framework/src/Illuminate/Container/BoundMethod.php(35): Illuminate\\Container\\BoundMethod::callBoundMethod()
#4 /var/www/emaparking_dss/vendor/laravel/framework/src/Illuminate/Container/Container.php(651): Illuminate\\Container\\BoundMethod::call()
#5 /var/www/emaparking_dss/vendor/laravel/framework/src/Illuminate/Foundation/Application.php(933): Illuminate\\Container\\Container->call()
#6 /var/www/emaparking_dss/vendor/laravel/framework/src/Illuminate/Foundation/Application.php(914): Illuminate\\Foundation\\Application->bootProvider()
#7 [internal function]: Illuminate\\Foundation\\Application->Illuminate\\Foundation\\{closure}()
#8 /var/www/emaparking_dss/vendor/laravel/framework/src/Illuminate/Foundation/Application.php(913): array_walk()
#9 /var/www/emaparking_dss/vendor/laravel/framework/src/Illuminate/Foundation/Bootstrap/BootProviders.php(17): Illuminate\\Foundation\\Application->boot()
#10 /var/www/emaparking_dss/vendor/laravel/framework/src/Illuminate/Foundation/Application.php(242): Illuminate\\Foundation\\Bootstrap\\BootProviders->bootstrap()
#11 /var/www/emaparking_dss/vendor/laravel/framework/src/Illuminate/Foundation/Console/Kernel.php(383): Illuminate\\Foundation\\Application->bootstrapWith()
#12 /var/www/emaparking_dss/vendor/laravel/framework/src/Illuminate/Foundation/Console/Kernel.php(153): Illuminate\\Foundation\\Console\\Kernel->bootstrap()
#13 Command line code(1): Illuminate\\Foundation\\Console\\Kernel->handle()
#14 {main}
"} 
[2025-03-24 15:15:58] local.ERROR: Class "\Themes\BC\ThemeProvider" not found {"exception":"[object] (Error(code: 0): Class \"\\Themes\\BC\\ThemeProvider\" not found at /var/www/emaparking_dss/themes/ThemeServiceProvider.php:23)
[stacktrace]
#0 /var/www/emaparking_dss/vendor/laravel/framework/src/Illuminate/Container/BoundMethod.php(36): Themes\\ThemeServiceProvider->boot()
#1 /var/www/emaparking_dss/vendor/laravel/framework/src/Illuminate/Container/Util.php(41): Illuminate\\Container\\BoundMethod::Illuminate\\Container\\{closure}()
#2 /var/www/emaparking_dss/vendor/laravel/framework/src/Illuminate/Container/BoundMethod.php(93): Illuminate\\Container\\Util::unwrapIfClosure()
#3 /var/www/emaparking_dss/vendor/laravel/framework/src/Illuminate/Container/BoundMethod.php(35): Illuminate\\Container\\BoundMethod::callBoundMethod()
#4 /var/www/emaparking_dss/vendor/laravel/framework/src/Illuminate/Container/Container.php(651): Illuminate\\Container\\BoundMethod::call()
#5 /var/www/emaparking_dss/vendor/laravel/framework/src/Illuminate/Foundation/Application.php(933): Illuminate\\Container\\Container->call()
#6 /var/www/emaparking_dss/vendor/laravel/framework/src/Illuminate/Foundation/Application.php(914): Illuminate\\Foundation\\Application->bootProvider()
#7 [internal function]: Illuminate\\Foundation\\Application->Illuminate\\Foundation\\{closure}()
#8 /var/www/emaparking_dss/vendor/laravel/framework/src/Illuminate/Foundation/Application.php(913): array_walk()
#9 /var/www/emaparking_dss/vendor/laravel/framework/src/Illuminate/Foundation/Bootstrap/BootProviders.php(17): Illuminate\\Foundation\\Application->boot()
#10 /var/www/emaparking_dss/vendor/laravel/framework/src/Illuminate/Foundation/Application.php(242): Illuminate\\Foundation\\Bootstrap\\BootProviders->bootstrap()
#11 /var/www/emaparking_dss/vendor/laravel/framework/src/Illuminate/Foundation/Console/Kernel.php(383): Illuminate\\Foundation\\Application->bootstrapWith()
#12 /var/www/emaparking_dss/vendor/laravel/framework/src/Illuminate/Foundation/Console/Kernel.php(153): Illuminate\\Foundation\\Console\\Kernel->bootstrap()
#13 Command line code(1): Illuminate\\Foundation\\Console\\Kernel->handle()
#14 {main}
"} 
[2025-03-24 15:16:58] local.ERROR: Class "\Themes\BC\ThemeProvider" not found {"exception":"[object] (Error(code: 0): Class \"\\Themes\\BC\\ThemeProvider\" not found at /var/www/emaparking_dss/themes/ThemeServiceProvider.php:23)
[stacktrace]
#0 /var/www/emaparking_dss/vendor/laravel/framework/src/Illuminate/Container/BoundMethod.php(36): Themes\\ThemeServiceProvider->boot()
#1 /var/www/emaparking_dss/vendor/laravel/framework/src/Illuminate/Container/Util.php(41): Illuminate\\Container\\BoundMethod::Illuminate\\Container\\{closure}()
#2 /var/www/emaparking_dss/vendor/laravel/framework/src/Illuminate/Container/BoundMethod.php(93): Illuminate\\Container\\Util::unwrapIfClosure()
#3 /var/www/emaparking_dss/vendor/laravel/framework/src/Illuminate/Container/BoundMethod.php(35): Illuminate\\Container\\BoundMethod::callBoundMethod()
#4 /var/www/emaparking_dss/vendor/laravel/framework/src/Illuminate/Container/Container.php(651): Illuminate\\Container\\BoundMethod::call()
#5 /var/www/emaparking_dss/vendor/laravel/framework/src/Illuminate/Foundation/Application.php(933): Illuminate\\Container\\Container->call()
#6 /var/www/emaparking_dss/vendor/laravel/framework/src/Illuminate/Foundation/Application.php(914): Illuminate\\Foundation\\Application->bootProvider()
#7 [internal function]: Illuminate\\Foundation\\Application->Illuminate\\Foundation\\{closure}()
#8 /var/www/emaparking_dss/vendor/laravel/framework/src/Illuminate/Foundation/Application.php(913): array_walk()
#9 /var/www/emaparking_dss/vendor/laravel/framework/src/Illuminate/Foundation/Bootstrap/BootProviders.php(17): Illuminate\\Foundation\\Application->boot()
#10 /var/www/emaparking_dss/vendor/laravel/framework/src/Illuminate/Foundation/Application.php(242): Illuminate\\Foundation\\Bootstrap\\BootProviders->bootstrap()
#11 /var/www/emaparking_dss/vendor/laravel/framework/src/Illuminate/Foundation/Console/Kernel.php(383): Illuminate\\Foundation\\Application->bootstrapWith()
#12 /var/www/emaparking_dss/vendor/laravel/framework/src/Illuminate/Foundation/Console/Kernel.php(153): Illuminate\\Foundation\\Console\\Kernel->bootstrap()
#13 Command line code(1): Illuminate\\Foundation\\Console\\Kernel->handle()
#14 {main}
"} 
[2025-03-24 15:16:58] local.ERROR: Class "\Themes\BC\ThemeProvider" not found {"exception":"[object] (Error(code: 0): Class \"\\Themes\\BC\\ThemeProvider\" not found at /var/www/emaparking_dss/themes/ThemeServiceProvider.php:23)
[stacktrace]
#0 /var/www/emaparking_dss/vendor/laravel/framework/src/Illuminate/Container/BoundMethod.php(36): Themes\\ThemeServiceProvider->boot()
#1 /var/www/emaparking_dss/vendor/laravel/framework/src/Illuminate/Container/Util.php(41): Illuminate\\Container\\BoundMethod::Illuminate\\Container\\{closure}()
#2 /var/www/emaparking_dss/vendor/laravel/framework/src/Illuminate/Container/BoundMethod.php(93): Illuminate\\Container\\Util::unwrapIfClosure()
#3 /var/www/emaparking_dss/vendor/laravel/framework/src/Illuminate/Container/BoundMethod.php(35): Illuminate\\Container\\BoundMethod::callBoundMethod()
#4 /var/www/emaparking_dss/vendor/laravel/framework/src/Illuminate/Container/Container.php(651): Illuminate\\Container\\BoundMethod::call()
#5 /var/www/emaparking_dss/vendor/laravel/framework/src/Illuminate/Foundation/Application.php(933): Illuminate\\Container\\Container->call()
#6 /var/www/emaparking_dss/vendor/laravel/framework/src/Illuminate/Foundation/Application.php(914): Illuminate\\Foundation\\Application->bootProvider()
#7 [internal function]: Illuminate\\Foundation\\Application->Illuminate\\Foundation\\{closure}()
#8 /var/www/emaparking_dss/vendor/laravel/framework/src/Illuminate/Foundation/Application.php(913): array_walk()
#9 /var/www/emaparking_dss/vendor/laravel/framework/src/Illuminate/Foundation/Bootstrap/BootProviders.php(17): Illuminate\\Foundation\\Application->boot()
#10 /var/www/emaparking_dss/vendor/laravel/framework/src/Illuminate/Foundation/Application.php(242): Illuminate\\Foundation\\Bootstrap\\BootProviders->bootstrap()
#11 /var/www/emaparking_dss/vendor/laravel/framework/src/Illuminate/Foundation/Console/Kernel.php(383): Illuminate\\Foundation\\Application->bootstrapWith()
#12 /var/www/emaparking_dss/vendor/laravel/framework/src/Illuminate/Foundation/Console/Kernel.php(153): Illuminate\\Foundation\\Console\\Kernel->bootstrap()
#13 Command line code(1): Illuminate\\Foundation\\Console\\Kernel->handle()
#14 {main}
"} 
[2025-03-24 15:17:58] local.ERROR: Class "\Themes\BC\ThemeProvider" not found {"exception":"[object] (Error(code: 0): Class \"\\Themes\\BC\\ThemeProvider\" not found at /var/www/emaparking_dss/themes/ThemeServiceProvider.php:23)
[stacktrace]
#0 /var/www/emaparking_dss/vendor/laravel/framework/src/Illuminate/Container/BoundMethod.php(36): Themes\\ThemeServiceProvider->boot()
#1 /var/www/emaparking_dss/vendor/laravel/framework/src/Illuminate/Container/Util.php(41): Illuminate\\Container\\BoundMethod::Illuminate\\Container\\{closure}()
#2 /var/www/emaparking_dss/vendor/laravel/framework/src/Illuminate/Container/BoundMethod.php(93): Illuminate\\Container\\Util::unwrapIfClosure()
#3 /var/www/emaparking_dss/vendor/laravel/framework/src/Illuminate/Container/BoundMethod.php(35): Illuminate\\Container\\BoundMethod::callBoundMethod()
#4 /var/www/emaparking_dss/vendor/laravel/framework/src/Illuminate/Container/Container.php(651): Illuminate\\Container\\BoundMethod::call()
#5 /var/www/emaparking_dss/vendor/laravel/framework/src/Illuminate/Foundation/Application.php(933): Illuminate\\Container\\Container->call()
#6 /var/www/emaparking_dss/vendor/laravel/framework/src/Illuminate/Foundation/Application.php(914): Illuminate\\Foundation\\Application->bootProvider()
#7 [internal function]: Illuminate\\Foundation\\Application->Illuminate\\Foundation\\{closure}()
#8 /var/www/emaparking_dss/vendor/laravel/framework/src/Illuminate/Foundation/Application.php(913): array_walk()
#9 /var/www/emaparking_dss/vendor/laravel/framework/src/Illuminate/Foundation/Bootstrap/BootProviders.php(17): Illuminate\\Foundation\\Application->boot()
#10 /var/www/emaparking_dss/vendor/laravel/framework/src/Illuminate/Foundation/Application.php(242): Illuminate\\Foundation\\Bootstrap\\BootProviders->bootstrap()
#11 /var/www/emaparking_dss/vendor/laravel/framework/src/Illuminate/Foundation/Console/Kernel.php(383): Illuminate\\Foundation\\Application->bootstrapWith()
#12 /var/www/emaparking_dss/vendor/laravel/framework/src/Illuminate/Foundation/Console/Kernel.php(153): Illuminate\\Foundation\\Console\\Kernel->bootstrap()
#13 Command line code(1): Illuminate\\Foundation\\Console\\Kernel->handle()
#14 {main}
"} 
[2025-03-24 15:17:58] local.ERROR: Class "\Themes\BC\ThemeProvider" not found {"exception":"[object] (Error(code: 0): Class \"\\Themes\\BC\\ThemeProvider\" not found at /var/www/emaparking_dss/themes/ThemeServiceProvider.php:23)
[stacktrace]
#0 /var/www/emaparking_dss/vendor/laravel/framework/src/Illuminate/Container/BoundMethod.php(36): Themes\\ThemeServiceProvider->boot()
#1 /var/www/emaparking_dss/vendor/laravel/framework/src/Illuminate/Container/Util.php(41): Illuminate\\Container\\BoundMethod::Illuminate\\Container\\{closure}()
#2 /var/www/emaparking_dss/vendor/laravel/framework/src/Illuminate/Container/BoundMethod.php(93): Illuminate\\Container\\Util::unwrapIfClosure()
#3 /var/www/emaparking_dss/vendor/laravel/framework/src/Illuminate/Container/BoundMethod.php(35): Illuminate\\Container\\BoundMethod::callBoundMethod()
#4 /var/www/emaparking_dss/vendor/laravel/framework/src/Illuminate/Container/Container.php(651): Illuminate\\Container\\BoundMethod::call()
#5 /var/www/emaparking_dss/vendor/laravel/framework/src/Illuminate/Foundation/Application.php(933): Illuminate\\Container\\Container->call()
#6 /var/www/emaparking_dss/vendor/laravel/framework/src/Illuminate/Foundation/Application.php(914): Illuminate\\Foundation\\Application->bootProvider()
#7 [internal function]: Illuminate\\Foundation\\Application->Illuminate\\Foundation\\{closure}()
#8 /var/www/emaparking_dss/vendor/laravel/framework/src/Illuminate/Foundation/Application.php(913): array_walk()
#9 /var/www/emaparking_dss/vendor/laravel/framework/src/Illuminate/Foundation/Bootstrap/BootProviders.php(17): Illuminate\\Foundation\\Application->boot()
#10 /var/www/emaparking_dss/vendor/laravel/framework/src/Illuminate/Foundation/Application.php(242): Illuminate\\Foundation\\Bootstrap\\BootProviders->bootstrap()
#11 /var/www/emaparking_dss/vendor/laravel/framework/src/Illuminate/Foundation/Console/Kernel.php(383): Illuminate\\Foundation\\Application->bootstrapWith()
#12 /var/www/emaparking_dss/vendor/laravel/framework/src/Illuminate/Foundation/Console/Kernel.php(153): Illuminate\\Foundation\\Console\\Kernel->bootstrap()
#13 Command line code(1): Illuminate\\Foundation\\Console\\Kernel->handle()
#14 {main}
"} 
[2025-03-24 15:18:58] local.ERROR: Class "\Themes\BC\ThemeProvider" not found {"exception":"[object] (Error(code: 0): Class \"\\Themes\\BC\\ThemeProvider\" not found at /var/www/emaparking_dss/themes/ThemeServiceProvider.php:23)
[stacktrace]
#0 /var/www/emaparking_dss/vendor/laravel/framework/src/Illuminate/Container/BoundMethod.php(36): Themes\\ThemeServiceProvider->boot()
#1 /var/www/emaparking_dss/vendor/laravel/framework/src/Illuminate/Container/Util.php(41): Illuminate\\Container\\BoundMethod::Illuminate\\Container\\{closure}()
#2 /var/www/emaparking_dss/vendor/laravel/framework/src/Illuminate/Container/BoundMethod.php(93): Illuminate\\Container\\Util::unwrapIfClosure()
#3 /var/www/emaparking_dss/vendor/laravel/framework/src/Illuminate/Container/BoundMethod.php(35): Illuminate\\Container\\BoundMethod::callBoundMethod()
#4 /var/www/emaparking_dss/vendor/laravel/framework/src/Illuminate/Container/Container.php(651): Illuminate\\Container\\BoundMethod::call()
#5 /var/www/emaparking_dss/vendor/laravel/framework/src/Illuminate/Foundation/Application.php(933): Illuminate\\Container\\Container->call()
#6 /var/www/emaparking_dss/vendor/laravel/framework/src/Illuminate/Foundation/Application.php(914): Illuminate\\Foundation\\Application->bootProvider()
#7 [internal function]: Illuminate\\Foundation\\Application->Illuminate\\Foundation\\{closure}()
#8 /var/www/emaparking_dss/vendor/laravel/framework/src/Illuminate/Foundation/Application.php(913): array_walk()
#9 /var/www/emaparking_dss/vendor/laravel/framework/src/Illuminate/Foundation/Bootstrap/BootProviders.php(17): Illuminate\\Foundation\\Application->boot()
#10 /var/www/emaparking_dss/vendor/laravel/framework/src/Illuminate/Foundation/Application.php(242): Illuminate\\Foundation\\Bootstrap\\BootProviders->bootstrap()
#11 /var/www/emaparking_dss/vendor/laravel/framework/src/Illuminate/Foundation/Console/Kernel.php(383): Illuminate\\Foundation\\Application->bootstrapWith()
#12 /var/www/emaparking_dss/vendor/laravel/framework/src/Illuminate/Foundation/Console/Kernel.php(153): Illuminate\\Foundation\\Console\\Kernel->bootstrap()
#13 Command line code(1): Illuminate\\Foundation\\Console\\Kernel->handle()
#14 {main}
"} 
[2025-03-24 15:18:58] local.ERROR: Class "\Themes\BC\ThemeProvider" not found {"exception":"[object] (Error(code: 0): Class \"\\Themes\\BC\\ThemeProvider\" not found at /var/www/emaparking_dss/themes/ThemeServiceProvider.php:23)
[stacktrace]
#0 /var/www/emaparking_dss/vendor/laravel/framework/src/Illuminate/Container/BoundMethod.php(36): Themes\\ThemeServiceProvider->boot()
#1 /var/www/emaparking_dss/vendor/laravel/framework/src/Illuminate/Container/Util.php(41): Illuminate\\Container\\BoundMethod::Illuminate\\Container\\{closure}()
#2 /var/www/emaparking_dss/vendor/laravel/framework/src/Illuminate/Container/BoundMethod.php(93): Illuminate\\Container\\Util::unwrapIfClosure()
#3 /var/www/emaparking_dss/vendor/laravel/framework/src/Illuminate/Container/BoundMethod.php(35): Illuminate\\Container\\BoundMethod::callBoundMethod()
#4 /var/www/emaparking_dss/vendor/laravel/framework/src/Illuminate/Container/Container.php(651): Illuminate\\Container\\BoundMethod::call()
#5 /var/www/emaparking_dss/vendor/laravel/framework/src/Illuminate/Foundation/Application.php(933): Illuminate\\Container\\Container->call()
#6 /var/www/emaparking_dss/vendor/laravel/framework/src/Illuminate/Foundation/Application.php(914): Illuminate\\Foundation\\Application->bootProvider()
#7 [internal function]: Illuminate\\Foundation\\Application->Illuminate\\Foundation\\{closure}()
#8 /var/www/emaparking_dss/vendor/laravel/framework/src/Illuminate/Foundation/Application.php(913): array_walk()
#9 /var/www/emaparking_dss/vendor/laravel/framework/src/Illuminate/Foundation/Bootstrap/BootProviders.php(17): Illuminate\\Foundation\\Application->boot()
#10 /var/www/emaparking_dss/vendor/laravel/framework/src/Illuminate/Foundation/Application.php(242): Illuminate\\Foundation\\Bootstrap\\BootProviders->bootstrap()
#11 /var/www/emaparking_dss/vendor/laravel/framework/src/Illuminate/Foundation/Console/Kernel.php(383): Illuminate\\Foundation\\Application->bootstrapWith()
#12 /var/www/emaparking_dss/vendor/laravel/framework/src/Illuminate/Foundation/Console/Kernel.php(153): Illuminate\\Foundation\\Console\\Kernel->bootstrap()
#13 Command line code(1): Illuminate\\Foundation\\Console\\Kernel->handle()
#14 {main}
"} 
[2025-03-24 15:18:58] local.ERROR: Class "\Themes\BC\ThemeProvider" not found {"exception":"[object] (Error(code: 0): Class \"\\Themes\\BC\\ThemeProvider\" not found at /var/www/emaparking_dss/themes/ThemeServiceProvider.php:23)
[stacktrace]
#0 /var/www/emaparking_dss/vendor/laravel/framework/src/Illuminate/Container/BoundMethod.php(36): Themes\\ThemeServiceProvider->boot()
#1 /var/www/emaparking_dss/vendor/laravel/framework/src/Illuminate/Container/Util.php(41): Illuminate\\Container\\BoundMethod::Illuminate\\Container\\{closure}()
#2 /var/www/emaparking_dss/vendor/laravel/framework/src/Illuminate/Container/BoundMethod.php(93): Illuminate\\Container\\Util::unwrapIfClosure()
#3 /var/www/emaparking_dss/vendor/laravel/framework/src/Illuminate/Container/BoundMethod.php(35): Illuminate\\Container\\BoundMethod::callBoundMethod()
#4 /var/www/emaparking_dss/vendor/laravel/framework/src/Illuminate/Container/Container.php(651): Illuminate\\Container\\BoundMethod::call()
#5 /var/www/emaparking_dss/vendor/laravel/framework/src/Illuminate/Foundation/Application.php(933): Illuminate\\Container\\Container->call()
#6 /var/www/emaparking_dss/vendor/laravel/framework/src/Illuminate/Foundation/Application.php(914): Illuminate\\Foundation\\Application->bootProvider()
#7 [internal function]: Illuminate\\Foundation\\Application->Illuminate\\Foundation\\{closure}()
#8 /var/www/emaparking_dss/vendor/laravel/framework/src/Illuminate/Foundation/Application.php(913): array_walk()
#9 /var/www/emaparking_dss/vendor/laravel/framework/src/Illuminate/Foundation/Bootstrap/BootProviders.php(17): Illuminate\\Foundation\\Application->boot()
#10 /var/www/emaparking_dss/vendor/laravel/framework/src/Illuminate/Foundation/Application.php(242): Illuminate\\Foundation\\Bootstrap\\BootProviders->bootstrap()
#11 /var/www/emaparking_dss/vendor/laravel/framework/src/Illuminate/Foundation/Console/Kernel.php(383): Illuminate\\Foundation\\Application->bootstrapWith()
#12 /var/www/emaparking_dss/vendor/laravel/framework/src/Illuminate/Foundation/Console/Kernel.php(153): Illuminate\\Foundation\\Console\\Kernel->bootstrap()
#13 Command line code(1): Illuminate\\Foundation\\Console\\Kernel->handle()
#14 {main}
"} 
[2025-03-24 15:19:58] local.ERROR: Class "\Themes\BC\ThemeProvider" not found {"exception":"[object] (Error(code: 0): Class \"\\Themes\\BC\\ThemeProvider\" not found at /var/www/emaparking_dss/themes/ThemeServiceProvider.php:23)
[stacktrace]
#0 /var/www/emaparking_dss/vendor/laravel/framework/src/Illuminate/Container/BoundMethod.php(36): Themes\\ThemeServiceProvider->boot()
#1 /var/www/emaparking_dss/vendor/laravel/framework/src/Illuminate/Container/Util.php(41): Illuminate\\Container\\BoundMethod::Illuminate\\Container\\{closure}()
#2 /var/www/emaparking_dss/vendor/laravel/framework/src/Illuminate/Container/BoundMethod.php(93): Illuminate\\Container\\Util::unwrapIfClosure()
#3 /var/www/emaparking_dss/vendor/laravel/framework/src/Illuminate/Container/BoundMethod.php(35): Illuminate\\Container\\BoundMethod::callBoundMethod()
#4 /var/www/emaparking_dss/vendor/laravel/framework/src/Illuminate/Container/Container.php(651): Illuminate\\Container\\BoundMethod::call()
#5 /var/www/emaparking_dss/vendor/laravel/framework/src/Illuminate/Foundation/Application.php(933): Illuminate\\Container\\Container->call()
#6 /var/www/emaparking_dss/vendor/laravel/framework/src/Illuminate/Foundation/Application.php(914): Illuminate\\Foundation\\Application->bootProvider()
#7 [internal function]: Illuminate\\Foundation\\Application->Illuminate\\Foundation\\{closure}()
#8 /var/www/emaparking_dss/vendor/laravel/framework/src/Illuminate/Foundation/Application.php(913): array_walk()
#9 /var/www/emaparking_dss/vendor/laravel/framework/src/Illuminate/Foundation/Bootstrap/BootProviders.php(17): Illuminate\\Foundation\\Application->boot()
#10 /var/www/emaparking_dss/vendor/laravel/framework/src/Illuminate/Foundation/Application.php(242): Illuminate\\Foundation\\Bootstrap\\BootProviders->bootstrap()
#11 /var/www/emaparking_dss/vendor/laravel/framework/src/Illuminate/Foundation/Console/Kernel.php(383): Illuminate\\Foundation\\Application->bootstrapWith()
#12 /var/www/emaparking_dss/vendor/laravel/framework/src/Illuminate/Foundation/Console/Kernel.php(153): Illuminate\\Foundation\\Console\\Kernel->bootstrap()
#13 Command line code(1): Illuminate\\Foundation\\Console\\Kernel->handle()
#14 {main}
"} 
[2025-03-24 15:19:58] local.ERROR: Class "\Themes\BC\ThemeProvider" not found {"exception":"[object] (Error(code: 0): Class \"\\Themes\\BC\\ThemeProvider\" not found at /var/www/emaparking_dss/themes/ThemeServiceProvider.php:23)
[stacktrace]
#0 /var/www/emaparking_dss/vendor/laravel/framework/src/Illuminate/Container/BoundMethod.php(36): Themes\\ThemeServiceProvider->boot()
#1 /var/www/emaparking_dss/vendor/laravel/framework/src/Illuminate/Container/Util.php(41): Illuminate\\Container\\BoundMethod::Illuminate\\Container\\{closure}()
#2 /var/www/emaparking_dss/vendor/laravel/framework/src/Illuminate/Container/BoundMethod.php(93): Illuminate\\Container\\Util::unwrapIfClosure()
#3 /var/www/emaparking_dss/vendor/laravel/framework/src/Illuminate/Container/BoundMethod.php(35): Illuminate\\Container\\BoundMethod::callBoundMethod()
#4 /var/www/emaparking_dss/vendor/laravel/framework/src/Illuminate/Container/Container.php(651): Illuminate\\Container\\BoundMethod::call()
#5 /var/www/emaparking_dss/vendor/laravel/framework/src/Illuminate/Foundation/Application.php(933): Illuminate\\Container\\Container->call()
#6 /var/www/emaparking_dss/vendor/laravel/framework/src/Illuminate/Foundation/Application.php(914): Illuminate\\Foundation\\Application->bootProvider()
#7 [internal function]: Illuminate\\Foundation\\Application->Illuminate\\Foundation\\{closure}()
#8 /var/www/emaparking_dss/vendor/laravel/framework/src/Illuminate/Foundation/Application.php(913): array_walk()
#9 /var/www/emaparking_dss/vendor/laravel/framework/src/Illuminate/Foundation/Bootstrap/BootProviders.php(17): Illuminate\\Foundation\\Application->boot()
#10 /var/www/emaparking_dss/vendor/laravel/framework/src/Illuminate/Foundation/Application.php(242): Illuminate\\Foundation\\Bootstrap\\BootProviders->bootstrap()
#11 /var/www/emaparking_dss/vendor/laravel/framework/src/Illuminate/Foundation/Console/Kernel.php(383): Illuminate\\Foundation\\Application->bootstrapWith()
#12 /var/www/emaparking_dss/vendor/laravel/framework/src/Illuminate/Foundation/Console/Kernel.php(153): Illuminate\\Foundation\\Console\\Kernel->bootstrap()
#13 Command line code(1): Illuminate\\Foundation\\Console\\Kernel->handle()
#14 {main}
"} 
[2025-03-24 15:20:58] local.ERROR: Class "\Themes\BC\ThemeProvider" not found {"exception":"[object] (Error(code: 0): Class \"\\Themes\\BC\\ThemeProvider\" not found at /var/www/emaparking_dss/themes/ThemeServiceProvider.php:23)
[stacktrace]
#0 /var/www/emaparking_dss/vendor/laravel/framework/src/Illuminate/Container/BoundMethod.php(36): Themes\\ThemeServiceProvider->boot()
#1 /var/www/emaparking_dss/vendor/laravel/framework/src/Illuminate/Container/Util.php(41): Illuminate\\Container\\BoundMethod::Illuminate\\Container\\{closure}()
#2 /var/www/emaparking_dss/vendor/laravel/framework/src/Illuminate/Container/BoundMethod.php(93): Illuminate\\Container\\Util::unwrapIfClosure()
#3 /var/www/emaparking_dss/vendor/laravel/framework/src/Illuminate/Container/BoundMethod.php(35): Illuminate\\Container\\BoundMethod::callBoundMethod()
#4 /var/www/emaparking_dss/vendor/laravel/framework/src/Illuminate/Container/Container.php(651): Illuminate\\Container\\BoundMethod::call()
#5 /var/www/emaparking_dss/vendor/laravel/framework/src/Illuminate/Foundation/Application.php(933): Illuminate\\Container\\Container->call()
#6 /var/www/emaparking_dss/vendor/laravel/framework/src/Illuminate/Foundation/Application.php(914): Illuminate\\Foundation\\Application->bootProvider()
#7 [internal function]: Illuminate\\Foundation\\Application->Illuminate\\Foundation\\{closure}()
#8 /var/www/emaparking_dss/vendor/laravel/framework/src/Illuminate/Foundation/Application.php(913): array_walk()
#9 /var/www/emaparking_dss/vendor/laravel/framework/src/Illuminate/Foundation/Bootstrap/BootProviders.php(17): Illuminate\\Foundation\\Application->boot()
#10 /var/www/emaparking_dss/vendor/laravel/framework/src/Illuminate/Foundation/Application.php(242): Illuminate\\Foundation\\Bootstrap\\BootProviders->bootstrap()
#11 /var/www/emaparking_dss/vendor/laravel/framework/src/Illuminate/Foundation/Console/Kernel.php(383): Illuminate\\Foundation\\Application->bootstrapWith()
#12 /var/www/emaparking_dss/vendor/laravel/framework/src/Illuminate/Foundation/Console/Kernel.php(153): Illuminate\\Foundation\\Console\\Kernel->bootstrap()
#13 Command line code(1): Illuminate\\Foundation\\Console\\Kernel->handle()
#14 {main}
"} 
[2025-03-24 15:20:58] local.ERROR: Class "\Themes\BC\ThemeProvider" not found {"exception":"[object] (Error(code: 0): Class \"\\Themes\\BC\\ThemeProvider\" not found at /var/www/emaparking_dss/themes/ThemeServiceProvider.php:23)
[stacktrace]
#0 /var/www/emaparking_dss/vendor/laravel/framework/src/Illuminate/Container/BoundMethod.php(36): Themes\\ThemeServiceProvider->boot()
#1 /var/www/emaparking_dss/vendor/laravel/framework/src/Illuminate/Container/Util.php(41): Illuminate\\Container\\BoundMethod::Illuminate\\Container\\{closure}()
#2 /var/www/emaparking_dss/vendor/laravel/framework/src/Illuminate/Container/BoundMethod.php(93): Illuminate\\Container\\Util::unwrapIfClosure()
#3 /var/www/emaparking_dss/vendor/laravel/framework/src/Illuminate/Container/BoundMethod.php(35): Illuminate\\Container\\BoundMethod::callBoundMethod()
#4 /var/www/emaparking_dss/vendor/laravel/framework/src/Illuminate/Container/Container.php(651): Illuminate\\Container\\BoundMethod::call()
#5 /var/www/emaparking_dss/vendor/laravel/framework/src/Illuminate/Foundation/Application.php(933): Illuminate\\Container\\Container->call()
#6 /var/www/emaparking_dss/vendor/laravel/framework/src/Illuminate/Foundation/Application.php(914): Illuminate\\Foundation\\Application->bootProvider()
#7 [internal function]: Illuminate\\Foundation\\Application->Illuminate\\Foundation\\{closure}()
#8 /var/www/emaparking_dss/vendor/laravel/framework/src/Illuminate/Foundation/Application.php(913): array_walk()
#9 /var/www/emaparking_dss/vendor/laravel/framework/src/Illuminate/Foundation/Bootstrap/BootProviders.php(17): Illuminate\\Foundation\\Application->boot()
#10 /var/www/emaparking_dss/vendor/laravel/framework/src/Illuminate/Foundation/Application.php(242): Illuminate\\Foundation\\Bootstrap\\BootProviders->bootstrap()
#11 /var/www/emaparking_dss/vendor/laravel/framework/src/Illuminate/Foundation/Console/Kernel.php(383): Illuminate\\Foundation\\Application->bootstrapWith()
#12 /var/www/emaparking_dss/vendor/laravel/framework/src/Illuminate/Foundation/Console/Kernel.php(153): Illuminate\\Foundation\\Console\\Kernel->bootstrap()
#13 Command line code(1): Illuminate\\Foundation\\Console\\Kernel->handle()
#14 {main}
"} 
[2025-03-24 15:21:58] local.ERROR: Class "\Themes\BC\ThemeProvider" not found {"exception":"[object] (Error(code: 0): Class \"\\Themes\\BC\\ThemeProvider\" not found at /var/www/emaparking_dss/themes/ThemeServiceProvider.php:23)
[stacktrace]
#0 /var/www/emaparking_dss/vendor/laravel/framework/src/Illuminate/Container/BoundMethod.php(36): Themes\\ThemeServiceProvider->boot()
#1 /var/www/emaparking_dss/vendor/laravel/framework/src/Illuminate/Container/Util.php(41): Illuminate\\Container\\BoundMethod::Illuminate\\Container\\{closure}()
#2 /var/www/emaparking_dss/vendor/laravel/framework/src/Illuminate/Container/BoundMethod.php(93): Illuminate\\Container\\Util::unwrapIfClosure()
#3 /var/www/emaparking_dss/vendor/laravel/framework/src/Illuminate/Container/BoundMethod.php(35): Illuminate\\Container\\BoundMethod::callBoundMethod()
#4 /var/www/emaparking_dss/vendor/laravel/framework/src/Illuminate/Container/Container.php(651): Illuminate\\Container\\BoundMethod::call()
#5 /var/www/emaparking_dss/vendor/laravel/framework/src/Illuminate/Foundation/Application.php(933): Illuminate\\Container\\Container->call()
#6 /var/www/emaparking_dss/vendor/laravel/framework/src/Illuminate/Foundation/Application.php(914): Illuminate\\Foundation\\Application->bootProvider()
#7 [internal function]: Illuminate\\Foundation\\Application->Illuminate\\Foundation\\{closure}()
#8 /var/www/emaparking_dss/vendor/laravel/framework/src/Illuminate/Foundation/Application.php(913): array_walk()
#9 /var/www/emaparking_dss/vendor/laravel/framework/src/Illuminate/Foundation/Bootstrap/BootProviders.php(17): Illuminate\\Foundation\\Application->boot()
#10 /var/www/emaparking_dss/vendor/laravel/framework/src/Illuminate/Foundation/Application.php(242): Illuminate\\Foundation\\Bootstrap\\BootProviders->bootstrap()
#11 /var/www/emaparking_dss/vendor/laravel/framework/src/Illuminate/Foundation/Console/Kernel.php(383): Illuminate\\Foundation\\Application->bootstrapWith()
#12 /var/www/emaparking_dss/vendor/laravel/framework/src/Illuminate/Foundation/Console/Kernel.php(153): Illuminate\\Foundation\\Console\\Kernel->bootstrap()
#13 Command line code(1): Illuminate\\Foundation\\Console\\Kernel->handle()
#14 {main}
"} 
[2025-03-24 15:21:58] local.ERROR: Class "\Themes\BC\ThemeProvider" not found {"exception":"[object] (Error(code: 0): Class \"\\Themes\\BC\\ThemeProvider\" not found at /var/www/emaparking_dss/themes/ThemeServiceProvider.php:23)
[stacktrace]
#0 /var/www/emaparking_dss/vendor/laravel/framework/src/Illuminate/Container/BoundMethod.php(36): Themes\\ThemeServiceProvider->boot()
#1 /var/www/emaparking_dss/vendor/laravel/framework/src/Illuminate/Container/Util.php(41): Illuminate\\Container\\BoundMethod::Illuminate\\Container\\{closure}()
#2 /var/www/emaparking_dss/vendor/laravel/framework/src/Illuminate/Container/BoundMethod.php(93): Illuminate\\Container\\Util::unwrapIfClosure()
#3 /var/www/emaparking_dss/vendor/laravel/framework/src/Illuminate/Container/BoundMethod.php(35): Illuminate\\Container\\BoundMethod::callBoundMethod()
#4 /var/www/emaparking_dss/vendor/laravel/framework/src/Illuminate/Container/Container.php(651): Illuminate\\Container\\BoundMethod::call()
#5 /var/www/emaparking_dss/vendor/laravel/framework/src/Illuminate/Foundation/Application.php(933): Illuminate\\Container\\Container->call()
#6 /var/www/emaparking_dss/vendor/laravel/framework/src/Illuminate/Foundation/Application.php(914): Illuminate\\Foundation\\Application->bootProvider()
#7 [internal function]: Illuminate\\Foundation\\Application->Illuminate\\Foundation\\{closure}()
#8 /var/www/emaparking_dss/vendor/laravel/framework/src/Illuminate/Foundation/Application.php(913): array_walk()
#9 /var/www/emaparking_dss/vendor/laravel/framework/src/Illuminate/Foundation/Bootstrap/BootProviders.php(17): Illuminate\\Foundation\\Application->boot()
#10 /var/www/emaparking_dss/vendor/laravel/framework/src/Illuminate/Foundation/Application.php(242): Illuminate\\Foundation\\Bootstrap\\BootProviders->bootstrap()
#11 /var/www/emaparking_dss/vendor/laravel/framework/src/Illuminate/Foundation/Console/Kernel.php(383): Illuminate\\Foundation\\Application->bootstrapWith()
#12 /var/www/emaparking_dss/vendor/laravel/framework/src/Illuminate/Foundation/Console/Kernel.php(153): Illuminate\\Foundation\\Console\\Kernel->bootstrap()
#13 Command line code(1): Illuminate\\Foundation\\Console\\Kernel->handle()
#14 {main}
"} 
[2025-03-24 15:22:58] local.ERROR: Class "\Themes\BC\ThemeProvider" not found {"exception":"[object] (Error(code: 0): Class \"\\Themes\\BC\\ThemeProvider\" not found at /var/www/emaparking_dss/themes/ThemeServiceProvider.php:23)
[stacktrace]
#0 /var/www/emaparking_dss/vendor/laravel/framework/src/Illuminate/Container/BoundMethod.php(36): Themes\\ThemeServiceProvider->boot()
#1 /var/www/emaparking_dss/vendor/laravel/framework/src/Illuminate/Container/Util.php(41): Illuminate\\Container\\BoundMethod::Illuminate\\Container\\{closure}()
#2 /var/www/emaparking_dss/vendor/laravel/framework/src/Illuminate/Container/BoundMethod.php(93): Illuminate\\Container\\Util::unwrapIfClosure()
#3 /var/www/emaparking_dss/vendor/laravel/framework/src/Illuminate/Container/BoundMethod.php(35): Illuminate\\Container\\BoundMethod::callBoundMethod()
#4 /var/www/emaparking_dss/vendor/laravel/framework/src/Illuminate/Container/Container.php(651): Illuminate\\Container\\BoundMethod::call()
#5 /var/www/emaparking_dss/vendor/laravel/framework/src/Illuminate/Foundation/Application.php(933): Illuminate\\Container\\Container->call()
#6 /var/www/emaparking_dss/vendor/laravel/framework/src/Illuminate/Foundation/Application.php(914): Illuminate\\Foundation\\Application->bootProvider()
#7 [internal function]: Illuminate\\Foundation\\Application->Illuminate\\Foundation\\{closure}()
#8 /var/www/emaparking_dss/vendor/laravel/framework/src/Illuminate/Foundation/Application.php(913): array_walk()
#9 /var/www/emaparking_dss/vendor/laravel/framework/src/Illuminate/Foundation/Bootstrap/BootProviders.php(17): Illuminate\\Foundation\\Application->boot()
#10 /var/www/emaparking_dss/vendor/laravel/framework/src/Illuminate/Foundation/Application.php(242): Illuminate\\Foundation\\Bootstrap\\BootProviders->bootstrap()
#11 /var/www/emaparking_dss/vendor/laravel/framework/src/Illuminate/Foundation/Console/Kernel.php(383): Illuminate\\Foundation\\Application->bootstrapWith()
#12 /var/www/emaparking_dss/vendor/laravel/framework/src/Illuminate/Foundation/Console/Kernel.php(153): Illuminate\\Foundation\\Console\\Kernel->bootstrap()
#13 Command line code(1): Illuminate\\Foundation\\Console\\Kernel->handle()
#14 {main}
"} 
[2025-03-24 15:22:58] local.ERROR: Class "\Themes\BC\ThemeProvider" not found {"exception":"[object] (Error(code: 0): Class \"\\Themes\\BC\\ThemeProvider\" not found at /var/www/emaparking_dss/themes/ThemeServiceProvider.php:23)
[stacktrace]
#0 /var/www/emaparking_dss/vendor/laravel/framework/src/Illuminate/Container/BoundMethod.php(36): Themes\\ThemeServiceProvider->boot()
#1 /var/www/emaparking_dss/vendor/laravel/framework/src/Illuminate/Container/Util.php(41): Illuminate\\Container\\BoundMethod::Illuminate\\Container\\{closure}()
#2 /var/www/emaparking_dss/vendor/laravel/framework/src/Illuminate/Container/BoundMethod.php(93): Illuminate\\Container\\Util::unwrapIfClosure()
#3 /var/www/emaparking_dss/vendor/laravel/framework/src/Illuminate/Container/BoundMethod.php(35): Illuminate\\Container\\BoundMethod::callBoundMethod()
#4 /var/www/emaparking_dss/vendor/laravel/framework/src/Illuminate/Container/Container.php(651): Illuminate\\Container\\BoundMethod::call()
#5 /var/www/emaparking_dss/vendor/laravel/framework/src/Illuminate/Foundation/Application.php(933): Illuminate\\Container\\Container->call()
#6 /var/www/emaparking_dss/vendor/laravel/framework/src/Illuminate/Foundation/Application.php(914): Illuminate\\Foundation\\Application->bootProvider()
#7 [internal function]: Illuminate\\Foundation\\Application->Illuminate\\Foundation\\{closure}()
#8 /var/www/emaparking_dss/vendor/laravel/framework/src/Illuminate/Foundation/Application.php(913): array_walk()
#9 /var/www/emaparking_dss/vendor/laravel/framework/src/Illuminate/Foundation/Bootstrap/BootProviders.php(17): Illuminate\\Foundation\\Application->boot()
#10 /var/www/emaparking_dss/vendor/laravel/framework/src/Illuminate/Foundation/Application.php(242): Illuminate\\Foundation\\Bootstrap\\BootProviders->bootstrap()
#11 /var/www/emaparking_dss/vendor/laravel/framework/src/Illuminate/Foundation/Console/Kernel.php(383): Illuminate\\Foundation\\Application->bootstrapWith()
#12 /var/www/emaparking_dss/vendor/laravel/framework/src/Illuminate/Foundation/Console/Kernel.php(153): Illuminate\\Foundation\\Console\\Kernel->bootstrap()
#13 Command line code(1): Illuminate\\Foundation\\Console\\Kernel->handle()
#14 {main}
"} 
[2025-03-24 15:23:58] local.ERROR: Class "\Themes\BC\ThemeProvider" not found {"exception":"[object] (Error(code: 0): Class \"\\Themes\\BC\\ThemeProvider\" not found at /var/www/emaparking_dss/themes/ThemeServiceProvider.php:23)
[stacktrace]
#0 /var/www/emaparking_dss/vendor/laravel/framework/src/Illuminate/Container/BoundMethod.php(36): Themes\\ThemeServiceProvider->boot()
#1 /var/www/emaparking_dss/vendor/laravel/framework/src/Illuminate/Container/Util.php(41): Illuminate\\Container\\BoundMethod::Illuminate\\Container\\{closure}()
#2 /var/www/emaparking_dss/vendor/laravel/framework/src/Illuminate/Container/BoundMethod.php(93): Illuminate\\Container\\Util::unwrapIfClosure()
#3 /var/www/emaparking_dss/vendor/laravel/framework/src/Illuminate/Container/BoundMethod.php(35): Illuminate\\Container\\BoundMethod::callBoundMethod()
#4 /var/www/emaparking_dss/vendor/laravel/framework/src/Illuminate/Container/Container.php(651): Illuminate\\Container\\BoundMethod::call()
#5 /var/www/emaparking_dss/vendor/laravel/framework/src/Illuminate/Foundation/Application.php(933): Illuminate\\Container\\Container->call()
#6 /var/www/emaparking_dss/vendor/laravel/framework/src/Illuminate/Foundation/Application.php(914): Illuminate\\Foundation\\Application->bootProvider()
#7 [internal function]: Illuminate\\Foundation\\Application->Illuminate\\Foundation\\{closure}()
#8 /var/www/emaparking_dss/vendor/laravel/framework/src/Illuminate/Foundation/Application.php(913): array_walk()
#9 /var/www/emaparking_dss/vendor/laravel/framework/src/Illuminate/Foundation/Bootstrap/BootProviders.php(17): Illuminate\\Foundation\\Application->boot()
#10 /var/www/emaparking_dss/vendor/laravel/framework/src/Illuminate/Foundation/Application.php(242): Illuminate\\Foundation\\Bootstrap\\BootProviders->bootstrap()
#11 /var/www/emaparking_dss/vendor/laravel/framework/src/Illuminate/Foundation/Console/Kernel.php(383): Illuminate\\Foundation\\Application->bootstrapWith()
#12 /var/www/emaparking_dss/vendor/laravel/framework/src/Illuminate/Foundation/Console/Kernel.php(153): Illuminate\\Foundation\\Console\\Kernel->bootstrap()
#13 Command line code(1): Illuminate\\Foundation\\Console\\Kernel->handle()
#14 {main}
"} 
[2025-03-24 15:23:58] local.ERROR: Class "\Themes\BC\ThemeProvider" not found {"exception":"[object] (Error(code: 0): Class \"\\Themes\\BC\\ThemeProvider\" not found at /var/www/emaparking_dss/themes/ThemeServiceProvider.php:23)
[stacktrace]
#0 /var/www/emaparking_dss/vendor/laravel/framework/src/Illuminate/Container/BoundMethod.php(36): Themes\\ThemeServiceProvider->boot()
#1 /var/www/emaparking_dss/vendor/laravel/framework/src/Illuminate/Container/Util.php(41): Illuminate\\Container\\BoundMethod::Illuminate\\Container\\{closure}()
#2 /var/www/emaparking_dss/vendor/laravel/framework/src/Illuminate/Container/BoundMethod.php(93): Illuminate\\Container\\Util::unwrapIfClosure()
#3 /var/www/emaparking_dss/vendor/laravel/framework/src/Illuminate/Container/BoundMethod.php(35): Illuminate\\Container\\BoundMethod::callBoundMethod()
#4 /var/www/emaparking_dss/vendor/laravel/framework/src/Illuminate/Container/Container.php(651): Illuminate\\Container\\BoundMethod::call()
#5 /var/www/emaparking_dss/vendor/laravel/framework/src/Illuminate/Foundation/Application.php(933): Illuminate\\Container\\Container->call()
#6 /var/www/emaparking_dss/vendor/laravel/framework/src/Illuminate/Foundation/Application.php(914): Illuminate\\Foundation\\Application->bootProvider()
#7 [internal function]: Illuminate\\Foundation\\Application->Illuminate\\Foundation\\{closure}()
#8 /var/www/emaparking_dss/vendor/laravel/framework/src/Illuminate/Foundation/Application.php(913): array_walk()
#9 /var/www/emaparking_dss/vendor/laravel/framework/src/Illuminate/Foundation/Bootstrap/BootProviders.php(17): Illuminate\\Foundation\\Application->boot()
#10 /var/www/emaparking_dss/vendor/laravel/framework/src/Illuminate/Foundation/Application.php(242): Illuminate\\Foundation\\Bootstrap\\BootProviders->bootstrap()
#11 /var/www/emaparking_dss/vendor/laravel/framework/src/Illuminate/Foundation/Console/Kernel.php(383): Illuminate\\Foundation\\Application->bootstrapWith()
#12 /var/www/emaparking_dss/vendor/laravel/framework/src/Illuminate/Foundation/Console/Kernel.php(153): Illuminate\\Foundation\\Console\\Kernel->bootstrap()
#13 Command line code(1): Illuminate\\Foundation\\Console\\Kernel->handle()
#14 {main}
"} 
[2025-03-24 15:24:58] local.ERROR: Class "\Themes\BC\ThemeProvider" not found {"exception":"[object] (Error(code: 0): Class \"\\Themes\\BC\\ThemeProvider\" not found at /var/www/emaparking_dss/themes/ThemeServiceProvider.php:23)
[stacktrace]
#0 /var/www/emaparking_dss/vendor/laravel/framework/src/Illuminate/Container/BoundMethod.php(36): Themes\\ThemeServiceProvider->boot()
#1 /var/www/emaparking_dss/vendor/laravel/framework/src/Illuminate/Container/Util.php(41): Illuminate\\Container\\BoundMethod::Illuminate\\Container\\{closure}()
#2 /var/www/emaparking_dss/vendor/laravel/framework/src/Illuminate/Container/BoundMethod.php(93): Illuminate\\Container\\Util::unwrapIfClosure()
#3 /var/www/emaparking_dss/vendor/laravel/framework/src/Illuminate/Container/BoundMethod.php(35): Illuminate\\Container\\BoundMethod::callBoundMethod()
#4 /var/www/emaparking_dss/vendor/laravel/framework/src/Illuminate/Container/Container.php(651): Illuminate\\Container\\BoundMethod::call()
#5 /var/www/emaparking_dss/vendor/laravel/framework/src/Illuminate/Foundation/Application.php(933): Illuminate\\Container\\Container->call()
#6 /var/www/emaparking_dss/vendor/laravel/framework/src/Illuminate/Foundation/Application.php(914): Illuminate\\Foundation\\Application->bootProvider()
#7 [internal function]: Illuminate\\Foundation\\Application->Illuminate\\Foundation\\{closure}()
#8 /var/www/emaparking_dss/vendor/laravel/framework/src/Illuminate/Foundation/Application.php(913): array_walk()
#9 /var/www/emaparking_dss/vendor/laravel/framework/src/Illuminate/Foundation/Bootstrap/BootProviders.php(17): Illuminate\\Foundation\\Application->boot()
#10 /var/www/emaparking_dss/vendor/laravel/framework/src/Illuminate/Foundation/Application.php(242): Illuminate\\Foundation\\Bootstrap\\BootProviders->bootstrap()
#11 /var/www/emaparking_dss/vendor/laravel/framework/src/Illuminate/Foundation/Console/Kernel.php(383): Illuminate\\Foundation\\Application->bootstrapWith()
#12 /var/www/emaparking_dss/vendor/laravel/framework/src/Illuminate/Foundation/Console/Kernel.php(153): Illuminate\\Foundation\\Console\\Kernel->bootstrap()
#13 Command line code(1): Illuminate\\Foundation\\Console\\Kernel->handle()
#14 {main}
"} 
[2025-03-24 15:24:58] local.ERROR: Class "\Themes\BC\ThemeProvider" not found {"exception":"[object] (Error(code: 0): Class \"\\Themes\\BC\\ThemeProvider\" not found at /var/www/emaparking_dss/themes/ThemeServiceProvider.php:23)
[stacktrace]
#0 /var/www/emaparking_dss/vendor/laravel/framework/src/Illuminate/Container/BoundMethod.php(36): Themes\\ThemeServiceProvider->boot()
#1 /var/www/emaparking_dss/vendor/laravel/framework/src/Illuminate/Container/Util.php(41): Illuminate\\Container\\BoundMethod::Illuminate\\Container\\{closure}()
#2 /var/www/emaparking_dss/vendor/laravel/framework/src/Illuminate/Container/BoundMethod.php(93): Illuminate\\Container\\Util::unwrapIfClosure()
#3 /var/www/emaparking_dss/vendor/laravel/framework/src/Illuminate/Container/BoundMethod.php(35): Illuminate\\Container\\BoundMethod::callBoundMethod()
#4 /var/www/emaparking_dss/vendor/laravel/framework/src/Illuminate/Container/Container.php(651): Illuminate\\Container\\BoundMethod::call()
#5 /var/www/emaparking_dss/vendor/laravel/framework/src/Illuminate/Foundation/Application.php(933): Illuminate\\Container\\Container->call()
#6 /var/www/emaparking_dss/vendor/laravel/framework/src/Illuminate/Foundation/Application.php(914): Illuminate\\Foundation\\Application->bootProvider()
#7 [internal function]: Illuminate\\Foundation\\Application->Illuminate\\Foundation\\{closure}()
#8 /var/www/emaparking_dss/vendor/laravel/framework/src/Illuminate/Foundation/Application.php(913): array_walk()
#9 /var/www/emaparking_dss/vendor/laravel/framework/src/Illuminate/Foundation/Bootstrap/BootProviders.php(17): Illuminate\\Foundation\\Application->boot()
#10 /var/www/emaparking_dss/vendor/laravel/framework/src/Illuminate/Foundation/Application.php(242): Illuminate\\Foundation\\Bootstrap\\BootProviders->bootstrap()
#11 /var/www/emaparking_dss/vendor/laravel/framework/src/Illuminate/Foundation/Console/Kernel.php(383): Illuminate\\Foundation\\Application->bootstrapWith()
#12 /var/www/emaparking_dss/vendor/laravel/framework/src/Illuminate/Foundation/Console/Kernel.php(153): Illuminate\\Foundation\\Console\\Kernel->bootstrap()
#13 Command line code(1): Illuminate\\Foundation\\Console\\Kernel->handle()
#14 {main}
"} 
[2025-03-24 15:25:58] local.ERROR: Class "\Themes\BC\ThemeProvider" not found {"exception":"[object] (Error(code: 0): Class \"\\Themes\\BC\\ThemeProvider\" not found at /var/www/emaparking_dss/themes/ThemeServiceProvider.php:23)
[stacktrace]
#0 /var/www/emaparking_dss/vendor/laravel/framework/src/Illuminate/Container/BoundMethod.php(36): Themes\\ThemeServiceProvider->boot()
#1 /var/www/emaparking_dss/vendor/laravel/framework/src/Illuminate/Container/Util.php(41): Illuminate\\Container\\BoundMethod::Illuminate\\Container\\{closure}()
#2 /var/www/emaparking_dss/vendor/laravel/framework/src/Illuminate/Container/BoundMethod.php(93): Illuminate\\Container\\Util::unwrapIfClosure()
#3 /var/www/emaparking_dss/vendor/laravel/framework/src/Illuminate/Container/BoundMethod.php(35): Illuminate\\Container\\BoundMethod::callBoundMethod()
#4 /var/www/emaparking_dss/vendor/laravel/framework/src/Illuminate/Container/Container.php(651): Illuminate\\Container\\BoundMethod::call()
#5 /var/www/emaparking_dss/vendor/laravel/framework/src/Illuminate/Foundation/Application.php(933): Illuminate\\Container\\Container->call()
#6 /var/www/emaparking_dss/vendor/laravel/framework/src/Illuminate/Foundation/Application.php(914): Illuminate\\Foundation\\Application->bootProvider()
#7 [internal function]: Illuminate\\Foundation\\Application->Illuminate\\Foundation\\{closure}()
#8 /var/www/emaparking_dss/vendor/laravel/framework/src/Illuminate/Foundation/Application.php(913): array_walk()
#9 /var/www/emaparking_dss/vendor/laravel/framework/src/Illuminate/Foundation/Bootstrap/BootProviders.php(17): Illuminate\\Foundation\\Application->boot()
#10 /var/www/emaparking_dss/vendor/laravel/framework/src/Illuminate/Foundation/Application.php(242): Illuminate\\Foundation\\Bootstrap\\BootProviders->bootstrap()
#11 /var/www/emaparking_dss/vendor/laravel/framework/src/Illuminate/Foundation/Console/Kernel.php(383): Illuminate\\Foundation\\Application->bootstrapWith()
#12 /var/www/emaparking_dss/vendor/laravel/framework/src/Illuminate/Foundation/Console/Kernel.php(153): Illuminate\\Foundation\\Console\\Kernel->bootstrap()
#13 Command line code(1): Illuminate\\Foundation\\Console\\Kernel->handle()
#14 {main}
"} 
[2025-03-24 15:25:58] local.ERROR: Class "\Themes\BC\ThemeProvider" not found {"exception":"[object] (Error(code: 0): Class \"\\Themes\\BC\\ThemeProvider\" not found at /var/www/emaparking_dss/themes/ThemeServiceProvider.php:23)
[stacktrace]
#0 /var/www/emaparking_dss/vendor/laravel/framework/src/Illuminate/Container/BoundMethod.php(36): Themes\\ThemeServiceProvider->boot()
#1 /var/www/emaparking_dss/vendor/laravel/framework/src/Illuminate/Container/Util.php(41): Illuminate\\Container\\BoundMethod::Illuminate\\Container\\{closure}()
#2 /var/www/emaparking_dss/vendor/laravel/framework/src/Illuminate/Container/BoundMethod.php(93): Illuminate\\Container\\Util::unwrapIfClosure()
#3 /var/www/emaparking_dss/vendor/laravel/framework/src/Illuminate/Container/BoundMethod.php(35): Illuminate\\Container\\BoundMethod::callBoundMethod()
#4 /var/www/emaparking_dss/vendor/laravel/framework/src/Illuminate/Container/Container.php(651): Illuminate\\Container\\BoundMethod::call()
#5 /var/www/emaparking_dss/vendor/laravel/framework/src/Illuminate/Foundation/Application.php(933): Illuminate\\Container\\Container->call()
#6 /var/www/emaparking_dss/vendor/laravel/framework/src/Illuminate/Foundation/Application.php(914): Illuminate\\Foundation\\Application->bootProvider()
#7 [internal function]: Illuminate\\Foundation\\Application->Illuminate\\Foundation\\{closure}()
#8 /var/www/emaparking_dss/vendor/laravel/framework/src/Illuminate/Foundation/Application.php(913): array_walk()
#9 /var/www/emaparking_dss/vendor/laravel/framework/src/Illuminate/Foundation/Bootstrap/BootProviders.php(17): Illuminate\\Foundation\\Application->boot()
#10 /var/www/emaparking_dss/vendor/laravel/framework/src/Illuminate/Foundation/Application.php(242): Illuminate\\Foundation\\Bootstrap\\BootProviders->bootstrap()
#11 /var/www/emaparking_dss/vendor/laravel/framework/src/Illuminate/Foundation/Console/Kernel.php(383): Illuminate\\Foundation\\Application->bootstrapWith()
#12 /var/www/emaparking_dss/vendor/laravel/framework/src/Illuminate/Foundation/Console/Kernel.php(153): Illuminate\\Foundation\\Console\\Kernel->bootstrap()
#13 Command line code(1): Illuminate\\Foundation\\Console\\Kernel->handle()
#14 {main}
"} 
[2025-03-24 15:26:58] local.ERROR: Class "\Themes\BC\ThemeProvider" not found {"exception":"[object] (Error(code: 0): Class \"\\Themes\\BC\\ThemeProvider\" not found at /var/www/emaparking_dss/themes/ThemeServiceProvider.php:23)
[stacktrace]
#0 /var/www/emaparking_dss/vendor/laravel/framework/src/Illuminate/Container/BoundMethod.php(36): Themes\\ThemeServiceProvider->boot()
#1 /var/www/emaparking_dss/vendor/laravel/framework/src/Illuminate/Container/Util.php(41): Illuminate\\Container\\BoundMethod::Illuminate\\Container\\{closure}()
#2 /var/www/emaparking_dss/vendor/laravel/framework/src/Illuminate/Container/BoundMethod.php(93): Illuminate\\Container\\Util::unwrapIfClosure()
#3 /var/www/emaparking_dss/vendor/laravel/framework/src/Illuminate/Container/BoundMethod.php(35): Illuminate\\Container\\BoundMethod::callBoundMethod()
#4 /var/www/emaparking_dss/vendor/laravel/framework/src/Illuminate/Container/Container.php(651): Illuminate\\Container\\BoundMethod::call()
#5 /var/www/emaparking_dss/vendor/laravel/framework/src/Illuminate/Foundation/Application.php(933): Illuminate\\Container\\Container->call()
#6 /var/www/emaparking_dss/vendor/laravel/framework/src/Illuminate/Foundation/Application.php(914): Illuminate\\Foundation\\Application->bootProvider()
#7 [internal function]: Illuminate\\Foundation\\Application->Illuminate\\Foundation\\{closure}()
#8 /var/www/emaparking_dss/vendor/laravel/framework/src/Illuminate/Foundation/Application.php(913): array_walk()
#9 /var/www/emaparking_dss/vendor/laravel/framework/src/Illuminate/Foundation/Bootstrap/BootProviders.php(17): Illuminate\\Foundation\\Application->boot()
#10 /var/www/emaparking_dss/vendor/laravel/framework/src/Illuminate/Foundation/Application.php(242): Illuminate\\Foundation\\Bootstrap\\BootProviders->bootstrap()
#11 /var/www/emaparking_dss/vendor/laravel/framework/src/Illuminate/Foundation/Console/Kernel.php(383): Illuminate\\Foundation\\Application->bootstrapWith()
#12 /var/www/emaparking_dss/vendor/laravel/framework/src/Illuminate/Foundation/Console/Kernel.php(153): Illuminate\\Foundation\\Console\\Kernel->bootstrap()
#13 Command line code(1): Illuminate\\Foundation\\Console\\Kernel->handle()
#14 {main}
"} 
[2025-03-24 15:26:58] local.ERROR: Class "\Themes\BC\ThemeProvider" not found {"exception":"[object] (Error(code: 0): Class \"\\Themes\\BC\\ThemeProvider\" not found at /var/www/emaparking_dss/themes/ThemeServiceProvider.php:23)
[stacktrace]
#0 /var/www/emaparking_dss/vendor/laravel/framework/src/Illuminate/Container/BoundMethod.php(36): Themes\\ThemeServiceProvider->boot()
#1 /var/www/emaparking_dss/vendor/laravel/framework/src/Illuminate/Container/Util.php(41): Illuminate\\Container\\BoundMethod::Illuminate\\Container\\{closure}()
#2 /var/www/emaparking_dss/vendor/laravel/framework/src/Illuminate/Container/BoundMethod.php(93): Illuminate\\Container\\Util::unwrapIfClosure()
#3 /var/www/emaparking_dss/vendor/laravel/framework/src/Illuminate/Container/BoundMethod.php(35): Illuminate\\Container\\BoundMethod::callBoundMethod()
#4 /var/www/emaparking_dss/vendor/laravel/framework/src/Illuminate/Container/Container.php(651): Illuminate\\Container\\BoundMethod::call()
#5 /var/www/emaparking_dss/vendor/laravel/framework/src/Illuminate/Foundation/Application.php(933): Illuminate\\Container\\Container->call()
#6 /var/www/emaparking_dss/vendor/laravel/framework/src/Illuminate/Foundation/Application.php(914): Illuminate\\Foundation\\Application->bootProvider()
#7 [internal function]: Illuminate\\Foundation\\Application->Illuminate\\Foundation\\{closure}()
#8 /var/www/emaparking_dss/vendor/laravel/framework/src/Illuminate/Foundation/Application.php(913): array_walk()
#9 /var/www/emaparking_dss/vendor/laravel/framework/src/Illuminate/Foundation/Bootstrap/BootProviders.php(17): Illuminate\\Foundation\\Application->boot()
#10 /var/www/emaparking_dss/vendor/laravel/framework/src/Illuminate/Foundation/Application.php(242): Illuminate\\Foundation\\Bootstrap\\BootProviders->bootstrap()
#11 /var/www/emaparking_dss/vendor/laravel/framework/src/Illuminate/Foundation/Console/Kernel.php(383): Illuminate\\Foundation\\Application->bootstrapWith()
#12 /var/www/emaparking_dss/vendor/laravel/framework/src/Illuminate/Foundation/Console/Kernel.php(153): Illuminate\\Foundation\\Console\\Kernel->bootstrap()
#13 Command line code(1): Illuminate\\Foundation\\Console\\Kernel->handle()
#14 {main}
"} 
[2025-03-24 15:27:58] local.ERROR: Class "\Themes\BC\ThemeProvider" not found {"exception":"[object] (Error(code: 0): Class \"\\Themes\\BC\\ThemeProvider\" not found at /var/www/emaparking_dss/themes/ThemeServiceProvider.php:23)
[stacktrace]
#0 /var/www/emaparking_dss/vendor/laravel/framework/src/Illuminate/Container/BoundMethod.php(36): Themes\\ThemeServiceProvider->boot()
#1 /var/www/emaparking_dss/vendor/laravel/framework/src/Illuminate/Container/Util.php(41): Illuminate\\Container\\BoundMethod::Illuminate\\Container\\{closure}()
#2 /var/www/emaparking_dss/vendor/laravel/framework/src/Illuminate/Container/BoundMethod.php(93): Illuminate\\Container\\Util::unwrapIfClosure()
#3 /var/www/emaparking_dss/vendor/laravel/framework/src/Illuminate/Container/BoundMethod.php(35): Illuminate\\Container\\BoundMethod::callBoundMethod()
#4 /var/www/emaparking_dss/vendor/laravel/framework/src/Illuminate/Container/Container.php(651): Illuminate\\Container\\BoundMethod::call()
#5 /var/www/emaparking_dss/vendor/laravel/framework/src/Illuminate/Foundation/Application.php(933): Illuminate\\Container\\Container->call()
#6 /var/www/emaparking_dss/vendor/laravel/framework/src/Illuminate/Foundation/Application.php(914): Illuminate\\Foundation\\Application->bootProvider()
#7 [internal function]: Illuminate\\Foundation\\Application->Illuminate\\Foundation\\{closure}()
#8 /var/www/emaparking_dss/vendor/laravel/framework/src/Illuminate/Foundation/Application.php(913): array_walk()
#9 /var/www/emaparking_dss/vendor/laravel/framework/src/Illuminate/Foundation/Bootstrap/BootProviders.php(17): Illuminate\\Foundation\\Application->boot()
#10 /var/www/emaparking_dss/vendor/laravel/framework/src/Illuminate/Foundation/Application.php(242): Illuminate\\Foundation\\Bootstrap\\BootProviders->bootstrap()
#11 /var/www/emaparking_dss/vendor/laravel/framework/src/Illuminate/Foundation/Console/Kernel.php(383): Illuminate\\Foundation\\Application->bootstrapWith()
#12 /var/www/emaparking_dss/vendor/laravel/framework/src/Illuminate/Foundation/Console/Kernel.php(153): Illuminate\\Foundation\\Console\\Kernel->bootstrap()
#13 Command line code(1): Illuminate\\Foundation\\Console\\Kernel->handle()
#14 {main}
"} 
[2025-03-24 15:27:58] local.ERROR: Class "\Themes\BC\ThemeProvider" not found {"exception":"[object] (Error(code: 0): Class \"\\Themes\\BC\\ThemeProvider\" not found at /var/www/emaparking_dss/themes/ThemeServiceProvider.php:23)
[stacktrace]
#0 /var/www/emaparking_dss/vendor/laravel/framework/src/Illuminate/Container/BoundMethod.php(36): Themes\\ThemeServiceProvider->boot()
#1 /var/www/emaparking_dss/vendor/laravel/framework/src/Illuminate/Container/Util.php(41): Illuminate\\Container\\BoundMethod::Illuminate\\Container\\{closure}()
#2 /var/www/emaparking_dss/vendor/laravel/framework/src/Illuminate/Container/BoundMethod.php(93): Illuminate\\Container\\Util::unwrapIfClosure()
#3 /var/www/emaparking_dss/vendor/laravel/framework/src/Illuminate/Container/BoundMethod.php(35): Illuminate\\Container\\BoundMethod::callBoundMethod()
#4 /var/www/emaparking_dss/vendor/laravel/framework/src/Illuminate/Container/Container.php(651): Illuminate\\Container\\BoundMethod::call()
#5 /var/www/emaparking_dss/vendor/laravel/framework/src/Illuminate/Foundation/Application.php(933): Illuminate\\Container\\Container->call()
#6 /var/www/emaparking_dss/vendor/laravel/framework/src/Illuminate/Foundation/Application.php(914): Illuminate\\Foundation\\Application->bootProvider()
#7 [internal function]: Illuminate\\Foundation\\Application->Illuminate\\Foundation\\{closure}()
#8 /var/www/emaparking_dss/vendor/laravel/framework/src/Illuminate/Foundation/Application.php(913): array_walk()
#9 /var/www/emaparking_dss/vendor/laravel/framework/src/Illuminate/Foundation/Bootstrap/BootProviders.php(17): Illuminate\\Foundation\\Application->boot()
#10 /var/www/emaparking_dss/vendor/laravel/framework/src/Illuminate/Foundation/Application.php(242): Illuminate\\Foundation\\Bootstrap\\BootProviders->bootstrap()
#11 /var/www/emaparking_dss/vendor/laravel/framework/src/Illuminate/Foundation/Console/Kernel.php(383): Illuminate\\Foundation\\Application->bootstrapWith()
#12 /var/www/emaparking_dss/vendor/laravel/framework/src/Illuminate/Foundation/Console/Kernel.php(153): Illuminate\\Foundation\\Console\\Kernel->bootstrap()
#13 Command line code(1): Illuminate\\Foundation\\Console\\Kernel->handle()
#14 {main}
"} 
[2025-03-24 15:28:58] local.ERROR: Class "\Themes\BC\ThemeProvider" not found {"exception":"[object] (Error(code: 0): Class \"\\Themes\\BC\\ThemeProvider\" not found at /var/www/emaparking_dss/themes/ThemeServiceProvider.php:23)
[stacktrace]
#0 /var/www/emaparking_dss/vendor/laravel/framework/src/Illuminate/Container/BoundMethod.php(36): Themes\\ThemeServiceProvider->boot()
#1 /var/www/emaparking_dss/vendor/laravel/framework/src/Illuminate/Container/Util.php(41): Illuminate\\Container\\BoundMethod::Illuminate\\Container\\{closure}()
#2 /var/www/emaparking_dss/vendor/laravel/framework/src/Illuminate/Container/BoundMethod.php(93): Illuminate\\Container\\Util::unwrapIfClosure()
#3 /var/www/emaparking_dss/vendor/laravel/framework/src/Illuminate/Container/BoundMethod.php(35): Illuminate\\Container\\BoundMethod::callBoundMethod()
#4 /var/www/emaparking_dss/vendor/laravel/framework/src/Illuminate/Container/Container.php(651): Illuminate\\Container\\BoundMethod::call()
#5 /var/www/emaparking_dss/vendor/laravel/framework/src/Illuminate/Foundation/Application.php(933): Illuminate\\Container\\Container->call()
#6 /var/www/emaparking_dss/vendor/laravel/framework/src/Illuminate/Foundation/Application.php(914): Illuminate\\Foundation\\Application->bootProvider()
#7 [internal function]: Illuminate\\Foundation\\Application->Illuminate\\Foundation\\{closure}()
#8 /var/www/emaparking_dss/vendor/laravel/framework/src/Illuminate/Foundation/Application.php(913): array_walk()
#9 /var/www/emaparking_dss/vendor/laravel/framework/src/Illuminate/Foundation/Bootstrap/BootProviders.php(17): Illuminate\\Foundation\\Application->boot()
#10 /var/www/emaparking_dss/vendor/laravel/framework/src/Illuminate/Foundation/Application.php(242): Illuminate\\Foundation\\Bootstrap\\BootProviders->bootstrap()
#11 /var/www/emaparking_dss/vendor/laravel/framework/src/Illuminate/Foundation/Console/Kernel.php(383): Illuminate\\Foundation\\Application->bootstrapWith()
#12 /var/www/emaparking_dss/vendor/laravel/framework/src/Illuminate/Foundation/Console/Kernel.php(153): Illuminate\\Foundation\\Console\\Kernel->bootstrap()
#13 Command line code(1): Illuminate\\Foundation\\Console\\Kernel->handle()
#14 {main}
"} 
[2025-03-24 15:28:58] local.ERROR: Class "\Themes\BC\ThemeProvider" not found {"exception":"[object] (Error(code: 0): Class \"\\Themes\\BC\\ThemeProvider\" not found at /var/www/emaparking_dss/themes/ThemeServiceProvider.php:23)
[stacktrace]
#0 /var/www/emaparking_dss/vendor/laravel/framework/src/Illuminate/Container/BoundMethod.php(36): Themes\\ThemeServiceProvider->boot()
#1 /var/www/emaparking_dss/vendor/laravel/framework/src/Illuminate/Container/Util.php(41): Illuminate\\Container\\BoundMethod::Illuminate\\Container\\{closure}()
#2 /var/www/emaparking_dss/vendor/laravel/framework/src/Illuminate/Container/BoundMethod.php(93): Illuminate\\Container\\Util::unwrapIfClosure()
#3 /var/www/emaparking_dss/vendor/laravel/framework/src/Illuminate/Container/BoundMethod.php(35): Illuminate\\Container\\BoundMethod::callBoundMethod()
#4 /var/www/emaparking_dss/vendor/laravel/framework/src/Illuminate/Container/Container.php(651): Illuminate\\Container\\BoundMethod::call()
#5 /var/www/emaparking_dss/vendor/laravel/framework/src/Illuminate/Foundation/Application.php(933): Illuminate\\Container\\Container->call()
#6 /var/www/emaparking_dss/vendor/laravel/framework/src/Illuminate/Foundation/Application.php(914): Illuminate\\Foundation\\Application->bootProvider()
#7 [internal function]: Illuminate\\Foundation\\Application->Illuminate\\Foundation\\{closure}()
#8 /var/www/emaparking_dss/vendor/laravel/framework/src/Illuminate/Foundation/Application.php(913): array_walk()
#9 /var/www/emaparking_dss/vendor/laravel/framework/src/Illuminate/Foundation/Bootstrap/BootProviders.php(17): Illuminate\\Foundation\\Application->boot()
#10 /var/www/emaparking_dss/vendor/laravel/framework/src/Illuminate/Foundation/Application.php(242): Illuminate\\Foundation\\Bootstrap\\BootProviders->bootstrap()
#11 /var/www/emaparking_dss/vendor/laravel/framework/src/Illuminate/Foundation/Console/Kernel.php(383): Illuminate\\Foundation\\Application->bootstrapWith()
#12 /var/www/emaparking_dss/vendor/laravel/framework/src/Illuminate/Foundation/Console/Kernel.php(153): Illuminate\\Foundation\\Console\\Kernel->bootstrap()
#13 Command line code(1): Illuminate\\Foundation\\Console\\Kernel->handle()
#14 {main}
"} 
[2025-03-24 15:28:58] local.ERROR: Class "\Themes\BC\ThemeProvider" not found {"exception":"[object] (Error(code: 0): Class \"\\Themes\\BC\\ThemeProvider\" not found at /var/www/emaparking_dss/themes/ThemeServiceProvider.php:23)
[stacktrace]
#0 /var/www/emaparking_dss/vendor/laravel/framework/src/Illuminate/Container/BoundMethod.php(36): Themes\\ThemeServiceProvider->boot()
#1 /var/www/emaparking_dss/vendor/laravel/framework/src/Illuminate/Container/Util.php(41): Illuminate\\Container\\BoundMethod::Illuminate\\Container\\{closure}()
#2 /var/www/emaparking_dss/vendor/laravel/framework/src/Illuminate/Container/BoundMethod.php(93): Illuminate\\Container\\Util::unwrapIfClosure()
#3 /var/www/emaparking_dss/vendor/laravel/framework/src/Illuminate/Container/BoundMethod.php(35): Illuminate\\Container\\BoundMethod::callBoundMethod()
#4 /var/www/emaparking_dss/vendor/laravel/framework/src/Illuminate/Container/Container.php(651): Illuminate\\Container\\BoundMethod::call()
#5 /var/www/emaparking_dss/vendor/laravel/framework/src/Illuminate/Foundation/Application.php(933): Illuminate\\Container\\Container->call()
#6 /var/www/emaparking_dss/vendor/laravel/framework/src/Illuminate/Foundation/Application.php(914): Illuminate\\Foundation\\Application->bootProvider()
#7 [internal function]: Illuminate\\Foundation\\Application->Illuminate\\Foundation\\{closure}()
#8 /var/www/emaparking_dss/vendor/laravel/framework/src/Illuminate/Foundation/Application.php(913): array_walk()
#9 /var/www/emaparking_dss/vendor/laravel/framework/src/Illuminate/Foundation/Bootstrap/BootProviders.php(17): Illuminate\\Foundation\\Application->boot()
#10 /var/www/emaparking_dss/vendor/laravel/framework/src/Illuminate/Foundation/Application.php(242): Illuminate\\Foundation\\Bootstrap\\BootProviders->bootstrap()
#11 /var/www/emaparking_dss/vendor/laravel/framework/src/Illuminate/Foundation/Console/Kernel.php(383): Illuminate\\Foundation\\Application->bootstrapWith()
#12 /var/www/emaparking_dss/vendor/laravel/framework/src/Illuminate/Foundation/Console/Kernel.php(153): Illuminate\\Foundation\\Console\\Kernel->bootstrap()
#13 Command line code(1): Illuminate\\Foundation\\Console\\Kernel->handle()
#14 {main}
"} 
[2025-03-24 15:29:58] local.ERROR: Class "\Themes\BC\ThemeProvider" not found {"exception":"[object] (Error(code: 0): Class \"\\Themes\\BC\\ThemeProvider\" not found at /var/www/emaparking_dss/themes/ThemeServiceProvider.php:23)
[stacktrace]
#0 /var/www/emaparking_dss/vendor/laravel/framework/src/Illuminate/Container/BoundMethod.php(36): Themes\\ThemeServiceProvider->boot()
#1 /var/www/emaparking_dss/vendor/laravel/framework/src/Illuminate/Container/Util.php(41): Illuminate\\Container\\BoundMethod::Illuminate\\Container\\{closure}()
#2 /var/www/emaparking_dss/vendor/laravel/framework/src/Illuminate/Container/BoundMethod.php(93): Illuminate\\Container\\Util::unwrapIfClosure()
#3 /var/www/emaparking_dss/vendor/laravel/framework/src/Illuminate/Container/BoundMethod.php(35): Illuminate\\Container\\BoundMethod::callBoundMethod()
#4 /var/www/emaparking_dss/vendor/laravel/framework/src/Illuminate/Container/Container.php(651): Illuminate\\Container\\BoundMethod::call()
#5 /var/www/emaparking_dss/vendor/laravel/framework/src/Illuminate/Foundation/Application.php(933): Illuminate\\Container\\Container->call()
#6 /var/www/emaparking_dss/vendor/laravel/framework/src/Illuminate/Foundation/Application.php(914): Illuminate\\Foundation\\Application->bootProvider()
#7 [internal function]: Illuminate\\Foundation\\Application->Illuminate\\Foundation\\{closure}()
#8 /var/www/emaparking_dss/vendor/laravel/framework/src/Illuminate/Foundation/Application.php(913): array_walk()
#9 /var/www/emaparking_dss/vendor/laravel/framework/src/Illuminate/Foundation/Bootstrap/BootProviders.php(17): Illuminate\\Foundation\\Application->boot()
#10 /var/www/emaparking_dss/vendor/laravel/framework/src/Illuminate/Foundation/Application.php(242): Illuminate\\Foundation\\Bootstrap\\BootProviders->bootstrap()
#11 /var/www/emaparking_dss/vendor/laravel/framework/src/Illuminate/Foundation/Console/Kernel.php(383): Illuminate\\Foundation\\Application->bootstrapWith()
#12 /var/www/emaparking_dss/vendor/laravel/framework/src/Illuminate/Foundation/Console/Kernel.php(153): Illuminate\\Foundation\\Console\\Kernel->bootstrap()
#13 Command line code(1): Illuminate\\Foundation\\Console\\Kernel->handle()
#14 {main}
"} 
[2025-03-24 15:29:58] local.ERROR: Class "\Themes\BC\ThemeProvider" not found {"exception":"[object] (Error(code: 0): Class \"\\Themes\\BC\\ThemeProvider\" not found at /var/www/emaparking_dss/themes/ThemeServiceProvider.php:23)
[stacktrace]
#0 /var/www/emaparking_dss/vendor/laravel/framework/src/Illuminate/Container/BoundMethod.php(36): Themes\\ThemeServiceProvider->boot()
#1 /var/www/emaparking_dss/vendor/laravel/framework/src/Illuminate/Container/Util.php(41): Illuminate\\Container\\BoundMethod::Illuminate\\Container\\{closure}()
#2 /var/www/emaparking_dss/vendor/laravel/framework/src/Illuminate/Container/BoundMethod.php(93): Illuminate\\Container\\Util::unwrapIfClosure()
#3 /var/www/emaparking_dss/vendor/laravel/framework/src/Illuminate/Container/BoundMethod.php(35): Illuminate\\Container\\BoundMethod::callBoundMethod()
#4 /var/www/emaparking_dss/vendor/laravel/framework/src/Illuminate/Container/Container.php(651): Illuminate\\Container\\BoundMethod::call()
#5 /var/www/emaparking_dss/vendor/laravel/framework/src/Illuminate/Foundation/Application.php(933): Illuminate\\Container\\Container->call()
#6 /var/www/emaparking_dss/vendor/laravel/framework/src/Illuminate/Foundation/Application.php(914): Illuminate\\Foundation\\Application->bootProvider()
#7 [internal function]: Illuminate\\Foundation\\Application->Illuminate\\Foundation\\{closure}()
#8 /var/www/emaparking_dss/vendor/laravel/framework/src/Illuminate/Foundation/Application.php(913): array_walk()
#9 /var/www/emaparking_dss/vendor/laravel/framework/src/Illuminate/Foundation/Bootstrap/BootProviders.php(17): Illuminate\\Foundation\\Application->boot()
#10 /var/www/emaparking_dss/vendor/laravel/framework/src/Illuminate/Foundation/Application.php(242): Illuminate\\Foundation\\Bootstrap\\BootProviders->bootstrap()
#11 /var/www/emaparking_dss/vendor/laravel/framework/src/Illuminate/Foundation/Console/Kernel.php(383): Illuminate\\Foundation\\Application->bootstrapWith()
#12 /var/www/emaparking_dss/vendor/laravel/framework/src/Illuminate/Foundation/Console/Kernel.php(153): Illuminate\\Foundation\\Console\\Kernel->bootstrap()
#13 Command line code(1): Illuminate\\Foundation\\Console\\Kernel->handle()
#14 {main}
"} 
[2025-03-24 15:30:58] local.ERROR: Class "\Themes\BC\ThemeProvider" not found {"exception":"[object] (Error(code: 0): Class \"\\Themes\\BC\\ThemeProvider\" not found at /var/www/emaparking_dss/themes/ThemeServiceProvider.php:23)
[stacktrace]
#0 /var/www/emaparking_dss/vendor/laravel/framework/src/Illuminate/Container/BoundMethod.php(36): Themes\\ThemeServiceProvider->boot()
#1 /var/www/emaparking_dss/vendor/laravel/framework/src/Illuminate/Container/Util.php(41): Illuminate\\Container\\BoundMethod::Illuminate\\Container\\{closure}()
#2 /var/www/emaparking_dss/vendor/laravel/framework/src/Illuminate/Container/BoundMethod.php(93): Illuminate\\Container\\Util::unwrapIfClosure()
#3 /var/www/emaparking_dss/vendor/laravel/framework/src/Illuminate/Container/BoundMethod.php(35): Illuminate\\Container\\BoundMethod::callBoundMethod()
#4 /var/www/emaparking_dss/vendor/laravel/framework/src/Illuminate/Container/Container.php(651): Illuminate\\Container\\BoundMethod::call()
#5 /var/www/emaparking_dss/vendor/laravel/framework/src/Illuminate/Foundation/Application.php(933): Illuminate\\Container\\Container->call()
#6 /var/www/emaparking_dss/vendor/laravel/framework/src/Illuminate/Foundation/Application.php(914): Illuminate\\Foundation\\Application->bootProvider()
#7 [internal function]: Illuminate\\Foundation\\Application->Illuminate\\Foundation\\{closure}()
#8 /var/www/emaparking_dss/vendor/laravel/framework/src/Illuminate/Foundation/Application.php(913): array_walk()
#9 /var/www/emaparking_dss/vendor/laravel/framework/src/Illuminate/Foundation/Bootstrap/BootProviders.php(17): Illuminate\\Foundation\\Application->boot()
#10 /var/www/emaparking_dss/vendor/laravel/framework/src/Illuminate/Foundation/Application.php(242): Illuminate\\Foundation\\Bootstrap\\BootProviders->bootstrap()
#11 /var/www/emaparking_dss/vendor/laravel/framework/src/Illuminate/Foundation/Console/Kernel.php(383): Illuminate\\Foundation\\Application->bootstrapWith()
#12 /var/www/emaparking_dss/vendor/laravel/framework/src/Illuminate/Foundation/Console/Kernel.php(153): Illuminate\\Foundation\\Console\\Kernel->bootstrap()
#13 Command line code(1): Illuminate\\Foundation\\Console\\Kernel->handle()
#14 {main}
"} 
[2025-03-24 15:30:58] local.ERROR: Class "\Themes\BC\ThemeProvider" not found {"exception":"[object] (Error(code: 0): Class \"\\Themes\\BC\\ThemeProvider\" not found at /var/www/emaparking_dss/themes/ThemeServiceProvider.php:23)
[stacktrace]
#0 /var/www/emaparking_dss/vendor/laravel/framework/src/Illuminate/Container/BoundMethod.php(36): Themes\\ThemeServiceProvider->boot()
#1 /var/www/emaparking_dss/vendor/laravel/framework/src/Illuminate/Container/Util.php(41): Illuminate\\Container\\BoundMethod::Illuminate\\Container\\{closure}()
#2 /var/www/emaparking_dss/vendor/laravel/framework/src/Illuminate/Container/BoundMethod.php(93): Illuminate\\Container\\Util::unwrapIfClosure()
#3 /var/www/emaparking_dss/vendor/laravel/framework/src/Illuminate/Container/BoundMethod.php(35): Illuminate\\Container\\BoundMethod::callBoundMethod()
#4 /var/www/emaparking_dss/vendor/laravel/framework/src/Illuminate/Container/Container.php(651): Illuminate\\Container\\BoundMethod::call()
#5 /var/www/emaparking_dss/vendor/laravel/framework/src/Illuminate/Foundation/Application.php(933): Illuminate\\Container\\Container->call()
#6 /var/www/emaparking_dss/vendor/laravel/framework/src/Illuminate/Foundation/Application.php(914): Illuminate\\Foundation\\Application->bootProvider()
#7 [internal function]: Illuminate\\Foundation\\Application->Illuminate\\Foundation\\{closure}()
#8 /var/www/emaparking_dss/vendor/laravel/framework/src/Illuminate/Foundation/Application.php(913): array_walk()
#9 /var/www/emaparking_dss/vendor/laravel/framework/src/Illuminate/Foundation/Bootstrap/BootProviders.php(17): Illuminate\\Foundation\\Application->boot()
#10 /var/www/emaparking_dss/vendor/laravel/framework/src/Illuminate/Foundation/Application.php(242): Illuminate\\Foundation\\Bootstrap\\BootProviders->bootstrap()
#11 /var/www/emaparking_dss/vendor/laravel/framework/src/Illuminate/Foundation/Console/Kernel.php(383): Illuminate\\Foundation\\Application->bootstrapWith()
#12 /var/www/emaparking_dss/vendor/laravel/framework/src/Illuminate/Foundation/Console/Kernel.php(153): Illuminate\\Foundation\\Console\\Kernel->bootstrap()
#13 Command line code(1): Illuminate\\Foundation\\Console\\Kernel->handle()
#14 {main}
"} 
[2025-03-24 15:31:58] local.ERROR: Class "\Themes\BC\ThemeProvider" not found {"exception":"[object] (Error(code: 0): Class \"\\Themes\\BC\\ThemeProvider\" not found at /var/www/emaparking_dss/themes/ThemeServiceProvider.php:23)
[stacktrace]
#0 /var/www/emaparking_dss/vendor/laravel/framework/src/Illuminate/Container/BoundMethod.php(36): Themes\\ThemeServiceProvider->boot()
#1 /var/www/emaparking_dss/vendor/laravel/framework/src/Illuminate/Container/Util.php(41): Illuminate\\Container\\BoundMethod::Illuminate\\Container\\{closure}()
#2 /var/www/emaparking_dss/vendor/laravel/framework/src/Illuminate/Container/BoundMethod.php(93): Illuminate\\Container\\Util::unwrapIfClosure()
#3 /var/www/emaparking_dss/vendor/laravel/framework/src/Illuminate/Container/BoundMethod.php(35): Illuminate\\Container\\BoundMethod::callBoundMethod()
#4 /var/www/emaparking_dss/vendor/laravel/framework/src/Illuminate/Container/Container.php(651): Illuminate\\Container\\BoundMethod::call()
#5 /var/www/emaparking_dss/vendor/laravel/framework/src/Illuminate/Foundation/Application.php(933): Illuminate\\Container\\Container->call()
#6 /var/www/emaparking_dss/vendor/laravel/framework/src/Illuminate/Foundation/Application.php(914): Illuminate\\Foundation\\Application->bootProvider()
#7 [internal function]: Illuminate\\Foundation\\Application->Illuminate\\Foundation\\{closure}()
#8 /var/www/emaparking_dss/vendor/laravel/framework/src/Illuminate/Foundation/Application.php(913): array_walk()
#9 /var/www/emaparking_dss/vendor/laravel/framework/src/Illuminate/Foundation/Bootstrap/BootProviders.php(17): Illuminate\\Foundation\\Application->boot()
#10 /var/www/emaparking_dss/vendor/laravel/framework/src/Illuminate/Foundation/Application.php(242): Illuminate\\Foundation\\Bootstrap\\BootProviders->bootstrap()
#11 /var/www/emaparking_dss/vendor/laravel/framework/src/Illuminate/Foundation/Console/Kernel.php(383): Illuminate\\Foundation\\Application->bootstrapWith()
#12 /var/www/emaparking_dss/vendor/laravel/framework/src/Illuminate/Foundation/Console/Kernel.php(153): Illuminate\\Foundation\\Console\\Kernel->bootstrap()
#13 Command line code(1): Illuminate\\Foundation\\Console\\Kernel->handle()
#14 {main}
"} 
[2025-03-24 15:31:58] local.ERROR: Class "\Themes\BC\ThemeProvider" not found {"exception":"[object] (Error(code: 0): Class \"\\Themes\\BC\\ThemeProvider\" not found at /var/www/emaparking_dss/themes/ThemeServiceProvider.php:23)
[stacktrace]
#0 /var/www/emaparking_dss/vendor/laravel/framework/src/Illuminate/Container/BoundMethod.php(36): Themes\\ThemeServiceProvider->boot()
#1 /var/www/emaparking_dss/vendor/laravel/framework/src/Illuminate/Container/Util.php(41): Illuminate\\Container\\BoundMethod::Illuminate\\Container\\{closure}()
#2 /var/www/emaparking_dss/vendor/laravel/framework/src/Illuminate/Container/BoundMethod.php(93): Illuminate\\Container\\Util::unwrapIfClosure()
#3 /var/www/emaparking_dss/vendor/laravel/framework/src/Illuminate/Container/BoundMethod.php(35): Illuminate\\Container\\BoundMethod::callBoundMethod()
#4 /var/www/emaparking_dss/vendor/laravel/framework/src/Illuminate/Container/Container.php(651): Illuminate\\Container\\BoundMethod::call()
#5 /var/www/emaparking_dss/vendor/laravel/framework/src/Illuminate/Foundation/Application.php(933): Illuminate\\Container\\Container->call()
#6 /var/www/emaparking_dss/vendor/laravel/framework/src/Illuminate/Foundation/Application.php(914): Illuminate\\Foundation\\Application->bootProvider()
#7 [internal function]: Illuminate\\Foundation\\Application->Illuminate\\Foundation\\{closure}()
#8 /var/www/emaparking_dss/vendor/laravel/framework/src/Illuminate/Foundation/Application.php(913): array_walk()
#9 /var/www/emaparking_dss/vendor/laravel/framework/src/Illuminate/Foundation/Bootstrap/BootProviders.php(17): Illuminate\\Foundation\\Application->boot()
#10 /var/www/emaparking_dss/vendor/laravel/framework/src/Illuminate/Foundation/Application.php(242): Illuminate\\Foundation\\Bootstrap\\BootProviders->bootstrap()
#11 /var/www/emaparking_dss/vendor/laravel/framework/src/Illuminate/Foundation/Console/Kernel.php(383): Illuminate\\Foundation\\Application->bootstrapWith()
#12 /var/www/emaparking_dss/vendor/laravel/framework/src/Illuminate/Foundation/Console/Kernel.php(153): Illuminate\\Foundation\\Console\\Kernel->bootstrap()
#13 Command line code(1): Illuminate\\Foundation\\Console\\Kernel->handle()
#14 {main}
"} 
[2025-03-24 15:32:58] local.ERROR: Class "\Themes\BC\ThemeProvider" not found {"exception":"[object] (Error(code: 0): Class \"\\Themes\\BC\\ThemeProvider\" not found at /var/www/emaparking_dss/themes/ThemeServiceProvider.php:23)
[stacktrace]
#0 /var/www/emaparking_dss/vendor/laravel/framework/src/Illuminate/Container/BoundMethod.php(36): Themes\\ThemeServiceProvider->boot()
#1 /var/www/emaparking_dss/vendor/laravel/framework/src/Illuminate/Container/Util.php(41): Illuminate\\Container\\BoundMethod::Illuminate\\Container\\{closure}()
#2 /var/www/emaparking_dss/vendor/laravel/framework/src/Illuminate/Container/BoundMethod.php(93): Illuminate\\Container\\Util::unwrapIfClosure()
#3 /var/www/emaparking_dss/vendor/laravel/framework/src/Illuminate/Container/BoundMethod.php(35): Illuminate\\Container\\BoundMethod::callBoundMethod()
#4 /var/www/emaparking_dss/vendor/laravel/framework/src/Illuminate/Container/Container.php(651): Illuminate\\Container\\BoundMethod::call()
#5 /var/www/emaparking_dss/vendor/laravel/framework/src/Illuminate/Foundation/Application.php(933): Illuminate\\Container\\Container->call()
#6 /var/www/emaparking_dss/vendor/laravel/framework/src/Illuminate/Foundation/Application.php(914): Illuminate\\Foundation\\Application->bootProvider()
#7 [internal function]: Illuminate\\Foundation\\Application->Illuminate\\Foundation\\{closure}()
#8 /var/www/emaparking_dss/vendor/laravel/framework/src/Illuminate/Foundation/Application.php(913): array_walk()
#9 /var/www/emaparking_dss/vendor/laravel/framework/src/Illuminate/Foundation/Bootstrap/BootProviders.php(17): Illuminate\\Foundation\\Application->boot()
#10 /var/www/emaparking_dss/vendor/laravel/framework/src/Illuminate/Foundation/Application.php(242): Illuminate\\Foundation\\Bootstrap\\BootProviders->bootstrap()
#11 /var/www/emaparking_dss/vendor/laravel/framework/src/Illuminate/Foundation/Console/Kernel.php(383): Illuminate\\Foundation\\Application->bootstrapWith()
#12 /var/www/emaparking_dss/vendor/laravel/framework/src/Illuminate/Foundation/Console/Kernel.php(153): Illuminate\\Foundation\\Console\\Kernel->bootstrap()
#13 Command line code(1): Illuminate\\Foundation\\Console\\Kernel->handle()
#14 {main}
"} 
[2025-03-24 15:32:58] local.ERROR: Class "\Themes\BC\ThemeProvider" not found {"exception":"[object] (Error(code: 0): Class \"\\Themes\\BC\\ThemeProvider\" not found at /var/www/emaparking_dss/themes/ThemeServiceProvider.php:23)
[stacktrace]
#0 /var/www/emaparking_dss/vendor/laravel/framework/src/Illuminate/Container/BoundMethod.php(36): Themes\\ThemeServiceProvider->boot()
#1 /var/www/emaparking_dss/vendor/laravel/framework/src/Illuminate/Container/Util.php(41): Illuminate\\Container\\BoundMethod::Illuminate\\Container\\{closure}()
#2 /var/www/emaparking_dss/vendor/laravel/framework/src/Illuminate/Container/BoundMethod.php(93): Illuminate\\Container\\Util::unwrapIfClosure()
#3 /var/www/emaparking_dss/vendor/laravel/framework/src/Illuminate/Container/BoundMethod.php(35): Illuminate\\Container\\BoundMethod::callBoundMethod()
#4 /var/www/emaparking_dss/vendor/laravel/framework/src/Illuminate/Container/Container.php(651): Illuminate\\Container\\BoundMethod::call()
#5 /var/www/emaparking_dss/vendor/laravel/framework/src/Illuminate/Foundation/Application.php(933): Illuminate\\Container\\Container->call()
#6 /var/www/emaparking_dss/vendor/laravel/framework/src/Illuminate/Foundation/Application.php(914): Illuminate\\Foundation\\Application->bootProvider()
#7 [internal function]: Illuminate\\Foundation\\Application->Illuminate\\Foundation\\{closure}()
#8 /var/www/emaparking_dss/vendor/laravel/framework/src/Illuminate/Foundation/Application.php(913): array_walk()
#9 /var/www/emaparking_dss/vendor/laravel/framework/src/Illuminate/Foundation/Bootstrap/BootProviders.php(17): Illuminate\\Foundation\\Application->boot()
#10 /var/www/emaparking_dss/vendor/laravel/framework/src/Illuminate/Foundation/Application.php(242): Illuminate\\Foundation\\Bootstrap\\BootProviders->bootstrap()
#11 /var/www/emaparking_dss/vendor/laravel/framework/src/Illuminate/Foundation/Console/Kernel.php(383): Illuminate\\Foundation\\Application->bootstrapWith()
#12 /var/www/emaparking_dss/vendor/laravel/framework/src/Illuminate/Foundation/Console/Kernel.php(153): Illuminate\\Foundation\\Console\\Kernel->bootstrap()
#13 Command line code(1): Illuminate\\Foundation\\Console\\Kernel->handle()
#14 {main}
"} 
[2025-03-24 15:33:58] local.ERROR: Class "\Themes\BC\ThemeProvider" not found {"exception":"[object] (Error(code: 0): Class \"\\Themes\\BC\\ThemeProvider\" not found at /var/www/emaparking_dss/themes/ThemeServiceProvider.php:23)
[stacktrace]
#0 /var/www/emaparking_dss/vendor/laravel/framework/src/Illuminate/Container/BoundMethod.php(36): Themes\\ThemeServiceProvider->boot()
#1 /var/www/emaparking_dss/vendor/laravel/framework/src/Illuminate/Container/Util.php(41): Illuminate\\Container\\BoundMethod::Illuminate\\Container\\{closure}()
#2 /var/www/emaparking_dss/vendor/laravel/framework/src/Illuminate/Container/BoundMethod.php(93): Illuminate\\Container\\Util::unwrapIfClosure()
#3 /var/www/emaparking_dss/vendor/laravel/framework/src/Illuminate/Container/BoundMethod.php(35): Illuminate\\Container\\BoundMethod::callBoundMethod()
#4 /var/www/emaparking_dss/vendor/laravel/framework/src/Illuminate/Container/Container.php(651): Illuminate\\Container\\BoundMethod::call()
#5 /var/www/emaparking_dss/vendor/laravel/framework/src/Illuminate/Foundation/Application.php(933): Illuminate\\Container\\Container->call()
#6 /var/www/emaparking_dss/vendor/laravel/framework/src/Illuminate/Foundation/Application.php(914): Illuminate\\Foundation\\Application->bootProvider()
#7 [internal function]: Illuminate\\Foundation\\Application->Illuminate\\Foundation\\{closure}()
#8 /var/www/emaparking_dss/vendor/laravel/framework/src/Illuminate/Foundation/Application.php(913): array_walk()
#9 /var/www/emaparking_dss/vendor/laravel/framework/src/Illuminate/Foundation/Bootstrap/BootProviders.php(17): Illuminate\\Foundation\\Application->boot()
#10 /var/www/emaparking_dss/vendor/laravel/framework/src/Illuminate/Foundation/Application.php(242): Illuminate\\Foundation\\Bootstrap\\BootProviders->bootstrap()
#11 /var/www/emaparking_dss/vendor/laravel/framework/src/Illuminate/Foundation/Console/Kernel.php(383): Illuminate\\Foundation\\Application->bootstrapWith()
#12 /var/www/emaparking_dss/vendor/laravel/framework/src/Illuminate/Foundation/Console/Kernel.php(153): Illuminate\\Foundation\\Console\\Kernel->bootstrap()
#13 Command line code(1): Illuminate\\Foundation\\Console\\Kernel->handle()
#14 {main}
"} 
[2025-03-24 15:33:58] local.ERROR: Class "\Themes\BC\ThemeProvider" not found {"exception":"[object] (Error(code: 0): Class \"\\Themes\\BC\\ThemeProvider\" not found at /var/www/emaparking_dss/themes/ThemeServiceProvider.php:23)
[stacktrace]
#0 /var/www/emaparking_dss/vendor/laravel/framework/src/Illuminate/Container/BoundMethod.php(36): Themes\\ThemeServiceProvider->boot()
#1 /var/www/emaparking_dss/vendor/laravel/framework/src/Illuminate/Container/Util.php(41): Illuminate\\Container\\BoundMethod::Illuminate\\Container\\{closure}()
#2 /var/www/emaparking_dss/vendor/laravel/framework/src/Illuminate/Container/BoundMethod.php(93): Illuminate\\Container\\Util::unwrapIfClosure()
#3 /var/www/emaparking_dss/vendor/laravel/framework/src/Illuminate/Container/BoundMethod.php(35): Illuminate\\Container\\BoundMethod::callBoundMethod()
#4 /var/www/emaparking_dss/vendor/laravel/framework/src/Illuminate/Container/Container.php(651): Illuminate\\Container\\BoundMethod::call()
#5 /var/www/emaparking_dss/vendor/laravel/framework/src/Illuminate/Foundation/Application.php(933): Illuminate\\Container\\Container->call()
#6 /var/www/emaparking_dss/vendor/laravel/framework/src/Illuminate/Foundation/Application.php(914): Illuminate\\Foundation\\Application->bootProvider()
#7 [internal function]: Illuminate\\Foundation\\Application->Illuminate\\Foundation\\{closure}()
#8 /var/www/emaparking_dss/vendor/laravel/framework/src/Illuminate/Foundation/Application.php(913): array_walk()
#9 /var/www/emaparking_dss/vendor/laravel/framework/src/Illuminate/Foundation/Bootstrap/BootProviders.php(17): Illuminate\\Foundation\\Application->boot()
#10 /var/www/emaparking_dss/vendor/laravel/framework/src/Illuminate/Foundation/Application.php(242): Illuminate\\Foundation\\Bootstrap\\BootProviders->bootstrap()
#11 /var/www/emaparking_dss/vendor/laravel/framework/src/Illuminate/Foundation/Console/Kernel.php(383): Illuminate\\Foundation\\Application->bootstrapWith()
#12 /var/www/emaparking_dss/vendor/laravel/framework/src/Illuminate/Foundation/Console/Kernel.php(153): Illuminate\\Foundation\\Console\\Kernel->bootstrap()
#13 Command line code(1): Illuminate\\Foundation\\Console\\Kernel->handle()
#14 {main}
"} 
[2025-03-24 15:34:58] local.ERROR: Class "\Themes\BC\ThemeProvider" not found {"exception":"[object] (Error(code: 0): Class \"\\Themes\\BC\\ThemeProvider\" not found at /var/www/emaparking_dss/themes/ThemeServiceProvider.php:23)
[stacktrace]
#0 /var/www/emaparking_dss/vendor/laravel/framework/src/Illuminate/Container/BoundMethod.php(36): Themes\\ThemeServiceProvider->boot()
#1 /var/www/emaparking_dss/vendor/laravel/framework/src/Illuminate/Container/Util.php(41): Illuminate\\Container\\BoundMethod::Illuminate\\Container\\{closure}()
#2 /var/www/emaparking_dss/vendor/laravel/framework/src/Illuminate/Container/BoundMethod.php(93): Illuminate\\Container\\Util::unwrapIfClosure()
#3 /var/www/emaparking_dss/vendor/laravel/framework/src/Illuminate/Container/BoundMethod.php(35): Illuminate\\Container\\BoundMethod::callBoundMethod()
#4 /var/www/emaparking_dss/vendor/laravel/framework/src/Illuminate/Container/Container.php(651): Illuminate\\Container\\BoundMethod::call()
#5 /var/www/emaparking_dss/vendor/laravel/framework/src/Illuminate/Foundation/Application.php(933): Illuminate\\Container\\Container->call()
#6 /var/www/emaparking_dss/vendor/laravel/framework/src/Illuminate/Foundation/Application.php(914): Illuminate\\Foundation\\Application->bootProvider()
#7 [internal function]: Illuminate\\Foundation\\Application->Illuminate\\Foundation\\{closure}()
#8 /var/www/emaparking_dss/vendor/laravel/framework/src/Illuminate/Foundation/Application.php(913): array_walk()
#9 /var/www/emaparking_dss/vendor/laravel/framework/src/Illuminate/Foundation/Bootstrap/BootProviders.php(17): Illuminate\\Foundation\\Application->boot()
#10 /var/www/emaparking_dss/vendor/laravel/framework/src/Illuminate/Foundation/Application.php(242): Illuminate\\Foundation\\Bootstrap\\BootProviders->bootstrap()
#11 /var/www/emaparking_dss/vendor/laravel/framework/src/Illuminate/Foundation/Console/Kernel.php(383): Illuminate\\Foundation\\Application->bootstrapWith()
#12 /var/www/emaparking_dss/vendor/laravel/framework/src/Illuminate/Foundation/Console/Kernel.php(153): Illuminate\\Foundation\\Console\\Kernel->bootstrap()
#13 Command line code(1): Illuminate\\Foundation\\Console\\Kernel->handle()
#14 {main}
"} 
[2025-03-24 15:34:58] local.ERROR: Class "\Themes\BC\ThemeProvider" not found {"exception":"[object] (Error(code: 0): Class \"\\Themes\\BC\\ThemeProvider\" not found at /var/www/emaparking_dss/themes/ThemeServiceProvider.php:23)
[stacktrace]
#0 /var/www/emaparking_dss/vendor/laravel/framework/src/Illuminate/Container/BoundMethod.php(36): Themes\\ThemeServiceProvider->boot()
#1 /var/www/emaparking_dss/vendor/laravel/framework/src/Illuminate/Container/Util.php(41): Illuminate\\Container\\BoundMethod::Illuminate\\Container\\{closure}()
#2 /var/www/emaparking_dss/vendor/laravel/framework/src/Illuminate/Container/BoundMethod.php(93): Illuminate\\Container\\Util::unwrapIfClosure()
#3 /var/www/emaparking_dss/vendor/laravel/framework/src/Illuminate/Container/BoundMethod.php(35): Illuminate\\Container\\BoundMethod::callBoundMethod()
#4 /var/www/emaparking_dss/vendor/laravel/framework/src/Illuminate/Container/Container.php(651): Illuminate\\Container\\BoundMethod::call()
#5 /var/www/emaparking_dss/vendor/laravel/framework/src/Illuminate/Foundation/Application.php(933): Illuminate\\Container\\Container->call()
#6 /var/www/emaparking_dss/vendor/laravel/framework/src/Illuminate/Foundation/Application.php(914): Illuminate\\Foundation\\Application->bootProvider()
#7 [internal function]: Illuminate\\Foundation\\Application->Illuminate\\Foundation\\{closure}()
#8 /var/www/emaparking_dss/vendor/laravel/framework/src/Illuminate/Foundation/Application.php(913): array_walk()
#9 /var/www/emaparking_dss/vendor/laravel/framework/src/Illuminate/Foundation/Bootstrap/BootProviders.php(17): Illuminate\\Foundation\\Application->boot()
#10 /var/www/emaparking_dss/vendor/laravel/framework/src/Illuminate/Foundation/Application.php(242): Illuminate\\Foundation\\Bootstrap\\BootProviders->bootstrap()
#11 /var/www/emaparking_dss/vendor/laravel/framework/src/Illuminate/Foundation/Console/Kernel.php(383): Illuminate\\Foundation\\Application->bootstrapWith()
#12 /var/www/emaparking_dss/vendor/laravel/framework/src/Illuminate/Foundation/Console/Kernel.php(153): Illuminate\\Foundation\\Console\\Kernel->bootstrap()
#13 Command line code(1): Illuminate\\Foundation\\Console\\Kernel->handle()
#14 {main}
"} 
[2025-03-24 15:35:58] local.ERROR: Class "\Themes\BC\ThemeProvider" not found {"exception":"[object] (Error(code: 0): Class \"\\Themes\\BC\\ThemeProvider\" not found at /var/www/emaparking_dss/themes/ThemeServiceProvider.php:23)
[stacktrace]
#0 /var/www/emaparking_dss/vendor/laravel/framework/src/Illuminate/Container/BoundMethod.php(36): Themes\\ThemeServiceProvider->boot()
#1 /var/www/emaparking_dss/vendor/laravel/framework/src/Illuminate/Container/Util.php(41): Illuminate\\Container\\BoundMethod::Illuminate\\Container\\{closure}()
#2 /var/www/emaparking_dss/vendor/laravel/framework/src/Illuminate/Container/BoundMethod.php(93): Illuminate\\Container\\Util::unwrapIfClosure()
#3 /var/www/emaparking_dss/vendor/laravel/framework/src/Illuminate/Container/BoundMethod.php(35): Illuminate\\Container\\BoundMethod::callBoundMethod()
#4 /var/www/emaparking_dss/vendor/laravel/framework/src/Illuminate/Container/Container.php(651): Illuminate\\Container\\BoundMethod::call()
#5 /var/www/emaparking_dss/vendor/laravel/framework/src/Illuminate/Foundation/Application.php(933): Illuminate\\Container\\Container->call()
#6 /var/www/emaparking_dss/vendor/laravel/framework/src/Illuminate/Foundation/Application.php(914): Illuminate\\Foundation\\Application->bootProvider()
#7 [internal function]: Illuminate\\Foundation\\Application->Illuminate\\Foundation\\{closure}()
#8 /var/www/emaparking_dss/vendor/laravel/framework/src/Illuminate/Foundation/Application.php(913): array_walk()
#9 /var/www/emaparking_dss/vendor/laravel/framework/src/Illuminate/Foundation/Bootstrap/BootProviders.php(17): Illuminate\\Foundation\\Application->boot()
#10 /var/www/emaparking_dss/vendor/laravel/framework/src/Illuminate/Foundation/Application.php(242): Illuminate\\Foundation\\Bootstrap\\BootProviders->bootstrap()
#11 /var/www/emaparking_dss/vendor/laravel/framework/src/Illuminate/Foundation/Console/Kernel.php(383): Illuminate\\Foundation\\Application->bootstrapWith()
#12 /var/www/emaparking_dss/vendor/laravel/framework/src/Illuminate/Foundation/Console/Kernel.php(153): Illuminate\\Foundation\\Console\\Kernel->bootstrap()
#13 Command line code(1): Illuminate\\Foundation\\Console\\Kernel->handle()
#14 {main}
"} 
[2025-03-24 15:35:58] local.ERROR: Class "\Themes\BC\ThemeProvider" not found {"exception":"[object] (Error(code: 0): Class \"\\Themes\\BC\\ThemeProvider\" not found at /var/www/emaparking_dss/themes/ThemeServiceProvider.php:23)
[stacktrace]
#0 /var/www/emaparking_dss/vendor/laravel/framework/src/Illuminate/Container/BoundMethod.php(36): Themes\\ThemeServiceProvider->boot()
#1 /var/www/emaparking_dss/vendor/laravel/framework/src/Illuminate/Container/Util.php(41): Illuminate\\Container\\BoundMethod::Illuminate\\Container\\{closure}()
#2 /var/www/emaparking_dss/vendor/laravel/framework/src/Illuminate/Container/BoundMethod.php(93): Illuminate\\Container\\Util::unwrapIfClosure()
#3 /var/www/emaparking_dss/vendor/laravel/framework/src/Illuminate/Container/BoundMethod.php(35): Illuminate\\Container\\BoundMethod::callBoundMethod()
#4 /var/www/emaparking_dss/vendor/laravel/framework/src/Illuminate/Container/Container.php(651): Illuminate\\Container\\BoundMethod::call()
#5 /var/www/emaparking_dss/vendor/laravel/framework/src/Illuminate/Foundation/Application.php(933): Illuminate\\Container\\Container->call()
#6 /var/www/emaparking_dss/vendor/laravel/framework/src/Illuminate/Foundation/Application.php(914): Illuminate\\Foundation\\Application->bootProvider()
#7 [internal function]: Illuminate\\Foundation\\Application->Illuminate\\Foundation\\{closure}()
#8 /var/www/emaparking_dss/vendor/laravel/framework/src/Illuminate/Foundation/Application.php(913): array_walk()
#9 /var/www/emaparking_dss/vendor/laravel/framework/src/Illuminate/Foundation/Bootstrap/BootProviders.php(17): Illuminate\\Foundation\\Application->boot()
#10 /var/www/emaparking_dss/vendor/laravel/framework/src/Illuminate/Foundation/Application.php(242): Illuminate\\Foundation\\Bootstrap\\BootProviders->bootstrap()
#11 /var/www/emaparking_dss/vendor/laravel/framework/src/Illuminate/Foundation/Console/Kernel.php(383): Illuminate\\Foundation\\Application->bootstrapWith()
#12 /var/www/emaparking_dss/vendor/laravel/framework/src/Illuminate/Foundation/Console/Kernel.php(153): Illuminate\\Foundation\\Console\\Kernel->bootstrap()
#13 Command line code(1): Illuminate\\Foundation\\Console\\Kernel->handle()
#14 {main}
"} 
[2025-03-24 15:36:58] local.ERROR: Class "\Themes\BC\ThemeProvider" not found {"exception":"[object] (Error(code: 0): Class \"\\Themes\\BC\\ThemeProvider\" not found at /var/www/emaparking_dss/themes/ThemeServiceProvider.php:23)
[stacktrace]
#0 /var/www/emaparking_dss/vendor/laravel/framework/src/Illuminate/Container/BoundMethod.php(36): Themes\\ThemeServiceProvider->boot()
#1 /var/www/emaparking_dss/vendor/laravel/framework/src/Illuminate/Container/Util.php(41): Illuminate\\Container\\BoundMethod::Illuminate\\Container\\{closure}()
#2 /var/www/emaparking_dss/vendor/laravel/framework/src/Illuminate/Container/BoundMethod.php(93): Illuminate\\Container\\Util::unwrapIfClosure()
#3 /var/www/emaparking_dss/vendor/laravel/framework/src/Illuminate/Container/BoundMethod.php(35): Illuminate\\Container\\BoundMethod::callBoundMethod()
#4 /var/www/emaparking_dss/vendor/laravel/framework/src/Illuminate/Container/Container.php(651): Illuminate\\Container\\BoundMethod::call()
#5 /var/www/emaparking_dss/vendor/laravel/framework/src/Illuminate/Foundation/Application.php(933): Illuminate\\Container\\Container->call()
#6 /var/www/emaparking_dss/vendor/laravel/framework/src/Illuminate/Foundation/Application.php(914): Illuminate\\Foundation\\Application->bootProvider()
#7 [internal function]: Illuminate\\Foundation\\Application->Illuminate\\Foundation\\{closure}()
#8 /var/www/emaparking_dss/vendor/laravel/framework/src/Illuminate/Foundation/Application.php(913): array_walk()
#9 /var/www/emaparking_dss/vendor/laravel/framework/src/Illuminate/Foundation/Bootstrap/BootProviders.php(17): Illuminate\\Foundation\\Application->boot()
#10 /var/www/emaparking_dss/vendor/laravel/framework/src/Illuminate/Foundation/Application.php(242): Illuminate\\Foundation\\Bootstrap\\BootProviders->bootstrap()
#11 /var/www/emaparking_dss/vendor/laravel/framework/src/Illuminate/Foundation/Console/Kernel.php(383): Illuminate\\Foundation\\Application->bootstrapWith()
#12 /var/www/emaparking_dss/vendor/laravel/framework/src/Illuminate/Foundation/Console/Kernel.php(153): Illuminate\\Foundation\\Console\\Kernel->bootstrap()
#13 Command line code(1): Illuminate\\Foundation\\Console\\Kernel->handle()
#14 {main}
"} 
[2025-03-24 15:36:58] local.ERROR: Class "\Themes\BC\ThemeProvider" not found {"exception":"[object] (Error(code: 0): Class \"\\Themes\\BC\\ThemeProvider\" not found at /var/www/emaparking_dss/themes/ThemeServiceProvider.php:23)
[stacktrace]
#0 /var/www/emaparking_dss/vendor/laravel/framework/src/Illuminate/Container/BoundMethod.php(36): Themes\\ThemeServiceProvider->boot()
#1 /var/www/emaparking_dss/vendor/laravel/framework/src/Illuminate/Container/Util.php(41): Illuminate\\Container\\BoundMethod::Illuminate\\Container\\{closure}()
#2 /var/www/emaparking_dss/vendor/laravel/framework/src/Illuminate/Container/BoundMethod.php(93): Illuminate\\Container\\Util::unwrapIfClosure()
#3 /var/www/emaparking_dss/vendor/laravel/framework/src/Illuminate/Container/BoundMethod.php(35): Illuminate\\Container\\BoundMethod::callBoundMethod()
#4 /var/www/emaparking_dss/vendor/laravel/framework/src/Illuminate/Container/Container.php(651): Illuminate\\Container\\BoundMethod::call()
#5 /var/www/emaparking_dss/vendor/laravel/framework/src/Illuminate/Foundation/Application.php(933): Illuminate\\Container\\Container->call()
#6 /var/www/emaparking_dss/vendor/laravel/framework/src/Illuminate/Foundation/Application.php(914): Illuminate\\Foundation\\Application->bootProvider()
#7 [internal function]: Illuminate\\Foundation\\Application->Illuminate\\Foundation\\{closure}()
#8 /var/www/emaparking_dss/vendor/laravel/framework/src/Illuminate/Foundation/Application.php(913): array_walk()
#9 /var/www/emaparking_dss/vendor/laravel/framework/src/Illuminate/Foundation/Bootstrap/BootProviders.php(17): Illuminate\\Foundation\\Application->boot()
#10 /var/www/emaparking_dss/vendor/laravel/framework/src/Illuminate/Foundation/Application.php(242): Illuminate\\Foundation\\Bootstrap\\BootProviders->bootstrap()
#11 /var/www/emaparking_dss/vendor/laravel/framework/src/Illuminate/Foundation/Console/Kernel.php(383): Illuminate\\Foundation\\Application->bootstrapWith()
#12 /var/www/emaparking_dss/vendor/laravel/framework/src/Illuminate/Foundation/Console/Kernel.php(153): Illuminate\\Foundation\\Console\\Kernel->bootstrap()
#13 Command line code(1): Illuminate\\Foundation\\Console\\Kernel->handle()
#14 {main}
"} 
[2025-03-24 15:37:58] local.ERROR: Class "\Themes\BC\ThemeProvider" not found {"exception":"[object] (Error(code: 0): Class \"\\Themes\\BC\\ThemeProvider\" not found at /var/www/emaparking_dss/themes/ThemeServiceProvider.php:23)
[stacktrace]
#0 /var/www/emaparking_dss/vendor/laravel/framework/src/Illuminate/Container/BoundMethod.php(36): Themes\\ThemeServiceProvider->boot()
#1 /var/www/emaparking_dss/vendor/laravel/framework/src/Illuminate/Container/Util.php(41): Illuminate\\Container\\BoundMethod::Illuminate\\Container\\{closure}()
#2 /var/www/emaparking_dss/vendor/laravel/framework/src/Illuminate/Container/BoundMethod.php(93): Illuminate\\Container\\Util::unwrapIfClosure()
#3 /var/www/emaparking_dss/vendor/laravel/framework/src/Illuminate/Container/BoundMethod.php(35): Illuminate\\Container\\BoundMethod::callBoundMethod()
#4 /var/www/emaparking_dss/vendor/laravel/framework/src/Illuminate/Container/Container.php(651): Illuminate\\Container\\BoundMethod::call()
#5 /var/www/emaparking_dss/vendor/laravel/framework/src/Illuminate/Foundation/Application.php(933): Illuminate\\Container\\Container->call()
#6 /var/www/emaparking_dss/vendor/laravel/framework/src/Illuminate/Foundation/Application.php(914): Illuminate\\Foundation\\Application->bootProvider()
#7 [internal function]: Illuminate\\Foundation\\Application->Illuminate\\Foundation\\{closure}()
#8 /var/www/emaparking_dss/vendor/laravel/framework/src/Illuminate/Foundation/Application.php(913): array_walk()
#9 /var/www/emaparking_dss/vendor/laravel/framework/src/Illuminate/Foundation/Bootstrap/BootProviders.php(17): Illuminate\\Foundation\\Application->boot()
#10 /var/www/emaparking_dss/vendor/laravel/framework/src/Illuminate/Foundation/Application.php(242): Illuminate\\Foundation\\Bootstrap\\BootProviders->bootstrap()
#11 /var/www/emaparking_dss/vendor/laravel/framework/src/Illuminate/Foundation/Console/Kernel.php(383): Illuminate\\Foundation\\Application->bootstrapWith()
#12 /var/www/emaparking_dss/vendor/laravel/framework/src/Illuminate/Foundation/Console/Kernel.php(153): Illuminate\\Foundation\\Console\\Kernel->bootstrap()
#13 Command line code(1): Illuminate\\Foundation\\Console\\Kernel->handle()
#14 {main}
"} 
[2025-03-24 15:37:58] local.ERROR: Class "\Themes\BC\ThemeProvider" not found {"exception":"[object] (Error(code: 0): Class \"\\Themes\\BC\\ThemeProvider\" not found at /var/www/emaparking_dss/themes/ThemeServiceProvider.php:23)
[stacktrace]
#0 /var/www/emaparking_dss/vendor/laravel/framework/src/Illuminate/Container/BoundMethod.php(36): Themes\\ThemeServiceProvider->boot()
#1 /var/www/emaparking_dss/vendor/laravel/framework/src/Illuminate/Container/Util.php(41): Illuminate\\Container\\BoundMethod::Illuminate\\Container\\{closure}()
#2 /var/www/emaparking_dss/vendor/laravel/framework/src/Illuminate/Container/BoundMethod.php(93): Illuminate\\Container\\Util::unwrapIfClosure()
#3 /var/www/emaparking_dss/vendor/laravel/framework/src/Illuminate/Container/BoundMethod.php(35): Illuminate\\Container\\BoundMethod::callBoundMethod()
#4 /var/www/emaparking_dss/vendor/laravel/framework/src/Illuminate/Container/Container.php(651): Illuminate\\Container\\BoundMethod::call()
#5 /var/www/emaparking_dss/vendor/laravel/framework/src/Illuminate/Foundation/Application.php(933): Illuminate\\Container\\Container->call()
#6 /var/www/emaparking_dss/vendor/laravel/framework/src/Illuminate/Foundation/Application.php(914): Illuminate\\Foundation\\Application->bootProvider()
#7 [internal function]: Illuminate\\Foundation\\Application->Illuminate\\Foundation\\{closure}()
#8 /var/www/emaparking_dss/vendor/laravel/framework/src/Illuminate/Foundation/Application.php(913): array_walk()
#9 /var/www/emaparking_dss/vendor/laravel/framework/src/Illuminate/Foundation/Bootstrap/BootProviders.php(17): Illuminate\\Foundation\\Application->boot()
#10 /var/www/emaparking_dss/vendor/laravel/framework/src/Illuminate/Foundation/Application.php(242): Illuminate\\Foundation\\Bootstrap\\BootProviders->bootstrap()
#11 /var/www/emaparking_dss/vendor/laravel/framework/src/Illuminate/Foundation/Console/Kernel.php(383): Illuminate\\Foundation\\Application->bootstrapWith()
#12 /var/www/emaparking_dss/vendor/laravel/framework/src/Illuminate/Foundation/Console/Kernel.php(153): Illuminate\\Foundation\\Console\\Kernel->bootstrap()
#13 Command line code(1): Illuminate\\Foundation\\Console\\Kernel->handle()
#14 {main}
"} 
[2025-03-24 15:38:58] local.ERROR: Class "\Themes\BC\ThemeProvider" not found {"exception":"[object] (Error(code: 0): Class \"\\Themes\\BC\\ThemeProvider\" not found at /var/www/emaparking_dss/themes/ThemeServiceProvider.php:23)
[stacktrace]
#0 /var/www/emaparking_dss/vendor/laravel/framework/src/Illuminate/Container/BoundMethod.php(36): Themes\\ThemeServiceProvider->boot()
#1 /var/www/emaparking_dss/vendor/laravel/framework/src/Illuminate/Container/Util.php(41): Illuminate\\Container\\BoundMethod::Illuminate\\Container\\{closure}()
#2 /var/www/emaparking_dss/vendor/laravel/framework/src/Illuminate/Container/BoundMethod.php(93): Illuminate\\Container\\Util::unwrapIfClosure()
#3 /var/www/emaparking_dss/vendor/laravel/framework/src/Illuminate/Container/BoundMethod.php(35): Illuminate\\Container\\BoundMethod::callBoundMethod()
#4 /var/www/emaparking_dss/vendor/laravel/framework/src/Illuminate/Container/Container.php(651): Illuminate\\Container\\BoundMethod::call()
#5 /var/www/emaparking_dss/vendor/laravel/framework/src/Illuminate/Foundation/Application.php(933): Illuminate\\Container\\Container->call()
#6 /var/www/emaparking_dss/vendor/laravel/framework/src/Illuminate/Foundation/Application.php(914): Illuminate\\Foundation\\Application->bootProvider()
#7 [internal function]: Illuminate\\Foundation\\Application->Illuminate\\Foundation\\{closure}()
#8 /var/www/emaparking_dss/vendor/laravel/framework/src/Illuminate/Foundation/Application.php(913): array_walk()
#9 /var/www/emaparking_dss/vendor/laravel/framework/src/Illuminate/Foundation/Bootstrap/BootProviders.php(17): Illuminate\\Foundation\\Application->boot()
#10 /var/www/emaparking_dss/vendor/laravel/framework/src/Illuminate/Foundation/Application.php(242): Illuminate\\Foundation\\Bootstrap\\BootProviders->bootstrap()
#11 /var/www/emaparking_dss/vendor/laravel/framework/src/Illuminate/Foundation/Console/Kernel.php(383): Illuminate\\Foundation\\Application->bootstrapWith()
#12 /var/www/emaparking_dss/vendor/laravel/framework/src/Illuminate/Foundation/Console/Kernel.php(153): Illuminate\\Foundation\\Console\\Kernel->bootstrap()
#13 Command line code(1): Illuminate\\Foundation\\Console\\Kernel->handle()
#14 {main}
"} 
[2025-03-24 15:38:58] local.ERROR: Class "\Themes\BC\ThemeProvider" not found {"exception":"[object] (Error(code: 0): Class \"\\Themes\\BC\\ThemeProvider\" not found at /var/www/emaparking_dss/themes/ThemeServiceProvider.php:23)
[stacktrace]
#0 /var/www/emaparking_dss/vendor/laravel/framework/src/Illuminate/Container/BoundMethod.php(36): Themes\\ThemeServiceProvider->boot()
#1 /var/www/emaparking_dss/vendor/laravel/framework/src/Illuminate/Container/Util.php(41): Illuminate\\Container\\BoundMethod::Illuminate\\Container\\{closure}()
#2 /var/www/emaparking_dss/vendor/laravel/framework/src/Illuminate/Container/BoundMethod.php(93): Illuminate\\Container\\Util::unwrapIfClosure()
#3 /var/www/emaparking_dss/vendor/laravel/framework/src/Illuminate/Container/BoundMethod.php(35): Illuminate\\Container\\BoundMethod::callBoundMethod()
#4 /var/www/emaparking_dss/vendor/laravel/framework/src/Illuminate/Container/Container.php(651): Illuminate\\Container\\BoundMethod::call()
#5 /var/www/emaparking_dss/vendor/laravel/framework/src/Illuminate/Foundation/Application.php(933): Illuminate\\Container\\Container->call()
#6 /var/www/emaparking_dss/vendor/laravel/framework/src/Illuminate/Foundation/Application.php(914): Illuminate\\Foundation\\Application->bootProvider()
#7 [internal function]: Illuminate\\Foundation\\Application->Illuminate\\Foundation\\{closure}()
#8 /var/www/emaparking_dss/vendor/laravel/framework/src/Illuminate/Foundation/Application.php(913): array_walk()
#9 /var/www/emaparking_dss/vendor/laravel/framework/src/Illuminate/Foundation/Bootstrap/BootProviders.php(17): Illuminate\\Foundation\\Application->boot()
#10 /var/www/emaparking_dss/vendor/laravel/framework/src/Illuminate/Foundation/Application.php(242): Illuminate\\Foundation\\Bootstrap\\BootProviders->bootstrap()
#11 /var/www/emaparking_dss/vendor/laravel/framework/src/Illuminate/Foundation/Console/Kernel.php(383): Illuminate\\Foundation\\Application->bootstrapWith()
#12 /var/www/emaparking_dss/vendor/laravel/framework/src/Illuminate/Foundation/Console/Kernel.php(153): Illuminate\\Foundation\\Console\\Kernel->bootstrap()
#13 Command line code(1): Illuminate\\Foundation\\Console\\Kernel->handle()
#14 {main}
"} 
[2025-03-24 15:38:58] local.ERROR: Class "\Themes\BC\ThemeProvider" not found {"exception":"[object] (Error(code: 0): Class \"\\Themes\\BC\\ThemeProvider\" not found at /var/www/emaparking_dss/themes/ThemeServiceProvider.php:23)
[stacktrace]
#0 /var/www/emaparking_dss/vendor/laravel/framework/src/Illuminate/Container/BoundMethod.php(36): Themes\\ThemeServiceProvider->boot()
#1 /var/www/emaparking_dss/vendor/laravel/framework/src/Illuminate/Container/Util.php(41): Illuminate\\Container\\BoundMethod::Illuminate\\Container\\{closure}()
#2 /var/www/emaparking_dss/vendor/laravel/framework/src/Illuminate/Container/BoundMethod.php(93): Illuminate\\Container\\Util::unwrapIfClosure()
#3 /var/www/emaparking_dss/vendor/laravel/framework/src/Illuminate/Container/BoundMethod.php(35): Illuminate\\Container\\BoundMethod::callBoundMethod()
#4 /var/www/emaparking_dss/vendor/laravel/framework/src/Illuminate/Container/Container.php(651): Illuminate\\Container\\BoundMethod::call()
#5 /var/www/emaparking_dss/vendor/laravel/framework/src/Illuminate/Foundation/Application.php(933): Illuminate\\Container\\Container->call()
#6 /var/www/emaparking_dss/vendor/laravel/framework/src/Illuminate/Foundation/Application.php(914): Illuminate\\Foundation\\Application->bootProvider()
#7 [internal function]: Illuminate\\Foundation\\Application->Illuminate\\Foundation\\{closure}()
#8 /var/www/emaparking_dss/vendor/laravel/framework/src/Illuminate/Foundation/Application.php(913): array_walk()
#9 /var/www/emaparking_dss/vendor/laravel/framework/src/Illuminate/Foundation/Bootstrap/BootProviders.php(17): Illuminate\\Foundation\\Application->boot()
#10 /var/www/emaparking_dss/vendor/laravel/framework/src/Illuminate/Foundation/Application.php(242): Illuminate\\Foundation\\Bootstrap\\BootProviders->bootstrap()
#11 /var/www/emaparking_dss/vendor/laravel/framework/src/Illuminate/Foundation/Console/Kernel.php(383): Illuminate\\Foundation\\Application->bootstrapWith()
#12 /var/www/emaparking_dss/vendor/laravel/framework/src/Illuminate/Foundation/Console/Kernel.php(153): Illuminate\\Foundation\\Console\\Kernel->bootstrap()
#13 Command line code(1): Illuminate\\Foundation\\Console\\Kernel->handle()
#14 {main}
"} 
[2025-03-24 15:39:58] local.ERROR: Class "\Themes\BC\ThemeProvider" not found {"exception":"[object] (Error(code: 0): Class \"\\Themes\\BC\\ThemeProvider\" not found at /var/www/emaparking_dss/themes/ThemeServiceProvider.php:23)
[stacktrace]
#0 /var/www/emaparking_dss/vendor/laravel/framework/src/Illuminate/Container/BoundMethod.php(36): Themes\\ThemeServiceProvider->boot()
#1 /var/www/emaparking_dss/vendor/laravel/framework/src/Illuminate/Container/Util.php(41): Illuminate\\Container\\BoundMethod::Illuminate\\Container\\{closure}()
#2 /var/www/emaparking_dss/vendor/laravel/framework/src/Illuminate/Container/BoundMethod.php(93): Illuminate\\Container\\Util::unwrapIfClosure()
#3 /var/www/emaparking_dss/vendor/laravel/framework/src/Illuminate/Container/BoundMethod.php(35): Illuminate\\Container\\BoundMethod::callBoundMethod()
#4 /var/www/emaparking_dss/vendor/laravel/framework/src/Illuminate/Container/Container.php(651): Illuminate\\Container\\BoundMethod::call()
#5 /var/www/emaparking_dss/vendor/laravel/framework/src/Illuminate/Foundation/Application.php(933): Illuminate\\Container\\Container->call()
#6 /var/www/emaparking_dss/vendor/laravel/framework/src/Illuminate/Foundation/Application.php(914): Illuminate\\Foundation\\Application->bootProvider()
#7 [internal function]: Illuminate\\Foundation\\Application->Illuminate\\Foundation\\{closure}()
#8 /var/www/emaparking_dss/vendor/laravel/framework/src/Illuminate/Foundation/Application.php(913): array_walk()
#9 /var/www/emaparking_dss/vendor/laravel/framework/src/Illuminate/Foundation/Bootstrap/BootProviders.php(17): Illuminate\\Foundation\\Application->boot()
#10 /var/www/emaparking_dss/vendor/laravel/framework/src/Illuminate/Foundation/Application.php(242): Illuminate\\Foundation\\Bootstrap\\BootProviders->bootstrap()
#11 /var/www/emaparking_dss/vendor/laravel/framework/src/Illuminate/Foundation/Console/Kernel.php(383): Illuminate\\Foundation\\Application->bootstrapWith()
#12 /var/www/emaparking_dss/vendor/laravel/framework/src/Illuminate/Foundation/Console/Kernel.php(153): Illuminate\\Foundation\\Console\\Kernel->bootstrap()
#13 Command line code(1): Illuminate\\Foundation\\Console\\Kernel->handle()
#14 {main}
"} 
[2025-03-24 15:39:58] local.ERROR: Class "\Themes\BC\ThemeProvider" not found {"exception":"[object] (Error(code: 0): Class \"\\Themes\\BC\\ThemeProvider\" not found at /var/www/emaparking_dss/themes/ThemeServiceProvider.php:23)
[stacktrace]
#0 /var/www/emaparking_dss/vendor/laravel/framework/src/Illuminate/Container/BoundMethod.php(36): Themes\\ThemeServiceProvider->boot()
#1 /var/www/emaparking_dss/vendor/laravel/framework/src/Illuminate/Container/Util.php(41): Illuminate\\Container\\BoundMethod::Illuminate\\Container\\{closure}()
#2 /var/www/emaparking_dss/vendor/laravel/framework/src/Illuminate/Container/BoundMethod.php(93): Illuminate\\Container\\Util::unwrapIfClosure()
#3 /var/www/emaparking_dss/vendor/laravel/framework/src/Illuminate/Container/BoundMethod.php(35): Illuminate\\Container\\BoundMethod::callBoundMethod()
#4 /var/www/emaparking_dss/vendor/laravel/framework/src/Illuminate/Container/Container.php(651): Illuminate\\Container\\BoundMethod::call()
#5 /var/www/emaparking_dss/vendor/laravel/framework/src/Illuminate/Foundation/Application.php(933): Illuminate\\Container\\Container->call()
#6 /var/www/emaparking_dss/vendor/laravel/framework/src/Illuminate/Foundation/Application.php(914): Illuminate\\Foundation\\Application->bootProvider()
#7 [internal function]: Illuminate\\Foundation\\Application->Illuminate\\Foundation\\{closure}()
#8 /var/www/emaparking_dss/vendor/laravel/framework/src/Illuminate/Foundation/Application.php(913): array_walk()
#9 /var/www/emaparking_dss/vendor/laravel/framework/src/Illuminate/Foundation/Bootstrap/BootProviders.php(17): Illuminate\\Foundation\\Application->boot()
#10 /var/www/emaparking_dss/vendor/laravel/framework/src/Illuminate/Foundation/Application.php(242): Illuminate\\Foundation\\Bootstrap\\BootProviders->bootstrap()
#11 /var/www/emaparking_dss/vendor/laravel/framework/src/Illuminate/Foundation/Console/Kernel.php(383): Illuminate\\Foundation\\Application->bootstrapWith()
#12 /var/www/emaparking_dss/vendor/laravel/framework/src/Illuminate/Foundation/Console/Kernel.php(153): Illuminate\\Foundation\\Console\\Kernel->bootstrap()
#13 Command line code(1): Illuminate\\Foundation\\Console\\Kernel->handle()
#14 {main}
"} 
[2025-03-24 15:40:58] local.ERROR: Class "\Themes\BC\ThemeProvider" not found {"exception":"[object] (Error(code: 0): Class \"\\Themes\\BC\\ThemeProvider\" not found at /var/www/emaparking_dss/themes/ThemeServiceProvider.php:23)
[stacktrace]
#0 /var/www/emaparking_dss/vendor/laravel/framework/src/Illuminate/Container/BoundMethod.php(36): Themes\\ThemeServiceProvider->boot()
#1 /var/www/emaparking_dss/vendor/laravel/framework/src/Illuminate/Container/Util.php(41): Illuminate\\Container\\BoundMethod::Illuminate\\Container\\{closure}()
#2 /var/www/emaparking_dss/vendor/laravel/framework/src/Illuminate/Container/BoundMethod.php(93): Illuminate\\Container\\Util::unwrapIfClosure()
#3 /var/www/emaparking_dss/vendor/laravel/framework/src/Illuminate/Container/BoundMethod.php(35): Illuminate\\Container\\BoundMethod::callBoundMethod()
#4 /var/www/emaparking_dss/vendor/laravel/framework/src/Illuminate/Container/Container.php(651): Illuminate\\Container\\BoundMethod::call()
#5 /var/www/emaparking_dss/vendor/laravel/framework/src/Illuminate/Foundation/Application.php(933): Illuminate\\Container\\Container->call()
#6 /var/www/emaparking_dss/vendor/laravel/framework/src/Illuminate/Foundation/Application.php(914): Illuminate\\Foundation\\Application->bootProvider()
#7 [internal function]: Illuminate\\Foundation\\Application->Illuminate\\Foundation\\{closure}()
#8 /var/www/emaparking_dss/vendor/laravel/framework/src/Illuminate/Foundation/Application.php(913): array_walk()
#9 /var/www/emaparking_dss/vendor/laravel/framework/src/Illuminate/Foundation/Bootstrap/BootProviders.php(17): Illuminate\\Foundation\\Application->boot()
#10 /var/www/emaparking_dss/vendor/laravel/framework/src/Illuminate/Foundation/Application.php(242): Illuminate\\Foundation\\Bootstrap\\BootProviders->bootstrap()
#11 /var/www/emaparking_dss/vendor/laravel/framework/src/Illuminate/Foundation/Console/Kernel.php(383): Illuminate\\Foundation\\Application->bootstrapWith()
#12 /var/www/emaparking_dss/vendor/laravel/framework/src/Illuminate/Foundation/Console/Kernel.php(153): Illuminate\\Foundation\\Console\\Kernel->bootstrap()
#13 Command line code(1): Illuminate\\Foundation\\Console\\Kernel->handle()
#14 {main}
"} 
[2025-03-24 15:40:58] local.ERROR: Class "\Themes\BC\ThemeProvider" not found {"exception":"[object] (Error(code: 0): Class \"\\Themes\\BC\\ThemeProvider\" not found at /var/www/emaparking_dss/themes/ThemeServiceProvider.php:23)
[stacktrace]
#0 /var/www/emaparking_dss/vendor/laravel/framework/src/Illuminate/Container/BoundMethod.php(36): Themes\\ThemeServiceProvider->boot()
#1 /var/www/emaparking_dss/vendor/laravel/framework/src/Illuminate/Container/Util.php(41): Illuminate\\Container\\BoundMethod::Illuminate\\Container\\{closure}()
#2 /var/www/emaparking_dss/vendor/laravel/framework/src/Illuminate/Container/BoundMethod.php(93): Illuminate\\Container\\Util::unwrapIfClosure()
#3 /var/www/emaparking_dss/vendor/laravel/framework/src/Illuminate/Container/BoundMethod.php(35): Illuminate\\Container\\BoundMethod::callBoundMethod()
#4 /var/www/emaparking_dss/vendor/laravel/framework/src/Illuminate/Container/Container.php(651): Illuminate\\Container\\BoundMethod::call()
#5 /var/www/emaparking_dss/vendor/laravel/framework/src/Illuminate/Foundation/Application.php(933): Illuminate\\Container\\Container->call()
#6 /var/www/emaparking_dss/vendor/laravel/framework/src/Illuminate/Foundation/Application.php(914): Illuminate\\Foundation\\Application->bootProvider()
#7 [internal function]: Illuminate\\Foundation\\Application->Illuminate\\Foundation\\{closure}()
#8 /var/www/emaparking_dss/vendor/laravel/framework/src/Illuminate/Foundation/Application.php(913): array_walk()
#9 /var/www/emaparking_dss/vendor/laravel/framework/src/Illuminate/Foundation/Bootstrap/BootProviders.php(17): Illuminate\\Foundation\\Application->boot()
#10 /var/www/emaparking_dss/vendor/laravel/framework/src/Illuminate/Foundation/Application.php(242): Illuminate\\Foundation\\Bootstrap\\BootProviders->bootstrap()
#11 /var/www/emaparking_dss/vendor/laravel/framework/src/Illuminate/Foundation/Console/Kernel.php(383): Illuminate\\Foundation\\Application->bootstrapWith()
#12 /var/www/emaparking_dss/vendor/laravel/framework/src/Illuminate/Foundation/Console/Kernel.php(153): Illuminate\\Foundation\\Console\\Kernel->bootstrap()
#13 Command line code(1): Illuminate\\Foundation\\Console\\Kernel->handle()
#14 {main}
"} 
[2025-03-24 15:41:58] local.ERROR: Class "\Themes\BC\ThemeProvider" not found {"exception":"[object] (Error(code: 0): Class \"\\Themes\\BC\\ThemeProvider\" not found at /var/www/emaparking_dss/themes/ThemeServiceProvider.php:23)
[stacktrace]
#0 /var/www/emaparking_dss/vendor/laravel/framework/src/Illuminate/Container/BoundMethod.php(36): Themes\\ThemeServiceProvider->boot()
#1 /var/www/emaparking_dss/vendor/laravel/framework/src/Illuminate/Container/Util.php(41): Illuminate\\Container\\BoundMethod::Illuminate\\Container\\{closure}()
#2 /var/www/emaparking_dss/vendor/laravel/framework/src/Illuminate/Container/BoundMethod.php(93): Illuminate\\Container\\Util::unwrapIfClosure()
#3 /var/www/emaparking_dss/vendor/laravel/framework/src/Illuminate/Container/BoundMethod.php(35): Illuminate\\Container\\BoundMethod::callBoundMethod()
#4 /var/www/emaparking_dss/vendor/laravel/framework/src/Illuminate/Container/Container.php(651): Illuminate\\Container\\BoundMethod::call()
#5 /var/www/emaparking_dss/vendor/laravel/framework/src/Illuminate/Foundation/Application.php(933): Illuminate\\Container\\Container->call()
#6 /var/www/emaparking_dss/vendor/laravel/framework/src/Illuminate/Foundation/Application.php(914): Illuminate\\Foundation\\Application->bootProvider()
#7 [internal function]: Illuminate\\Foundation\\Application->Illuminate\\Foundation\\{closure}()
#8 /var/www/emaparking_dss/vendor/laravel/framework/src/Illuminate/Foundation/Application.php(913): array_walk()
#9 /var/www/emaparking_dss/vendor/laravel/framework/src/Illuminate/Foundation/Bootstrap/BootProviders.php(17): Illuminate\\Foundation\\Application->boot()
#10 /var/www/emaparking_dss/vendor/laravel/framework/src/Illuminate/Foundation/Application.php(242): Illuminate\\Foundation\\Bootstrap\\BootProviders->bootstrap()
#11 /var/www/emaparking_dss/vendor/laravel/framework/src/Illuminate/Foundation/Console/Kernel.php(383): Illuminate\\Foundation\\Application->bootstrapWith()
#12 /var/www/emaparking_dss/vendor/laravel/framework/src/Illuminate/Foundation/Console/Kernel.php(153): Illuminate\\Foundation\\Console\\Kernel->bootstrap()
#13 Command line code(1): Illuminate\\Foundation\\Console\\Kernel->handle()
#14 {main}
"} 
[2025-03-24 15:41:58] local.ERROR: Class "\Themes\BC\ThemeProvider" not found {"exception":"[object] (Error(code: 0): Class \"\\Themes\\BC\\ThemeProvider\" not found at /var/www/emaparking_dss/themes/ThemeServiceProvider.php:23)
[stacktrace]
#0 /var/www/emaparking_dss/vendor/laravel/framework/src/Illuminate/Container/BoundMethod.php(36): Themes\\ThemeServiceProvider->boot()
#1 /var/www/emaparking_dss/vendor/laravel/framework/src/Illuminate/Container/Util.php(41): Illuminate\\Container\\BoundMethod::Illuminate\\Container\\{closure}()
#2 /var/www/emaparking_dss/vendor/laravel/framework/src/Illuminate/Container/BoundMethod.php(93): Illuminate\\Container\\Util::unwrapIfClosure()
#3 /var/www/emaparking_dss/vendor/laravel/framework/src/Illuminate/Container/BoundMethod.php(35): Illuminate\\Container\\BoundMethod::callBoundMethod()
#4 /var/www/emaparking_dss/vendor/laravel/framework/src/Illuminate/Container/Container.php(651): Illuminate\\Container\\BoundMethod::call()
#5 /var/www/emaparking_dss/vendor/laravel/framework/src/Illuminate/Foundation/Application.php(933): Illuminate\\Container\\Container->call()
#6 /var/www/emaparking_dss/vendor/laravel/framework/src/Illuminate/Foundation/Application.php(914): Illuminate\\Foundation\\Application->bootProvider()
#7 [internal function]: Illuminate\\Foundation\\Application->Illuminate\\Foundation\\{closure}()
#8 /var/www/emaparking_dss/vendor/laravel/framework/src/Illuminate/Foundation/Application.php(913): array_walk()
#9 /var/www/emaparking_dss/vendor/laravel/framework/src/Illuminate/Foundation/Bootstrap/BootProviders.php(17): Illuminate\\Foundation\\Application->boot()
#10 /var/www/emaparking_dss/vendor/laravel/framework/src/Illuminate/Foundation/Application.php(242): Illuminate\\Foundation\\Bootstrap\\BootProviders->bootstrap()
#11 /var/www/emaparking_dss/vendor/laravel/framework/src/Illuminate/Foundation/Console/Kernel.php(383): Illuminate\\Foundation\\Application->bootstrapWith()
#12 /var/www/emaparking_dss/vendor/laravel/framework/src/Illuminate/Foundation/Console/Kernel.php(153): Illuminate\\Foundation\\Console\\Kernel->bootstrap()
#13 Command line code(1): Illuminate\\Foundation\\Console\\Kernel->handle()
#14 {main}
"} 
[2025-03-24 15:42:58] local.ERROR: Class "\Themes\BC\ThemeProvider" not found {"exception":"[object] (Error(code: 0): Class \"\\Themes\\BC\\ThemeProvider\" not found at /var/www/emaparking_dss/themes/ThemeServiceProvider.php:23)
[stacktrace]
#0 /var/www/emaparking_dss/vendor/laravel/framework/src/Illuminate/Container/BoundMethod.php(36): Themes\\ThemeServiceProvider->boot()
#1 /var/www/emaparking_dss/vendor/laravel/framework/src/Illuminate/Container/Util.php(41): Illuminate\\Container\\BoundMethod::Illuminate\\Container\\{closure}()
#2 /var/www/emaparking_dss/vendor/laravel/framework/src/Illuminate/Container/BoundMethod.php(93): Illuminate\\Container\\Util::unwrapIfClosure()
#3 /var/www/emaparking_dss/vendor/laravel/framework/src/Illuminate/Container/BoundMethod.php(35): Illuminate\\Container\\BoundMethod::callBoundMethod()
#4 /var/www/emaparking_dss/vendor/laravel/framework/src/Illuminate/Container/Container.php(651): Illuminate\\Container\\BoundMethod::call()
#5 /var/www/emaparking_dss/vendor/laravel/framework/src/Illuminate/Foundation/Application.php(933): Illuminate\\Container\\Container->call()
#6 /var/www/emaparking_dss/vendor/laravel/framework/src/Illuminate/Foundation/Application.php(914): Illuminate\\Foundation\\Application->bootProvider()
#7 [internal function]: Illuminate\\Foundation\\Application->Illuminate\\Foundation\\{closure}()
#8 /var/www/emaparking_dss/vendor/laravel/framework/src/Illuminate/Foundation/Application.php(913): array_walk()
#9 /var/www/emaparking_dss/vendor/laravel/framework/src/Illuminate/Foundation/Bootstrap/BootProviders.php(17): Illuminate\\Foundation\\Application->boot()
#10 /var/www/emaparking_dss/vendor/laravel/framework/src/Illuminate/Foundation/Application.php(242): Illuminate\\Foundation\\Bootstrap\\BootProviders->bootstrap()
#11 /var/www/emaparking_dss/vendor/laravel/framework/src/Illuminate/Foundation/Console/Kernel.php(383): Illuminate\\Foundation\\Application->bootstrapWith()
#12 /var/www/emaparking_dss/vendor/laravel/framework/src/Illuminate/Foundation/Console/Kernel.php(153): Illuminate\\Foundation\\Console\\Kernel->bootstrap()
#13 Command line code(1): Illuminate\\Foundation\\Console\\Kernel->handle()
#14 {main}
"} 
[2025-03-24 15:42:58] local.ERROR: Class "\Themes\BC\ThemeProvider" not found {"exception":"[object] (Error(code: 0): Class \"\\Themes\\BC\\ThemeProvider\" not found at /var/www/emaparking_dss/themes/ThemeServiceProvider.php:23)
[stacktrace]
#0 /var/www/emaparking_dss/vendor/laravel/framework/src/Illuminate/Container/BoundMethod.php(36): Themes\\ThemeServiceProvider->boot()
#1 /var/www/emaparking_dss/vendor/laravel/framework/src/Illuminate/Container/Util.php(41): Illuminate\\Container\\BoundMethod::Illuminate\\Container\\{closure}()
#2 /var/www/emaparking_dss/vendor/laravel/framework/src/Illuminate/Container/BoundMethod.php(93): Illuminate\\Container\\Util::unwrapIfClosure()
#3 /var/www/emaparking_dss/vendor/laravel/framework/src/Illuminate/Container/BoundMethod.php(35): Illuminate\\Container\\BoundMethod::callBoundMethod()
#4 /var/www/emaparking_dss/vendor/laravel/framework/src/Illuminate/Container/Container.php(651): Illuminate\\Container\\BoundMethod::call()
#5 /var/www/emaparking_dss/vendor/laravel/framework/src/Illuminate/Foundation/Application.php(933): Illuminate\\Container\\Container->call()
#6 /var/www/emaparking_dss/vendor/laravel/framework/src/Illuminate/Foundation/Application.php(914): Illuminate\\Foundation\\Application->bootProvider()
#7 [internal function]: Illuminate\\Foundation\\Application->Illuminate\\Foundation\\{closure}()
#8 /var/www/emaparking_dss/vendor/laravel/framework/src/Illuminate/Foundation/Application.php(913): array_walk()
#9 /var/www/emaparking_dss/vendor/laravel/framework/src/Illuminate/Foundation/Bootstrap/BootProviders.php(17): Illuminate\\Foundation\\Application->boot()
#10 /var/www/emaparking_dss/vendor/laravel/framework/src/Illuminate/Foundation/Application.php(242): Illuminate\\Foundation\\Bootstrap\\BootProviders->bootstrap()
#11 /var/www/emaparking_dss/vendor/laravel/framework/src/Illuminate/Foundation/Console/Kernel.php(383): Illuminate\\Foundation\\Application->bootstrapWith()
#12 /var/www/emaparking_dss/vendor/laravel/framework/src/Illuminate/Foundation/Console/Kernel.php(153): Illuminate\\Foundation\\Console\\Kernel->bootstrap()
#13 Command line code(1): Illuminate\\Foundation\\Console\\Kernel->handle()
#14 {main}
"} 
[2025-03-24 15:43:58] local.ERROR: Class "\Themes\BC\ThemeProvider" not found {"exception":"[object] (Error(code: 0): Class \"\\Themes\\BC\\ThemeProvider\" not found at /var/www/emaparking_dss/themes/ThemeServiceProvider.php:23)
[stacktrace]
#0 /var/www/emaparking_dss/vendor/laravel/framework/src/Illuminate/Container/BoundMethod.php(36): Themes\\ThemeServiceProvider->boot()
#1 /var/www/emaparking_dss/vendor/laravel/framework/src/Illuminate/Container/Util.php(41): Illuminate\\Container\\BoundMethod::Illuminate\\Container\\{closure}()
#2 /var/www/emaparking_dss/vendor/laravel/framework/src/Illuminate/Container/BoundMethod.php(93): Illuminate\\Container\\Util::unwrapIfClosure()
#3 /var/www/emaparking_dss/vendor/laravel/framework/src/Illuminate/Container/BoundMethod.php(35): Illuminate\\Container\\BoundMethod::callBoundMethod()
#4 /var/www/emaparking_dss/vendor/laravel/framework/src/Illuminate/Container/Container.php(651): Illuminate\\Container\\BoundMethod::call()
#5 /var/www/emaparking_dss/vendor/laravel/framework/src/Illuminate/Foundation/Application.php(933): Illuminate\\Container\\Container->call()
#6 /var/www/emaparking_dss/vendor/laravel/framework/src/Illuminate/Foundation/Application.php(914): Illuminate\\Foundation\\Application->bootProvider()
#7 [internal function]: Illuminate\\Foundation\\Application->Illuminate\\Foundation\\{closure}()
#8 /var/www/emaparking_dss/vendor/laravel/framework/src/Illuminate/Foundation/Application.php(913): array_walk()
#9 /var/www/emaparking_dss/vendor/laravel/framework/src/Illuminate/Foundation/Bootstrap/BootProviders.php(17): Illuminate\\Foundation\\Application->boot()
#10 /var/www/emaparking_dss/vendor/laravel/framework/src/Illuminate/Foundation/Application.php(242): Illuminate\\Foundation\\Bootstrap\\BootProviders->bootstrap()
#11 /var/www/emaparking_dss/vendor/laravel/framework/src/Illuminate/Foundation/Console/Kernel.php(383): Illuminate\\Foundation\\Application->bootstrapWith()
#12 /var/www/emaparking_dss/vendor/laravel/framework/src/Illuminate/Foundation/Console/Kernel.php(153): Illuminate\\Foundation\\Console\\Kernel->bootstrap()
#13 Command line code(1): Illuminate\\Foundation\\Console\\Kernel->handle()
#14 {main}
"} 
[2025-03-24 15:43:58] local.ERROR: Class "\Themes\BC\ThemeProvider" not found {"exception":"[object] (Error(code: 0): Class \"\\Themes\\BC\\ThemeProvider\" not found at /var/www/emaparking_dss/themes/ThemeServiceProvider.php:23)
[stacktrace]
#0 /var/www/emaparking_dss/vendor/laravel/framework/src/Illuminate/Container/BoundMethod.php(36): Themes\\ThemeServiceProvider->boot()
#1 /var/www/emaparking_dss/vendor/laravel/framework/src/Illuminate/Container/Util.php(41): Illuminate\\Container\\BoundMethod::Illuminate\\Container\\{closure}()
#2 /var/www/emaparking_dss/vendor/laravel/framework/src/Illuminate/Container/BoundMethod.php(93): Illuminate\\Container\\Util::unwrapIfClosure()
#3 /var/www/emaparking_dss/vendor/laravel/framework/src/Illuminate/Container/BoundMethod.php(35): Illuminate\\Container\\BoundMethod::callBoundMethod()
#4 /var/www/emaparking_dss/vendor/laravel/framework/src/Illuminate/Container/Container.php(651): Illuminate\\Container\\BoundMethod::call()
#5 /var/www/emaparking_dss/vendor/laravel/framework/src/Illuminate/Foundation/Application.php(933): Illuminate\\Container\\Container->call()
#6 /var/www/emaparking_dss/vendor/laravel/framework/src/Illuminate/Foundation/Application.php(914): Illuminate\\Foundation\\Application->bootProvider()
#7 [internal function]: Illuminate\\Foundation\\Application->Illuminate\\Foundation\\{closure}()
#8 /var/www/emaparking_dss/vendor/laravel/framework/src/Illuminate/Foundation/Application.php(913): array_walk()
#9 /var/www/emaparking_dss/vendor/laravel/framework/src/Illuminate/Foundation/Bootstrap/BootProviders.php(17): Illuminate\\Foundation\\Application->boot()
#10 /var/www/emaparking_dss/vendor/laravel/framework/src/Illuminate/Foundation/Application.php(242): Illuminate\\Foundation\\Bootstrap\\BootProviders->bootstrap()
#11 /var/www/emaparking_dss/vendor/laravel/framework/src/Illuminate/Foundation/Console/Kernel.php(383): Illuminate\\Foundation\\Application->bootstrapWith()
#12 /var/www/emaparking_dss/vendor/laravel/framework/src/Illuminate/Foundation/Console/Kernel.php(153): Illuminate\\Foundation\\Console\\Kernel->bootstrap()
#13 Command line code(1): Illuminate\\Foundation\\Console\\Kernel->handle()
#14 {main}
"} 
[2025-03-24 15:44:58] local.ERROR: Class "\Themes\BC\ThemeProvider" not found {"exception":"[object] (Error(code: 0): Class \"\\Themes\\BC\\ThemeProvider\" not found at /var/www/emaparking_dss/themes/ThemeServiceProvider.php:23)
[stacktrace]
#0 /var/www/emaparking_dss/vendor/laravel/framework/src/Illuminate/Container/BoundMethod.php(36): Themes\\ThemeServiceProvider->boot()
#1 /var/www/emaparking_dss/vendor/laravel/framework/src/Illuminate/Container/Util.php(41): Illuminate\\Container\\BoundMethod::Illuminate\\Container\\{closure}()
#2 /var/www/emaparking_dss/vendor/laravel/framework/src/Illuminate/Container/BoundMethod.php(93): Illuminate\\Container\\Util::unwrapIfClosure()
#3 /var/www/emaparking_dss/vendor/laravel/framework/src/Illuminate/Container/BoundMethod.php(35): Illuminate\\Container\\BoundMethod::callBoundMethod()
#4 /var/www/emaparking_dss/vendor/laravel/framework/src/Illuminate/Container/Container.php(651): Illuminate\\Container\\BoundMethod::call()
#5 /var/www/emaparking_dss/vendor/laravel/framework/src/Illuminate/Foundation/Application.php(933): Illuminate\\Container\\Container->call()
#6 /var/www/emaparking_dss/vendor/laravel/framework/src/Illuminate/Foundation/Application.php(914): Illuminate\\Foundation\\Application->bootProvider()
#7 [internal function]: Illuminate\\Foundation\\Application->Illuminate\\Foundation\\{closure}()
#8 /var/www/emaparking_dss/vendor/laravel/framework/src/Illuminate/Foundation/Application.php(913): array_walk()
#9 /var/www/emaparking_dss/vendor/laravel/framework/src/Illuminate/Foundation/Bootstrap/BootProviders.php(17): Illuminate\\Foundation\\Application->boot()
#10 /var/www/emaparking_dss/vendor/laravel/framework/src/Illuminate/Foundation/Application.php(242): Illuminate\\Foundation\\Bootstrap\\BootProviders->bootstrap()
#11 /var/www/emaparking_dss/vendor/laravel/framework/src/Illuminate/Foundation/Console/Kernel.php(383): Illuminate\\Foundation\\Application->bootstrapWith()
#12 /var/www/emaparking_dss/vendor/laravel/framework/src/Illuminate/Foundation/Console/Kernel.php(153): Illuminate\\Foundation\\Console\\Kernel->bootstrap()
#13 Command line code(1): Illuminate\\Foundation\\Console\\Kernel->handle()
#14 {main}
"} 
[2025-03-24 15:44:58] local.ERROR: Class "\Themes\BC\ThemeProvider" not found {"exception":"[object] (Error(code: 0): Class \"\\Themes\\BC\\ThemeProvider\" not found at /var/www/emaparking_dss/themes/ThemeServiceProvider.php:23)
[stacktrace]
#0 /var/www/emaparking_dss/vendor/laravel/framework/src/Illuminate/Container/BoundMethod.php(36): Themes\\ThemeServiceProvider->boot()
#1 /var/www/emaparking_dss/vendor/laravel/framework/src/Illuminate/Container/Util.php(41): Illuminate\\Container\\BoundMethod::Illuminate\\Container\\{closure}()
#2 /var/www/emaparking_dss/vendor/laravel/framework/src/Illuminate/Container/BoundMethod.php(93): Illuminate\\Container\\Util::unwrapIfClosure()
#3 /var/www/emaparking_dss/vendor/laravel/framework/src/Illuminate/Container/BoundMethod.php(35): Illuminate\\Container\\BoundMethod::callBoundMethod()
#4 /var/www/emaparking_dss/vendor/laravel/framework/src/Illuminate/Container/Container.php(651): Illuminate\\Container\\BoundMethod::call()
#5 /var/www/emaparking_dss/vendor/laravel/framework/src/Illuminate/Foundation/Application.php(933): Illuminate\\Container\\Container->call()
#6 /var/www/emaparking_dss/vendor/laravel/framework/src/Illuminate/Foundation/Application.php(914): Illuminate\\Foundation\\Application->bootProvider()
#7 [internal function]: Illuminate\\Foundation\\Application->Illuminate\\Foundation\\{closure}()
#8 /var/www/emaparking_dss/vendor/laravel/framework/src/Illuminate/Foundation/Application.php(913): array_walk()
#9 /var/www/emaparking_dss/vendor/laravel/framework/src/Illuminate/Foundation/Bootstrap/BootProviders.php(17): Illuminate\\Foundation\\Application->boot()
#10 /var/www/emaparking_dss/vendor/laravel/framework/src/Illuminate/Foundation/Application.php(242): Illuminate\\Foundation\\Bootstrap\\BootProviders->bootstrap()
#11 /var/www/emaparking_dss/vendor/laravel/framework/src/Illuminate/Foundation/Console/Kernel.php(383): Illuminate\\Foundation\\Application->bootstrapWith()
#12 /var/www/emaparking_dss/vendor/laravel/framework/src/Illuminate/Foundation/Console/Kernel.php(153): Illuminate\\Foundation\\Console\\Kernel->bootstrap()
#13 Command line code(1): Illuminate\\Foundation\\Console\\Kernel->handle()
#14 {main}
"} 
[2025-03-24 15:45:58] local.ERROR: Class "\Themes\BC\ThemeProvider" not found {"exception":"[object] (Error(code: 0): Class \"\\Themes\\BC\\ThemeProvider\" not found at /var/www/emaparking_dss/themes/ThemeServiceProvider.php:23)
[stacktrace]
#0 /var/www/emaparking_dss/vendor/laravel/framework/src/Illuminate/Container/BoundMethod.php(36): Themes\\ThemeServiceProvider->boot()
#1 /var/www/emaparking_dss/vendor/laravel/framework/src/Illuminate/Container/Util.php(41): Illuminate\\Container\\BoundMethod::Illuminate\\Container\\{closure}()
#2 /var/www/emaparking_dss/vendor/laravel/framework/src/Illuminate/Container/BoundMethod.php(93): Illuminate\\Container\\Util::unwrapIfClosure()
#3 /var/www/emaparking_dss/vendor/laravel/framework/src/Illuminate/Container/BoundMethod.php(35): Illuminate\\Container\\BoundMethod::callBoundMethod()
#4 /var/www/emaparking_dss/vendor/laravel/framework/src/Illuminate/Container/Container.php(651): Illuminate\\Container\\BoundMethod::call()
#5 /var/www/emaparking_dss/vendor/laravel/framework/src/Illuminate/Foundation/Application.php(933): Illuminate\\Container\\Container->call()
#6 /var/www/emaparking_dss/vendor/laravel/framework/src/Illuminate/Foundation/Application.php(914): Illuminate\\Foundation\\Application->bootProvider()
#7 [internal function]: Illuminate\\Foundation\\Application->Illuminate\\Foundation\\{closure}()
#8 /var/www/emaparking_dss/vendor/laravel/framework/src/Illuminate/Foundation/Application.php(913): array_walk()
#9 /var/www/emaparking_dss/vendor/laravel/framework/src/Illuminate/Foundation/Bootstrap/BootProviders.php(17): Illuminate\\Foundation\\Application->boot()
#10 /var/www/emaparking_dss/vendor/laravel/framework/src/Illuminate/Foundation/Application.php(242): Illuminate\\Foundation\\Bootstrap\\BootProviders->bootstrap()
#11 /var/www/emaparking_dss/vendor/laravel/framework/src/Illuminate/Foundation/Console/Kernel.php(383): Illuminate\\Foundation\\Application->bootstrapWith()
#12 /var/www/emaparking_dss/vendor/laravel/framework/src/Illuminate/Foundation/Console/Kernel.php(153): Illuminate\\Foundation\\Console\\Kernel->bootstrap()
#13 Command line code(1): Illuminate\\Foundation\\Console\\Kernel->handle()
#14 {main}
"} 
[2025-03-24 15:45:58] local.ERROR: Class "\Themes\BC\ThemeProvider" not found {"exception":"[object] (Error(code: 0): Class \"\\Themes\\BC\\ThemeProvider\" not found at /var/www/emaparking_dss/themes/ThemeServiceProvider.php:23)
[stacktrace]
#0 /var/www/emaparking_dss/vendor/laravel/framework/src/Illuminate/Container/BoundMethod.php(36): Themes\\ThemeServiceProvider->boot()
#1 /var/www/emaparking_dss/vendor/laravel/framework/src/Illuminate/Container/Util.php(41): Illuminate\\Container\\BoundMethod::Illuminate\\Container\\{closure}()
#2 /var/www/emaparking_dss/vendor/laravel/framework/src/Illuminate/Container/BoundMethod.php(93): Illuminate\\Container\\Util::unwrapIfClosure()
#3 /var/www/emaparking_dss/vendor/laravel/framework/src/Illuminate/Container/BoundMethod.php(35): Illuminate\\Container\\BoundMethod::callBoundMethod()
#4 /var/www/emaparking_dss/vendor/laravel/framework/src/Illuminate/Container/Container.php(651): Illuminate\\Container\\BoundMethod::call()
#5 /var/www/emaparking_dss/vendor/laravel/framework/src/Illuminate/Foundation/Application.php(933): Illuminate\\Container\\Container->call()
#6 /var/www/emaparking_dss/vendor/laravel/framework/src/Illuminate/Foundation/Application.php(914): Illuminate\\Foundation\\Application->bootProvider()
#7 [internal function]: Illuminate\\Foundation\\Application->Illuminate\\Foundation\\{closure}()
#8 /var/www/emaparking_dss/vendor/laravel/framework/src/Illuminate/Foundation/Application.php(913): array_walk()
#9 /var/www/emaparking_dss/vendor/laravel/framework/src/Illuminate/Foundation/Bootstrap/BootProviders.php(17): Illuminate\\Foundation\\Application->boot()
#10 /var/www/emaparking_dss/vendor/laravel/framework/src/Illuminate/Foundation/Application.php(242): Illuminate\\Foundation\\Bootstrap\\BootProviders->bootstrap()
#11 /var/www/emaparking_dss/vendor/laravel/framework/src/Illuminate/Foundation/Console/Kernel.php(383): Illuminate\\Foundation\\Application->bootstrapWith()
#12 /var/www/emaparking_dss/vendor/laravel/framework/src/Illuminate/Foundation/Console/Kernel.php(153): Illuminate\\Foundation\\Console\\Kernel->bootstrap()
#13 Command line code(1): Illuminate\\Foundation\\Console\\Kernel->handle()
#14 {main}
"} 
[2025-03-24 15:46:58] local.ERROR: Class "\Themes\BC\ThemeProvider" not found {"exception":"[object] (Error(code: 0): Class \"\\Themes\\BC\\ThemeProvider\" not found at /var/www/emaparking_dss/themes/ThemeServiceProvider.php:23)
[stacktrace]
#0 /var/www/emaparking_dss/vendor/laravel/framework/src/Illuminate/Container/BoundMethod.php(36): Themes\\ThemeServiceProvider->boot()
#1 /var/www/emaparking_dss/vendor/laravel/framework/src/Illuminate/Container/Util.php(41): Illuminate\\Container\\BoundMethod::Illuminate\\Container\\{closure}()
#2 /var/www/emaparking_dss/vendor/laravel/framework/src/Illuminate/Container/BoundMethod.php(93): Illuminate\\Container\\Util::unwrapIfClosure()
#3 /var/www/emaparking_dss/vendor/laravel/framework/src/Illuminate/Container/BoundMethod.php(35): Illuminate\\Container\\BoundMethod::callBoundMethod()
#4 /var/www/emaparking_dss/vendor/laravel/framework/src/Illuminate/Container/Container.php(651): Illuminate\\Container\\BoundMethod::call()
#5 /var/www/emaparking_dss/vendor/laravel/framework/src/Illuminate/Foundation/Application.php(933): Illuminate\\Container\\Container->call()
#6 /var/www/emaparking_dss/vendor/laravel/framework/src/Illuminate/Foundation/Application.php(914): Illuminate\\Foundation\\Application->bootProvider()
#7 [internal function]: Illuminate\\Foundation\\Application->Illuminate\\Foundation\\{closure}()
#8 /var/www/emaparking_dss/vendor/laravel/framework/src/Illuminate/Foundation/Application.php(913): array_walk()
#9 /var/www/emaparking_dss/vendor/laravel/framework/src/Illuminate/Foundation/Bootstrap/BootProviders.php(17): Illuminate\\Foundation\\Application->boot()
#10 /var/www/emaparking_dss/vendor/laravel/framework/src/Illuminate/Foundation/Application.php(242): Illuminate\\Foundation\\Bootstrap\\BootProviders->bootstrap()
#11 /var/www/emaparking_dss/vendor/laravel/framework/src/Illuminate/Foundation/Console/Kernel.php(383): Illuminate\\Foundation\\Application->bootstrapWith()
#12 /var/www/emaparking_dss/vendor/laravel/framework/src/Illuminate/Foundation/Console/Kernel.php(153): Illuminate\\Foundation\\Console\\Kernel->bootstrap()
#13 Command line code(1): Illuminate\\Foundation\\Console\\Kernel->handle()
#14 {main}
"} 
[2025-03-24 15:46:58] local.ERROR: Class "\Themes\BC\ThemeProvider" not found {"exception":"[object] (Error(code: 0): Class \"\\Themes\\BC\\ThemeProvider\" not found at /var/www/emaparking_dss/themes/ThemeServiceProvider.php:23)
[stacktrace]
#0 /var/www/emaparking_dss/vendor/laravel/framework/src/Illuminate/Container/BoundMethod.php(36): Themes\\ThemeServiceProvider->boot()
#1 /var/www/emaparking_dss/vendor/laravel/framework/src/Illuminate/Container/Util.php(41): Illuminate\\Container\\BoundMethod::Illuminate\\Container\\{closure}()
#2 /var/www/emaparking_dss/vendor/laravel/framework/src/Illuminate/Container/BoundMethod.php(93): Illuminate\\Container\\Util::unwrapIfClosure()
#3 /var/www/emaparking_dss/vendor/laravel/framework/src/Illuminate/Container/BoundMethod.php(35): Illuminate\\Container\\BoundMethod::callBoundMethod()
#4 /var/www/emaparking_dss/vendor/laravel/framework/src/Illuminate/Container/Container.php(651): Illuminate\\Container\\BoundMethod::call()
#5 /var/www/emaparking_dss/vendor/laravel/framework/src/Illuminate/Foundation/Application.php(933): Illuminate\\Container\\Container->call()
#6 /var/www/emaparking_dss/vendor/laravel/framework/src/Illuminate/Foundation/Application.php(914): Illuminate\\Foundation\\Application->bootProvider()
#7 [internal function]: Illuminate\\Foundation\\Application->Illuminate\\Foundation\\{closure}()
#8 /var/www/emaparking_dss/vendor/laravel/framework/src/Illuminate/Foundation/Application.php(913): array_walk()
#9 /var/www/emaparking_dss/vendor/laravel/framework/src/Illuminate/Foundation/Bootstrap/BootProviders.php(17): Illuminate\\Foundation\\Application->boot()
#10 /var/www/emaparking_dss/vendor/laravel/framework/src/Illuminate/Foundation/Application.php(242): Illuminate\\Foundation\\Bootstrap\\BootProviders->bootstrap()
#11 /var/www/emaparking_dss/vendor/laravel/framework/src/Illuminate/Foundation/Console/Kernel.php(383): Illuminate\\Foundation\\Application->bootstrapWith()
#12 /var/www/emaparking_dss/vendor/laravel/framework/src/Illuminate/Foundation/Console/Kernel.php(153): Illuminate\\Foundation\\Console\\Kernel->bootstrap()
#13 Command line code(1): Illuminate\\Foundation\\Console\\Kernel->handle()
#14 {main}
"} 
[2025-03-24 15:47:58] local.ERROR: Class "\Themes\BC\ThemeProvider" not found {"exception":"[object] (Error(code: 0): Class \"\\Themes\\BC\\ThemeProvider\" not found at /var/www/emaparking_dss/themes/ThemeServiceProvider.php:23)
[stacktrace]
#0 /var/www/emaparking_dss/vendor/laravel/framework/src/Illuminate/Container/BoundMethod.php(36): Themes\\ThemeServiceProvider->boot()
#1 /var/www/emaparking_dss/vendor/laravel/framework/src/Illuminate/Container/Util.php(41): Illuminate\\Container\\BoundMethod::Illuminate\\Container\\{closure}()
#2 /var/www/emaparking_dss/vendor/laravel/framework/src/Illuminate/Container/BoundMethod.php(93): Illuminate\\Container\\Util::unwrapIfClosure()
#3 /var/www/emaparking_dss/vendor/laravel/framework/src/Illuminate/Container/BoundMethod.php(35): Illuminate\\Container\\BoundMethod::callBoundMethod()
#4 /var/www/emaparking_dss/vendor/laravel/framework/src/Illuminate/Container/Container.php(651): Illuminate\\Container\\BoundMethod::call()
#5 /var/www/emaparking_dss/vendor/laravel/framework/src/Illuminate/Foundation/Application.php(933): Illuminate\\Container\\Container->call()
#6 /var/www/emaparking_dss/vendor/laravel/framework/src/Illuminate/Foundation/Application.php(914): Illuminate\\Foundation\\Application->bootProvider()
#7 [internal function]: Illuminate\\Foundation\\Application->Illuminate\\Foundation\\{closure}()
#8 /var/www/emaparking_dss/vendor/laravel/framework/src/Illuminate/Foundation/Application.php(913): array_walk()
#9 /var/www/emaparking_dss/vendor/laravel/framework/src/Illuminate/Foundation/Bootstrap/BootProviders.php(17): Illuminate\\Foundation\\Application->boot()
#10 /var/www/emaparking_dss/vendor/laravel/framework/src/Illuminate/Foundation/Application.php(242): Illuminate\\Foundation\\Bootstrap\\BootProviders->bootstrap()
#11 /var/www/emaparking_dss/vendor/laravel/framework/src/Illuminate/Foundation/Console/Kernel.php(383): Illuminate\\Foundation\\Application->bootstrapWith()
#12 /var/www/emaparking_dss/vendor/laravel/framework/src/Illuminate/Foundation/Console/Kernel.php(153): Illuminate\\Foundation\\Console\\Kernel->bootstrap()
#13 Command line code(1): Illuminate\\Foundation\\Console\\Kernel->handle()
#14 {main}
"} 
[2025-03-24 15:47:58] local.ERROR: Class "\Themes\BC\ThemeProvider" not found {"exception":"[object] (Error(code: 0): Class \"\\Themes\\BC\\ThemeProvider\" not found at /var/www/emaparking_dss/themes/ThemeServiceProvider.php:23)
[stacktrace]
#0 /var/www/emaparking_dss/vendor/laravel/framework/src/Illuminate/Container/BoundMethod.php(36): Themes\\ThemeServiceProvider->boot()
#1 /var/www/emaparking_dss/vendor/laravel/framework/src/Illuminate/Container/Util.php(41): Illuminate\\Container\\BoundMethod::Illuminate\\Container\\{closure}()
#2 /var/www/emaparking_dss/vendor/laravel/framework/src/Illuminate/Container/BoundMethod.php(93): Illuminate\\Container\\Util::unwrapIfClosure()
#3 /var/www/emaparking_dss/vendor/laravel/framework/src/Illuminate/Container/BoundMethod.php(35): Illuminate\\Container\\BoundMethod::callBoundMethod()
#4 /var/www/emaparking_dss/vendor/laravel/framework/src/Illuminate/Container/Container.php(651): Illuminate\\Container\\BoundMethod::call()
#5 /var/www/emaparking_dss/vendor/laravel/framework/src/Illuminate/Foundation/Application.php(933): Illuminate\\Container\\Container->call()
#6 /var/www/emaparking_dss/vendor/laravel/framework/src/Illuminate/Foundation/Application.php(914): Illuminate\\Foundation\\Application->bootProvider()
#7 [internal function]: Illuminate\\Foundation\\Application->Illuminate\\Foundation\\{closure}()
#8 /var/www/emaparking_dss/vendor/laravel/framework/src/Illuminate/Foundation/Application.php(913): array_walk()
#9 /var/www/emaparking_dss/vendor/laravel/framework/src/Illuminate/Foundation/Bootstrap/BootProviders.php(17): Illuminate\\Foundation\\Application->boot()
#10 /var/www/emaparking_dss/vendor/laravel/framework/src/Illuminate/Foundation/Application.php(242): Illuminate\\Foundation\\Bootstrap\\BootProviders->bootstrap()
#11 /var/www/emaparking_dss/vendor/laravel/framework/src/Illuminate/Foundation/Console/Kernel.php(383): Illuminate\\Foundation\\Application->bootstrapWith()
#12 /var/www/emaparking_dss/vendor/laravel/framework/src/Illuminate/Foundation/Console/Kernel.php(153): Illuminate\\Foundation\\Console\\Kernel->bootstrap()
#13 Command line code(1): Illuminate\\Foundation\\Console\\Kernel->handle()
#14 {main}
"} 
[2025-03-24 15:48:58] local.ERROR: Class "\Themes\BC\ThemeProvider" not found {"exception":"[object] (Error(code: 0): Class \"\\Themes\\BC\\ThemeProvider\" not found at /var/www/emaparking_dss/themes/ThemeServiceProvider.php:23)
[stacktrace]
#0 /var/www/emaparking_dss/vendor/laravel/framework/src/Illuminate/Container/BoundMethod.php(36): Themes\\ThemeServiceProvider->boot()
#1 /var/www/emaparking_dss/vendor/laravel/framework/src/Illuminate/Container/Util.php(41): Illuminate\\Container\\BoundMethod::Illuminate\\Container\\{closure}()
#2 /var/www/emaparking_dss/vendor/laravel/framework/src/Illuminate/Container/BoundMethod.php(93): Illuminate\\Container\\Util::unwrapIfClosure()
#3 /var/www/emaparking_dss/vendor/laravel/framework/src/Illuminate/Container/BoundMethod.php(35): Illuminate\\Container\\BoundMethod::callBoundMethod()
#4 /var/www/emaparking_dss/vendor/laravel/framework/src/Illuminate/Container/Container.php(651): Illuminate\\Container\\BoundMethod::call()
#5 /var/www/emaparking_dss/vendor/laravel/framework/src/Illuminate/Foundation/Application.php(933): Illuminate\\Container\\Container->call()
#6 /var/www/emaparking_dss/vendor/laravel/framework/src/Illuminate/Foundation/Application.php(914): Illuminate\\Foundation\\Application->bootProvider()
#7 [internal function]: Illuminate\\Foundation\\Application->Illuminate\\Foundation\\{closure}()
#8 /var/www/emaparking_dss/vendor/laravel/framework/src/Illuminate/Foundation/Application.php(913): array_walk()
#9 /var/www/emaparking_dss/vendor/laravel/framework/src/Illuminate/Foundation/Bootstrap/BootProviders.php(17): Illuminate\\Foundation\\Application->boot()
#10 /var/www/emaparking_dss/vendor/laravel/framework/src/Illuminate/Foundation/Application.php(242): Illuminate\\Foundation\\Bootstrap\\BootProviders->bootstrap()
#11 /var/www/emaparking_dss/vendor/laravel/framework/src/Illuminate/Foundation/Console/Kernel.php(383): Illuminate\\Foundation\\Application->bootstrapWith()
#12 /var/www/emaparking_dss/vendor/laravel/framework/src/Illuminate/Foundation/Console/Kernel.php(153): Illuminate\\Foundation\\Console\\Kernel->bootstrap()
#13 Command line code(1): Illuminate\\Foundation\\Console\\Kernel->handle()
#14 {main}
"} 
[2025-03-24 15:48:59] local.ERROR: Class "\Themes\BC\ThemeProvider" not found {"exception":"[object] (Error(code: 0): Class \"\\Themes\\BC\\ThemeProvider\" not found at /var/www/emaparking_dss/themes/ThemeServiceProvider.php:23)
[stacktrace]
#0 /var/www/emaparking_dss/vendor/laravel/framework/src/Illuminate/Container/BoundMethod.php(36): Themes\\ThemeServiceProvider->boot()
#1 /var/www/emaparking_dss/vendor/laravel/framework/src/Illuminate/Container/Util.php(41): Illuminate\\Container\\BoundMethod::Illuminate\\Container\\{closure}()
#2 /var/www/emaparking_dss/vendor/laravel/framework/src/Illuminate/Container/BoundMethod.php(93): Illuminate\\Container\\Util::unwrapIfClosure()
#3 /var/www/emaparking_dss/vendor/laravel/framework/src/Illuminate/Container/BoundMethod.php(35): Illuminate\\Container\\BoundMethod::callBoundMethod()
#4 /var/www/emaparking_dss/vendor/laravel/framework/src/Illuminate/Container/Container.php(651): Illuminate\\Container\\BoundMethod::call()
#5 /var/www/emaparking_dss/vendor/laravel/framework/src/Illuminate/Foundation/Application.php(933): Illuminate\\Container\\Container->call()
#6 /var/www/emaparking_dss/vendor/laravel/framework/src/Illuminate/Foundation/Application.php(914): Illuminate\\Foundation\\Application->bootProvider()
#7 [internal function]: Illuminate\\Foundation\\Application->Illuminate\\Foundation\\{closure}()
#8 /var/www/emaparking_dss/vendor/laravel/framework/src/Illuminate/Foundation/Application.php(913): array_walk()
#9 /var/www/emaparking_dss/vendor/laravel/framework/src/Illuminate/Foundation/Bootstrap/BootProviders.php(17): Illuminate\\Foundation\\Application->boot()
#10 /var/www/emaparking_dss/vendor/laravel/framework/src/Illuminate/Foundation/Application.php(242): Illuminate\\Foundation\\Bootstrap\\BootProviders->bootstrap()
#11 /var/www/emaparking_dss/vendor/laravel/framework/src/Illuminate/Foundation/Console/Kernel.php(383): Illuminate\\Foundation\\Application->bootstrapWith()
#12 /var/www/emaparking_dss/vendor/laravel/framework/src/Illuminate/Foundation/Console/Kernel.php(153): Illuminate\\Foundation\\Console\\Kernel->bootstrap()
#13 Command line code(1): Illuminate\\Foundation\\Console\\Kernel->handle()
#14 {main}
"} 
[2025-03-24 15:48:59] local.ERROR: Class "\Themes\BC\ThemeProvider" not found {"exception":"[object] (Error(code: 0): Class \"\\Themes\\BC\\ThemeProvider\" not found at /var/www/emaparking_dss/themes/ThemeServiceProvider.php:23)
[stacktrace]
#0 /var/www/emaparking_dss/vendor/laravel/framework/src/Illuminate/Container/BoundMethod.php(36): Themes\\ThemeServiceProvider->boot()
#1 /var/www/emaparking_dss/vendor/laravel/framework/src/Illuminate/Container/Util.php(41): Illuminate\\Container\\BoundMethod::Illuminate\\Container\\{closure}()
#2 /var/www/emaparking_dss/vendor/laravel/framework/src/Illuminate/Container/BoundMethod.php(93): Illuminate\\Container\\Util::unwrapIfClosure()
#3 /var/www/emaparking_dss/vendor/laravel/framework/src/Illuminate/Container/BoundMethod.php(35): Illuminate\\Container\\BoundMethod::callBoundMethod()
#4 /var/www/emaparking_dss/vendor/laravel/framework/src/Illuminate/Container/Container.php(651): Illuminate\\Container\\BoundMethod::call()
#5 /var/www/emaparking_dss/vendor/laravel/framework/src/Illuminate/Foundation/Application.php(933): Illuminate\\Container\\Container->call()
#6 /var/www/emaparking_dss/vendor/laravel/framework/src/Illuminate/Foundation/Application.php(914): Illuminate\\Foundation\\Application->bootProvider()
#7 [internal function]: Illuminate\\Foundation\\Application->Illuminate\\Foundation\\{closure}()
#8 /var/www/emaparking_dss/vendor/laravel/framework/src/Illuminate/Foundation/Application.php(913): array_walk()
#9 /var/www/emaparking_dss/vendor/laravel/framework/src/Illuminate/Foundation/Bootstrap/BootProviders.php(17): Illuminate\\Foundation\\Application->boot()
#10 /var/www/emaparking_dss/vendor/laravel/framework/src/Illuminate/Foundation/Application.php(242): Illuminate\\Foundation\\Bootstrap\\BootProviders->bootstrap()
#11 /var/www/emaparking_dss/vendor/laravel/framework/src/Illuminate/Foundation/Console/Kernel.php(383): Illuminate\\Foundation\\Application->bootstrapWith()
#12 /var/www/emaparking_dss/vendor/laravel/framework/src/Illuminate/Foundation/Console/Kernel.php(153): Illuminate\\Foundation\\Console\\Kernel->bootstrap()
#13 Command line code(1): Illuminate\\Foundation\\Console\\Kernel->handle()
#14 {main}
"} 
[2025-03-24 15:49:58] local.ERROR: Class "\Themes\BC\ThemeProvider" not found {"exception":"[object] (Error(code: 0): Class \"\\Themes\\BC\\ThemeProvider\" not found at /var/www/emaparking_dss/themes/ThemeServiceProvider.php:23)
[stacktrace]
#0 /var/www/emaparking_dss/vendor/laravel/framework/src/Illuminate/Container/BoundMethod.php(36): Themes\\ThemeServiceProvider->boot()
#1 /var/www/emaparking_dss/vendor/laravel/framework/src/Illuminate/Container/Util.php(41): Illuminate\\Container\\BoundMethod::Illuminate\\Container\\{closure}()
#2 /var/www/emaparking_dss/vendor/laravel/framework/src/Illuminate/Container/BoundMethod.php(93): Illuminate\\Container\\Util::unwrapIfClosure()
#3 /var/www/emaparking_dss/vendor/laravel/framework/src/Illuminate/Container/BoundMethod.php(35): Illuminate\\Container\\BoundMethod::callBoundMethod()
#4 /var/www/emaparking_dss/vendor/laravel/framework/src/Illuminate/Container/Container.php(651): Illuminate\\Container\\BoundMethod::call()
#5 /var/www/emaparking_dss/vendor/laravel/framework/src/Illuminate/Foundation/Application.php(933): Illuminate\\Container\\Container->call()
#6 /var/www/emaparking_dss/vendor/laravel/framework/src/Illuminate/Foundation/Application.php(914): Illuminate\\Foundation\\Application->bootProvider()
#7 [internal function]: Illuminate\\Foundation\\Application->Illuminate\\Foundation\\{closure}()
#8 /var/www/emaparking_dss/vendor/laravel/framework/src/Illuminate/Foundation/Application.php(913): array_walk()
#9 /var/www/emaparking_dss/vendor/laravel/framework/src/Illuminate/Foundation/Bootstrap/BootProviders.php(17): Illuminate\\Foundation\\Application->boot()
#10 /var/www/emaparking_dss/vendor/laravel/framework/src/Illuminate/Foundation/Application.php(242): Illuminate\\Foundation\\Bootstrap\\BootProviders->bootstrap()
#11 /var/www/emaparking_dss/vendor/laravel/framework/src/Illuminate/Foundation/Console/Kernel.php(383): Illuminate\\Foundation\\Application->bootstrapWith()
#12 /var/www/emaparking_dss/vendor/laravel/framework/src/Illuminate/Foundation/Console/Kernel.php(153): Illuminate\\Foundation\\Console\\Kernel->bootstrap()
#13 Command line code(1): Illuminate\\Foundation\\Console\\Kernel->handle()
#14 {main}
"} 
[2025-03-24 15:49:58] local.ERROR: Class "\Themes\BC\ThemeProvider" not found {"exception":"[object] (Error(code: 0): Class \"\\Themes\\BC\\ThemeProvider\" not found at /var/www/emaparking_dss/themes/ThemeServiceProvider.php:23)
[stacktrace]
#0 /var/www/emaparking_dss/vendor/laravel/framework/src/Illuminate/Container/BoundMethod.php(36): Themes\\ThemeServiceProvider->boot()
#1 /var/www/emaparking_dss/vendor/laravel/framework/src/Illuminate/Container/Util.php(41): Illuminate\\Container\\BoundMethod::Illuminate\\Container\\{closure}()
#2 /var/www/emaparking_dss/vendor/laravel/framework/src/Illuminate/Container/BoundMethod.php(93): Illuminate\\Container\\Util::unwrapIfClosure()
#3 /var/www/emaparking_dss/vendor/laravel/framework/src/Illuminate/Container/BoundMethod.php(35): Illuminate\\Container\\BoundMethod::callBoundMethod()
#4 /var/www/emaparking_dss/vendor/laravel/framework/src/Illuminate/Container/Container.php(651): Illuminate\\Container\\BoundMethod::call()
#5 /var/www/emaparking_dss/vendor/laravel/framework/src/Illuminate/Foundation/Application.php(933): Illuminate\\Container\\Container->call()
#6 /var/www/emaparking_dss/vendor/laravel/framework/src/Illuminate/Foundation/Application.php(914): Illuminate\\Foundation\\Application->bootProvider()
#7 [internal function]: Illuminate\\Foundation\\Application->Illuminate\\Foundation\\{closure}()
#8 /var/www/emaparking_dss/vendor/laravel/framework/src/Illuminate/Foundation/Application.php(913): array_walk()
#9 /var/www/emaparking_dss/vendor/laravel/framework/src/Illuminate/Foundation/Bootstrap/BootProviders.php(17): Illuminate\\Foundation\\Application->boot()
#10 /var/www/emaparking_dss/vendor/laravel/framework/src/Illuminate/Foundation/Application.php(242): Illuminate\\Foundation\\Bootstrap\\BootProviders->bootstrap()
#11 /var/www/emaparking_dss/vendor/laravel/framework/src/Illuminate/Foundation/Console/Kernel.php(383): Illuminate\\Foundation\\Application->bootstrapWith()
#12 /var/www/emaparking_dss/vendor/laravel/framework/src/Illuminate/Foundation/Console/Kernel.php(153): Illuminate\\Foundation\\Console\\Kernel->bootstrap()
#13 Command line code(1): Illuminate\\Foundation\\Console\\Kernel->handle()
#14 {main}
"} 
[2025-03-24 15:50:58] local.ERROR: Class "\Themes\BC\ThemeProvider" not found {"exception":"[object] (Error(code: 0): Class \"\\Themes\\BC\\ThemeProvider\" not found at /var/www/emaparking_dss/themes/ThemeServiceProvider.php:23)
[stacktrace]
#0 /var/www/emaparking_dss/vendor/laravel/framework/src/Illuminate/Container/BoundMethod.php(36): Themes\\ThemeServiceProvider->boot()
#1 /var/www/emaparking_dss/vendor/laravel/framework/src/Illuminate/Container/Util.php(41): Illuminate\\Container\\BoundMethod::Illuminate\\Container\\{closure}()
#2 /var/www/emaparking_dss/vendor/laravel/framework/src/Illuminate/Container/BoundMethod.php(93): Illuminate\\Container\\Util::unwrapIfClosure()
#3 /var/www/emaparking_dss/vendor/laravel/framework/src/Illuminate/Container/BoundMethod.php(35): Illuminate\\Container\\BoundMethod::callBoundMethod()
#4 /var/www/emaparking_dss/vendor/laravel/framework/src/Illuminate/Container/Container.php(651): Illuminate\\Container\\BoundMethod::call()
#5 /var/www/emaparking_dss/vendor/laravel/framework/src/Illuminate/Foundation/Application.php(933): Illuminate\\Container\\Container->call()
#6 /var/www/emaparking_dss/vendor/laravel/framework/src/Illuminate/Foundation/Application.php(914): Illuminate\\Foundation\\Application->bootProvider()
#7 [internal function]: Illuminate\\Foundation\\Application->Illuminate\\Foundation\\{closure}()
#8 /var/www/emaparking_dss/vendor/laravel/framework/src/Illuminate/Foundation/Application.php(913): array_walk()
#9 /var/www/emaparking_dss/vendor/laravel/framework/src/Illuminate/Foundation/Bootstrap/BootProviders.php(17): Illuminate\\Foundation\\Application->boot()
#10 /var/www/emaparking_dss/vendor/laravel/framework/src/Illuminate/Foundation/Application.php(242): Illuminate\\Foundation\\Bootstrap\\BootProviders->bootstrap()
#11 /var/www/emaparking_dss/vendor/laravel/framework/src/Illuminate/Foundation/Console/Kernel.php(383): Illuminate\\Foundation\\Application->bootstrapWith()
#12 /var/www/emaparking_dss/vendor/laravel/framework/src/Illuminate/Foundation/Console/Kernel.php(153): Illuminate\\Foundation\\Console\\Kernel->bootstrap()
#13 Command line code(1): Illuminate\\Foundation\\Console\\Kernel->handle()
#14 {main}
"} 
[2025-03-24 15:50:59] local.ERROR: Class "\Themes\BC\ThemeProvider" not found {"exception":"[object] (Error(code: 0): Class \"\\Themes\\BC\\ThemeProvider\" not found at /var/www/emaparking_dss/themes/ThemeServiceProvider.php:23)
[stacktrace]
#0 /var/www/emaparking_dss/vendor/laravel/framework/src/Illuminate/Container/BoundMethod.php(36): Themes\\ThemeServiceProvider->boot()
#1 /var/www/emaparking_dss/vendor/laravel/framework/src/Illuminate/Container/Util.php(41): Illuminate\\Container\\BoundMethod::Illuminate\\Container\\{closure}()
#2 /var/www/emaparking_dss/vendor/laravel/framework/src/Illuminate/Container/BoundMethod.php(93): Illuminate\\Container\\Util::unwrapIfClosure()
#3 /var/www/emaparking_dss/vendor/laravel/framework/src/Illuminate/Container/BoundMethod.php(35): Illuminate\\Container\\BoundMethod::callBoundMethod()
#4 /var/www/emaparking_dss/vendor/laravel/framework/src/Illuminate/Container/Container.php(651): Illuminate\\Container\\BoundMethod::call()
#5 /var/www/emaparking_dss/vendor/laravel/framework/src/Illuminate/Foundation/Application.php(933): Illuminate\\Container\\Container->call()
#6 /var/www/emaparking_dss/vendor/laravel/framework/src/Illuminate/Foundation/Application.php(914): Illuminate\\Foundation\\Application->bootProvider()
#7 [internal function]: Illuminate\\Foundation\\Application->Illuminate\\Foundation\\{closure}()
#8 /var/www/emaparking_dss/vendor/laravel/framework/src/Illuminate/Foundation/Application.php(913): array_walk()
#9 /var/www/emaparking_dss/vendor/laravel/framework/src/Illuminate/Foundation/Bootstrap/BootProviders.php(17): Illuminate\\Foundation\\Application->boot()
#10 /var/www/emaparking_dss/vendor/laravel/framework/src/Illuminate/Foundation/Application.php(242): Illuminate\\Foundation\\Bootstrap\\BootProviders->bootstrap()
#11 /var/www/emaparking_dss/vendor/laravel/framework/src/Illuminate/Foundation/Console/Kernel.php(383): Illuminate\\Foundation\\Application->bootstrapWith()
#12 /var/www/emaparking_dss/vendor/laravel/framework/src/Illuminate/Foundation/Console/Kernel.php(153): Illuminate\\Foundation\\Console\\Kernel->bootstrap()
#13 Command line code(1): Illuminate\\Foundation\\Console\\Kernel->handle()
#14 {main}
"} 
[2025-03-24 15:51:58] local.ERROR: Class "\Themes\BC\ThemeProvider" not found {"exception":"[object] (Error(code: 0): Class \"\\Themes\\BC\\ThemeProvider\" not found at /var/www/emaparking_dss/themes/ThemeServiceProvider.php:23)
[stacktrace]
#0 /var/www/emaparking_dss/vendor/laravel/framework/src/Illuminate/Container/BoundMethod.php(36): Themes\\ThemeServiceProvider->boot()
#1 /var/www/emaparking_dss/vendor/laravel/framework/src/Illuminate/Container/Util.php(41): Illuminate\\Container\\BoundMethod::Illuminate\\Container\\{closure}()
#2 /var/www/emaparking_dss/vendor/laravel/framework/src/Illuminate/Container/BoundMethod.php(93): Illuminate\\Container\\Util::unwrapIfClosure()
#3 /var/www/emaparking_dss/vendor/laravel/framework/src/Illuminate/Container/BoundMethod.php(35): Illuminate\\Container\\BoundMethod::callBoundMethod()
#4 /var/www/emaparking_dss/vendor/laravel/framework/src/Illuminate/Container/Container.php(651): Illuminate\\Container\\BoundMethod::call()
#5 /var/www/emaparking_dss/vendor/laravel/framework/src/Illuminate/Foundation/Application.php(933): Illuminate\\Container\\Container->call()
#6 /var/www/emaparking_dss/vendor/laravel/framework/src/Illuminate/Foundation/Application.php(914): Illuminate\\Foundation\\Application->bootProvider()
#7 [internal function]: Illuminate\\Foundation\\Application->Illuminate\\Foundation\\{closure}()
#8 /var/www/emaparking_dss/vendor/laravel/framework/src/Illuminate/Foundation/Application.php(913): array_walk()
#9 /var/www/emaparking_dss/vendor/laravel/framework/src/Illuminate/Foundation/Bootstrap/BootProviders.php(17): Illuminate\\Foundation\\Application->boot()
#10 /var/www/emaparking_dss/vendor/laravel/framework/src/Illuminate/Foundation/Application.php(242): Illuminate\\Foundation\\Bootstrap\\BootProviders->bootstrap()
#11 /var/www/emaparking_dss/vendor/laravel/framework/src/Illuminate/Foundation/Console/Kernel.php(383): Illuminate\\Foundation\\Application->bootstrapWith()
#12 /var/www/emaparking_dss/vendor/laravel/framework/src/Illuminate/Foundation/Console/Kernel.php(153): Illuminate\\Foundation\\Console\\Kernel->bootstrap()
#13 Command line code(1): Illuminate\\Foundation\\Console\\Kernel->handle()
#14 {main}
"} 
[2025-03-24 15:51:58] local.ERROR: Class "\Themes\BC\ThemeProvider" not found {"exception":"[object] (Error(code: 0): Class \"\\Themes\\BC\\ThemeProvider\" not found at /var/www/emaparking_dss/themes/ThemeServiceProvider.php:23)
[stacktrace]
#0 /var/www/emaparking_dss/vendor/laravel/framework/src/Illuminate/Container/BoundMethod.php(36): Themes\\ThemeServiceProvider->boot()
#1 /var/www/emaparking_dss/vendor/laravel/framework/src/Illuminate/Container/Util.php(41): Illuminate\\Container\\BoundMethod::Illuminate\\Container\\{closure}()
#2 /var/www/emaparking_dss/vendor/laravel/framework/src/Illuminate/Container/BoundMethod.php(93): Illuminate\\Container\\Util::unwrapIfClosure()
#3 /var/www/emaparking_dss/vendor/laravel/framework/src/Illuminate/Container/BoundMethod.php(35): Illuminate\\Container\\BoundMethod::callBoundMethod()
#4 /var/www/emaparking_dss/vendor/laravel/framework/src/Illuminate/Container/Container.php(651): Illuminate\\Container\\BoundMethod::call()
#5 /var/www/emaparking_dss/vendor/laravel/framework/src/Illuminate/Foundation/Application.php(933): Illuminate\\Container\\Container->call()
#6 /var/www/emaparking_dss/vendor/laravel/framework/src/Illuminate/Foundation/Application.php(914): Illuminate\\Foundation\\Application->bootProvider()
#7 [internal function]: Illuminate\\Foundation\\Application->Illuminate\\Foundation\\{closure}()
#8 /var/www/emaparking_dss/vendor/laravel/framework/src/Illuminate/Foundation/Application.php(913): array_walk()
#9 /var/www/emaparking_dss/vendor/laravel/framework/src/Illuminate/Foundation/Bootstrap/BootProviders.php(17): Illuminate\\Foundation\\Application->boot()
#10 /var/www/emaparking_dss/vendor/laravel/framework/src/Illuminate/Foundation/Application.php(242): Illuminate\\Foundation\\Bootstrap\\BootProviders->bootstrap()
#11 /var/www/emaparking_dss/vendor/laravel/framework/src/Illuminate/Foundation/Console/Kernel.php(383): Illuminate\\Foundation\\Application->bootstrapWith()
#12 /var/www/emaparking_dss/vendor/laravel/framework/src/Illuminate/Foundation/Console/Kernel.php(153): Illuminate\\Foundation\\Console\\Kernel->bootstrap()
#13 Command line code(1): Illuminate\\Foundation\\Console\\Kernel->handle()
#14 {main}
"} 
[2025-03-24 15:52:58] local.ERROR: Class "\Themes\BC\ThemeProvider" not found {"exception":"[object] (Error(code: 0): Class \"\\Themes\\BC\\ThemeProvider\" not found at /var/www/emaparking_dss/themes/ThemeServiceProvider.php:23)
[stacktrace]
#0 /var/www/emaparking_dss/vendor/laravel/framework/src/Illuminate/Container/BoundMethod.php(36): Themes\\ThemeServiceProvider->boot()
#1 /var/www/emaparking_dss/vendor/laravel/framework/src/Illuminate/Container/Util.php(41): Illuminate\\Container\\BoundMethod::Illuminate\\Container\\{closure}()
#2 /var/www/emaparking_dss/vendor/laravel/framework/src/Illuminate/Container/BoundMethod.php(93): Illuminate\\Container\\Util::unwrapIfClosure()
#3 /var/www/emaparking_dss/vendor/laravel/framework/src/Illuminate/Container/BoundMethod.php(35): Illuminate\\Container\\BoundMethod::callBoundMethod()
#4 /var/www/emaparking_dss/vendor/laravel/framework/src/Illuminate/Container/Container.php(651): Illuminate\\Container\\BoundMethod::call()
#5 /var/www/emaparking_dss/vendor/laravel/framework/src/Illuminate/Foundation/Application.php(933): Illuminate\\Container\\Container->call()
#6 /var/www/emaparking_dss/vendor/laravel/framework/src/Illuminate/Foundation/Application.php(914): Illuminate\\Foundation\\Application->bootProvider()
#7 [internal function]: Illuminate\\Foundation\\Application->Illuminate\\Foundation\\{closure}()
#8 /var/www/emaparking_dss/vendor/laravel/framework/src/Illuminate/Foundation/Application.php(913): array_walk()
#9 /var/www/emaparking_dss/vendor/laravel/framework/src/Illuminate/Foundation/Bootstrap/BootProviders.php(17): Illuminate\\Foundation\\Application->boot()
#10 /var/www/emaparking_dss/vendor/laravel/framework/src/Illuminate/Foundation/Application.php(242): Illuminate\\Foundation\\Bootstrap\\BootProviders->bootstrap()
#11 /var/www/emaparking_dss/vendor/laravel/framework/src/Illuminate/Foundation/Console/Kernel.php(383): Illuminate\\Foundation\\Application->bootstrapWith()
#12 /var/www/emaparking_dss/vendor/laravel/framework/src/Illuminate/Foundation/Console/Kernel.php(153): Illuminate\\Foundation\\Console\\Kernel->bootstrap()
#13 Command line code(1): Illuminate\\Foundation\\Console\\Kernel->handle()
#14 {main}
"} 
[2025-03-24 15:52:58] local.ERROR: Class "\Themes\BC\ThemeProvider" not found {"exception":"[object] (Error(code: 0): Class \"\\Themes\\BC\\ThemeProvider\" not found at /var/www/emaparking_dss/themes/ThemeServiceProvider.php:23)
[stacktrace]
#0 /var/www/emaparking_dss/vendor/laravel/framework/src/Illuminate/Container/BoundMethod.php(36): Themes\\ThemeServiceProvider->boot()
#1 /var/www/emaparking_dss/vendor/laravel/framework/src/Illuminate/Container/Util.php(41): Illuminate\\Container\\BoundMethod::Illuminate\\Container\\{closure}()
#2 /var/www/emaparking_dss/vendor/laravel/framework/src/Illuminate/Container/BoundMethod.php(93): Illuminate\\Container\\Util::unwrapIfClosure()
#3 /var/www/emaparking_dss/vendor/laravel/framework/src/Illuminate/Container/BoundMethod.php(35): Illuminate\\Container\\BoundMethod::callBoundMethod()
#4 /var/www/emaparking_dss/vendor/laravel/framework/src/Illuminate/Container/Container.php(651): Illuminate\\Container\\BoundMethod::call()
#5 /var/www/emaparking_dss/vendor/laravel/framework/src/Illuminate/Foundation/Application.php(933): Illuminate\\Container\\Container->call()
#6 /var/www/emaparking_dss/vendor/laravel/framework/src/Illuminate/Foundation/Application.php(914): Illuminate\\Foundation\\Application->bootProvider()
#7 [internal function]: Illuminate\\Foundation\\Application->Illuminate\\Foundation\\{closure}()
#8 /var/www/emaparking_dss/vendor/laravel/framework/src/Illuminate/Foundation/Application.php(913): array_walk()
#9 /var/www/emaparking_dss/vendor/laravel/framework/src/Illuminate/Foundation/Bootstrap/BootProviders.php(17): Illuminate\\Foundation\\Application->boot()
#10 /var/www/emaparking_dss/vendor/laravel/framework/src/Illuminate/Foundation/Application.php(242): Illuminate\\Foundation\\Bootstrap\\BootProviders->bootstrap()
#11 /var/www/emaparking_dss/vendor/laravel/framework/src/Illuminate/Foundation/Console/Kernel.php(383): Illuminate\\Foundation\\Application->bootstrapWith()
#12 /var/www/emaparking_dss/vendor/laravel/framework/src/Illuminate/Foundation/Console/Kernel.php(153): Illuminate\\Foundation\\Console\\Kernel->bootstrap()
#13 Command line code(1): Illuminate\\Foundation\\Console\\Kernel->handle()
#14 {main}
"} 
[2025-03-24 15:53:58] local.ERROR: Class "\Themes\BC\ThemeProvider" not found {"exception":"[object] (Error(code: 0): Class \"\\Themes\\BC\\ThemeProvider\" not found at /var/www/emaparking_dss/themes/ThemeServiceProvider.php:23)
[stacktrace]
#0 /var/www/emaparking_dss/vendor/laravel/framework/src/Illuminate/Container/BoundMethod.php(36): Themes\\ThemeServiceProvider->boot()
#1 /var/www/emaparking_dss/vendor/laravel/framework/src/Illuminate/Container/Util.php(41): Illuminate\\Container\\BoundMethod::Illuminate\\Container\\{closure}()
#2 /var/www/emaparking_dss/vendor/laravel/framework/src/Illuminate/Container/BoundMethod.php(93): Illuminate\\Container\\Util::unwrapIfClosure()
#3 /var/www/emaparking_dss/vendor/laravel/framework/src/Illuminate/Container/BoundMethod.php(35): Illuminate\\Container\\BoundMethod::callBoundMethod()
#4 /var/www/emaparking_dss/vendor/laravel/framework/src/Illuminate/Container/Container.php(651): Illuminate\\Container\\BoundMethod::call()
#5 /var/www/emaparking_dss/vendor/laravel/framework/src/Illuminate/Foundation/Application.php(933): Illuminate\\Container\\Container->call()
#6 /var/www/emaparking_dss/vendor/laravel/framework/src/Illuminate/Foundation/Application.php(914): Illuminate\\Foundation\\Application->bootProvider()
#7 [internal function]: Illuminate\\Foundation\\Application->Illuminate\\Foundation\\{closure}()
#8 /var/www/emaparking_dss/vendor/laravel/framework/src/Illuminate/Foundation/Application.php(913): array_walk()
#9 /var/www/emaparking_dss/vendor/laravel/framework/src/Illuminate/Foundation/Bootstrap/BootProviders.php(17): Illuminate\\Foundation\\Application->boot()
#10 /var/www/emaparking_dss/vendor/laravel/framework/src/Illuminate/Foundation/Application.php(242): Illuminate\\Foundation\\Bootstrap\\BootProviders->bootstrap()
#11 /var/www/emaparking_dss/vendor/laravel/framework/src/Illuminate/Foundation/Console/Kernel.php(383): Illuminate\\Foundation\\Application->bootstrapWith()
#12 /var/www/emaparking_dss/vendor/laravel/framework/src/Illuminate/Foundation/Console/Kernel.php(153): Illuminate\\Foundation\\Console\\Kernel->bootstrap()
#13 Command line code(1): Illuminate\\Foundation\\Console\\Kernel->handle()
#14 {main}
"} 
[2025-03-24 15:53:59] local.ERROR: Class "\Themes\BC\ThemeProvider" not found {"exception":"[object] (Error(code: 0): Class \"\\Themes\\BC\\ThemeProvider\" not found at /var/www/emaparking_dss/themes/ThemeServiceProvider.php:23)
[stacktrace]
#0 /var/www/emaparking_dss/vendor/laravel/framework/src/Illuminate/Container/BoundMethod.php(36): Themes\\ThemeServiceProvider->boot()
#1 /var/www/emaparking_dss/vendor/laravel/framework/src/Illuminate/Container/Util.php(41): Illuminate\\Container\\BoundMethod::Illuminate\\Container\\{closure}()
#2 /var/www/emaparking_dss/vendor/laravel/framework/src/Illuminate/Container/BoundMethod.php(93): Illuminate\\Container\\Util::unwrapIfClosure()
#3 /var/www/emaparking_dss/vendor/laravel/framework/src/Illuminate/Container/BoundMethod.php(35): Illuminate\\Container\\BoundMethod::callBoundMethod()
#4 /var/www/emaparking_dss/vendor/laravel/framework/src/Illuminate/Container/Container.php(651): Illuminate\\Container\\BoundMethod::call()
#5 /var/www/emaparking_dss/vendor/laravel/framework/src/Illuminate/Foundation/Application.php(933): Illuminate\\Container\\Container->call()
#6 /var/www/emaparking_dss/vendor/laravel/framework/src/Illuminate/Foundation/Application.php(914): Illuminate\\Foundation\\Application->bootProvider()
#7 [internal function]: Illuminate\\Foundation\\Application->Illuminate\\Foundation\\{closure}()
#8 /var/www/emaparking_dss/vendor/laravel/framework/src/Illuminate/Foundation/Application.php(913): array_walk()
#9 /var/www/emaparking_dss/vendor/laravel/framework/src/Illuminate/Foundation/Bootstrap/BootProviders.php(17): Illuminate\\Foundation\\Application->boot()
#10 /var/www/emaparking_dss/vendor/laravel/framework/src/Illuminate/Foundation/Application.php(242): Illuminate\\Foundation\\Bootstrap\\BootProviders->bootstrap()
#11 /var/www/emaparking_dss/vendor/laravel/framework/src/Illuminate/Foundation/Console/Kernel.php(383): Illuminate\\Foundation\\Application->bootstrapWith()
#12 /var/www/emaparking_dss/vendor/laravel/framework/src/Illuminate/Foundation/Console/Kernel.php(153): Illuminate\\Foundation\\Console\\Kernel->bootstrap()
#13 Command line code(1): Illuminate\\Foundation\\Console\\Kernel->handle()
#14 {main}
"} 
[2025-03-24 15:54:58] local.ERROR: Class "\Themes\BC\ThemeProvider" not found {"exception":"[object] (Error(code: 0): Class \"\\Themes\\BC\\ThemeProvider\" not found at /var/www/emaparking_dss/themes/ThemeServiceProvider.php:23)
[stacktrace]
#0 /var/www/emaparking_dss/vendor/laravel/framework/src/Illuminate/Container/BoundMethod.php(36): Themes\\ThemeServiceProvider->boot()
#1 /var/www/emaparking_dss/vendor/laravel/framework/src/Illuminate/Container/Util.php(41): Illuminate\\Container\\BoundMethod::Illuminate\\Container\\{closure}()
#2 /var/www/emaparking_dss/vendor/laravel/framework/src/Illuminate/Container/BoundMethod.php(93): Illuminate\\Container\\Util::unwrapIfClosure()
#3 /var/www/emaparking_dss/vendor/laravel/framework/src/Illuminate/Container/BoundMethod.php(35): Illuminate\\Container\\BoundMethod::callBoundMethod()
#4 /var/www/emaparking_dss/vendor/laravel/framework/src/Illuminate/Container/Container.php(651): Illuminate\\Container\\BoundMethod::call()
#5 /var/www/emaparking_dss/vendor/laravel/framework/src/Illuminate/Foundation/Application.php(933): Illuminate\\Container\\Container->call()
#6 /var/www/emaparking_dss/vendor/laravel/framework/src/Illuminate/Foundation/Application.php(914): Illuminate\\Foundation\\Application->bootProvider()
#7 [internal function]: Illuminate\\Foundation\\Application->Illuminate\\Foundation\\{closure}()
#8 /var/www/emaparking_dss/vendor/laravel/framework/src/Illuminate/Foundation/Application.php(913): array_walk()
#9 /var/www/emaparking_dss/vendor/laravel/framework/src/Illuminate/Foundation/Bootstrap/BootProviders.php(17): Illuminate\\Foundation\\Application->boot()
#10 /var/www/emaparking_dss/vendor/laravel/framework/src/Illuminate/Foundation/Application.php(242): Illuminate\\Foundation\\Bootstrap\\BootProviders->bootstrap()
#11 /var/www/emaparking_dss/vendor/laravel/framework/src/Illuminate/Foundation/Console/Kernel.php(383): Illuminate\\Foundation\\Application->bootstrapWith()
#12 /var/www/emaparking_dss/vendor/laravel/framework/src/Illuminate/Foundation/Console/Kernel.php(153): Illuminate\\Foundation\\Console\\Kernel->bootstrap()
#13 Command line code(1): Illuminate\\Foundation\\Console\\Kernel->handle()
#14 {main}
"} 
[2025-03-24 15:54:58] local.ERROR: Class "\Themes\BC\ThemeProvider" not found {"exception":"[object] (Error(code: 0): Class \"\\Themes\\BC\\ThemeProvider\" not found at /var/www/emaparking_dss/themes/ThemeServiceProvider.php:23)
[stacktrace]
#0 /var/www/emaparking_dss/vendor/laravel/framework/src/Illuminate/Container/BoundMethod.php(36): Themes\\ThemeServiceProvider->boot()
#1 /var/www/emaparking_dss/vendor/laravel/framework/src/Illuminate/Container/Util.php(41): Illuminate\\Container\\BoundMethod::Illuminate\\Container\\{closure}()
#2 /var/www/emaparking_dss/vendor/laravel/framework/src/Illuminate/Container/BoundMethod.php(93): Illuminate\\Container\\Util::unwrapIfClosure()
#3 /var/www/emaparking_dss/vendor/laravel/framework/src/Illuminate/Container/BoundMethod.php(35): Illuminate\\Container\\BoundMethod::callBoundMethod()
#4 /var/www/emaparking_dss/vendor/laravel/framework/src/Illuminate/Container/Container.php(651): Illuminate\\Container\\BoundMethod::call()
#5 /var/www/emaparking_dss/vendor/laravel/framework/src/Illuminate/Foundation/Application.php(933): Illuminate\\Container\\Container->call()
#6 /var/www/emaparking_dss/vendor/laravel/framework/src/Illuminate/Foundation/Application.php(914): Illuminate\\Foundation\\Application->bootProvider()
#7 [internal function]: Illuminate\\Foundation\\Application->Illuminate\\Foundation\\{closure}()
#8 /var/www/emaparking_dss/vendor/laravel/framework/src/Illuminate/Foundation/Application.php(913): array_walk()
#9 /var/www/emaparking_dss/vendor/laravel/framework/src/Illuminate/Foundation/Bootstrap/BootProviders.php(17): Illuminate\\Foundation\\Application->boot()
#10 /var/www/emaparking_dss/vendor/laravel/framework/src/Illuminate/Foundation/Application.php(242): Illuminate\\Foundation\\Bootstrap\\BootProviders->bootstrap()
#11 /var/www/emaparking_dss/vendor/laravel/framework/src/Illuminate/Foundation/Console/Kernel.php(383): Illuminate\\Foundation\\Application->bootstrapWith()
#12 /var/www/emaparking_dss/vendor/laravel/framework/src/Illuminate/Foundation/Console/Kernel.php(153): Illuminate\\Foundation\\Console\\Kernel->bootstrap()
#13 Command line code(1): Illuminate\\Foundation\\Console\\Kernel->handle()
#14 {main}
"} 
[2025-03-24 15:55:59] local.ERROR: Class "\Themes\BC\ThemeProvider" not found {"exception":"[object] (Error(code: 0): Class \"\\Themes\\BC\\ThemeProvider\" not found at /var/www/emaparking_dss/themes/ThemeServiceProvider.php:23)
[stacktrace]
#0 /var/www/emaparking_dss/vendor/laravel/framework/src/Illuminate/Container/BoundMethod.php(36): Themes\\ThemeServiceProvider->boot()
#1 /var/www/emaparking_dss/vendor/laravel/framework/src/Illuminate/Container/Util.php(41): Illuminate\\Container\\BoundMethod::Illuminate\\Container\\{closure}()
#2 /var/www/emaparking_dss/vendor/laravel/framework/src/Illuminate/Container/BoundMethod.php(93): Illuminate\\Container\\Util::unwrapIfClosure()
#3 /var/www/emaparking_dss/vendor/laravel/framework/src/Illuminate/Container/BoundMethod.php(35): Illuminate\\Container\\BoundMethod::callBoundMethod()
#4 /var/www/emaparking_dss/vendor/laravel/framework/src/Illuminate/Container/Container.php(651): Illuminate\\Container\\BoundMethod::call()
#5 /var/www/emaparking_dss/vendor/laravel/framework/src/Illuminate/Foundation/Application.php(933): Illuminate\\Container\\Container->call()
#6 /var/www/emaparking_dss/vendor/laravel/framework/src/Illuminate/Foundation/Application.php(914): Illuminate\\Foundation\\Application->bootProvider()
#7 [internal function]: Illuminate\\Foundation\\Application->Illuminate\\Foundation\\{closure}()
#8 /var/www/emaparking_dss/vendor/laravel/framework/src/Illuminate/Foundation/Application.php(913): array_walk()
#9 /var/www/emaparking_dss/vendor/laravel/framework/src/Illuminate/Foundation/Bootstrap/BootProviders.php(17): Illuminate\\Foundation\\Application->boot()
#10 /var/www/emaparking_dss/vendor/laravel/framework/src/Illuminate/Foundation/Application.php(242): Illuminate\\Foundation\\Bootstrap\\BootProviders->bootstrap()
#11 /var/www/emaparking_dss/vendor/laravel/framework/src/Illuminate/Foundation/Console/Kernel.php(383): Illuminate\\Foundation\\Application->bootstrapWith()
#12 /var/www/emaparking_dss/vendor/laravel/framework/src/Illuminate/Foundation/Console/Kernel.php(153): Illuminate\\Foundation\\Console\\Kernel->bootstrap()
#13 Command line code(1): Illuminate\\Foundation\\Console\\Kernel->handle()
#14 {main}
"} 
[2025-03-24 15:55:59] local.ERROR: Class "\Themes\BC\ThemeProvider" not found {"exception":"[object] (Error(code: 0): Class \"\\Themes\\BC\\ThemeProvider\" not found at /var/www/emaparking_dss/themes/ThemeServiceProvider.php:23)
[stacktrace]
#0 /var/www/emaparking_dss/vendor/laravel/framework/src/Illuminate/Container/BoundMethod.php(36): Themes\\ThemeServiceProvider->boot()
#1 /var/www/emaparking_dss/vendor/laravel/framework/src/Illuminate/Container/Util.php(41): Illuminate\\Container\\BoundMethod::Illuminate\\Container\\{closure}()
#2 /var/www/emaparking_dss/vendor/laravel/framework/src/Illuminate/Container/BoundMethod.php(93): Illuminate\\Container\\Util::unwrapIfClosure()
#3 /var/www/emaparking_dss/vendor/laravel/framework/src/Illuminate/Container/BoundMethod.php(35): Illuminate\\Container\\BoundMethod::callBoundMethod()
#4 /var/www/emaparking_dss/vendor/laravel/framework/src/Illuminate/Container/Container.php(651): Illuminate\\Container\\BoundMethod::call()
#5 /var/www/emaparking_dss/vendor/laravel/framework/src/Illuminate/Foundation/Application.php(933): Illuminate\\Container\\Container->call()
#6 /var/www/emaparking_dss/vendor/laravel/framework/src/Illuminate/Foundation/Application.php(914): Illuminate\\Foundation\\Application->bootProvider()
#7 [internal function]: Illuminate\\Foundation\\Application->Illuminate\\Foundation\\{closure}()
#8 /var/www/emaparking_dss/vendor/laravel/framework/src/Illuminate/Foundation/Application.php(913): array_walk()
#9 /var/www/emaparking_dss/vendor/laravel/framework/src/Illuminate/Foundation/Bootstrap/BootProviders.php(17): Illuminate\\Foundation\\Application->boot()
#10 /var/www/emaparking_dss/vendor/laravel/framework/src/Illuminate/Foundation/Application.php(242): Illuminate\\Foundation\\Bootstrap\\BootProviders->bootstrap()
#11 /var/www/emaparking_dss/vendor/laravel/framework/src/Illuminate/Foundation/Console/Kernel.php(383): Illuminate\\Foundation\\Application->bootstrapWith()
#12 /var/www/emaparking_dss/vendor/laravel/framework/src/Illuminate/Foundation/Console/Kernel.php(153): Illuminate\\Foundation\\Console\\Kernel->bootstrap()
#13 Command line code(1): Illuminate\\Foundation\\Console\\Kernel->handle()
#14 {main}
"} 
[2025-03-24 15:56:58] local.ERROR: Class "\Themes\BC\ThemeProvider" not found {"exception":"[object] (Error(code: 0): Class \"\\Themes\\BC\\ThemeProvider\" not found at /var/www/emaparking_dss/themes/ThemeServiceProvider.php:23)
[stacktrace]
#0 /var/www/emaparking_dss/vendor/laravel/framework/src/Illuminate/Container/BoundMethod.php(36): Themes\\ThemeServiceProvider->boot()
#1 /var/www/emaparking_dss/vendor/laravel/framework/src/Illuminate/Container/Util.php(41): Illuminate\\Container\\BoundMethod::Illuminate\\Container\\{closure}()
#2 /var/www/emaparking_dss/vendor/laravel/framework/src/Illuminate/Container/BoundMethod.php(93): Illuminate\\Container\\Util::unwrapIfClosure()
#3 /var/www/emaparking_dss/vendor/laravel/framework/src/Illuminate/Container/BoundMethod.php(35): Illuminate\\Container\\BoundMethod::callBoundMethod()
#4 /var/www/emaparking_dss/vendor/laravel/framework/src/Illuminate/Container/Container.php(651): Illuminate\\Container\\BoundMethod::call()
#5 /var/www/emaparking_dss/vendor/laravel/framework/src/Illuminate/Foundation/Application.php(933): Illuminate\\Container\\Container->call()
#6 /var/www/emaparking_dss/vendor/laravel/framework/src/Illuminate/Foundation/Application.php(914): Illuminate\\Foundation\\Application->bootProvider()
#7 [internal function]: Illuminate\\Foundation\\Application->Illuminate\\Foundation\\{closure}()
#8 /var/www/emaparking_dss/vendor/laravel/framework/src/Illuminate/Foundation/Application.php(913): array_walk()
#9 /var/www/emaparking_dss/vendor/laravel/framework/src/Illuminate/Foundation/Bootstrap/BootProviders.php(17): Illuminate\\Foundation\\Application->boot()
#10 /var/www/emaparking_dss/vendor/laravel/framework/src/Illuminate/Foundation/Application.php(242): Illuminate\\Foundation\\Bootstrap\\BootProviders->bootstrap()
#11 /var/www/emaparking_dss/vendor/laravel/framework/src/Illuminate/Foundation/Console/Kernel.php(383): Illuminate\\Foundation\\Application->bootstrapWith()
#12 /var/www/emaparking_dss/vendor/laravel/framework/src/Illuminate/Foundation/Console/Kernel.php(153): Illuminate\\Foundation\\Console\\Kernel->bootstrap()
#13 Command line code(1): Illuminate\\Foundation\\Console\\Kernel->handle()
#14 {main}
"} 
[2025-03-24 15:56:58] local.ERROR: Class "\Themes\BC\ThemeProvider" not found {"exception":"[object] (Error(code: 0): Class \"\\Themes\\BC\\ThemeProvider\" not found at /var/www/emaparking_dss/themes/ThemeServiceProvider.php:23)
[stacktrace]
#0 /var/www/emaparking_dss/vendor/laravel/framework/src/Illuminate/Container/BoundMethod.php(36): Themes\\ThemeServiceProvider->boot()
#1 /var/www/emaparking_dss/vendor/laravel/framework/src/Illuminate/Container/Util.php(41): Illuminate\\Container\\BoundMethod::Illuminate\\Container\\{closure}()
#2 /var/www/emaparking_dss/vendor/laravel/framework/src/Illuminate/Container/BoundMethod.php(93): Illuminate\\Container\\Util::unwrapIfClosure()
#3 /var/www/emaparking_dss/vendor/laravel/framework/src/Illuminate/Container/BoundMethod.php(35): Illuminate\\Container\\BoundMethod::callBoundMethod()
#4 /var/www/emaparking_dss/vendor/laravel/framework/src/Illuminate/Container/Container.php(651): Illuminate\\Container\\BoundMethod::call()
#5 /var/www/emaparking_dss/vendor/laravel/framework/src/Illuminate/Foundation/Application.php(933): Illuminate\\Container\\Container->call()
#6 /var/www/emaparking_dss/vendor/laravel/framework/src/Illuminate/Foundation/Application.php(914): Illuminate\\Foundation\\Application->bootProvider()
#7 [internal function]: Illuminate\\Foundation\\Application->Illuminate\\Foundation\\{closure}()
#8 /var/www/emaparking_dss/vendor/laravel/framework/src/Illuminate/Foundation/Application.php(913): array_walk()
#9 /var/www/emaparking_dss/vendor/laravel/framework/src/Illuminate/Foundation/Bootstrap/BootProviders.php(17): Illuminate\\Foundation\\Application->boot()
#10 /var/www/emaparking_dss/vendor/laravel/framework/src/Illuminate/Foundation/Application.php(242): Illuminate\\Foundation\\Bootstrap\\BootProviders->bootstrap()
#11 /var/www/emaparking_dss/vendor/laravel/framework/src/Illuminate/Foundation/Console/Kernel.php(383): Illuminate\\Foundation\\Application->bootstrapWith()
#12 /var/www/emaparking_dss/vendor/laravel/framework/src/Illuminate/Foundation/Console/Kernel.php(153): Illuminate\\Foundation\\Console\\Kernel->bootstrap()
#13 Command line code(1): Illuminate\\Foundation\\Console\\Kernel->handle()
#14 {main}
"} 
[2025-03-24 15:57:58] local.ERROR: Class "\Themes\BC\ThemeProvider" not found {"exception":"[object] (Error(code: 0): Class \"\\Themes\\BC\\ThemeProvider\" not found at /var/www/emaparking_dss/themes/ThemeServiceProvider.php:23)
[stacktrace]
#0 /var/www/emaparking_dss/vendor/laravel/framework/src/Illuminate/Container/BoundMethod.php(36): Themes\\ThemeServiceProvider->boot()
#1 /var/www/emaparking_dss/vendor/laravel/framework/src/Illuminate/Container/Util.php(41): Illuminate\\Container\\BoundMethod::Illuminate\\Container\\{closure}()
#2 /var/www/emaparking_dss/vendor/laravel/framework/src/Illuminate/Container/BoundMethod.php(93): Illuminate\\Container\\Util::unwrapIfClosure()
#3 /var/www/emaparking_dss/vendor/laravel/framework/src/Illuminate/Container/BoundMethod.php(35): Illuminate\\Container\\BoundMethod::callBoundMethod()
#4 /var/www/emaparking_dss/vendor/laravel/framework/src/Illuminate/Container/Container.php(651): Illuminate\\Container\\BoundMethod::call()
#5 /var/www/emaparking_dss/vendor/laravel/framework/src/Illuminate/Foundation/Application.php(933): Illuminate\\Container\\Container->call()
#6 /var/www/emaparking_dss/vendor/laravel/framework/src/Illuminate/Foundation/Application.php(914): Illuminate\\Foundation\\Application->bootProvider()
#7 [internal function]: Illuminate\\Foundation\\Application->Illuminate\\Foundation\\{closure}()
#8 /var/www/emaparking_dss/vendor/laravel/framework/src/Illuminate/Foundation/Application.php(913): array_walk()
#9 /var/www/emaparking_dss/vendor/laravel/framework/src/Illuminate/Foundation/Bootstrap/BootProviders.php(17): Illuminate\\Foundation\\Application->boot()
#10 /var/www/emaparking_dss/vendor/laravel/framework/src/Illuminate/Foundation/Application.php(242): Illuminate\\Foundation\\Bootstrap\\BootProviders->bootstrap()
#11 /var/www/emaparking_dss/vendor/laravel/framework/src/Illuminate/Foundation/Console/Kernel.php(383): Illuminate\\Foundation\\Application->bootstrapWith()
#12 /var/www/emaparking_dss/vendor/laravel/framework/src/Illuminate/Foundation/Console/Kernel.php(153): Illuminate\\Foundation\\Console\\Kernel->bootstrap()
#13 Command line code(1): Illuminate\\Foundation\\Console\\Kernel->handle()
#14 {main}
"} 
[2025-03-24 15:57:58] local.ERROR: Class "\Themes\BC\ThemeProvider" not found {"exception":"[object] (Error(code: 0): Class \"\\Themes\\BC\\ThemeProvider\" not found at /var/www/emaparking_dss/themes/ThemeServiceProvider.php:23)
[stacktrace]
#0 /var/www/emaparking_dss/vendor/laravel/framework/src/Illuminate/Container/BoundMethod.php(36): Themes\\ThemeServiceProvider->boot()
#1 /var/www/emaparking_dss/vendor/laravel/framework/src/Illuminate/Container/Util.php(41): Illuminate\\Container\\BoundMethod::Illuminate\\Container\\{closure}()
#2 /var/www/emaparking_dss/vendor/laravel/framework/src/Illuminate/Container/BoundMethod.php(93): Illuminate\\Container\\Util::unwrapIfClosure()
#3 /var/www/emaparking_dss/vendor/laravel/framework/src/Illuminate/Container/BoundMethod.php(35): Illuminate\\Container\\BoundMethod::callBoundMethod()
#4 /var/www/emaparking_dss/vendor/laravel/framework/src/Illuminate/Container/Container.php(651): Illuminate\\Container\\BoundMethod::call()
#5 /var/www/emaparking_dss/vendor/laravel/framework/src/Illuminate/Foundation/Application.php(933): Illuminate\\Container\\Container->call()
#6 /var/www/emaparking_dss/vendor/laravel/framework/src/Illuminate/Foundation/Application.php(914): Illuminate\\Foundation\\Application->bootProvider()
#7 [internal function]: Illuminate\\Foundation\\Application->Illuminate\\Foundation\\{closure}()
#8 /var/www/emaparking_dss/vendor/laravel/framework/src/Illuminate/Foundation/Application.php(913): array_walk()
#9 /var/www/emaparking_dss/vendor/laravel/framework/src/Illuminate/Foundation/Bootstrap/BootProviders.php(17): Illuminate\\Foundation\\Application->boot()
#10 /var/www/emaparking_dss/vendor/laravel/framework/src/Illuminate/Foundation/Application.php(242): Illuminate\\Foundation\\Bootstrap\\BootProviders->bootstrap()
#11 /var/www/emaparking_dss/vendor/laravel/framework/src/Illuminate/Foundation/Console/Kernel.php(383): Illuminate\\Foundation\\Application->bootstrapWith()
#12 /var/www/emaparking_dss/vendor/laravel/framework/src/Illuminate/Foundation/Console/Kernel.php(153): Illuminate\\Foundation\\Console\\Kernel->bootstrap()
#13 Command line code(1): Illuminate\\Foundation\\Console\\Kernel->handle()
#14 {main}
"} 
[2025-03-24 15:58:58] local.ERROR: Class "\Themes\BC\ThemeProvider" not found {"exception":"[object] (Error(code: 0): Class \"\\Themes\\BC\\ThemeProvider\" not found at /var/www/emaparking_dss/themes/ThemeServiceProvider.php:23)
[stacktrace]
#0 /var/www/emaparking_dss/vendor/laravel/framework/src/Illuminate/Container/BoundMethod.php(36): Themes\\ThemeServiceProvider->boot()
#1 /var/www/emaparking_dss/vendor/laravel/framework/src/Illuminate/Container/Util.php(41): Illuminate\\Container\\BoundMethod::Illuminate\\Container\\{closure}()
#2 /var/www/emaparking_dss/vendor/laravel/framework/src/Illuminate/Container/BoundMethod.php(93): Illuminate\\Container\\Util::unwrapIfClosure()
#3 /var/www/emaparking_dss/vendor/laravel/framework/src/Illuminate/Container/BoundMethod.php(35): Illuminate\\Container\\BoundMethod::callBoundMethod()
#4 /var/www/emaparking_dss/vendor/laravel/framework/src/Illuminate/Container/Container.php(651): Illuminate\\Container\\BoundMethod::call()
#5 /var/www/emaparking_dss/vendor/laravel/framework/src/Illuminate/Foundation/Application.php(933): Illuminate\\Container\\Container->call()
#6 /var/www/emaparking_dss/vendor/laravel/framework/src/Illuminate/Foundation/Application.php(914): Illuminate\\Foundation\\Application->bootProvider()
#7 [internal function]: Illuminate\\Foundation\\Application->Illuminate\\Foundation\\{closure}()
#8 /var/www/emaparking_dss/vendor/laravel/framework/src/Illuminate/Foundation/Application.php(913): array_walk()
#9 /var/www/emaparking_dss/vendor/laravel/framework/src/Illuminate/Foundation/Bootstrap/BootProviders.php(17): Illuminate\\Foundation\\Application->boot()
#10 /var/www/emaparking_dss/vendor/laravel/framework/src/Illuminate/Foundation/Application.php(242): Illuminate\\Foundation\\Bootstrap\\BootProviders->bootstrap()
#11 /var/www/emaparking_dss/vendor/laravel/framework/src/Illuminate/Foundation/Console/Kernel.php(383): Illuminate\\Foundation\\Application->bootstrapWith()
#12 /var/www/emaparking_dss/vendor/laravel/framework/src/Illuminate/Foundation/Console/Kernel.php(153): Illuminate\\Foundation\\Console\\Kernel->bootstrap()
#13 Command line code(1): Illuminate\\Foundation\\Console\\Kernel->handle()
#14 {main}
"} 
[2025-03-24 15:58:58] local.ERROR: Class "\Themes\BC\ThemeProvider" not found {"exception":"[object] (Error(code: 0): Class \"\\Themes\\BC\\ThemeProvider\" not found at /var/www/emaparking_dss/themes/ThemeServiceProvider.php:23)
[stacktrace]
#0 /var/www/emaparking_dss/vendor/laravel/framework/src/Illuminate/Container/BoundMethod.php(36): Themes\\ThemeServiceProvider->boot()
#1 /var/www/emaparking_dss/vendor/laravel/framework/src/Illuminate/Container/Util.php(41): Illuminate\\Container\\BoundMethod::Illuminate\\Container\\{closure}()
#2 /var/www/emaparking_dss/vendor/laravel/framework/src/Illuminate/Container/BoundMethod.php(93): Illuminate\\Container\\Util::unwrapIfClosure()
#3 /var/www/emaparking_dss/vendor/laravel/framework/src/Illuminate/Container/BoundMethod.php(35): Illuminate\\Container\\BoundMethod::callBoundMethod()
#4 /var/www/emaparking_dss/vendor/laravel/framework/src/Illuminate/Container/Container.php(651): Illuminate\\Container\\BoundMethod::call()
#5 /var/www/emaparking_dss/vendor/laravel/framework/src/Illuminate/Foundation/Application.php(933): Illuminate\\Container\\Container->call()
#6 /var/www/emaparking_dss/vendor/laravel/framework/src/Illuminate/Foundation/Application.php(914): Illuminate\\Foundation\\Application->bootProvider()
#7 [internal function]: Illuminate\\Foundation\\Application->Illuminate\\Foundation\\{closure}()
#8 /var/www/emaparking_dss/vendor/laravel/framework/src/Illuminate/Foundation/Application.php(913): array_walk()
#9 /var/www/emaparking_dss/vendor/laravel/framework/src/Illuminate/Foundation/Bootstrap/BootProviders.php(17): Illuminate\\Foundation\\Application->boot()
#10 /var/www/emaparking_dss/vendor/laravel/framework/src/Illuminate/Foundation/Application.php(242): Illuminate\\Foundation\\Bootstrap\\BootProviders->bootstrap()
#11 /var/www/emaparking_dss/vendor/laravel/framework/src/Illuminate/Foundation/Console/Kernel.php(383): Illuminate\\Foundation\\Application->bootstrapWith()
#12 /var/www/emaparking_dss/vendor/laravel/framework/src/Illuminate/Foundation/Console/Kernel.php(153): Illuminate\\Foundation\\Console\\Kernel->bootstrap()
#13 Command line code(1): Illuminate\\Foundation\\Console\\Kernel->handle()
#14 {main}
"} 
[2025-03-24 15:58:58] local.ERROR: Class "\Themes\BC\ThemeProvider" not found {"exception":"[object] (Error(code: 0): Class \"\\Themes\\BC\\ThemeProvider\" not found at /var/www/emaparking_dss/themes/ThemeServiceProvider.php:23)
[stacktrace]
#0 /var/www/emaparking_dss/vendor/laravel/framework/src/Illuminate/Container/BoundMethod.php(36): Themes\\ThemeServiceProvider->boot()
#1 /var/www/emaparking_dss/vendor/laravel/framework/src/Illuminate/Container/Util.php(41): Illuminate\\Container\\BoundMethod::Illuminate\\Container\\{closure}()
#2 /var/www/emaparking_dss/vendor/laravel/framework/src/Illuminate/Container/BoundMethod.php(93): Illuminate\\Container\\Util::unwrapIfClosure()
#3 /var/www/emaparking_dss/vendor/laravel/framework/src/Illuminate/Container/BoundMethod.php(35): Illuminate\\Container\\BoundMethod::callBoundMethod()
#4 /var/www/emaparking_dss/vendor/laravel/framework/src/Illuminate/Container/Container.php(651): Illuminate\\Container\\BoundMethod::call()
#5 /var/www/emaparking_dss/vendor/laravel/framework/src/Illuminate/Foundation/Application.php(933): Illuminate\\Container\\Container->call()
#6 /var/www/emaparking_dss/vendor/laravel/framework/src/Illuminate/Foundation/Application.php(914): Illuminate\\Foundation\\Application->bootProvider()
#7 [internal function]: Illuminate\\Foundation\\Application->Illuminate\\Foundation\\{closure}()
#8 /var/www/emaparking_dss/vendor/laravel/framework/src/Illuminate/Foundation/Application.php(913): array_walk()
#9 /var/www/emaparking_dss/vendor/laravel/framework/src/Illuminate/Foundation/Bootstrap/BootProviders.php(17): Illuminate\\Foundation\\Application->boot()
#10 /var/www/emaparking_dss/vendor/laravel/framework/src/Illuminate/Foundation/Application.php(242): Illuminate\\Foundation\\Bootstrap\\BootProviders->bootstrap()
#11 /var/www/emaparking_dss/vendor/laravel/framework/src/Illuminate/Foundation/Console/Kernel.php(383): Illuminate\\Foundation\\Application->bootstrapWith()
#12 /var/www/emaparking_dss/vendor/laravel/framework/src/Illuminate/Foundation/Console/Kernel.php(153): Illuminate\\Foundation\\Console\\Kernel->bootstrap()
#13 Command line code(1): Illuminate\\Foundation\\Console\\Kernel->handle()
#14 {main}
"} 
[2025-03-24 15:59:58] local.ERROR: Class "\Themes\BC\ThemeProvider" not found {"exception":"[object] (Error(code: 0): Class \"\\Themes\\BC\\ThemeProvider\" not found at /var/www/emaparking_dss/themes/ThemeServiceProvider.php:23)
[stacktrace]
#0 /var/www/emaparking_dss/vendor/laravel/framework/src/Illuminate/Container/BoundMethod.php(36): Themes\\ThemeServiceProvider->boot()
#1 /var/www/emaparking_dss/vendor/laravel/framework/src/Illuminate/Container/Util.php(41): Illuminate\\Container\\BoundMethod::Illuminate\\Container\\{closure}()
#2 /var/www/emaparking_dss/vendor/laravel/framework/src/Illuminate/Container/BoundMethod.php(93): Illuminate\\Container\\Util::unwrapIfClosure()
#3 /var/www/emaparking_dss/vendor/laravel/framework/src/Illuminate/Container/BoundMethod.php(35): Illuminate\\Container\\BoundMethod::callBoundMethod()
#4 /var/www/emaparking_dss/vendor/laravel/framework/src/Illuminate/Container/Container.php(651): Illuminate\\Container\\BoundMethod::call()
#5 /var/www/emaparking_dss/vendor/laravel/framework/src/Illuminate/Foundation/Application.php(933): Illuminate\\Container\\Container->call()
#6 /var/www/emaparking_dss/vendor/laravel/framework/src/Illuminate/Foundation/Application.php(914): Illuminate\\Foundation\\Application->bootProvider()
#7 [internal function]: Illuminate\\Foundation\\Application->Illuminate\\Foundation\\{closure}()
#8 /var/www/emaparking_dss/vendor/laravel/framework/src/Illuminate/Foundation/Application.php(913): array_walk()
#9 /var/www/emaparking_dss/vendor/laravel/framework/src/Illuminate/Foundation/Bootstrap/BootProviders.php(17): Illuminate\\Foundation\\Application->boot()
#10 /var/www/emaparking_dss/vendor/laravel/framework/src/Illuminate/Foundation/Application.php(242): Illuminate\\Foundation\\Bootstrap\\BootProviders->bootstrap()
#11 /var/www/emaparking_dss/vendor/laravel/framework/src/Illuminate/Foundation/Console/Kernel.php(383): Illuminate\\Foundation\\Application->bootstrapWith()
#12 /var/www/emaparking_dss/vendor/laravel/framework/src/Illuminate/Foundation/Console/Kernel.php(153): Illuminate\\Foundation\\Console\\Kernel->bootstrap()
#13 Command line code(1): Illuminate\\Foundation\\Console\\Kernel->handle()
#14 {main}
"} 
[2025-03-24 15:59:58] local.ERROR: Class "\Themes\BC\ThemeProvider" not found {"exception":"[object] (Error(code: 0): Class \"\\Themes\\BC\\ThemeProvider\" not found at /var/www/emaparking_dss/themes/ThemeServiceProvider.php:23)
[stacktrace]
#0 /var/www/emaparking_dss/vendor/laravel/framework/src/Illuminate/Container/BoundMethod.php(36): Themes\\ThemeServiceProvider->boot()
#1 /var/www/emaparking_dss/vendor/laravel/framework/src/Illuminate/Container/Util.php(41): Illuminate\\Container\\BoundMethod::Illuminate\\Container\\{closure}()
#2 /var/www/emaparking_dss/vendor/laravel/framework/src/Illuminate/Container/BoundMethod.php(93): Illuminate\\Container\\Util::unwrapIfClosure()
#3 /var/www/emaparking_dss/vendor/laravel/framework/src/Illuminate/Container/BoundMethod.php(35): Illuminate\\Container\\BoundMethod::callBoundMethod()
#4 /var/www/emaparking_dss/vendor/laravel/framework/src/Illuminate/Container/Container.php(651): Illuminate\\Container\\BoundMethod::call()
#5 /var/www/emaparking_dss/vendor/laravel/framework/src/Illuminate/Foundation/Application.php(933): Illuminate\\Container\\Container->call()
#6 /var/www/emaparking_dss/vendor/laravel/framework/src/Illuminate/Foundation/Application.php(914): Illuminate\\Foundation\\Application->bootProvider()
#7 [internal function]: Illuminate\\Foundation\\Application->Illuminate\\Foundation\\{closure}()
#8 /var/www/emaparking_dss/vendor/laravel/framework/src/Illuminate/Foundation/Application.php(913): array_walk()
#9 /var/www/emaparking_dss/vendor/laravel/framework/src/Illuminate/Foundation/Bootstrap/BootProviders.php(17): Illuminate\\Foundation\\Application->boot()
#10 /var/www/emaparking_dss/vendor/laravel/framework/src/Illuminate/Foundation/Application.php(242): Illuminate\\Foundation\\Bootstrap\\BootProviders->bootstrap()
#11 /var/www/emaparking_dss/vendor/laravel/framework/src/Illuminate/Foundation/Console/Kernel.php(383): Illuminate\\Foundation\\Application->bootstrapWith()
#12 /var/www/emaparking_dss/vendor/laravel/framework/src/Illuminate/Foundation/Console/Kernel.php(153): Illuminate\\Foundation\\Console\\Kernel->bootstrap()
#13 Command line code(1): Illuminate\\Foundation\\Console\\Kernel->handle()
#14 {main}
"} 
[2025-03-24 16:00:58] local.ERROR: Class "\Themes\BC\ThemeProvider" not found {"exception":"[object] (Error(code: 0): Class \"\\Themes\\BC\\ThemeProvider\" not found at /var/www/emaparking_dss/themes/ThemeServiceProvider.php:23)
[stacktrace]
#0 /var/www/emaparking_dss/vendor/laravel/framework/src/Illuminate/Container/BoundMethod.php(36): Themes\\ThemeServiceProvider->boot()
#1 /var/www/emaparking_dss/vendor/laravel/framework/src/Illuminate/Container/Util.php(41): Illuminate\\Container\\BoundMethod::Illuminate\\Container\\{closure}()
#2 /var/www/emaparking_dss/vendor/laravel/framework/src/Illuminate/Container/BoundMethod.php(93): Illuminate\\Container\\Util::unwrapIfClosure()
#3 /var/www/emaparking_dss/vendor/laravel/framework/src/Illuminate/Container/BoundMethod.php(35): Illuminate\\Container\\BoundMethod::callBoundMethod()
#4 /var/www/emaparking_dss/vendor/laravel/framework/src/Illuminate/Container/Container.php(651): Illuminate\\Container\\BoundMethod::call()
#5 /var/www/emaparking_dss/vendor/laravel/framework/src/Illuminate/Foundation/Application.php(933): Illuminate\\Container\\Container->call()
#6 /var/www/emaparking_dss/vendor/laravel/framework/src/Illuminate/Foundation/Application.php(914): Illuminate\\Foundation\\Application->bootProvider()
#7 [internal function]: Illuminate\\Foundation\\Application->Illuminate\\Foundation\\{closure}()
#8 /var/www/emaparking_dss/vendor/laravel/framework/src/Illuminate/Foundation/Application.php(913): array_walk()
#9 /var/www/emaparking_dss/vendor/laravel/framework/src/Illuminate/Foundation/Bootstrap/BootProviders.php(17): Illuminate\\Foundation\\Application->boot()
#10 /var/www/emaparking_dss/vendor/laravel/framework/src/Illuminate/Foundation/Application.php(242): Illuminate\\Foundation\\Bootstrap\\BootProviders->bootstrap()
#11 /var/www/emaparking_dss/vendor/laravel/framework/src/Illuminate/Foundation/Console/Kernel.php(383): Illuminate\\Foundation\\Application->bootstrapWith()
#12 /var/www/emaparking_dss/vendor/laravel/framework/src/Illuminate/Foundation/Console/Kernel.php(153): Illuminate\\Foundation\\Console\\Kernel->bootstrap()
#13 Command line code(1): Illuminate\\Foundation\\Console\\Kernel->handle()
#14 {main}
"} 
[2025-03-24 16:00:58] local.ERROR: Class "\Themes\BC\ThemeProvider" not found {"exception":"[object] (Error(code: 0): Class \"\\Themes\\BC\\ThemeProvider\" not found at /var/www/emaparking_dss/themes/ThemeServiceProvider.php:23)
[stacktrace]
#0 /var/www/emaparking_dss/vendor/laravel/framework/src/Illuminate/Container/BoundMethod.php(36): Themes\\ThemeServiceProvider->boot()
#1 /var/www/emaparking_dss/vendor/laravel/framework/src/Illuminate/Container/Util.php(41): Illuminate\\Container\\BoundMethod::Illuminate\\Container\\{closure}()
#2 /var/www/emaparking_dss/vendor/laravel/framework/src/Illuminate/Container/BoundMethod.php(93): Illuminate\\Container\\Util::unwrapIfClosure()
#3 /var/www/emaparking_dss/vendor/laravel/framework/src/Illuminate/Container/BoundMethod.php(35): Illuminate\\Container\\BoundMethod::callBoundMethod()
#4 /var/www/emaparking_dss/vendor/laravel/framework/src/Illuminate/Container/Container.php(651): Illuminate\\Container\\BoundMethod::call()
#5 /var/www/emaparking_dss/vendor/laravel/framework/src/Illuminate/Foundation/Application.php(933): Illuminate\\Container\\Container->call()
#6 /var/www/emaparking_dss/vendor/laravel/framework/src/Illuminate/Foundation/Application.php(914): Illuminate\\Foundation\\Application->bootProvider()
#7 [internal function]: Illuminate\\Foundation\\Application->Illuminate\\Foundation\\{closure}()
#8 /var/www/emaparking_dss/vendor/laravel/framework/src/Illuminate/Foundation/Application.php(913): array_walk()
#9 /var/www/emaparking_dss/vendor/laravel/framework/src/Illuminate/Foundation/Bootstrap/BootProviders.php(17): Illuminate\\Foundation\\Application->boot()
#10 /var/www/emaparking_dss/vendor/laravel/framework/src/Illuminate/Foundation/Application.php(242): Illuminate\\Foundation\\Bootstrap\\BootProviders->bootstrap()
#11 /var/www/emaparking_dss/vendor/laravel/framework/src/Illuminate/Foundation/Console/Kernel.php(383): Illuminate\\Foundation\\Application->bootstrapWith()
#12 /var/www/emaparking_dss/vendor/laravel/framework/src/Illuminate/Foundation/Console/Kernel.php(153): Illuminate\\Foundation\\Console\\Kernel->bootstrap()
#13 Command line code(1): Illuminate\\Foundation\\Console\\Kernel->handle()
#14 {main}
"} 
[2025-03-24 16:01:58] local.ERROR: Class "\Themes\BC\ThemeProvider" not found {"exception":"[object] (Error(code: 0): Class \"\\Themes\\BC\\ThemeProvider\" not found at /var/www/emaparking_dss/themes/ThemeServiceProvider.php:23)
[stacktrace]
#0 /var/www/emaparking_dss/vendor/laravel/framework/src/Illuminate/Container/BoundMethod.php(36): Themes\\ThemeServiceProvider->boot()
#1 /var/www/emaparking_dss/vendor/laravel/framework/src/Illuminate/Container/Util.php(41): Illuminate\\Container\\BoundMethod::Illuminate\\Container\\{closure}()
#2 /var/www/emaparking_dss/vendor/laravel/framework/src/Illuminate/Container/BoundMethod.php(93): Illuminate\\Container\\Util::unwrapIfClosure()
#3 /var/www/emaparking_dss/vendor/laravel/framework/src/Illuminate/Container/BoundMethod.php(35): Illuminate\\Container\\BoundMethod::callBoundMethod()
#4 /var/www/emaparking_dss/vendor/laravel/framework/src/Illuminate/Container/Container.php(651): Illuminate\\Container\\BoundMethod::call()
#5 /var/www/emaparking_dss/vendor/laravel/framework/src/Illuminate/Foundation/Application.php(933): Illuminate\\Container\\Container->call()
#6 /var/www/emaparking_dss/vendor/laravel/framework/src/Illuminate/Foundation/Application.php(914): Illuminate\\Foundation\\Application->bootProvider()
#7 [internal function]: Illuminate\\Foundation\\Application->Illuminate\\Foundation\\{closure}()
#8 /var/www/emaparking_dss/vendor/laravel/framework/src/Illuminate/Foundation/Application.php(913): array_walk()
#9 /var/www/emaparking_dss/vendor/laravel/framework/src/Illuminate/Foundation/Bootstrap/BootProviders.php(17): Illuminate\\Foundation\\Application->boot()
#10 /var/www/emaparking_dss/vendor/laravel/framework/src/Illuminate/Foundation/Application.php(242): Illuminate\\Foundation\\Bootstrap\\BootProviders->bootstrap()
#11 /var/www/emaparking_dss/vendor/laravel/framework/src/Illuminate/Foundation/Console/Kernel.php(383): Illuminate\\Foundation\\Application->bootstrapWith()
#12 /var/www/emaparking_dss/vendor/laravel/framework/src/Illuminate/Foundation/Console/Kernel.php(153): Illuminate\\Foundation\\Console\\Kernel->bootstrap()
#13 Command line code(1): Illuminate\\Foundation\\Console\\Kernel->handle()
#14 {main}
"} 
[2025-03-24 16:01:58] local.ERROR: Class "\Themes\BC\ThemeProvider" not found {"exception":"[object] (Error(code: 0): Class \"\\Themes\\BC\\ThemeProvider\" not found at /var/www/emaparking_dss/themes/ThemeServiceProvider.php:23)
[stacktrace]
#0 /var/www/emaparking_dss/vendor/laravel/framework/src/Illuminate/Container/BoundMethod.php(36): Themes\\ThemeServiceProvider->boot()
#1 /var/www/emaparking_dss/vendor/laravel/framework/src/Illuminate/Container/Util.php(41): Illuminate\\Container\\BoundMethod::Illuminate\\Container\\{closure}()
#2 /var/www/emaparking_dss/vendor/laravel/framework/src/Illuminate/Container/BoundMethod.php(93): Illuminate\\Container\\Util::unwrapIfClosure()
#3 /var/www/emaparking_dss/vendor/laravel/framework/src/Illuminate/Container/BoundMethod.php(35): Illuminate\\Container\\BoundMethod::callBoundMethod()
#4 /var/www/emaparking_dss/vendor/laravel/framework/src/Illuminate/Container/Container.php(651): Illuminate\\Container\\BoundMethod::call()
#5 /var/www/emaparking_dss/vendor/laravel/framework/src/Illuminate/Foundation/Application.php(933): Illuminate\\Container\\Container->call()
#6 /var/www/emaparking_dss/vendor/laravel/framework/src/Illuminate/Foundation/Application.php(914): Illuminate\\Foundation\\Application->bootProvider()
#7 [internal function]: Illuminate\\Foundation\\Application->Illuminate\\Foundation\\{closure}()
#8 /var/www/emaparking_dss/vendor/laravel/framework/src/Illuminate/Foundation/Application.php(913): array_walk()
#9 /var/www/emaparking_dss/vendor/laravel/framework/src/Illuminate/Foundation/Bootstrap/BootProviders.php(17): Illuminate\\Foundation\\Application->boot()
#10 /var/www/emaparking_dss/vendor/laravel/framework/src/Illuminate/Foundation/Application.php(242): Illuminate\\Foundation\\Bootstrap\\BootProviders->bootstrap()
#11 /var/www/emaparking_dss/vendor/laravel/framework/src/Illuminate/Foundation/Console/Kernel.php(383): Illuminate\\Foundation\\Application->bootstrapWith()
#12 /var/www/emaparking_dss/vendor/laravel/framework/src/Illuminate/Foundation/Console/Kernel.php(153): Illuminate\\Foundation\\Console\\Kernel->bootstrap()
#13 Command line code(1): Illuminate\\Foundation\\Console\\Kernel->handle()
#14 {main}
"} 
[2025-03-24 16:02:58] local.ERROR: Class "\Themes\BC\ThemeProvider" not found {"exception":"[object] (Error(code: 0): Class \"\\Themes\\BC\\ThemeProvider\" not found at /var/www/emaparking_dss/themes/ThemeServiceProvider.php:23)
[stacktrace]
#0 /var/www/emaparking_dss/vendor/laravel/framework/src/Illuminate/Container/BoundMethod.php(36): Themes\\ThemeServiceProvider->boot()
#1 /var/www/emaparking_dss/vendor/laravel/framework/src/Illuminate/Container/Util.php(41): Illuminate\\Container\\BoundMethod::Illuminate\\Container\\{closure}()
#2 /var/www/emaparking_dss/vendor/laravel/framework/src/Illuminate/Container/BoundMethod.php(93): Illuminate\\Container\\Util::unwrapIfClosure()
#3 /var/www/emaparking_dss/vendor/laravel/framework/src/Illuminate/Container/BoundMethod.php(35): Illuminate\\Container\\BoundMethod::callBoundMethod()
#4 /var/www/emaparking_dss/vendor/laravel/framework/src/Illuminate/Container/Container.php(651): Illuminate\\Container\\BoundMethod::call()
#5 /var/www/emaparking_dss/vendor/laravel/framework/src/Illuminate/Foundation/Application.php(933): Illuminate\\Container\\Container->call()
#6 /var/www/emaparking_dss/vendor/laravel/framework/src/Illuminate/Foundation/Application.php(914): Illuminate\\Foundation\\Application->bootProvider()
#7 [internal function]: Illuminate\\Foundation\\Application->Illuminate\\Foundation\\{closure}()
#8 /var/www/emaparking_dss/vendor/laravel/framework/src/Illuminate/Foundation/Application.php(913): array_walk()
#9 /var/www/emaparking_dss/vendor/laravel/framework/src/Illuminate/Foundation/Bootstrap/BootProviders.php(17): Illuminate\\Foundation\\Application->boot()
#10 /var/www/emaparking_dss/vendor/laravel/framework/src/Illuminate/Foundation/Application.php(242): Illuminate\\Foundation\\Bootstrap\\BootProviders->bootstrap()
#11 /var/www/emaparking_dss/vendor/laravel/framework/src/Illuminate/Foundation/Console/Kernel.php(383): Illuminate\\Foundation\\Application->bootstrapWith()
#12 /var/www/emaparking_dss/vendor/laravel/framework/src/Illuminate/Foundation/Console/Kernel.php(153): Illuminate\\Foundation\\Console\\Kernel->bootstrap()
#13 Command line code(1): Illuminate\\Foundation\\Console\\Kernel->handle()
#14 {main}
"} 
[2025-03-24 16:02:58] local.ERROR: Class "\Themes\BC\ThemeProvider" not found {"exception":"[object] (Error(code: 0): Class \"\\Themes\\BC\\ThemeProvider\" not found at /var/www/emaparking_dss/themes/ThemeServiceProvider.php:23)
[stacktrace]
#0 /var/www/emaparking_dss/vendor/laravel/framework/src/Illuminate/Container/BoundMethod.php(36): Themes\\ThemeServiceProvider->boot()
#1 /var/www/emaparking_dss/vendor/laravel/framework/src/Illuminate/Container/Util.php(41): Illuminate\\Container\\BoundMethod::Illuminate\\Container\\{closure}()
#2 /var/www/emaparking_dss/vendor/laravel/framework/src/Illuminate/Container/BoundMethod.php(93): Illuminate\\Container\\Util::unwrapIfClosure()
#3 /var/www/emaparking_dss/vendor/laravel/framework/src/Illuminate/Container/BoundMethod.php(35): Illuminate\\Container\\BoundMethod::callBoundMethod()
#4 /var/www/emaparking_dss/vendor/laravel/framework/src/Illuminate/Container/Container.php(651): Illuminate\\Container\\BoundMethod::call()
#5 /var/www/emaparking_dss/vendor/laravel/framework/src/Illuminate/Foundation/Application.php(933): Illuminate\\Container\\Container->call()
#6 /var/www/emaparking_dss/vendor/laravel/framework/src/Illuminate/Foundation/Application.php(914): Illuminate\\Foundation\\Application->bootProvider()
#7 [internal function]: Illuminate\\Foundation\\Application->Illuminate\\Foundation\\{closure}()
#8 /var/www/emaparking_dss/vendor/laravel/framework/src/Illuminate/Foundation/Application.php(913): array_walk()
#9 /var/www/emaparking_dss/vendor/laravel/framework/src/Illuminate/Foundation/Bootstrap/BootProviders.php(17): Illuminate\\Foundation\\Application->boot()
#10 /var/www/emaparking_dss/vendor/laravel/framework/src/Illuminate/Foundation/Application.php(242): Illuminate\\Foundation\\Bootstrap\\BootProviders->bootstrap()
#11 /var/www/emaparking_dss/vendor/laravel/framework/src/Illuminate/Foundation/Console/Kernel.php(383): Illuminate\\Foundation\\Application->bootstrapWith()
#12 /var/www/emaparking_dss/vendor/laravel/framework/src/Illuminate/Foundation/Console/Kernel.php(153): Illuminate\\Foundation\\Console\\Kernel->bootstrap()
#13 Command line code(1): Illuminate\\Foundation\\Console\\Kernel->handle()
#14 {main}
"} 
[2025-03-24 16:03:58] local.ERROR: Class "\Themes\BC\ThemeProvider" not found {"exception":"[object] (Error(code: 0): Class \"\\Themes\\BC\\ThemeProvider\" not found at /var/www/emaparking_dss/themes/ThemeServiceProvider.php:23)
[stacktrace]
#0 /var/www/emaparking_dss/vendor/laravel/framework/src/Illuminate/Container/BoundMethod.php(36): Themes\\ThemeServiceProvider->boot()
#1 /var/www/emaparking_dss/vendor/laravel/framework/src/Illuminate/Container/Util.php(41): Illuminate\\Container\\BoundMethod::Illuminate\\Container\\{closure}()
#2 /var/www/emaparking_dss/vendor/laravel/framework/src/Illuminate/Container/BoundMethod.php(93): Illuminate\\Container\\Util::unwrapIfClosure()
#3 /var/www/emaparking_dss/vendor/laravel/framework/src/Illuminate/Container/BoundMethod.php(35): Illuminate\\Container\\BoundMethod::callBoundMethod()
#4 /var/www/emaparking_dss/vendor/laravel/framework/src/Illuminate/Container/Container.php(651): Illuminate\\Container\\BoundMethod::call()
#5 /var/www/emaparking_dss/vendor/laravel/framework/src/Illuminate/Foundation/Application.php(933): Illuminate\\Container\\Container->call()
#6 /var/www/emaparking_dss/vendor/laravel/framework/src/Illuminate/Foundation/Application.php(914): Illuminate\\Foundation\\Application->bootProvider()
#7 [internal function]: Illuminate\\Foundation\\Application->Illuminate\\Foundation\\{closure}()
#8 /var/www/emaparking_dss/vendor/laravel/framework/src/Illuminate/Foundation/Application.php(913): array_walk()
#9 /var/www/emaparking_dss/vendor/laravel/framework/src/Illuminate/Foundation/Bootstrap/BootProviders.php(17): Illuminate\\Foundation\\Application->boot()
#10 /var/www/emaparking_dss/vendor/laravel/framework/src/Illuminate/Foundation/Application.php(242): Illuminate\\Foundation\\Bootstrap\\BootProviders->bootstrap()
#11 /var/www/emaparking_dss/vendor/laravel/framework/src/Illuminate/Foundation/Console/Kernel.php(383): Illuminate\\Foundation\\Application->bootstrapWith()
#12 /var/www/emaparking_dss/vendor/laravel/framework/src/Illuminate/Foundation/Console/Kernel.php(153): Illuminate\\Foundation\\Console\\Kernel->bootstrap()
#13 Command line code(1): Illuminate\\Foundation\\Console\\Kernel->handle()
#14 {main}
"} 
[2025-03-24 16:03:58] local.ERROR: Class "\Themes\BC\ThemeProvider" not found {"exception":"[object] (Error(code: 0): Class \"\\Themes\\BC\\ThemeProvider\" not found at /var/www/emaparking_dss/themes/ThemeServiceProvider.php:23)
[stacktrace]
#0 /var/www/emaparking_dss/vendor/laravel/framework/src/Illuminate/Container/BoundMethod.php(36): Themes\\ThemeServiceProvider->boot()
#1 /var/www/emaparking_dss/vendor/laravel/framework/src/Illuminate/Container/Util.php(41): Illuminate\\Container\\BoundMethod::Illuminate\\Container\\{closure}()
#2 /var/www/emaparking_dss/vendor/laravel/framework/src/Illuminate/Container/BoundMethod.php(93): Illuminate\\Container\\Util::unwrapIfClosure()
#3 /var/www/emaparking_dss/vendor/laravel/framework/src/Illuminate/Container/BoundMethod.php(35): Illuminate\\Container\\BoundMethod::callBoundMethod()
#4 /var/www/emaparking_dss/vendor/laravel/framework/src/Illuminate/Container/Container.php(651): Illuminate\\Container\\BoundMethod::call()
#5 /var/www/emaparking_dss/vendor/laravel/framework/src/Illuminate/Foundation/Application.php(933): Illuminate\\Container\\Container->call()
#6 /var/www/emaparking_dss/vendor/laravel/framework/src/Illuminate/Foundation/Application.php(914): Illuminate\\Foundation\\Application->bootProvider()
#7 [internal function]: Illuminate\\Foundation\\Application->Illuminate\\Foundation\\{closure}()
#8 /var/www/emaparking_dss/vendor/laravel/framework/src/Illuminate/Foundation/Application.php(913): array_walk()
#9 /var/www/emaparking_dss/vendor/laravel/framework/src/Illuminate/Foundation/Bootstrap/BootProviders.php(17): Illuminate\\Foundation\\Application->boot()
#10 /var/www/emaparking_dss/vendor/laravel/framework/src/Illuminate/Foundation/Application.php(242): Illuminate\\Foundation\\Bootstrap\\BootProviders->bootstrap()
#11 /var/www/emaparking_dss/vendor/laravel/framework/src/Illuminate/Foundation/Console/Kernel.php(383): Illuminate\\Foundation\\Application->bootstrapWith()
#12 /var/www/emaparking_dss/vendor/laravel/framework/src/Illuminate/Foundation/Console/Kernel.php(153): Illuminate\\Foundation\\Console\\Kernel->bootstrap()
#13 Command line code(1): Illuminate\\Foundation\\Console\\Kernel->handle()
#14 {main}
"} 
[2025-03-24 16:04:58] local.ERROR: Class "\Themes\BC\ThemeProvider" not found {"exception":"[object] (Error(code: 0): Class \"\\Themes\\BC\\ThemeProvider\" not found at /var/www/emaparking_dss/themes/ThemeServiceProvider.php:23)
[stacktrace]
#0 /var/www/emaparking_dss/vendor/laravel/framework/src/Illuminate/Container/BoundMethod.php(36): Themes\\ThemeServiceProvider->boot()
#1 /var/www/emaparking_dss/vendor/laravel/framework/src/Illuminate/Container/Util.php(41): Illuminate\\Container\\BoundMethod::Illuminate\\Container\\{closure}()
#2 /var/www/emaparking_dss/vendor/laravel/framework/src/Illuminate/Container/BoundMethod.php(93): Illuminate\\Container\\Util::unwrapIfClosure()
#3 /var/www/emaparking_dss/vendor/laravel/framework/src/Illuminate/Container/BoundMethod.php(35): Illuminate\\Container\\BoundMethod::callBoundMethod()
#4 /var/www/emaparking_dss/vendor/laravel/framework/src/Illuminate/Container/Container.php(651): Illuminate\\Container\\BoundMethod::call()
#5 /var/www/emaparking_dss/vendor/laravel/framework/src/Illuminate/Foundation/Application.php(933): Illuminate\\Container\\Container->call()
#6 /var/www/emaparking_dss/vendor/laravel/framework/src/Illuminate/Foundation/Application.php(914): Illuminate\\Foundation\\Application->bootProvider()
#7 [internal function]: Illuminate\\Foundation\\Application->Illuminate\\Foundation\\{closure}()
#8 /var/www/emaparking_dss/vendor/laravel/framework/src/Illuminate/Foundation/Application.php(913): array_walk()
#9 /var/www/emaparking_dss/vendor/laravel/framework/src/Illuminate/Foundation/Bootstrap/BootProviders.php(17): Illuminate\\Foundation\\Application->boot()
#10 /var/www/emaparking_dss/vendor/laravel/framework/src/Illuminate/Foundation/Application.php(242): Illuminate\\Foundation\\Bootstrap\\BootProviders->bootstrap()
#11 /var/www/emaparking_dss/vendor/laravel/framework/src/Illuminate/Foundation/Console/Kernel.php(383): Illuminate\\Foundation\\Application->bootstrapWith()
#12 /var/www/emaparking_dss/vendor/laravel/framework/src/Illuminate/Foundation/Console/Kernel.php(153): Illuminate\\Foundation\\Console\\Kernel->bootstrap()
#13 Command line code(1): Illuminate\\Foundation\\Console\\Kernel->handle()
#14 {main}
"} 
[2025-03-24 16:04:58] local.ERROR: Class "\Themes\BC\ThemeProvider" not found {"exception":"[object] (Error(code: 0): Class \"\\Themes\\BC\\ThemeProvider\" not found at /var/www/emaparking_dss/themes/ThemeServiceProvider.php:23)
[stacktrace]
#0 /var/www/emaparking_dss/vendor/laravel/framework/src/Illuminate/Container/BoundMethod.php(36): Themes\\ThemeServiceProvider->boot()
#1 /var/www/emaparking_dss/vendor/laravel/framework/src/Illuminate/Container/Util.php(41): Illuminate\\Container\\BoundMethod::Illuminate\\Container\\{closure}()
#2 /var/www/emaparking_dss/vendor/laravel/framework/src/Illuminate/Container/BoundMethod.php(93): Illuminate\\Container\\Util::unwrapIfClosure()
#3 /var/www/emaparking_dss/vendor/laravel/framework/src/Illuminate/Container/BoundMethod.php(35): Illuminate\\Container\\BoundMethod::callBoundMethod()
#4 /var/www/emaparking_dss/vendor/laravel/framework/src/Illuminate/Container/Container.php(651): Illuminate\\Container\\BoundMethod::call()
#5 /var/www/emaparking_dss/vendor/laravel/framework/src/Illuminate/Foundation/Application.php(933): Illuminate\\Container\\Container->call()
#6 /var/www/emaparking_dss/vendor/laravel/framework/src/Illuminate/Foundation/Application.php(914): Illuminate\\Foundation\\Application->bootProvider()
#7 [internal function]: Illuminate\\Foundation\\Application->Illuminate\\Foundation\\{closure}()
#8 /var/www/emaparking_dss/vendor/laravel/framework/src/Illuminate/Foundation/Application.php(913): array_walk()
#9 /var/www/emaparking_dss/vendor/laravel/framework/src/Illuminate/Foundation/Bootstrap/BootProviders.php(17): Illuminate\\Foundation\\Application->boot()
#10 /var/www/emaparking_dss/vendor/laravel/framework/src/Illuminate/Foundation/Application.php(242): Illuminate\\Foundation\\Bootstrap\\BootProviders->bootstrap()
#11 /var/www/emaparking_dss/vendor/laravel/framework/src/Illuminate/Foundation/Console/Kernel.php(383): Illuminate\\Foundation\\Application->bootstrapWith()
#12 /var/www/emaparking_dss/vendor/laravel/framework/src/Illuminate/Foundation/Console/Kernel.php(153): Illuminate\\Foundation\\Console\\Kernel->bootstrap()
#13 Command line code(1): Illuminate\\Foundation\\Console\\Kernel->handle()
#14 {main}
"} 
[2025-03-24 16:05:59] local.ERROR: Class "\Themes\BC\ThemeProvider" not found {"exception":"[object] (Error(code: 0): Class \"\\Themes\\BC\\ThemeProvider\" not found at /var/www/emaparking_dss/themes/ThemeServiceProvider.php:23)
[stacktrace]
#0 /var/www/emaparking_dss/vendor/laravel/framework/src/Illuminate/Container/BoundMethod.php(36): Themes\\ThemeServiceProvider->boot()
#1 /var/www/emaparking_dss/vendor/laravel/framework/src/Illuminate/Container/Util.php(41): Illuminate\\Container\\BoundMethod::Illuminate\\Container\\{closure}()
#2 /var/www/emaparking_dss/vendor/laravel/framework/src/Illuminate/Container/BoundMethod.php(93): Illuminate\\Container\\Util::unwrapIfClosure()
#3 /var/www/emaparking_dss/vendor/laravel/framework/src/Illuminate/Container/BoundMethod.php(35): Illuminate\\Container\\BoundMethod::callBoundMethod()
#4 /var/www/emaparking_dss/vendor/laravel/framework/src/Illuminate/Container/Container.php(651): Illuminate\\Container\\BoundMethod::call()
#5 /var/www/emaparking_dss/vendor/laravel/framework/src/Illuminate/Foundation/Application.php(933): Illuminate\\Container\\Container->call()
#6 /var/www/emaparking_dss/vendor/laravel/framework/src/Illuminate/Foundation/Application.php(914): Illuminate\\Foundation\\Application->bootProvider()
#7 [internal function]: Illuminate\\Foundation\\Application->Illuminate\\Foundation\\{closure}()
#8 /var/www/emaparking_dss/vendor/laravel/framework/src/Illuminate/Foundation/Application.php(913): array_walk()
#9 /var/www/emaparking_dss/vendor/laravel/framework/src/Illuminate/Foundation/Bootstrap/BootProviders.php(17): Illuminate\\Foundation\\Application->boot()
#10 /var/www/emaparking_dss/vendor/laravel/framework/src/Illuminate/Foundation/Application.php(242): Illuminate\\Foundation\\Bootstrap\\BootProviders->bootstrap()
#11 /var/www/emaparking_dss/vendor/laravel/framework/src/Illuminate/Foundation/Console/Kernel.php(383): Illuminate\\Foundation\\Application->bootstrapWith()
#12 /var/www/emaparking_dss/vendor/laravel/framework/src/Illuminate/Foundation/Console/Kernel.php(153): Illuminate\\Foundation\\Console\\Kernel->bootstrap()
#13 Command line code(1): Illuminate\\Foundation\\Console\\Kernel->handle()
#14 {main}
"} 
[2025-03-24 16:05:59] local.ERROR: Class "\Themes\BC\ThemeProvider" not found {"exception":"[object] (Error(code: 0): Class \"\\Themes\\BC\\ThemeProvider\" not found at /var/www/emaparking_dss/themes/ThemeServiceProvider.php:23)
[stacktrace]
#0 /var/www/emaparking_dss/vendor/laravel/framework/src/Illuminate/Container/BoundMethod.php(36): Themes\\ThemeServiceProvider->boot()
#1 /var/www/emaparking_dss/vendor/laravel/framework/src/Illuminate/Container/Util.php(41): Illuminate\\Container\\BoundMethod::Illuminate\\Container\\{closure}()
#2 /var/www/emaparking_dss/vendor/laravel/framework/src/Illuminate/Container/BoundMethod.php(93): Illuminate\\Container\\Util::unwrapIfClosure()
#3 /var/www/emaparking_dss/vendor/laravel/framework/src/Illuminate/Container/BoundMethod.php(35): Illuminate\\Container\\BoundMethod::callBoundMethod()
#4 /var/www/emaparking_dss/vendor/laravel/framework/src/Illuminate/Container/Container.php(651): Illuminate\\Container\\BoundMethod::call()
#5 /var/www/emaparking_dss/vendor/laravel/framework/src/Illuminate/Foundation/Application.php(933): Illuminate\\Container\\Container->call()
#6 /var/www/emaparking_dss/vendor/laravel/framework/src/Illuminate/Foundation/Application.php(914): Illuminate\\Foundation\\Application->bootProvider()
#7 [internal function]: Illuminate\\Foundation\\Application->Illuminate\\Foundation\\{closure}()
#8 /var/www/emaparking_dss/vendor/laravel/framework/src/Illuminate/Foundation/Application.php(913): array_walk()
#9 /var/www/emaparking_dss/vendor/laravel/framework/src/Illuminate/Foundation/Bootstrap/BootProviders.php(17): Illuminate\\Foundation\\Application->boot()
#10 /var/www/emaparking_dss/vendor/laravel/framework/src/Illuminate/Foundation/Application.php(242): Illuminate\\Foundation\\Bootstrap\\BootProviders->bootstrap()
#11 /var/www/emaparking_dss/vendor/laravel/framework/src/Illuminate/Foundation/Console/Kernel.php(383): Illuminate\\Foundation\\Application->bootstrapWith()
#12 /var/www/emaparking_dss/vendor/laravel/framework/src/Illuminate/Foundation/Console/Kernel.php(153): Illuminate\\Foundation\\Console\\Kernel->bootstrap()
#13 Command line code(1): Illuminate\\Foundation\\Console\\Kernel->handle()
#14 {main}
"} 
[2025-03-24 16:06:58] local.ERROR: Class "\Themes\BC\ThemeProvider" not found {"exception":"[object] (Error(code: 0): Class \"\\Themes\\BC\\ThemeProvider\" not found at /var/www/emaparking_dss/themes/ThemeServiceProvider.php:23)
[stacktrace]
#0 /var/www/emaparking_dss/vendor/laravel/framework/src/Illuminate/Container/BoundMethod.php(36): Themes\\ThemeServiceProvider->boot()
#1 /var/www/emaparking_dss/vendor/laravel/framework/src/Illuminate/Container/Util.php(41): Illuminate\\Container\\BoundMethod::Illuminate\\Container\\{closure}()
#2 /var/www/emaparking_dss/vendor/laravel/framework/src/Illuminate/Container/BoundMethod.php(93): Illuminate\\Container\\Util::unwrapIfClosure()
#3 /var/www/emaparking_dss/vendor/laravel/framework/src/Illuminate/Container/BoundMethod.php(35): Illuminate\\Container\\BoundMethod::callBoundMethod()
#4 /var/www/emaparking_dss/vendor/laravel/framework/src/Illuminate/Container/Container.php(651): Illuminate\\Container\\BoundMethod::call()
#5 /var/www/emaparking_dss/vendor/laravel/framework/src/Illuminate/Foundation/Application.php(933): Illuminate\\Container\\Container->call()
#6 /var/www/emaparking_dss/vendor/laravel/framework/src/Illuminate/Foundation/Application.php(914): Illuminate\\Foundation\\Application->bootProvider()
#7 [internal function]: Illuminate\\Foundation\\Application->Illuminate\\Foundation\\{closure}()
#8 /var/www/emaparking_dss/vendor/laravel/framework/src/Illuminate/Foundation/Application.php(913): array_walk()
#9 /var/www/emaparking_dss/vendor/laravel/framework/src/Illuminate/Foundation/Bootstrap/BootProviders.php(17): Illuminate\\Foundation\\Application->boot()
#10 /var/www/emaparking_dss/vendor/laravel/framework/src/Illuminate/Foundation/Application.php(242): Illuminate\\Foundation\\Bootstrap\\BootProviders->bootstrap()
#11 /var/www/emaparking_dss/vendor/laravel/framework/src/Illuminate/Foundation/Console/Kernel.php(383): Illuminate\\Foundation\\Application->bootstrapWith()
#12 /var/www/emaparking_dss/vendor/laravel/framework/src/Illuminate/Foundation/Console/Kernel.php(153): Illuminate\\Foundation\\Console\\Kernel->bootstrap()
#13 Command line code(1): Illuminate\\Foundation\\Console\\Kernel->handle()
#14 {main}
"} 
[2025-03-24 16:06:59] local.ERROR: Class "\Themes\BC\ThemeProvider" not found {"exception":"[object] (Error(code: 0): Class \"\\Themes\\BC\\ThemeProvider\" not found at /var/www/emaparking_dss/themes/ThemeServiceProvider.php:23)
[stacktrace]
#0 /var/www/emaparking_dss/vendor/laravel/framework/src/Illuminate/Container/BoundMethod.php(36): Themes\\ThemeServiceProvider->boot()
#1 /var/www/emaparking_dss/vendor/laravel/framework/src/Illuminate/Container/Util.php(41): Illuminate\\Container\\BoundMethod::Illuminate\\Container\\{closure}()
#2 /var/www/emaparking_dss/vendor/laravel/framework/src/Illuminate/Container/BoundMethod.php(93): Illuminate\\Container\\Util::unwrapIfClosure()
#3 /var/www/emaparking_dss/vendor/laravel/framework/src/Illuminate/Container/BoundMethod.php(35): Illuminate\\Container\\BoundMethod::callBoundMethod()
#4 /var/www/emaparking_dss/vendor/laravel/framework/src/Illuminate/Container/Container.php(651): Illuminate\\Container\\BoundMethod::call()
#5 /var/www/emaparking_dss/vendor/laravel/framework/src/Illuminate/Foundation/Application.php(933): Illuminate\\Container\\Container->call()
#6 /var/www/emaparking_dss/vendor/laravel/framework/src/Illuminate/Foundation/Application.php(914): Illuminate\\Foundation\\Application->bootProvider()
#7 [internal function]: Illuminate\\Foundation\\Application->Illuminate\\Foundation\\{closure}()
#8 /var/www/emaparking_dss/vendor/laravel/framework/src/Illuminate/Foundation/Application.php(913): array_walk()
#9 /var/www/emaparking_dss/vendor/laravel/framework/src/Illuminate/Foundation/Bootstrap/BootProviders.php(17): Illuminate\\Foundation\\Application->boot()
#10 /var/www/emaparking_dss/vendor/laravel/framework/src/Illuminate/Foundation/Application.php(242): Illuminate\\Foundation\\Bootstrap\\BootProviders->bootstrap()
#11 /var/www/emaparking_dss/vendor/laravel/framework/src/Illuminate/Foundation/Console/Kernel.php(383): Illuminate\\Foundation\\Application->bootstrapWith()
#12 /var/www/emaparking_dss/vendor/laravel/framework/src/Illuminate/Foundation/Console/Kernel.php(153): Illuminate\\Foundation\\Console\\Kernel->bootstrap()
#13 Command line code(1): Illuminate\\Foundation\\Console\\Kernel->handle()
#14 {main}
"} 
[2025-03-24 16:07:58] local.ERROR: Class "\Themes\BC\ThemeProvider" not found {"exception":"[object] (Error(code: 0): Class \"\\Themes\\BC\\ThemeProvider\" not found at /var/www/emaparking_dss/themes/ThemeServiceProvider.php:23)
[stacktrace]
#0 /var/www/emaparking_dss/vendor/laravel/framework/src/Illuminate/Container/BoundMethod.php(36): Themes\\ThemeServiceProvider->boot()
#1 /var/www/emaparking_dss/vendor/laravel/framework/src/Illuminate/Container/Util.php(41): Illuminate\\Container\\BoundMethod::Illuminate\\Container\\{closure}()
#2 /var/www/emaparking_dss/vendor/laravel/framework/src/Illuminate/Container/BoundMethod.php(93): Illuminate\\Container\\Util::unwrapIfClosure()
#3 /var/www/emaparking_dss/vendor/laravel/framework/src/Illuminate/Container/BoundMethod.php(35): Illuminate\\Container\\BoundMethod::callBoundMethod()
#4 /var/www/emaparking_dss/vendor/laravel/framework/src/Illuminate/Container/Container.php(651): Illuminate\\Container\\BoundMethod::call()
#5 /var/www/emaparking_dss/vendor/laravel/framework/src/Illuminate/Foundation/Application.php(933): Illuminate\\Container\\Container->call()
#6 /var/www/emaparking_dss/vendor/laravel/framework/src/Illuminate/Foundation/Application.php(914): Illuminate\\Foundation\\Application->bootProvider()
#7 [internal function]: Illuminate\\Foundation\\Application->Illuminate\\Foundation\\{closure}()
#8 /var/www/emaparking_dss/vendor/laravel/framework/src/Illuminate/Foundation/Application.php(913): array_walk()
#9 /var/www/emaparking_dss/vendor/laravel/framework/src/Illuminate/Foundation/Bootstrap/BootProviders.php(17): Illuminate\\Foundation\\Application->boot()
#10 /var/www/emaparking_dss/vendor/laravel/framework/src/Illuminate/Foundation/Application.php(242): Illuminate\\Foundation\\Bootstrap\\BootProviders->bootstrap()
#11 /var/www/emaparking_dss/vendor/laravel/framework/src/Illuminate/Foundation/Console/Kernel.php(383): Illuminate\\Foundation\\Application->bootstrapWith()
#12 /var/www/emaparking_dss/vendor/laravel/framework/src/Illuminate/Foundation/Console/Kernel.php(153): Illuminate\\Foundation\\Console\\Kernel->bootstrap()
#13 Command line code(1): Illuminate\\Foundation\\Console\\Kernel->handle()
#14 {main}
"} 
[2025-03-24 16:07:58] local.ERROR: Class "\Themes\BC\ThemeProvider" not found {"exception":"[object] (Error(code: 0): Class \"\\Themes\\BC\\ThemeProvider\" not found at /var/www/emaparking_dss/themes/ThemeServiceProvider.php:23)
[stacktrace]
#0 /var/www/emaparking_dss/vendor/laravel/framework/src/Illuminate/Container/BoundMethod.php(36): Themes\\ThemeServiceProvider->boot()
#1 /var/www/emaparking_dss/vendor/laravel/framework/src/Illuminate/Container/Util.php(41): Illuminate\\Container\\BoundMethod::Illuminate\\Container\\{closure}()
#2 /var/www/emaparking_dss/vendor/laravel/framework/src/Illuminate/Container/BoundMethod.php(93): Illuminate\\Container\\Util::unwrapIfClosure()
#3 /var/www/emaparking_dss/vendor/laravel/framework/src/Illuminate/Container/BoundMethod.php(35): Illuminate\\Container\\BoundMethod::callBoundMethod()
#4 /var/www/emaparking_dss/vendor/laravel/framework/src/Illuminate/Container/Container.php(651): Illuminate\\Container\\BoundMethod::call()
#5 /var/www/emaparking_dss/vendor/laravel/framework/src/Illuminate/Foundation/Application.php(933): Illuminate\\Container\\Container->call()
#6 /var/www/emaparking_dss/vendor/laravel/framework/src/Illuminate/Foundation/Application.php(914): Illuminate\\Foundation\\Application->bootProvider()
#7 [internal function]: Illuminate\\Foundation\\Application->Illuminate\\Foundation\\{closure}()
#8 /var/www/emaparking_dss/vendor/laravel/framework/src/Illuminate/Foundation/Application.php(913): array_walk()
#9 /var/www/emaparking_dss/vendor/laravel/framework/src/Illuminate/Foundation/Bootstrap/BootProviders.php(17): Illuminate\\Foundation\\Application->boot()
#10 /var/www/emaparking_dss/vendor/laravel/framework/src/Illuminate/Foundation/Application.php(242): Illuminate\\Foundation\\Bootstrap\\BootProviders->bootstrap()
#11 /var/www/emaparking_dss/vendor/laravel/framework/src/Illuminate/Foundation/Console/Kernel.php(383): Illuminate\\Foundation\\Application->bootstrapWith()
#12 /var/www/emaparking_dss/vendor/laravel/framework/src/Illuminate/Foundation/Console/Kernel.php(153): Illuminate\\Foundation\\Console\\Kernel->bootstrap()
#13 Command line code(1): Illuminate\\Foundation\\Console\\Kernel->handle()
#14 {main}
"} 
[2025-03-24 16:08:59] local.ERROR: Class "\Themes\BC\ThemeProvider" not found {"exception":"[object] (Error(code: 0): Class \"\\Themes\\BC\\ThemeProvider\" not found at /var/www/emaparking_dss/themes/ThemeServiceProvider.php:23)
[stacktrace]
#0 /var/www/emaparking_dss/vendor/laravel/framework/src/Illuminate/Container/BoundMethod.php(36): Themes\\ThemeServiceProvider->boot()
#1 /var/www/emaparking_dss/vendor/laravel/framework/src/Illuminate/Container/Util.php(41): Illuminate\\Container\\BoundMethod::Illuminate\\Container\\{closure}()
#2 /var/www/emaparking_dss/vendor/laravel/framework/src/Illuminate/Container/BoundMethod.php(93): Illuminate\\Container\\Util::unwrapIfClosure()
#3 /var/www/emaparking_dss/vendor/laravel/framework/src/Illuminate/Container/BoundMethod.php(35): Illuminate\\Container\\BoundMethod::callBoundMethod()
#4 /var/www/emaparking_dss/vendor/laravel/framework/src/Illuminate/Container/Container.php(651): Illuminate\\Container\\BoundMethod::call()
#5 /var/www/emaparking_dss/vendor/laravel/framework/src/Illuminate/Foundation/Application.php(933): Illuminate\\Container\\Container->call()
#6 /var/www/emaparking_dss/vendor/laravel/framework/src/Illuminate/Foundation/Application.php(914): Illuminate\\Foundation\\Application->bootProvider()
#7 [internal function]: Illuminate\\Foundation\\Application->Illuminate\\Foundation\\{closure}()
#8 /var/www/emaparking_dss/vendor/laravel/framework/src/Illuminate/Foundation/Application.php(913): array_walk()
#9 /var/www/emaparking_dss/vendor/laravel/framework/src/Illuminate/Foundation/Bootstrap/BootProviders.php(17): Illuminate\\Foundation\\Application->boot()
#10 /var/www/emaparking_dss/vendor/laravel/framework/src/Illuminate/Foundation/Application.php(242): Illuminate\\Foundation\\Bootstrap\\BootProviders->bootstrap()
#11 /var/www/emaparking_dss/vendor/laravel/framework/src/Illuminate/Foundation/Console/Kernel.php(383): Illuminate\\Foundation\\Application->bootstrapWith()
#12 /var/www/emaparking_dss/vendor/laravel/framework/src/Illuminate/Foundation/Console/Kernel.php(153): Illuminate\\Foundation\\Console\\Kernel->bootstrap()
#13 Command line code(1): Illuminate\\Foundation\\Console\\Kernel->handle()
#14 {main}
"} 
[2025-03-24 16:08:59] local.ERROR: Class "\Themes\BC\ThemeProvider" not found {"exception":"[object] (Error(code: 0): Class \"\\Themes\\BC\\ThemeProvider\" not found at /var/www/emaparking_dss/themes/ThemeServiceProvider.php:23)
[stacktrace]
#0 /var/www/emaparking_dss/vendor/laravel/framework/src/Illuminate/Container/BoundMethod.php(36): Themes\\ThemeServiceProvider->boot()
#1 /var/www/emaparking_dss/vendor/laravel/framework/src/Illuminate/Container/Util.php(41): Illuminate\\Container\\BoundMethod::Illuminate\\Container\\{closure}()
#2 /var/www/emaparking_dss/vendor/laravel/framework/src/Illuminate/Container/BoundMethod.php(93): Illuminate\\Container\\Util::unwrapIfClosure()
#3 /var/www/emaparking_dss/vendor/laravel/framework/src/Illuminate/Container/BoundMethod.php(35): Illuminate\\Container\\BoundMethod::callBoundMethod()
#4 /var/www/emaparking_dss/vendor/laravel/framework/src/Illuminate/Container/Container.php(651): Illuminate\\Container\\BoundMethod::call()
#5 /var/www/emaparking_dss/vendor/laravel/framework/src/Illuminate/Foundation/Application.php(933): Illuminate\\Container\\Container->call()
#6 /var/www/emaparking_dss/vendor/laravel/framework/src/Illuminate/Foundation/Application.php(914): Illuminate\\Foundation\\Application->bootProvider()
#7 [internal function]: Illuminate\\Foundation\\Application->Illuminate\\Foundation\\{closure}()
#8 /var/www/emaparking_dss/vendor/laravel/framework/src/Illuminate/Foundation/Application.php(913): array_walk()
#9 /var/www/emaparking_dss/vendor/laravel/framework/src/Illuminate/Foundation/Bootstrap/BootProviders.php(17): Illuminate\\Foundation\\Application->boot()
#10 /var/www/emaparking_dss/vendor/laravel/framework/src/Illuminate/Foundation/Application.php(242): Illuminate\\Foundation\\Bootstrap\\BootProviders->bootstrap()
#11 /var/www/emaparking_dss/vendor/laravel/framework/src/Illuminate/Foundation/Console/Kernel.php(383): Illuminate\\Foundation\\Application->bootstrapWith()
#12 /var/www/emaparking_dss/vendor/laravel/framework/src/Illuminate/Foundation/Console/Kernel.php(153): Illuminate\\Foundation\\Console\\Kernel->bootstrap()
#13 Command line code(1): Illuminate\\Foundation\\Console\\Kernel->handle()
#14 {main}
"} 
[2025-03-24 16:08:59] local.ERROR: Class "\Themes\BC\ThemeProvider" not found {"exception":"[object] (Error(code: 0): Class \"\\Themes\\BC\\ThemeProvider\" not found at /var/www/emaparking_dss/themes/ThemeServiceProvider.php:23)
[stacktrace]
#0 /var/www/emaparking_dss/vendor/laravel/framework/src/Illuminate/Container/BoundMethod.php(36): Themes\\ThemeServiceProvider->boot()
#1 /var/www/emaparking_dss/vendor/laravel/framework/src/Illuminate/Container/Util.php(41): Illuminate\\Container\\BoundMethod::Illuminate\\Container\\{closure}()
#2 /var/www/emaparking_dss/vendor/laravel/framework/src/Illuminate/Container/BoundMethod.php(93): Illuminate\\Container\\Util::unwrapIfClosure()
#3 /var/www/emaparking_dss/vendor/laravel/framework/src/Illuminate/Container/BoundMethod.php(35): Illuminate\\Container\\BoundMethod::callBoundMethod()
#4 /var/www/emaparking_dss/vendor/laravel/framework/src/Illuminate/Container/Container.php(651): Illuminate\\Container\\BoundMethod::call()
#5 /var/www/emaparking_dss/vendor/laravel/framework/src/Illuminate/Foundation/Application.php(933): Illuminate\\Container\\Container->call()
#6 /var/www/emaparking_dss/vendor/laravel/framework/src/Illuminate/Foundation/Application.php(914): Illuminate\\Foundation\\Application->bootProvider()
#7 [internal function]: Illuminate\\Foundation\\Application->Illuminate\\Foundation\\{closure}()
#8 /var/www/emaparking_dss/vendor/laravel/framework/src/Illuminate/Foundation/Application.php(913): array_walk()
#9 /var/www/emaparking_dss/vendor/laravel/framework/src/Illuminate/Foundation/Bootstrap/BootProviders.php(17): Illuminate\\Foundation\\Application->boot()
#10 /var/www/emaparking_dss/vendor/laravel/framework/src/Illuminate/Foundation/Application.php(242): Illuminate\\Foundation\\Bootstrap\\BootProviders->bootstrap()
#11 /var/www/emaparking_dss/vendor/laravel/framework/src/Illuminate/Foundation/Console/Kernel.php(383): Illuminate\\Foundation\\Application->bootstrapWith()
#12 /var/www/emaparking_dss/vendor/laravel/framework/src/Illuminate/Foundation/Console/Kernel.php(153): Illuminate\\Foundation\\Console\\Kernel->bootstrap()
#13 Command line code(1): Illuminate\\Foundation\\Console\\Kernel->handle()
#14 {main}
"} 
[2025-03-24 16:09:59] local.ERROR: Class "\Themes\BC\ThemeProvider" not found {"exception":"[object] (Error(code: 0): Class \"\\Themes\\BC\\ThemeProvider\" not found at /var/www/emaparking_dss/themes/ThemeServiceProvider.php:23)
[stacktrace]
#0 /var/www/emaparking_dss/vendor/laravel/framework/src/Illuminate/Container/BoundMethod.php(36): Themes\\ThemeServiceProvider->boot()
#1 /var/www/emaparking_dss/vendor/laravel/framework/src/Illuminate/Container/Util.php(41): Illuminate\\Container\\BoundMethod::Illuminate\\Container\\{closure}()
#2 /var/www/emaparking_dss/vendor/laravel/framework/src/Illuminate/Container/BoundMethod.php(93): Illuminate\\Container\\Util::unwrapIfClosure()
#3 /var/www/emaparking_dss/vendor/laravel/framework/src/Illuminate/Container/BoundMethod.php(35): Illuminate\\Container\\BoundMethod::callBoundMethod()
#4 /var/www/emaparking_dss/vendor/laravel/framework/src/Illuminate/Container/Container.php(651): Illuminate\\Container\\BoundMethod::call()
#5 /var/www/emaparking_dss/vendor/laravel/framework/src/Illuminate/Foundation/Application.php(933): Illuminate\\Container\\Container->call()
#6 /var/www/emaparking_dss/vendor/laravel/framework/src/Illuminate/Foundation/Application.php(914): Illuminate\\Foundation\\Application->bootProvider()
#7 [internal function]: Illuminate\\Foundation\\Application->Illuminate\\Foundation\\{closure}()
#8 /var/www/emaparking_dss/vendor/laravel/framework/src/Illuminate/Foundation/Application.php(913): array_walk()
#9 /var/www/emaparking_dss/vendor/laravel/framework/src/Illuminate/Foundation/Bootstrap/BootProviders.php(17): Illuminate\\Foundation\\Application->boot()
#10 /var/www/emaparking_dss/vendor/laravel/framework/src/Illuminate/Foundation/Application.php(242): Illuminate\\Foundation\\Bootstrap\\BootProviders->bootstrap()
#11 /var/www/emaparking_dss/vendor/laravel/framework/src/Illuminate/Foundation/Console/Kernel.php(383): Illuminate\\Foundation\\Application->bootstrapWith()
#12 /var/www/emaparking_dss/vendor/laravel/framework/src/Illuminate/Foundation/Console/Kernel.php(153): Illuminate\\Foundation\\Console\\Kernel->bootstrap()
#13 Command line code(1): Illuminate\\Foundation\\Console\\Kernel->handle()
#14 {main}
"} 
[2025-03-24 16:09:59] local.ERROR: Class "\Themes\BC\ThemeProvider" not found {"exception":"[object] (Error(code: 0): Class \"\\Themes\\BC\\ThemeProvider\" not found at /var/www/emaparking_dss/themes/ThemeServiceProvider.php:23)
[stacktrace]
#0 /var/www/emaparking_dss/vendor/laravel/framework/src/Illuminate/Container/BoundMethod.php(36): Themes\\ThemeServiceProvider->boot()
#1 /var/www/emaparking_dss/vendor/laravel/framework/src/Illuminate/Container/Util.php(41): Illuminate\\Container\\BoundMethod::Illuminate\\Container\\{closure}()
#2 /var/www/emaparking_dss/vendor/laravel/framework/src/Illuminate/Container/BoundMethod.php(93): Illuminate\\Container\\Util::unwrapIfClosure()
#3 /var/www/emaparking_dss/vendor/laravel/framework/src/Illuminate/Container/BoundMethod.php(35): Illuminate\\Container\\BoundMethod::callBoundMethod()
#4 /var/www/emaparking_dss/vendor/laravel/framework/src/Illuminate/Container/Container.php(651): Illuminate\\Container\\BoundMethod::call()
#5 /var/www/emaparking_dss/vendor/laravel/framework/src/Illuminate/Foundation/Application.php(933): Illuminate\\Container\\Container->call()
#6 /var/www/emaparking_dss/vendor/laravel/framework/src/Illuminate/Foundation/Application.php(914): Illuminate\\Foundation\\Application->bootProvider()
#7 [internal function]: Illuminate\\Foundation\\Application->Illuminate\\Foundation\\{closure}()
#8 /var/www/emaparking_dss/vendor/laravel/framework/src/Illuminate/Foundation/Application.php(913): array_walk()
#9 /var/www/emaparking_dss/vendor/laravel/framework/src/Illuminate/Foundation/Bootstrap/BootProviders.php(17): Illuminate\\Foundation\\Application->boot()
#10 /var/www/emaparking_dss/vendor/laravel/framework/src/Illuminate/Foundation/Application.php(242): Illuminate\\Foundation\\Bootstrap\\BootProviders->bootstrap()
#11 /var/www/emaparking_dss/vendor/laravel/framework/src/Illuminate/Foundation/Console/Kernel.php(383): Illuminate\\Foundation\\Application->bootstrapWith()
#12 /var/www/emaparking_dss/vendor/laravel/framework/src/Illuminate/Foundation/Console/Kernel.php(153): Illuminate\\Foundation\\Console\\Kernel->bootstrap()
#13 Command line code(1): Illuminate\\Foundation\\Console\\Kernel->handle()
#14 {main}
"} 
[2025-03-24 16:10:59] local.ERROR: Class "\Themes\BC\ThemeProvider" not found {"exception":"[object] (Error(code: 0): Class \"\\Themes\\BC\\ThemeProvider\" not found at /var/www/emaparking_dss/themes/ThemeServiceProvider.php:23)
[stacktrace]
#0 /var/www/emaparking_dss/vendor/laravel/framework/src/Illuminate/Container/BoundMethod.php(36): Themes\\ThemeServiceProvider->boot()
#1 /var/www/emaparking_dss/vendor/laravel/framework/src/Illuminate/Container/Util.php(41): Illuminate\\Container\\BoundMethod::Illuminate\\Container\\{closure}()
#2 /var/www/emaparking_dss/vendor/laravel/framework/src/Illuminate/Container/BoundMethod.php(93): Illuminate\\Container\\Util::unwrapIfClosure()
#3 /var/www/emaparking_dss/vendor/laravel/framework/src/Illuminate/Container/BoundMethod.php(35): Illuminate\\Container\\BoundMethod::callBoundMethod()
#4 /var/www/emaparking_dss/vendor/laravel/framework/src/Illuminate/Container/Container.php(651): Illuminate\\Container\\BoundMethod::call()
#5 /var/www/emaparking_dss/vendor/laravel/framework/src/Illuminate/Foundation/Application.php(933): Illuminate\\Container\\Container->call()
#6 /var/www/emaparking_dss/vendor/laravel/framework/src/Illuminate/Foundation/Application.php(914): Illuminate\\Foundation\\Application->bootProvider()
#7 [internal function]: Illuminate\\Foundation\\Application->Illuminate\\Foundation\\{closure}()
#8 /var/www/emaparking_dss/vendor/laravel/framework/src/Illuminate/Foundation/Application.php(913): array_walk()
#9 /var/www/emaparking_dss/vendor/laravel/framework/src/Illuminate/Foundation/Bootstrap/BootProviders.php(17): Illuminate\\Foundation\\Application->boot()
#10 /var/www/emaparking_dss/vendor/laravel/framework/src/Illuminate/Foundation/Application.php(242): Illuminate\\Foundation\\Bootstrap\\BootProviders->bootstrap()
#11 /var/www/emaparking_dss/vendor/laravel/framework/src/Illuminate/Foundation/Console/Kernel.php(383): Illuminate\\Foundation\\Application->bootstrapWith()
#12 /var/www/emaparking_dss/vendor/laravel/framework/src/Illuminate/Foundation/Console/Kernel.php(153): Illuminate\\Foundation\\Console\\Kernel->bootstrap()
#13 Command line code(1): Illuminate\\Foundation\\Console\\Kernel->handle()
#14 {main}
"} 
[2025-03-24 16:10:59] local.ERROR: Class "\Themes\BC\ThemeProvider" not found {"exception":"[object] (Error(code: 0): Class \"\\Themes\\BC\\ThemeProvider\" not found at /var/www/emaparking_dss/themes/ThemeServiceProvider.php:23)
[stacktrace]
#0 /var/www/emaparking_dss/vendor/laravel/framework/src/Illuminate/Container/BoundMethod.php(36): Themes\\ThemeServiceProvider->boot()
#1 /var/www/emaparking_dss/vendor/laravel/framework/src/Illuminate/Container/Util.php(41): Illuminate\\Container\\BoundMethod::Illuminate\\Container\\{closure}()
#2 /var/www/emaparking_dss/vendor/laravel/framework/src/Illuminate/Container/BoundMethod.php(93): Illuminate\\Container\\Util::unwrapIfClosure()
#3 /var/www/emaparking_dss/vendor/laravel/framework/src/Illuminate/Container/BoundMethod.php(35): Illuminate\\Container\\BoundMethod::callBoundMethod()
#4 /var/www/emaparking_dss/vendor/laravel/framework/src/Illuminate/Container/Container.php(651): Illuminate\\Container\\BoundMethod::call()
#5 /var/www/emaparking_dss/vendor/laravel/framework/src/Illuminate/Foundation/Application.php(933): Illuminate\\Container\\Container->call()
#6 /var/www/emaparking_dss/vendor/laravel/framework/src/Illuminate/Foundation/Application.php(914): Illuminate\\Foundation\\Application->bootProvider()
#7 [internal function]: Illuminate\\Foundation\\Application->Illuminate\\Foundation\\{closure}()
#8 /var/www/emaparking_dss/vendor/laravel/framework/src/Illuminate/Foundation/Application.php(913): array_walk()
#9 /var/www/emaparking_dss/vendor/laravel/framework/src/Illuminate/Foundation/Bootstrap/BootProviders.php(17): Illuminate\\Foundation\\Application->boot()
#10 /var/www/emaparking_dss/vendor/laravel/framework/src/Illuminate/Foundation/Application.php(242): Illuminate\\Foundation\\Bootstrap\\BootProviders->bootstrap()
#11 /var/www/emaparking_dss/vendor/laravel/framework/src/Illuminate/Foundation/Console/Kernel.php(383): Illuminate\\Foundation\\Application->bootstrapWith()
#12 /var/www/emaparking_dss/vendor/laravel/framework/src/Illuminate/Foundation/Console/Kernel.php(153): Illuminate\\Foundation\\Console\\Kernel->bootstrap()
#13 Command line code(1): Illuminate\\Foundation\\Console\\Kernel->handle()
#14 {main}
"} 
[2025-03-24 16:11:58] local.ERROR: Class "\Themes\BC\ThemeProvider" not found {"exception":"[object] (Error(code: 0): Class \"\\Themes\\BC\\ThemeProvider\" not found at /var/www/emaparking_dss/themes/ThemeServiceProvider.php:23)
[stacktrace]
#0 /var/www/emaparking_dss/vendor/laravel/framework/src/Illuminate/Container/BoundMethod.php(36): Themes\\ThemeServiceProvider->boot()
#1 /var/www/emaparking_dss/vendor/laravel/framework/src/Illuminate/Container/Util.php(41): Illuminate\\Container\\BoundMethod::Illuminate\\Container\\{closure}()
#2 /var/www/emaparking_dss/vendor/laravel/framework/src/Illuminate/Container/BoundMethod.php(93): Illuminate\\Container\\Util::unwrapIfClosure()
#3 /var/www/emaparking_dss/vendor/laravel/framework/src/Illuminate/Container/BoundMethod.php(35): Illuminate\\Container\\BoundMethod::callBoundMethod()
#4 /var/www/emaparking_dss/vendor/laravel/framework/src/Illuminate/Container/Container.php(651): Illuminate\\Container\\BoundMethod::call()
#5 /var/www/emaparking_dss/vendor/laravel/framework/src/Illuminate/Foundation/Application.php(933): Illuminate\\Container\\Container->call()
#6 /var/www/emaparking_dss/vendor/laravel/framework/src/Illuminate/Foundation/Application.php(914): Illuminate\\Foundation\\Application->bootProvider()
#7 [internal function]: Illuminate\\Foundation\\Application->Illuminate\\Foundation\\{closure}()
#8 /var/www/emaparking_dss/vendor/laravel/framework/src/Illuminate/Foundation/Application.php(913): array_walk()
#9 /var/www/emaparking_dss/vendor/laravel/framework/src/Illuminate/Foundation/Bootstrap/BootProviders.php(17): Illuminate\\Foundation\\Application->boot()
#10 /var/www/emaparking_dss/vendor/laravel/framework/src/Illuminate/Foundation/Application.php(242): Illuminate\\Foundation\\Bootstrap\\BootProviders->bootstrap()
#11 /var/www/emaparking_dss/vendor/laravel/framework/src/Illuminate/Foundation/Console/Kernel.php(383): Illuminate\\Foundation\\Application->bootstrapWith()
#12 /var/www/emaparking_dss/vendor/laravel/framework/src/Illuminate/Foundation/Console/Kernel.php(153): Illuminate\\Foundation\\Console\\Kernel->bootstrap()
#13 Command line code(1): Illuminate\\Foundation\\Console\\Kernel->handle()
#14 {main}
"} 
[2025-03-24 16:11:59] local.ERROR: Class "\Themes\BC\ThemeProvider" not found {"exception":"[object] (Error(code: 0): Class \"\\Themes\\BC\\ThemeProvider\" not found at /var/www/emaparking_dss/themes/ThemeServiceProvider.php:23)
[stacktrace]
#0 /var/www/emaparking_dss/vendor/laravel/framework/src/Illuminate/Container/BoundMethod.php(36): Themes\\ThemeServiceProvider->boot()
#1 /var/www/emaparking_dss/vendor/laravel/framework/src/Illuminate/Container/Util.php(41): Illuminate\\Container\\BoundMethod::Illuminate\\Container\\{closure}()
#2 /var/www/emaparking_dss/vendor/laravel/framework/src/Illuminate/Container/BoundMethod.php(93): Illuminate\\Container\\Util::unwrapIfClosure()
#3 /var/www/emaparking_dss/vendor/laravel/framework/src/Illuminate/Container/BoundMethod.php(35): Illuminate\\Container\\BoundMethod::callBoundMethod()
#4 /var/www/emaparking_dss/vendor/laravel/framework/src/Illuminate/Container/Container.php(651): Illuminate\\Container\\BoundMethod::call()
#5 /var/www/emaparking_dss/vendor/laravel/framework/src/Illuminate/Foundation/Application.php(933): Illuminate\\Container\\Container->call()
#6 /var/www/emaparking_dss/vendor/laravel/framework/src/Illuminate/Foundation/Application.php(914): Illuminate\\Foundation\\Application->bootProvider()
#7 [internal function]: Illuminate\\Foundation\\Application->Illuminate\\Foundation\\{closure}()
#8 /var/www/emaparking_dss/vendor/laravel/framework/src/Illuminate/Foundation/Application.php(913): array_walk()
#9 /var/www/emaparking_dss/vendor/laravel/framework/src/Illuminate/Foundation/Bootstrap/BootProviders.php(17): Illuminate\\Foundation\\Application->boot()
#10 /var/www/emaparking_dss/vendor/laravel/framework/src/Illuminate/Foundation/Application.php(242): Illuminate\\Foundation\\Bootstrap\\BootProviders->bootstrap()
#11 /var/www/emaparking_dss/vendor/laravel/framework/src/Illuminate/Foundation/Console/Kernel.php(383): Illuminate\\Foundation\\Application->bootstrapWith()
#12 /var/www/emaparking_dss/vendor/laravel/framework/src/Illuminate/Foundation/Console/Kernel.php(153): Illuminate\\Foundation\\Console\\Kernel->bootstrap()
#13 Command line code(1): Illuminate\\Foundation\\Console\\Kernel->handle()
#14 {main}
"} 
[2025-03-24 16:12:59] local.ERROR: Class "\Themes\BC\ThemeProvider" not found {"exception":"[object] (Error(code: 0): Class \"\\Themes\\BC\\ThemeProvider\" not found at /var/www/emaparking_dss/themes/ThemeServiceProvider.php:23)
[stacktrace]
#0 /var/www/emaparking_dss/vendor/laravel/framework/src/Illuminate/Container/BoundMethod.php(36): Themes\\ThemeServiceProvider->boot()
#1 /var/www/emaparking_dss/vendor/laravel/framework/src/Illuminate/Container/Util.php(41): Illuminate\\Container\\BoundMethod::Illuminate\\Container\\{closure}()
#2 /var/www/emaparking_dss/vendor/laravel/framework/src/Illuminate/Container/BoundMethod.php(93): Illuminate\\Container\\Util::unwrapIfClosure()
#3 /var/www/emaparking_dss/vendor/laravel/framework/src/Illuminate/Container/BoundMethod.php(35): Illuminate\\Container\\BoundMethod::callBoundMethod()
#4 /var/www/emaparking_dss/vendor/laravel/framework/src/Illuminate/Container/Container.php(651): Illuminate\\Container\\BoundMethod::call()
#5 /var/www/emaparking_dss/vendor/laravel/framework/src/Illuminate/Foundation/Application.php(933): Illuminate\\Container\\Container->call()
#6 /var/www/emaparking_dss/vendor/laravel/framework/src/Illuminate/Foundation/Application.php(914): Illuminate\\Foundation\\Application->bootProvider()
#7 [internal function]: Illuminate\\Foundation\\Application->Illuminate\\Foundation\\{closure}()
#8 /var/www/emaparking_dss/vendor/laravel/framework/src/Illuminate/Foundation/Application.php(913): array_walk()
#9 /var/www/emaparking_dss/vendor/laravel/framework/src/Illuminate/Foundation/Bootstrap/BootProviders.php(17): Illuminate\\Foundation\\Application->boot()
#10 /var/www/emaparking_dss/vendor/laravel/framework/src/Illuminate/Foundation/Application.php(242): Illuminate\\Foundation\\Bootstrap\\BootProviders->bootstrap()
#11 /var/www/emaparking_dss/vendor/laravel/framework/src/Illuminate/Foundation/Console/Kernel.php(383): Illuminate\\Foundation\\Application->bootstrapWith()
#12 /var/www/emaparking_dss/vendor/laravel/framework/src/Illuminate/Foundation/Console/Kernel.php(153): Illuminate\\Foundation\\Console\\Kernel->bootstrap()
#13 Command line code(1): Illuminate\\Foundation\\Console\\Kernel->handle()
#14 {main}
"} 
[2025-03-24 16:12:59] local.ERROR: Class "\Themes\BC\ThemeProvider" not found {"exception":"[object] (Error(code: 0): Class \"\\Themes\\BC\\ThemeProvider\" not found at /var/www/emaparking_dss/themes/ThemeServiceProvider.php:23)
[stacktrace]
#0 /var/www/emaparking_dss/vendor/laravel/framework/src/Illuminate/Container/BoundMethod.php(36): Themes\\ThemeServiceProvider->boot()
#1 /var/www/emaparking_dss/vendor/laravel/framework/src/Illuminate/Container/Util.php(41): Illuminate\\Container\\BoundMethod::Illuminate\\Container\\{closure}()
#2 /var/www/emaparking_dss/vendor/laravel/framework/src/Illuminate/Container/BoundMethod.php(93): Illuminate\\Container\\Util::unwrapIfClosure()
#3 /var/www/emaparking_dss/vendor/laravel/framework/src/Illuminate/Container/BoundMethod.php(35): Illuminate\\Container\\BoundMethod::callBoundMethod()
#4 /var/www/emaparking_dss/vendor/laravel/framework/src/Illuminate/Container/Container.php(651): Illuminate\\Container\\BoundMethod::call()
#5 /var/www/emaparking_dss/vendor/laravel/framework/src/Illuminate/Foundation/Application.php(933): Illuminate\\Container\\Container->call()
#6 /var/www/emaparking_dss/vendor/laravel/framework/src/Illuminate/Foundation/Application.php(914): Illuminate\\Foundation\\Application->bootProvider()
#7 [internal function]: Illuminate\\Foundation\\Application->Illuminate\\Foundation\\{closure}()
#8 /var/www/emaparking_dss/vendor/laravel/framework/src/Illuminate/Foundation/Application.php(913): array_walk()
#9 /var/www/emaparking_dss/vendor/laravel/framework/src/Illuminate/Foundation/Bootstrap/BootProviders.php(17): Illuminate\\Foundation\\Application->boot()
#10 /var/www/emaparking_dss/vendor/laravel/framework/src/Illuminate/Foundation/Application.php(242): Illuminate\\Foundation\\Bootstrap\\BootProviders->bootstrap()
#11 /var/www/emaparking_dss/vendor/laravel/framework/src/Illuminate/Foundation/Console/Kernel.php(383): Illuminate\\Foundation\\Application->bootstrapWith()
#12 /var/www/emaparking_dss/vendor/laravel/framework/src/Illuminate/Foundation/Console/Kernel.php(153): Illuminate\\Foundation\\Console\\Kernel->bootstrap()
#13 Command line code(1): Illuminate\\Foundation\\Console\\Kernel->handle()
#14 {main}
"} 
[2025-03-24 16:13:59] local.ERROR: Class "\Themes\BC\ThemeProvider" not found {"exception":"[object] (Error(code: 0): Class \"\\Themes\\BC\\ThemeProvider\" not found at /var/www/emaparking_dss/themes/ThemeServiceProvider.php:23)
[stacktrace]
#0 /var/www/emaparking_dss/vendor/laravel/framework/src/Illuminate/Container/BoundMethod.php(36): Themes\\ThemeServiceProvider->boot()
#1 /var/www/emaparking_dss/vendor/laravel/framework/src/Illuminate/Container/Util.php(41): Illuminate\\Container\\BoundMethod::Illuminate\\Container\\{closure}()
#2 /var/www/emaparking_dss/vendor/laravel/framework/src/Illuminate/Container/BoundMethod.php(93): Illuminate\\Container\\Util::unwrapIfClosure()
#3 /var/www/emaparking_dss/vendor/laravel/framework/src/Illuminate/Container/BoundMethod.php(35): Illuminate\\Container\\BoundMethod::callBoundMethod()
#4 /var/www/emaparking_dss/vendor/laravel/framework/src/Illuminate/Container/Container.php(651): Illuminate\\Container\\BoundMethod::call()
#5 /var/www/emaparking_dss/vendor/laravel/framework/src/Illuminate/Foundation/Application.php(933): Illuminate\\Container\\Container->call()
#6 /var/www/emaparking_dss/vendor/laravel/framework/src/Illuminate/Foundation/Application.php(914): Illuminate\\Foundation\\Application->bootProvider()
#7 [internal function]: Illuminate\\Foundation\\Application->Illuminate\\Foundation\\{closure}()
#8 /var/www/emaparking_dss/vendor/laravel/framework/src/Illuminate/Foundation/Application.php(913): array_walk()
#9 /var/www/emaparking_dss/vendor/laravel/framework/src/Illuminate/Foundation/Bootstrap/BootProviders.php(17): Illuminate\\Foundation\\Application->boot()
#10 /var/www/emaparking_dss/vendor/laravel/framework/src/Illuminate/Foundation/Application.php(242): Illuminate\\Foundation\\Bootstrap\\BootProviders->bootstrap()
#11 /var/www/emaparking_dss/vendor/laravel/framework/src/Illuminate/Foundation/Console/Kernel.php(383): Illuminate\\Foundation\\Application->bootstrapWith()
#12 /var/www/emaparking_dss/vendor/laravel/framework/src/Illuminate/Foundation/Console/Kernel.php(153): Illuminate\\Foundation\\Console\\Kernel->bootstrap()
#13 Command line code(1): Illuminate\\Foundation\\Console\\Kernel->handle()
#14 {main}
"} 
[2025-03-24 16:13:59] local.ERROR: Class "\Themes\BC\ThemeProvider" not found {"exception":"[object] (Error(code: 0): Class \"\\Themes\\BC\\ThemeProvider\" not found at /var/www/emaparking_dss/themes/ThemeServiceProvider.php:23)
[stacktrace]
#0 /var/www/emaparking_dss/vendor/laravel/framework/src/Illuminate/Container/BoundMethod.php(36): Themes\\ThemeServiceProvider->boot()
#1 /var/www/emaparking_dss/vendor/laravel/framework/src/Illuminate/Container/Util.php(41): Illuminate\\Container\\BoundMethod::Illuminate\\Container\\{closure}()
#2 /var/www/emaparking_dss/vendor/laravel/framework/src/Illuminate/Container/BoundMethod.php(93): Illuminate\\Container\\Util::unwrapIfClosure()
#3 /var/www/emaparking_dss/vendor/laravel/framework/src/Illuminate/Container/BoundMethod.php(35): Illuminate\\Container\\BoundMethod::callBoundMethod()
#4 /var/www/emaparking_dss/vendor/laravel/framework/src/Illuminate/Container/Container.php(651): Illuminate\\Container\\BoundMethod::call()
#5 /var/www/emaparking_dss/vendor/laravel/framework/src/Illuminate/Foundation/Application.php(933): Illuminate\\Container\\Container->call()
#6 /var/www/emaparking_dss/vendor/laravel/framework/src/Illuminate/Foundation/Application.php(914): Illuminate\\Foundation\\Application->bootProvider()
#7 [internal function]: Illuminate\\Foundation\\Application->Illuminate\\Foundation\\{closure}()
#8 /var/www/emaparking_dss/vendor/laravel/framework/src/Illuminate/Foundation/Application.php(913): array_walk()
#9 /var/www/emaparking_dss/vendor/laravel/framework/src/Illuminate/Foundation/Bootstrap/BootProviders.php(17): Illuminate\\Foundation\\Application->boot()
#10 /var/www/emaparking_dss/vendor/laravel/framework/src/Illuminate/Foundation/Application.php(242): Illuminate\\Foundation\\Bootstrap\\BootProviders->bootstrap()
#11 /var/www/emaparking_dss/vendor/laravel/framework/src/Illuminate/Foundation/Console/Kernel.php(383): Illuminate\\Foundation\\Application->bootstrapWith()
#12 /var/www/emaparking_dss/vendor/laravel/framework/src/Illuminate/Foundation/Console/Kernel.php(153): Illuminate\\Foundation\\Console\\Kernel->bootstrap()
#13 Command line code(1): Illuminate\\Foundation\\Console\\Kernel->handle()
#14 {main}
"} 
[2025-03-24 16:14:59] local.ERROR: Class "\Themes\BC\ThemeProvider" not found {"exception":"[object] (Error(code: 0): Class \"\\Themes\\BC\\ThemeProvider\" not found at /var/www/emaparking_dss/themes/ThemeServiceProvider.php:23)
[stacktrace]
#0 /var/www/emaparking_dss/vendor/laravel/framework/src/Illuminate/Container/BoundMethod.php(36): Themes\\ThemeServiceProvider->boot()
#1 /var/www/emaparking_dss/vendor/laravel/framework/src/Illuminate/Container/Util.php(41): Illuminate\\Container\\BoundMethod::Illuminate\\Container\\{closure}()
#2 /var/www/emaparking_dss/vendor/laravel/framework/src/Illuminate/Container/BoundMethod.php(93): Illuminate\\Container\\Util::unwrapIfClosure()
#3 /var/www/emaparking_dss/vendor/laravel/framework/src/Illuminate/Container/BoundMethod.php(35): Illuminate\\Container\\BoundMethod::callBoundMethod()
#4 /var/www/emaparking_dss/vendor/laravel/framework/src/Illuminate/Container/Container.php(651): Illuminate\\Container\\BoundMethod::call()
#5 /var/www/emaparking_dss/vendor/laravel/framework/src/Illuminate/Foundation/Application.php(933): Illuminate\\Container\\Container->call()
#6 /var/www/emaparking_dss/vendor/laravel/framework/src/Illuminate/Foundation/Application.php(914): Illuminate\\Foundation\\Application->bootProvider()
#7 [internal function]: Illuminate\\Foundation\\Application->Illuminate\\Foundation\\{closure}()
#8 /var/www/emaparking_dss/vendor/laravel/framework/src/Illuminate/Foundation/Application.php(913): array_walk()
#9 /var/www/emaparking_dss/vendor/laravel/framework/src/Illuminate/Foundation/Bootstrap/BootProviders.php(17): Illuminate\\Foundation\\Application->boot()
#10 /var/www/emaparking_dss/vendor/laravel/framework/src/Illuminate/Foundation/Application.php(242): Illuminate\\Foundation\\Bootstrap\\BootProviders->bootstrap()
#11 /var/www/emaparking_dss/vendor/laravel/framework/src/Illuminate/Foundation/Console/Kernel.php(383): Illuminate\\Foundation\\Application->bootstrapWith()
#12 /var/www/emaparking_dss/vendor/laravel/framework/src/Illuminate/Foundation/Console/Kernel.php(153): Illuminate\\Foundation\\Console\\Kernel->bootstrap()
#13 Command line code(1): Illuminate\\Foundation\\Console\\Kernel->handle()
#14 {main}
"} 
[2025-03-24 16:14:59] local.ERROR: Class "\Themes\BC\ThemeProvider" not found {"exception":"[object] (Error(code: 0): Class \"\\Themes\\BC\\ThemeProvider\" not found at /var/www/emaparking_dss/themes/ThemeServiceProvider.php:23)
[stacktrace]
#0 /var/www/emaparking_dss/vendor/laravel/framework/src/Illuminate/Container/BoundMethod.php(36): Themes\\ThemeServiceProvider->boot()
#1 /var/www/emaparking_dss/vendor/laravel/framework/src/Illuminate/Container/Util.php(41): Illuminate\\Container\\BoundMethod::Illuminate\\Container\\{closure}()
#2 /var/www/emaparking_dss/vendor/laravel/framework/src/Illuminate/Container/BoundMethod.php(93): Illuminate\\Container\\Util::unwrapIfClosure()
#3 /var/www/emaparking_dss/vendor/laravel/framework/src/Illuminate/Container/BoundMethod.php(35): Illuminate\\Container\\BoundMethod::callBoundMethod()
#4 /var/www/emaparking_dss/vendor/laravel/framework/src/Illuminate/Container/Container.php(651): Illuminate\\Container\\BoundMethod::call()
#5 /var/www/emaparking_dss/vendor/laravel/framework/src/Illuminate/Foundation/Application.php(933): Illuminate\\Container\\Container->call()
#6 /var/www/emaparking_dss/vendor/laravel/framework/src/Illuminate/Foundation/Application.php(914): Illuminate\\Foundation\\Application->bootProvider()
#7 [internal function]: Illuminate\\Foundation\\Application->Illuminate\\Foundation\\{closure}()
#8 /var/www/emaparking_dss/vendor/laravel/framework/src/Illuminate/Foundation/Application.php(913): array_walk()
#9 /var/www/emaparking_dss/vendor/laravel/framework/src/Illuminate/Foundation/Bootstrap/BootProviders.php(17): Illuminate\\Foundation\\Application->boot()
#10 /var/www/emaparking_dss/vendor/laravel/framework/src/Illuminate/Foundation/Application.php(242): Illuminate\\Foundation\\Bootstrap\\BootProviders->bootstrap()
#11 /var/www/emaparking_dss/vendor/laravel/framework/src/Illuminate/Foundation/Console/Kernel.php(383): Illuminate\\Foundation\\Application->bootstrapWith()
#12 /var/www/emaparking_dss/vendor/laravel/framework/src/Illuminate/Foundation/Console/Kernel.php(153): Illuminate\\Foundation\\Console\\Kernel->bootstrap()
#13 Command line code(1): Illuminate\\Foundation\\Console\\Kernel->handle()
#14 {main}
"} 
[2025-03-24 16:15:59] local.ERROR: Class "\Themes\BC\ThemeProvider" not found {"exception":"[object] (Error(code: 0): Class \"\\Themes\\BC\\ThemeProvider\" not found at /var/www/emaparking_dss/themes/ThemeServiceProvider.php:23)
[stacktrace]
#0 /var/www/emaparking_dss/vendor/laravel/framework/src/Illuminate/Container/BoundMethod.php(36): Themes\\ThemeServiceProvider->boot()
#1 /var/www/emaparking_dss/vendor/laravel/framework/src/Illuminate/Container/Util.php(41): Illuminate\\Container\\BoundMethod::Illuminate\\Container\\{closure}()
#2 /var/www/emaparking_dss/vendor/laravel/framework/src/Illuminate/Container/BoundMethod.php(93): Illuminate\\Container\\Util::unwrapIfClosure()
#3 /var/www/emaparking_dss/vendor/laravel/framework/src/Illuminate/Container/BoundMethod.php(35): Illuminate\\Container\\BoundMethod::callBoundMethod()
#4 /var/www/emaparking_dss/vendor/laravel/framework/src/Illuminate/Container/Container.php(651): Illuminate\\Container\\BoundMethod::call()
#5 /var/www/emaparking_dss/vendor/laravel/framework/src/Illuminate/Foundation/Application.php(933): Illuminate\\Container\\Container->call()
#6 /var/www/emaparking_dss/vendor/laravel/framework/src/Illuminate/Foundation/Application.php(914): Illuminate\\Foundation\\Application->bootProvider()
#7 [internal function]: Illuminate\\Foundation\\Application->Illuminate\\Foundation\\{closure}()
#8 /var/www/emaparking_dss/vendor/laravel/framework/src/Illuminate/Foundation/Application.php(913): array_walk()
#9 /var/www/emaparking_dss/vendor/laravel/framework/src/Illuminate/Foundation/Bootstrap/BootProviders.php(17): Illuminate\\Foundation\\Application->boot()
#10 /var/www/emaparking_dss/vendor/laravel/framework/src/Illuminate/Foundation/Application.php(242): Illuminate\\Foundation\\Bootstrap\\BootProviders->bootstrap()
#11 /var/www/emaparking_dss/vendor/laravel/framework/src/Illuminate/Foundation/Console/Kernel.php(383): Illuminate\\Foundation\\Application->bootstrapWith()
#12 /var/www/emaparking_dss/vendor/laravel/framework/src/Illuminate/Foundation/Console/Kernel.php(153): Illuminate\\Foundation\\Console\\Kernel->bootstrap()
#13 Command line code(1): Illuminate\\Foundation\\Console\\Kernel->handle()
#14 {main}
"} 
[2025-03-24 16:15:59] local.ERROR: Class "\Themes\BC\ThemeProvider" not found {"exception":"[object] (Error(code: 0): Class \"\\Themes\\BC\\ThemeProvider\" not found at /var/www/emaparking_dss/themes/ThemeServiceProvider.php:23)
[stacktrace]
#0 /var/www/emaparking_dss/vendor/laravel/framework/src/Illuminate/Container/BoundMethod.php(36): Themes\\ThemeServiceProvider->boot()
#1 /var/www/emaparking_dss/vendor/laravel/framework/src/Illuminate/Container/Util.php(41): Illuminate\\Container\\BoundMethod::Illuminate\\Container\\{closure}()
#2 /var/www/emaparking_dss/vendor/laravel/framework/src/Illuminate/Container/BoundMethod.php(93): Illuminate\\Container\\Util::unwrapIfClosure()
#3 /var/www/emaparking_dss/vendor/laravel/framework/src/Illuminate/Container/BoundMethod.php(35): Illuminate\\Container\\BoundMethod::callBoundMethod()
#4 /var/www/emaparking_dss/vendor/laravel/framework/src/Illuminate/Container/Container.php(651): Illuminate\\Container\\BoundMethod::call()
#5 /var/www/emaparking_dss/vendor/laravel/framework/src/Illuminate/Foundation/Application.php(933): Illuminate\\Container\\Container->call()
#6 /var/www/emaparking_dss/vendor/laravel/framework/src/Illuminate/Foundation/Application.php(914): Illuminate\\Foundation\\Application->bootProvider()
#7 [internal function]: Illuminate\\Foundation\\Application->Illuminate\\Foundation\\{closure}()
#8 /var/www/emaparking_dss/vendor/laravel/framework/src/Illuminate/Foundation/Application.php(913): array_walk()
#9 /var/www/emaparking_dss/vendor/laravel/framework/src/Illuminate/Foundation/Bootstrap/BootProviders.php(17): Illuminate\\Foundation\\Application->boot()
#10 /var/www/emaparking_dss/vendor/laravel/framework/src/Illuminate/Foundation/Application.php(242): Illuminate\\Foundation\\Bootstrap\\BootProviders->bootstrap()
#11 /var/www/emaparking_dss/vendor/laravel/framework/src/Illuminate/Foundation/Console/Kernel.php(383): Illuminate\\Foundation\\Application->bootstrapWith()
#12 /var/www/emaparking_dss/vendor/laravel/framework/src/Illuminate/Foundation/Console/Kernel.php(153): Illuminate\\Foundation\\Console\\Kernel->bootstrap()
#13 Command line code(1): Illuminate\\Foundation\\Console\\Kernel->handle()
#14 {main}
"} 
[2025-03-24 16:16:59] local.ERROR: Class "\Themes\BC\ThemeProvider" not found {"exception":"[object] (Error(code: 0): Class \"\\Themes\\BC\\ThemeProvider\" not found at /var/www/emaparking_dss/themes/ThemeServiceProvider.php:23)
[stacktrace]
#0 /var/www/emaparking_dss/vendor/laravel/framework/src/Illuminate/Container/BoundMethod.php(36): Themes\\ThemeServiceProvider->boot()
#1 /var/www/emaparking_dss/vendor/laravel/framework/src/Illuminate/Container/Util.php(41): Illuminate\\Container\\BoundMethod::Illuminate\\Container\\{closure}()
#2 /var/www/emaparking_dss/vendor/laravel/framework/src/Illuminate/Container/BoundMethod.php(93): Illuminate\\Container\\Util::unwrapIfClosure()
#3 /var/www/emaparking_dss/vendor/laravel/framework/src/Illuminate/Container/BoundMethod.php(35): Illuminate\\Container\\BoundMethod::callBoundMethod()
#4 /var/www/emaparking_dss/vendor/laravel/framework/src/Illuminate/Container/Container.php(651): Illuminate\\Container\\BoundMethod::call()
#5 /var/www/emaparking_dss/vendor/laravel/framework/src/Illuminate/Foundation/Application.php(933): Illuminate\\Container\\Container->call()
#6 /var/www/emaparking_dss/vendor/laravel/framework/src/Illuminate/Foundation/Application.php(914): Illuminate\\Foundation\\Application->bootProvider()
#7 [internal function]: Illuminate\\Foundation\\Application->Illuminate\\Foundation\\{closure}()
#8 /var/www/emaparking_dss/vendor/laravel/framework/src/Illuminate/Foundation/Application.php(913): array_walk()
#9 /var/www/emaparking_dss/vendor/laravel/framework/src/Illuminate/Foundation/Bootstrap/BootProviders.php(17): Illuminate\\Foundation\\Application->boot()
#10 /var/www/emaparking_dss/vendor/laravel/framework/src/Illuminate/Foundation/Application.php(242): Illuminate\\Foundation\\Bootstrap\\BootProviders->bootstrap()
#11 /var/www/emaparking_dss/vendor/laravel/framework/src/Illuminate/Foundation/Console/Kernel.php(383): Illuminate\\Foundation\\Application->bootstrapWith()
#12 /var/www/emaparking_dss/vendor/laravel/framework/src/Illuminate/Foundation/Console/Kernel.php(153): Illuminate\\Foundation\\Console\\Kernel->bootstrap()
#13 Command line code(1): Illuminate\\Foundation\\Console\\Kernel->handle()
#14 {main}
"} 
[2025-03-24 16:16:59] local.ERROR: Class "\Themes\BC\ThemeProvider" not found {"exception":"[object] (Error(code: 0): Class \"\\Themes\\BC\\ThemeProvider\" not found at /var/www/emaparking_dss/themes/ThemeServiceProvider.php:23)
[stacktrace]
#0 /var/www/emaparking_dss/vendor/laravel/framework/src/Illuminate/Container/BoundMethod.php(36): Themes\\ThemeServiceProvider->boot()
#1 /var/www/emaparking_dss/vendor/laravel/framework/src/Illuminate/Container/Util.php(41): Illuminate\\Container\\BoundMethod::Illuminate\\Container\\{closure}()
#2 /var/www/emaparking_dss/vendor/laravel/framework/src/Illuminate/Container/BoundMethod.php(93): Illuminate\\Container\\Util::unwrapIfClosure()
#3 /var/www/emaparking_dss/vendor/laravel/framework/src/Illuminate/Container/BoundMethod.php(35): Illuminate\\Container\\BoundMethod::callBoundMethod()
#4 /var/www/emaparking_dss/vendor/laravel/framework/src/Illuminate/Container/Container.php(651): Illuminate\\Container\\BoundMethod::call()
#5 /var/www/emaparking_dss/vendor/laravel/framework/src/Illuminate/Foundation/Application.php(933): Illuminate\\Container\\Container->call()
#6 /var/www/emaparking_dss/vendor/laravel/framework/src/Illuminate/Foundation/Application.php(914): Illuminate\\Foundation\\Application->bootProvider()
#7 [internal function]: Illuminate\\Foundation\\Application->Illuminate\\Foundation\\{closure}()
#8 /var/www/emaparking_dss/vendor/laravel/framework/src/Illuminate/Foundation/Application.php(913): array_walk()
#9 /var/www/emaparking_dss/vendor/laravel/framework/src/Illuminate/Foundation/Bootstrap/BootProviders.php(17): Illuminate\\Foundation\\Application->boot()
#10 /var/www/emaparking_dss/vendor/laravel/framework/src/Illuminate/Foundation/Application.php(242): Illuminate\\Foundation\\Bootstrap\\BootProviders->bootstrap()
#11 /var/www/emaparking_dss/vendor/laravel/framework/src/Illuminate/Foundation/Console/Kernel.php(383): Illuminate\\Foundation\\Application->bootstrapWith()
#12 /var/www/emaparking_dss/vendor/laravel/framework/src/Illuminate/Foundation/Console/Kernel.php(153): Illuminate\\Foundation\\Console\\Kernel->bootstrap()
#13 Command line code(1): Illuminate\\Foundation\\Console\\Kernel->handle()
#14 {main}
"} 
[2025-03-24 16:17:59] local.ERROR: Class "\Themes\BC\ThemeProvider" not found {"exception":"[object] (Error(code: 0): Class \"\\Themes\\BC\\ThemeProvider\" not found at /var/www/emaparking_dss/themes/ThemeServiceProvider.php:23)
[stacktrace]
#0 /var/www/emaparking_dss/vendor/laravel/framework/src/Illuminate/Container/BoundMethod.php(36): Themes\\ThemeServiceProvider->boot()
#1 /var/www/emaparking_dss/vendor/laravel/framework/src/Illuminate/Container/Util.php(41): Illuminate\\Container\\BoundMethod::Illuminate\\Container\\{closure}()
#2 /var/www/emaparking_dss/vendor/laravel/framework/src/Illuminate/Container/BoundMethod.php(93): Illuminate\\Container\\Util::unwrapIfClosure()
#3 /var/www/emaparking_dss/vendor/laravel/framework/src/Illuminate/Container/BoundMethod.php(35): Illuminate\\Container\\BoundMethod::callBoundMethod()
#4 /var/www/emaparking_dss/vendor/laravel/framework/src/Illuminate/Container/Container.php(651): Illuminate\\Container\\BoundMethod::call()
#5 /var/www/emaparking_dss/vendor/laravel/framework/src/Illuminate/Foundation/Application.php(933): Illuminate\\Container\\Container->call()
#6 /var/www/emaparking_dss/vendor/laravel/framework/src/Illuminate/Foundation/Application.php(914): Illuminate\\Foundation\\Application->bootProvider()
#7 [internal function]: Illuminate\\Foundation\\Application->Illuminate\\Foundation\\{closure}()
#8 /var/www/emaparking_dss/vendor/laravel/framework/src/Illuminate/Foundation/Application.php(913): array_walk()
#9 /var/www/emaparking_dss/vendor/laravel/framework/src/Illuminate/Foundation/Bootstrap/BootProviders.php(17): Illuminate\\Foundation\\Application->boot()
#10 /var/www/emaparking_dss/vendor/laravel/framework/src/Illuminate/Foundation/Application.php(242): Illuminate\\Foundation\\Bootstrap\\BootProviders->bootstrap()
#11 /var/www/emaparking_dss/vendor/laravel/framework/src/Illuminate/Foundation/Console/Kernel.php(383): Illuminate\\Foundation\\Application->bootstrapWith()
#12 /var/www/emaparking_dss/vendor/laravel/framework/src/Illuminate/Foundation/Console/Kernel.php(153): Illuminate\\Foundation\\Console\\Kernel->bootstrap()
#13 Command line code(1): Illuminate\\Foundation\\Console\\Kernel->handle()
#14 {main}
"} 
[2025-03-24 16:17:59] local.ERROR: Class "\Themes\BC\ThemeProvider" not found {"exception":"[object] (Error(code: 0): Class \"\\Themes\\BC\\ThemeProvider\" not found at /var/www/emaparking_dss/themes/ThemeServiceProvider.php:23)
[stacktrace]
#0 /var/www/emaparking_dss/vendor/laravel/framework/src/Illuminate/Container/BoundMethod.php(36): Themes\\ThemeServiceProvider->boot()
#1 /var/www/emaparking_dss/vendor/laravel/framework/src/Illuminate/Container/Util.php(41): Illuminate\\Container\\BoundMethod::Illuminate\\Container\\{closure}()
#2 /var/www/emaparking_dss/vendor/laravel/framework/src/Illuminate/Container/BoundMethod.php(93): Illuminate\\Container\\Util::unwrapIfClosure()
#3 /var/www/emaparking_dss/vendor/laravel/framework/src/Illuminate/Container/BoundMethod.php(35): Illuminate\\Container\\BoundMethod::callBoundMethod()
#4 /var/www/emaparking_dss/vendor/laravel/framework/src/Illuminate/Container/Container.php(651): Illuminate\\Container\\BoundMethod::call()
#5 /var/www/emaparking_dss/vendor/laravel/framework/src/Illuminate/Foundation/Application.php(933): Illuminate\\Container\\Container->call()
#6 /var/www/emaparking_dss/vendor/laravel/framework/src/Illuminate/Foundation/Application.php(914): Illuminate\\Foundation\\Application->bootProvider()
#7 [internal function]: Illuminate\\Foundation\\Application->Illuminate\\Foundation\\{closure}()
#8 /var/www/emaparking_dss/vendor/laravel/framework/src/Illuminate/Foundation/Application.php(913): array_walk()
#9 /var/www/emaparking_dss/vendor/laravel/framework/src/Illuminate/Foundation/Bootstrap/BootProviders.php(17): Illuminate\\Foundation\\Application->boot()
#10 /var/www/emaparking_dss/vendor/laravel/framework/src/Illuminate/Foundation/Application.php(242): Illuminate\\Foundation\\Bootstrap\\BootProviders->bootstrap()
#11 /var/www/emaparking_dss/vendor/laravel/framework/src/Illuminate/Foundation/Console/Kernel.php(383): Illuminate\\Foundation\\Application->bootstrapWith()
#12 /var/www/emaparking_dss/vendor/laravel/framework/src/Illuminate/Foundation/Console/Kernel.php(153): Illuminate\\Foundation\\Console\\Kernel->bootstrap()
#13 Command line code(1): Illuminate\\Foundation\\Console\\Kernel->handle()
#14 {main}
"} 
[2025-03-24 16:18:58] local.ERROR: Class "\Themes\BC\ThemeProvider" not found {"exception":"[object] (Error(code: 0): Class \"\\Themes\\BC\\ThemeProvider\" not found at /var/www/emaparking_dss/themes/ThemeServiceProvider.php:23)
[stacktrace]
#0 /var/www/emaparking_dss/vendor/laravel/framework/src/Illuminate/Container/BoundMethod.php(36): Themes\\ThemeServiceProvider->boot()
#1 /var/www/emaparking_dss/vendor/laravel/framework/src/Illuminate/Container/Util.php(41): Illuminate\\Container\\BoundMethod::Illuminate\\Container\\{closure}()
#2 /var/www/emaparking_dss/vendor/laravel/framework/src/Illuminate/Container/BoundMethod.php(93): Illuminate\\Container\\Util::unwrapIfClosure()
#3 /var/www/emaparking_dss/vendor/laravel/framework/src/Illuminate/Container/BoundMethod.php(35): Illuminate\\Container\\BoundMethod::callBoundMethod()
#4 /var/www/emaparking_dss/vendor/laravel/framework/src/Illuminate/Container/Container.php(651): Illuminate\\Container\\BoundMethod::call()
#5 /var/www/emaparking_dss/vendor/laravel/framework/src/Illuminate/Foundation/Application.php(933): Illuminate\\Container\\Container->call()
#6 /var/www/emaparking_dss/vendor/laravel/framework/src/Illuminate/Foundation/Application.php(914): Illuminate\\Foundation\\Application->bootProvider()
#7 [internal function]: Illuminate\\Foundation\\Application->Illuminate\\Foundation\\{closure}()
#8 /var/www/emaparking_dss/vendor/laravel/framework/src/Illuminate/Foundation/Application.php(913): array_walk()
#9 /var/www/emaparking_dss/vendor/laravel/framework/src/Illuminate/Foundation/Bootstrap/BootProviders.php(17): Illuminate\\Foundation\\Application->boot()
#10 /var/www/emaparking_dss/vendor/laravel/framework/src/Illuminate/Foundation/Application.php(242): Illuminate\\Foundation\\Bootstrap\\BootProviders->bootstrap()
#11 /var/www/emaparking_dss/vendor/laravel/framework/src/Illuminate/Foundation/Console/Kernel.php(383): Illuminate\\Foundation\\Application->bootstrapWith()
#12 /var/www/emaparking_dss/vendor/laravel/framework/src/Illuminate/Foundation/Console/Kernel.php(153): Illuminate\\Foundation\\Console\\Kernel->bootstrap()
#13 Command line code(1): Illuminate\\Foundation\\Console\\Kernel->handle()
#14 {main}
"} 
[2025-03-24 16:18:59] local.ERROR: Class "\Themes\BC\ThemeProvider" not found {"exception":"[object] (Error(code: 0): Class \"\\Themes\\BC\\ThemeProvider\" not found at /var/www/emaparking_dss/themes/ThemeServiceProvider.php:23)
[stacktrace]
#0 /var/www/emaparking_dss/vendor/laravel/framework/src/Illuminate/Container/BoundMethod.php(36): Themes\\ThemeServiceProvider->boot()
#1 /var/www/emaparking_dss/vendor/laravel/framework/src/Illuminate/Container/Util.php(41): Illuminate\\Container\\BoundMethod::Illuminate\\Container\\{closure}()
#2 /var/www/emaparking_dss/vendor/laravel/framework/src/Illuminate/Container/BoundMethod.php(93): Illuminate\\Container\\Util::unwrapIfClosure()
#3 /var/www/emaparking_dss/vendor/laravel/framework/src/Illuminate/Container/BoundMethod.php(35): Illuminate\\Container\\BoundMethod::callBoundMethod()
#4 /var/www/emaparking_dss/vendor/laravel/framework/src/Illuminate/Container/Container.php(651): Illuminate\\Container\\BoundMethod::call()
#5 /var/www/emaparking_dss/vendor/laravel/framework/src/Illuminate/Foundation/Application.php(933): Illuminate\\Container\\Container->call()
#6 /var/www/emaparking_dss/vendor/laravel/framework/src/Illuminate/Foundation/Application.php(914): Illuminate\\Foundation\\Application->bootProvider()
#7 [internal function]: Illuminate\\Foundation\\Application->Illuminate\\Foundation\\{closure}()
#8 /var/www/emaparking_dss/vendor/laravel/framework/src/Illuminate/Foundation/Application.php(913): array_walk()
#9 /var/www/emaparking_dss/vendor/laravel/framework/src/Illuminate/Foundation/Bootstrap/BootProviders.php(17): Illuminate\\Foundation\\Application->boot()
#10 /var/www/emaparking_dss/vendor/laravel/framework/src/Illuminate/Foundation/Application.php(242): Illuminate\\Foundation\\Bootstrap\\BootProviders->bootstrap()
#11 /var/www/emaparking_dss/vendor/laravel/framework/src/Illuminate/Foundation/Console/Kernel.php(383): Illuminate\\Foundation\\Application->bootstrapWith()
#12 /var/www/emaparking_dss/vendor/laravel/framework/src/Illuminate/Foundation/Console/Kernel.php(153): Illuminate\\Foundation\\Console\\Kernel->bootstrap()
#13 Command line code(1): Illuminate\\Foundation\\Console\\Kernel->handle()
#14 {main}
"} 
[2025-03-24 16:18:59] local.ERROR: Class "\Themes\BC\ThemeProvider" not found {"exception":"[object] (Error(code: 0): Class \"\\Themes\\BC\\ThemeProvider\" not found at /var/www/emaparking_dss/themes/ThemeServiceProvider.php:23)
[stacktrace]
#0 /var/www/emaparking_dss/vendor/laravel/framework/src/Illuminate/Container/BoundMethod.php(36): Themes\\ThemeServiceProvider->boot()
#1 /var/www/emaparking_dss/vendor/laravel/framework/src/Illuminate/Container/Util.php(41): Illuminate\\Container\\BoundMethod::Illuminate\\Container\\{closure}()
#2 /var/www/emaparking_dss/vendor/laravel/framework/src/Illuminate/Container/BoundMethod.php(93): Illuminate\\Container\\Util::unwrapIfClosure()
#3 /var/www/emaparking_dss/vendor/laravel/framework/src/Illuminate/Container/BoundMethod.php(35): Illuminate\\Container\\BoundMethod::callBoundMethod()
#4 /var/www/emaparking_dss/vendor/laravel/framework/src/Illuminate/Container/Container.php(651): Illuminate\\Container\\BoundMethod::call()
#5 /var/www/emaparking_dss/vendor/laravel/framework/src/Illuminate/Foundation/Application.php(933): Illuminate\\Container\\Container->call()
#6 /var/www/emaparking_dss/vendor/laravel/framework/src/Illuminate/Foundation/Application.php(914): Illuminate\\Foundation\\Application->bootProvider()
#7 [internal function]: Illuminate\\Foundation\\Application->Illuminate\\Foundation\\{closure}()
#8 /var/www/emaparking_dss/vendor/laravel/framework/src/Illuminate/Foundation/Application.php(913): array_walk()
#9 /var/www/emaparking_dss/vendor/laravel/framework/src/Illuminate/Foundation/Bootstrap/BootProviders.php(17): Illuminate\\Foundation\\Application->boot()
#10 /var/www/emaparking_dss/vendor/laravel/framework/src/Illuminate/Foundation/Application.php(242): Illuminate\\Foundation\\Bootstrap\\BootProviders->bootstrap()
#11 /var/www/emaparking_dss/vendor/laravel/framework/src/Illuminate/Foundation/Console/Kernel.php(383): Illuminate\\Foundation\\Application->bootstrapWith()
#12 /var/www/emaparking_dss/vendor/laravel/framework/src/Illuminate/Foundation/Console/Kernel.php(153): Illuminate\\Foundation\\Console\\Kernel->bootstrap()
#13 Command line code(1): Illuminate\\Foundation\\Console\\Kernel->handle()
#14 {main}
"} 
[2025-03-24 16:19:59] local.ERROR: Class "\Themes\BC\ThemeProvider" not found {"exception":"[object] (Error(code: 0): Class \"\\Themes\\BC\\ThemeProvider\" not found at /var/www/emaparking_dss/themes/ThemeServiceProvider.php:23)
[stacktrace]
#0 /var/www/emaparking_dss/vendor/laravel/framework/src/Illuminate/Container/BoundMethod.php(36): Themes\\ThemeServiceProvider->boot()
#1 /var/www/emaparking_dss/vendor/laravel/framework/src/Illuminate/Container/Util.php(41): Illuminate\\Container\\BoundMethod::Illuminate\\Container\\{closure}()
#2 /var/www/emaparking_dss/vendor/laravel/framework/src/Illuminate/Container/BoundMethod.php(93): Illuminate\\Container\\Util::unwrapIfClosure()
#3 /var/www/emaparking_dss/vendor/laravel/framework/src/Illuminate/Container/BoundMethod.php(35): Illuminate\\Container\\BoundMethod::callBoundMethod()
#4 /var/www/emaparking_dss/vendor/laravel/framework/src/Illuminate/Container/Container.php(651): Illuminate\\Container\\BoundMethod::call()
#5 /var/www/emaparking_dss/vendor/laravel/framework/src/Illuminate/Foundation/Application.php(933): Illuminate\\Container\\Container->call()
#6 /var/www/emaparking_dss/vendor/laravel/framework/src/Illuminate/Foundation/Application.php(914): Illuminate\\Foundation\\Application->bootProvider()
#7 [internal function]: Illuminate\\Foundation\\Application->Illuminate\\Foundation\\{closure}()
#8 /var/www/emaparking_dss/vendor/laravel/framework/src/Illuminate/Foundation/Application.php(913): array_walk()
#9 /var/www/emaparking_dss/vendor/laravel/framework/src/Illuminate/Foundation/Bootstrap/BootProviders.php(17): Illuminate\\Foundation\\Application->boot()
#10 /var/www/emaparking_dss/vendor/laravel/framework/src/Illuminate/Foundation/Application.php(242): Illuminate\\Foundation\\Bootstrap\\BootProviders->bootstrap()
#11 /var/www/emaparking_dss/vendor/laravel/framework/src/Illuminate/Foundation/Console/Kernel.php(383): Illuminate\\Foundation\\Application->bootstrapWith()
#12 /var/www/emaparking_dss/vendor/laravel/framework/src/Illuminate/Foundation/Console/Kernel.php(153): Illuminate\\Foundation\\Console\\Kernel->bootstrap()
#13 Command line code(1): Illuminate\\Foundation\\Console\\Kernel->handle()
#14 {main}
"} 
[2025-03-24 16:19:59] local.ERROR: Class "\Themes\BC\ThemeProvider" not found {"exception":"[object] (Error(code: 0): Class \"\\Themes\\BC\\ThemeProvider\" not found at /var/www/emaparking_dss/themes/ThemeServiceProvider.php:23)
[stacktrace]
#0 /var/www/emaparking_dss/vendor/laravel/framework/src/Illuminate/Container/BoundMethod.php(36): Themes\\ThemeServiceProvider->boot()
#1 /var/www/emaparking_dss/vendor/laravel/framework/src/Illuminate/Container/Util.php(41): Illuminate\\Container\\BoundMethod::Illuminate\\Container\\{closure}()
#2 /var/www/emaparking_dss/vendor/laravel/framework/src/Illuminate/Container/BoundMethod.php(93): Illuminate\\Container\\Util::unwrapIfClosure()
#3 /var/www/emaparking_dss/vendor/laravel/framework/src/Illuminate/Container/BoundMethod.php(35): Illuminate\\Container\\BoundMethod::callBoundMethod()
#4 /var/www/emaparking_dss/vendor/laravel/framework/src/Illuminate/Container/Container.php(651): Illuminate\\Container\\BoundMethod::call()
#5 /var/www/emaparking_dss/vendor/laravel/framework/src/Illuminate/Foundation/Application.php(933): Illuminate\\Container\\Container->call()
#6 /var/www/emaparking_dss/vendor/laravel/framework/src/Illuminate/Foundation/Application.php(914): Illuminate\\Foundation\\Application->bootProvider()
#7 [internal function]: Illuminate\\Foundation\\Application->Illuminate\\Foundation\\{closure}()
#8 /var/www/emaparking_dss/vendor/laravel/framework/src/Illuminate/Foundation/Application.php(913): array_walk()
#9 /var/www/emaparking_dss/vendor/laravel/framework/src/Illuminate/Foundation/Bootstrap/BootProviders.php(17): Illuminate\\Foundation\\Application->boot()
#10 /var/www/emaparking_dss/vendor/laravel/framework/src/Illuminate/Foundation/Application.php(242): Illuminate\\Foundation\\Bootstrap\\BootProviders->bootstrap()
#11 /var/www/emaparking_dss/vendor/laravel/framework/src/Illuminate/Foundation/Console/Kernel.php(383): Illuminate\\Foundation\\Application->bootstrapWith()
#12 /var/www/emaparking_dss/vendor/laravel/framework/src/Illuminate/Foundation/Console/Kernel.php(153): Illuminate\\Foundation\\Console\\Kernel->bootstrap()
#13 Command line code(1): Illuminate\\Foundation\\Console\\Kernel->handle()
#14 {main}
"} 
[2025-03-24 16:20:59] local.ERROR: Class "\Themes\BC\ThemeProvider" not found {"exception":"[object] (Error(code: 0): Class \"\\Themes\\BC\\ThemeProvider\" not found at /var/www/emaparking_dss/themes/ThemeServiceProvider.php:23)
[stacktrace]
#0 /var/www/emaparking_dss/vendor/laravel/framework/src/Illuminate/Container/BoundMethod.php(36): Themes\\ThemeServiceProvider->boot()
#1 /var/www/emaparking_dss/vendor/laravel/framework/src/Illuminate/Container/Util.php(41): Illuminate\\Container\\BoundMethod::Illuminate\\Container\\{closure}()
#2 /var/www/emaparking_dss/vendor/laravel/framework/src/Illuminate/Container/BoundMethod.php(93): Illuminate\\Container\\Util::unwrapIfClosure()
#3 /var/www/emaparking_dss/vendor/laravel/framework/src/Illuminate/Container/BoundMethod.php(35): Illuminate\\Container\\BoundMethod::callBoundMethod()
#4 /var/www/emaparking_dss/vendor/laravel/framework/src/Illuminate/Container/Container.php(651): Illuminate\\Container\\BoundMethod::call()
#5 /var/www/emaparking_dss/vendor/laravel/framework/src/Illuminate/Foundation/Application.php(933): Illuminate\\Container\\Container->call()
#6 /var/www/emaparking_dss/vendor/laravel/framework/src/Illuminate/Foundation/Application.php(914): Illuminate\\Foundation\\Application->bootProvider()
#7 [internal function]: Illuminate\\Foundation\\Application->Illuminate\\Foundation\\{closure}()
#8 /var/www/emaparking_dss/vendor/laravel/framework/src/Illuminate/Foundation/Application.php(913): array_walk()
#9 /var/www/emaparking_dss/vendor/laravel/framework/src/Illuminate/Foundation/Bootstrap/BootProviders.php(17): Illuminate\\Foundation\\Application->boot()
#10 /var/www/emaparking_dss/vendor/laravel/framework/src/Illuminate/Foundation/Application.php(242): Illuminate\\Foundation\\Bootstrap\\BootProviders->bootstrap()
#11 /var/www/emaparking_dss/vendor/laravel/framework/src/Illuminate/Foundation/Console/Kernel.php(383): Illuminate\\Foundation\\Application->bootstrapWith()
#12 /var/www/emaparking_dss/vendor/laravel/framework/src/Illuminate/Foundation/Console/Kernel.php(153): Illuminate\\Foundation\\Console\\Kernel->bootstrap()
#13 Command line code(1): Illuminate\\Foundation\\Console\\Kernel->handle()
#14 {main}
"} 
[2025-03-24 16:20:59] local.ERROR: Class "\Themes\BC\ThemeProvider" not found {"exception":"[object] (Error(code: 0): Class \"\\Themes\\BC\\ThemeProvider\" not found at /var/www/emaparking_dss/themes/ThemeServiceProvider.php:23)
[stacktrace]
#0 /var/www/emaparking_dss/vendor/laravel/framework/src/Illuminate/Container/BoundMethod.php(36): Themes\\ThemeServiceProvider->boot()
#1 /var/www/emaparking_dss/vendor/laravel/framework/src/Illuminate/Container/Util.php(41): Illuminate\\Container\\BoundMethod::Illuminate\\Container\\{closure}()
#2 /var/www/emaparking_dss/vendor/laravel/framework/src/Illuminate/Container/BoundMethod.php(93): Illuminate\\Container\\Util::unwrapIfClosure()
#3 /var/www/emaparking_dss/vendor/laravel/framework/src/Illuminate/Container/BoundMethod.php(35): Illuminate\\Container\\BoundMethod::callBoundMethod()
#4 /var/www/emaparking_dss/vendor/laravel/framework/src/Illuminate/Container/Container.php(651): Illuminate\\Container\\BoundMethod::call()
#5 /var/www/emaparking_dss/vendor/laravel/framework/src/Illuminate/Foundation/Application.php(933): Illuminate\\Container\\Container->call()
#6 /var/www/emaparking_dss/vendor/laravel/framework/src/Illuminate/Foundation/Application.php(914): Illuminate\\Foundation\\Application->bootProvider()
#7 [internal function]: Illuminate\\Foundation\\Application->Illuminate\\Foundation\\{closure}()
#8 /var/www/emaparking_dss/vendor/laravel/framework/src/Illuminate/Foundation/Application.php(913): array_walk()
#9 /var/www/emaparking_dss/vendor/laravel/framework/src/Illuminate/Foundation/Bootstrap/BootProviders.php(17): Illuminate\\Foundation\\Application->boot()
#10 /var/www/emaparking_dss/vendor/laravel/framework/src/Illuminate/Foundation/Application.php(242): Illuminate\\Foundation\\Bootstrap\\BootProviders->bootstrap()
#11 /var/www/emaparking_dss/vendor/laravel/framework/src/Illuminate/Foundation/Console/Kernel.php(383): Illuminate\\Foundation\\Application->bootstrapWith()
#12 /var/www/emaparking_dss/vendor/laravel/framework/src/Illuminate/Foundation/Console/Kernel.php(153): Illuminate\\Foundation\\Console\\Kernel->bootstrap()
#13 Command line code(1): Illuminate\\Foundation\\Console\\Kernel->handle()
#14 {main}
"} 
[2025-03-24 16:21:59] local.ERROR: Class "\Themes\BC\ThemeProvider" not found {"exception":"[object] (Error(code: 0): Class \"\\Themes\\BC\\ThemeProvider\" not found at /var/www/emaparking_dss/themes/ThemeServiceProvider.php:23)
[stacktrace]
#0 /var/www/emaparking_dss/vendor/laravel/framework/src/Illuminate/Container/BoundMethod.php(36): Themes\\ThemeServiceProvider->boot()
#1 /var/www/emaparking_dss/vendor/laravel/framework/src/Illuminate/Container/Util.php(41): Illuminate\\Container\\BoundMethod::Illuminate\\Container\\{closure}()
#2 /var/www/emaparking_dss/vendor/laravel/framework/src/Illuminate/Container/BoundMethod.php(93): Illuminate\\Container\\Util::unwrapIfClosure()
#3 /var/www/emaparking_dss/vendor/laravel/framework/src/Illuminate/Container/BoundMethod.php(35): Illuminate\\Container\\BoundMethod::callBoundMethod()
#4 /var/www/emaparking_dss/vendor/laravel/framework/src/Illuminate/Container/Container.php(651): Illuminate\\Container\\BoundMethod::call()
#5 /var/www/emaparking_dss/vendor/laravel/framework/src/Illuminate/Foundation/Application.php(933): Illuminate\\Container\\Container->call()
#6 /var/www/emaparking_dss/vendor/laravel/framework/src/Illuminate/Foundation/Application.php(914): Illuminate\\Foundation\\Application->bootProvider()
#7 [internal function]: Illuminate\\Foundation\\Application->Illuminate\\Foundation\\{closure}()
#8 /var/www/emaparking_dss/vendor/laravel/framework/src/Illuminate/Foundation/Application.php(913): array_walk()
#9 /var/www/emaparking_dss/vendor/laravel/framework/src/Illuminate/Foundation/Bootstrap/BootProviders.php(17): Illuminate\\Foundation\\Application->boot()
#10 /var/www/emaparking_dss/vendor/laravel/framework/src/Illuminate/Foundation/Application.php(242): Illuminate\\Foundation\\Bootstrap\\BootProviders->bootstrap()
#11 /var/www/emaparking_dss/vendor/laravel/framework/src/Illuminate/Foundation/Console/Kernel.php(383): Illuminate\\Foundation\\Application->bootstrapWith()
#12 /var/www/emaparking_dss/vendor/laravel/framework/src/Illuminate/Foundation/Console/Kernel.php(153): Illuminate\\Foundation\\Console\\Kernel->bootstrap()
#13 Command line code(1): Illuminate\\Foundation\\Console\\Kernel->handle()
#14 {main}
"} 
[2025-03-24 16:21:59] local.ERROR: Class "\Themes\BC\ThemeProvider" not found {"exception":"[object] (Error(code: 0): Class \"\\Themes\\BC\\ThemeProvider\" not found at /var/www/emaparking_dss/themes/ThemeServiceProvider.php:23)
[stacktrace]
#0 /var/www/emaparking_dss/vendor/laravel/framework/src/Illuminate/Container/BoundMethod.php(36): Themes\\ThemeServiceProvider->boot()
#1 /var/www/emaparking_dss/vendor/laravel/framework/src/Illuminate/Container/Util.php(41): Illuminate\\Container\\BoundMethod::Illuminate\\Container\\{closure}()
#2 /var/www/emaparking_dss/vendor/laravel/framework/src/Illuminate/Container/BoundMethod.php(93): Illuminate\\Container\\Util::unwrapIfClosure()
#3 /var/www/emaparking_dss/vendor/laravel/framework/src/Illuminate/Container/BoundMethod.php(35): Illuminate\\Container\\BoundMethod::callBoundMethod()
#4 /var/www/emaparking_dss/vendor/laravel/framework/src/Illuminate/Container/Container.php(651): Illuminate\\Container\\BoundMethod::call()
#5 /var/www/emaparking_dss/vendor/laravel/framework/src/Illuminate/Foundation/Application.php(933): Illuminate\\Container\\Container->call()
#6 /var/www/emaparking_dss/vendor/laravel/framework/src/Illuminate/Foundation/Application.php(914): Illuminate\\Foundation\\Application->bootProvider()
#7 [internal function]: Illuminate\\Foundation\\Application->Illuminate\\Foundation\\{closure}()
#8 /var/www/emaparking_dss/vendor/laravel/framework/src/Illuminate/Foundation/Application.php(913): array_walk()
#9 /var/www/emaparking_dss/vendor/laravel/framework/src/Illuminate/Foundation/Bootstrap/BootProviders.php(17): Illuminate\\Foundation\\Application->boot()
#10 /var/www/emaparking_dss/vendor/laravel/framework/src/Illuminate/Foundation/Application.php(242): Illuminate\\Foundation\\Bootstrap\\BootProviders->bootstrap()
#11 /var/www/emaparking_dss/vendor/laravel/framework/src/Illuminate/Foundation/Console/Kernel.php(383): Illuminate\\Foundation\\Application->bootstrapWith()
#12 /var/www/emaparking_dss/vendor/laravel/framework/src/Illuminate/Foundation/Console/Kernel.php(153): Illuminate\\Foundation\\Console\\Kernel->bootstrap()
#13 Command line code(1): Illuminate\\Foundation\\Console\\Kernel->handle()
#14 {main}
"} 
[2025-03-24 16:22:59] local.ERROR: Class "\Themes\BC\ThemeProvider" not found {"exception":"[object] (Error(code: 0): Class \"\\Themes\\BC\\ThemeProvider\" not found at /var/www/emaparking_dss/themes/ThemeServiceProvider.php:23)
[stacktrace]
#0 /var/www/emaparking_dss/vendor/laravel/framework/src/Illuminate/Container/BoundMethod.php(36): Themes\\ThemeServiceProvider->boot()
#1 /var/www/emaparking_dss/vendor/laravel/framework/src/Illuminate/Container/Util.php(41): Illuminate\\Container\\BoundMethod::Illuminate\\Container\\{closure}()
#2 /var/www/emaparking_dss/vendor/laravel/framework/src/Illuminate/Container/BoundMethod.php(93): Illuminate\\Container\\Util::unwrapIfClosure()
#3 /var/www/emaparking_dss/vendor/laravel/framework/src/Illuminate/Container/BoundMethod.php(35): Illuminate\\Container\\BoundMethod::callBoundMethod()
#4 /var/www/emaparking_dss/vendor/laravel/framework/src/Illuminate/Container/Container.php(651): Illuminate\\Container\\BoundMethod::call()
#5 /var/www/emaparking_dss/vendor/laravel/framework/src/Illuminate/Foundation/Application.php(933): Illuminate\\Container\\Container->call()
#6 /var/www/emaparking_dss/vendor/laravel/framework/src/Illuminate/Foundation/Application.php(914): Illuminate\\Foundation\\Application->bootProvider()
#7 [internal function]: Illuminate\\Foundation\\Application->Illuminate\\Foundation\\{closure}()
#8 /var/www/emaparking_dss/vendor/laravel/framework/src/Illuminate/Foundation/Application.php(913): array_walk()
#9 /var/www/emaparking_dss/vendor/laravel/framework/src/Illuminate/Foundation/Bootstrap/BootProviders.php(17): Illuminate\\Foundation\\Application->boot()
#10 /var/www/emaparking_dss/vendor/laravel/framework/src/Illuminate/Foundation/Application.php(242): Illuminate\\Foundation\\Bootstrap\\BootProviders->bootstrap()
#11 /var/www/emaparking_dss/vendor/laravel/framework/src/Illuminate/Foundation/Console/Kernel.php(383): Illuminate\\Foundation\\Application->bootstrapWith()
#12 /var/www/emaparking_dss/vendor/laravel/framework/src/Illuminate/Foundation/Console/Kernel.php(153): Illuminate\\Foundation\\Console\\Kernel->bootstrap()
#13 Command line code(1): Illuminate\\Foundation\\Console\\Kernel->handle()
#14 {main}
"} 
[2025-03-24 16:22:59] local.ERROR: Class "\Themes\BC\ThemeProvider" not found {"exception":"[object] (Error(code: 0): Class \"\\Themes\\BC\\ThemeProvider\" not found at /var/www/emaparking_dss/themes/ThemeServiceProvider.php:23)
[stacktrace]
#0 /var/www/emaparking_dss/vendor/laravel/framework/src/Illuminate/Container/BoundMethod.php(36): Themes\\ThemeServiceProvider->boot()
#1 /var/www/emaparking_dss/vendor/laravel/framework/src/Illuminate/Container/Util.php(41): Illuminate\\Container\\BoundMethod::Illuminate\\Container\\{closure}()
#2 /var/www/emaparking_dss/vendor/laravel/framework/src/Illuminate/Container/BoundMethod.php(93): Illuminate\\Container\\Util::unwrapIfClosure()
#3 /var/www/emaparking_dss/vendor/laravel/framework/src/Illuminate/Container/BoundMethod.php(35): Illuminate\\Container\\BoundMethod::callBoundMethod()
#4 /var/www/emaparking_dss/vendor/laravel/framework/src/Illuminate/Container/Container.php(651): Illuminate\\Container\\BoundMethod::call()
#5 /var/www/emaparking_dss/vendor/laravel/framework/src/Illuminate/Foundation/Application.php(933): Illuminate\\Container\\Container->call()
#6 /var/www/emaparking_dss/vendor/laravel/framework/src/Illuminate/Foundation/Application.php(914): Illuminate\\Foundation\\Application->bootProvider()
#7 [internal function]: Illuminate\\Foundation\\Application->Illuminate\\Foundation\\{closure}()
#8 /var/www/emaparking_dss/vendor/laravel/framework/src/Illuminate/Foundation/Application.php(913): array_walk()
#9 /var/www/emaparking_dss/vendor/laravel/framework/src/Illuminate/Foundation/Bootstrap/BootProviders.php(17): Illuminate\\Foundation\\Application->boot()
#10 /var/www/emaparking_dss/vendor/laravel/framework/src/Illuminate/Foundation/Application.php(242): Illuminate\\Foundation\\Bootstrap\\BootProviders->bootstrap()
#11 /var/www/emaparking_dss/vendor/laravel/framework/src/Illuminate/Foundation/Console/Kernel.php(383): Illuminate\\Foundation\\Application->bootstrapWith()
#12 /var/www/emaparking_dss/vendor/laravel/framework/src/Illuminate/Foundation/Console/Kernel.php(153): Illuminate\\Foundation\\Console\\Kernel->bootstrap()
#13 Command line code(1): Illuminate\\Foundation\\Console\\Kernel->handle()
#14 {main}
"} 
[2025-03-24 16:23:59] local.ERROR: Class "\Themes\BC\ThemeProvider" not found {"exception":"[object] (Error(code: 0): Class \"\\Themes\\BC\\ThemeProvider\" not found at /var/www/emaparking_dss/themes/ThemeServiceProvider.php:23)
[stacktrace]
#0 /var/www/emaparking_dss/vendor/laravel/framework/src/Illuminate/Container/BoundMethod.php(36): Themes\\ThemeServiceProvider->boot()
#1 /var/www/emaparking_dss/vendor/laravel/framework/src/Illuminate/Container/Util.php(41): Illuminate\\Container\\BoundMethod::Illuminate\\Container\\{closure}()
#2 /var/www/emaparking_dss/vendor/laravel/framework/src/Illuminate/Container/BoundMethod.php(93): Illuminate\\Container\\Util::unwrapIfClosure()
#3 /var/www/emaparking_dss/vendor/laravel/framework/src/Illuminate/Container/BoundMethod.php(35): Illuminate\\Container\\BoundMethod::callBoundMethod()
#4 /var/www/emaparking_dss/vendor/laravel/framework/src/Illuminate/Container/Container.php(651): Illuminate\\Container\\BoundMethod::call()
#5 /var/www/emaparking_dss/vendor/laravel/framework/src/Illuminate/Foundation/Application.php(933): Illuminate\\Container\\Container->call()
#6 /var/www/emaparking_dss/vendor/laravel/framework/src/Illuminate/Foundation/Application.php(914): Illuminate\\Foundation\\Application->bootProvider()
#7 [internal function]: Illuminate\\Foundation\\Application->Illuminate\\Foundation\\{closure}()
#8 /var/www/emaparking_dss/vendor/laravel/framework/src/Illuminate/Foundation/Application.php(913): array_walk()
#9 /var/www/emaparking_dss/vendor/laravel/framework/src/Illuminate/Foundation/Bootstrap/BootProviders.php(17): Illuminate\\Foundation\\Application->boot()
#10 /var/www/emaparking_dss/vendor/laravel/framework/src/Illuminate/Foundation/Application.php(242): Illuminate\\Foundation\\Bootstrap\\BootProviders->bootstrap()
#11 /var/www/emaparking_dss/vendor/laravel/framework/src/Illuminate/Foundation/Console/Kernel.php(383): Illuminate\\Foundation\\Application->bootstrapWith()
#12 /var/www/emaparking_dss/vendor/laravel/framework/src/Illuminate/Foundation/Console/Kernel.php(153): Illuminate\\Foundation\\Console\\Kernel->bootstrap()
#13 Command line code(1): Illuminate\\Foundation\\Console\\Kernel->handle()
#14 {main}
"} 
[2025-03-24 16:23:59] local.ERROR: Class "\Themes\BC\ThemeProvider" not found {"exception":"[object] (Error(code: 0): Class \"\\Themes\\BC\\ThemeProvider\" not found at /var/www/emaparking_dss/themes/ThemeServiceProvider.php:23)
[stacktrace]
#0 /var/www/emaparking_dss/vendor/laravel/framework/src/Illuminate/Container/BoundMethod.php(36): Themes\\ThemeServiceProvider->boot()
#1 /var/www/emaparking_dss/vendor/laravel/framework/src/Illuminate/Container/Util.php(41): Illuminate\\Container\\BoundMethod::Illuminate\\Container\\{closure}()
#2 /var/www/emaparking_dss/vendor/laravel/framework/src/Illuminate/Container/BoundMethod.php(93): Illuminate\\Container\\Util::unwrapIfClosure()
#3 /var/www/emaparking_dss/vendor/laravel/framework/src/Illuminate/Container/BoundMethod.php(35): Illuminate\\Container\\BoundMethod::callBoundMethod()
#4 /var/www/emaparking_dss/vendor/laravel/framework/src/Illuminate/Container/Container.php(651): Illuminate\\Container\\BoundMethod::call()
#5 /var/www/emaparking_dss/vendor/laravel/framework/src/Illuminate/Foundation/Application.php(933): Illuminate\\Container\\Container->call()
#6 /var/www/emaparking_dss/vendor/laravel/framework/src/Illuminate/Foundation/Application.php(914): Illuminate\\Foundation\\Application->bootProvider()
#7 [internal function]: Illuminate\\Foundation\\Application->Illuminate\\Foundation\\{closure}()
#8 /var/www/emaparking_dss/vendor/laravel/framework/src/Illuminate/Foundation/Application.php(913): array_walk()
#9 /var/www/emaparking_dss/vendor/laravel/framework/src/Illuminate/Foundation/Bootstrap/BootProviders.php(17): Illuminate\\Foundation\\Application->boot()
#10 /var/www/emaparking_dss/vendor/laravel/framework/src/Illuminate/Foundation/Application.php(242): Illuminate\\Foundation\\Bootstrap\\BootProviders->bootstrap()
#11 /var/www/emaparking_dss/vendor/laravel/framework/src/Illuminate/Foundation/Console/Kernel.php(383): Illuminate\\Foundation\\Application->bootstrapWith()
#12 /var/www/emaparking_dss/vendor/laravel/framework/src/Illuminate/Foundation/Console/Kernel.php(153): Illuminate\\Foundation\\Console\\Kernel->bootstrap()
#13 Command line code(1): Illuminate\\Foundation\\Console\\Kernel->handle()
#14 {main}
"} 
[2025-03-24 16:24:59] local.ERROR: Class "\Themes\BC\ThemeProvider" not found {"exception":"[object] (Error(code: 0): Class \"\\Themes\\BC\\ThemeProvider\" not found at /var/www/emaparking_dss/themes/ThemeServiceProvider.php:23)
[stacktrace]
#0 /var/www/emaparking_dss/vendor/laravel/framework/src/Illuminate/Container/BoundMethod.php(36): Themes\\ThemeServiceProvider->boot()
#1 /var/www/emaparking_dss/vendor/laravel/framework/src/Illuminate/Container/Util.php(41): Illuminate\\Container\\BoundMethod::Illuminate\\Container\\{closure}()
#2 /var/www/emaparking_dss/vendor/laravel/framework/src/Illuminate/Container/BoundMethod.php(93): Illuminate\\Container\\Util::unwrapIfClosure()
#3 /var/www/emaparking_dss/vendor/laravel/framework/src/Illuminate/Container/BoundMethod.php(35): Illuminate\\Container\\BoundMethod::callBoundMethod()
#4 /var/www/emaparking_dss/vendor/laravel/framework/src/Illuminate/Container/Container.php(651): Illuminate\\Container\\BoundMethod::call()
#5 /var/www/emaparking_dss/vendor/laravel/framework/src/Illuminate/Foundation/Application.php(933): Illuminate\\Container\\Container->call()
#6 /var/www/emaparking_dss/vendor/laravel/framework/src/Illuminate/Foundation/Application.php(914): Illuminate\\Foundation\\Application->bootProvider()
#7 [internal function]: Illuminate\\Foundation\\Application->Illuminate\\Foundation\\{closure}()
#8 /var/www/emaparking_dss/vendor/laravel/framework/src/Illuminate/Foundation/Application.php(913): array_walk()
#9 /var/www/emaparking_dss/vendor/laravel/framework/src/Illuminate/Foundation/Bootstrap/BootProviders.php(17): Illuminate\\Foundation\\Application->boot()
#10 /var/www/emaparking_dss/vendor/laravel/framework/src/Illuminate/Foundation/Application.php(242): Illuminate\\Foundation\\Bootstrap\\BootProviders->bootstrap()
#11 /var/www/emaparking_dss/vendor/laravel/framework/src/Illuminate/Foundation/Console/Kernel.php(383): Illuminate\\Foundation\\Application->bootstrapWith()
#12 /var/www/emaparking_dss/vendor/laravel/framework/src/Illuminate/Foundation/Console/Kernel.php(153): Illuminate\\Foundation\\Console\\Kernel->bootstrap()
#13 Command line code(1): Illuminate\\Foundation\\Console\\Kernel->handle()
#14 {main}
"} 
[2025-03-24 16:24:59] local.ERROR: Class "\Themes\BC\ThemeProvider" not found {"exception":"[object] (Error(code: 0): Class \"\\Themes\\BC\\ThemeProvider\" not found at /var/www/emaparking_dss/themes/ThemeServiceProvider.php:23)
[stacktrace]
#0 /var/www/emaparking_dss/vendor/laravel/framework/src/Illuminate/Container/BoundMethod.php(36): Themes\\ThemeServiceProvider->boot()
#1 /var/www/emaparking_dss/vendor/laravel/framework/src/Illuminate/Container/Util.php(41): Illuminate\\Container\\BoundMethod::Illuminate\\Container\\{closure}()
#2 /var/www/emaparking_dss/vendor/laravel/framework/src/Illuminate/Container/BoundMethod.php(93): Illuminate\\Container\\Util::unwrapIfClosure()
#3 /var/www/emaparking_dss/vendor/laravel/framework/src/Illuminate/Container/BoundMethod.php(35): Illuminate\\Container\\BoundMethod::callBoundMethod()
#4 /var/www/emaparking_dss/vendor/laravel/framework/src/Illuminate/Container/Container.php(651): Illuminate\\Container\\BoundMethod::call()
#5 /var/www/emaparking_dss/vendor/laravel/framework/src/Illuminate/Foundation/Application.php(933): Illuminate\\Container\\Container->call()
#6 /var/www/emaparking_dss/vendor/laravel/framework/src/Illuminate/Foundation/Application.php(914): Illuminate\\Foundation\\Application->bootProvider()
#7 [internal function]: Illuminate\\Foundation\\Application->Illuminate\\Foundation\\{closure}()
#8 /var/www/emaparking_dss/vendor/laravel/framework/src/Illuminate/Foundation/Application.php(913): array_walk()
#9 /var/www/emaparking_dss/vendor/laravel/framework/src/Illuminate/Foundation/Bootstrap/BootProviders.php(17): Illuminate\\Foundation\\Application->boot()
#10 /var/www/emaparking_dss/vendor/laravel/framework/src/Illuminate/Foundation/Application.php(242): Illuminate\\Foundation\\Bootstrap\\BootProviders->bootstrap()
#11 /var/www/emaparking_dss/vendor/laravel/framework/src/Illuminate/Foundation/Console/Kernel.php(383): Illuminate\\Foundation\\Application->bootstrapWith()
#12 /var/www/emaparking_dss/vendor/laravel/framework/src/Illuminate/Foundation/Console/Kernel.php(153): Illuminate\\Foundation\\Console\\Kernel->bootstrap()
#13 Command line code(1): Illuminate\\Foundation\\Console\\Kernel->handle()
#14 {main}
"} 
[2025-03-24 16:25:59] local.ERROR: Class "\Themes\BC\ThemeProvider" not found {"exception":"[object] (Error(code: 0): Class \"\\Themes\\BC\\ThemeProvider\" not found at /var/www/emaparking_dss/themes/ThemeServiceProvider.php:23)
[stacktrace]
#0 /var/www/emaparking_dss/vendor/laravel/framework/src/Illuminate/Container/BoundMethod.php(36): Themes\\ThemeServiceProvider->boot()
#1 /var/www/emaparking_dss/vendor/laravel/framework/src/Illuminate/Container/Util.php(41): Illuminate\\Container\\BoundMethod::Illuminate\\Container\\{closure}()
#2 /var/www/emaparking_dss/vendor/laravel/framework/src/Illuminate/Container/BoundMethod.php(93): Illuminate\\Container\\Util::unwrapIfClosure()
#3 /var/www/emaparking_dss/vendor/laravel/framework/src/Illuminate/Container/BoundMethod.php(35): Illuminate\\Container\\BoundMethod::callBoundMethod()
#4 /var/www/emaparking_dss/vendor/laravel/framework/src/Illuminate/Container/Container.php(651): Illuminate\\Container\\BoundMethod::call()
#5 /var/www/emaparking_dss/vendor/laravel/framework/src/Illuminate/Foundation/Application.php(933): Illuminate\\Container\\Container->call()
#6 /var/www/emaparking_dss/vendor/laravel/framework/src/Illuminate/Foundation/Application.php(914): Illuminate\\Foundation\\Application->bootProvider()
#7 [internal function]: Illuminate\\Foundation\\Application->Illuminate\\Foundation\\{closure}()
#8 /var/www/emaparking_dss/vendor/laravel/framework/src/Illuminate/Foundation/Application.php(913): array_walk()
#9 /var/www/emaparking_dss/vendor/laravel/framework/src/Illuminate/Foundation/Bootstrap/BootProviders.php(17): Illuminate\\Foundation\\Application->boot()
#10 /var/www/emaparking_dss/vendor/laravel/framework/src/Illuminate/Foundation/Application.php(242): Illuminate\\Foundation\\Bootstrap\\BootProviders->bootstrap()
#11 /var/www/emaparking_dss/vendor/laravel/framework/src/Illuminate/Foundation/Console/Kernel.php(383): Illuminate\\Foundation\\Application->bootstrapWith()
#12 /var/www/emaparking_dss/vendor/laravel/framework/src/Illuminate/Foundation/Console/Kernel.php(153): Illuminate\\Foundation\\Console\\Kernel->bootstrap()
#13 Command line code(1): Illuminate\\Foundation\\Console\\Kernel->handle()
#14 {main}
"} 
[2025-03-24 16:25:59] local.ERROR: Class "\Themes\BC\ThemeProvider" not found {"exception":"[object] (Error(code: 0): Class \"\\Themes\\BC\\ThemeProvider\" not found at /var/www/emaparking_dss/themes/ThemeServiceProvider.php:23)
[stacktrace]
#0 /var/www/emaparking_dss/vendor/laravel/framework/src/Illuminate/Container/BoundMethod.php(36): Themes\\ThemeServiceProvider->boot()
#1 /var/www/emaparking_dss/vendor/laravel/framework/src/Illuminate/Container/Util.php(41): Illuminate\\Container\\BoundMethod::Illuminate\\Container\\{closure}()
#2 /var/www/emaparking_dss/vendor/laravel/framework/src/Illuminate/Container/BoundMethod.php(93): Illuminate\\Container\\Util::unwrapIfClosure()
#3 /var/www/emaparking_dss/vendor/laravel/framework/src/Illuminate/Container/BoundMethod.php(35): Illuminate\\Container\\BoundMethod::callBoundMethod()
#4 /var/www/emaparking_dss/vendor/laravel/framework/src/Illuminate/Container/Container.php(651): Illuminate\\Container\\BoundMethod::call()
#5 /var/www/emaparking_dss/vendor/laravel/framework/src/Illuminate/Foundation/Application.php(933): Illuminate\\Container\\Container->call()
#6 /var/www/emaparking_dss/vendor/laravel/framework/src/Illuminate/Foundation/Application.php(914): Illuminate\\Foundation\\Application->bootProvider()
#7 [internal function]: Illuminate\\Foundation\\Application->Illuminate\\Foundation\\{closure}()
#8 /var/www/emaparking_dss/vendor/laravel/framework/src/Illuminate/Foundation/Application.php(913): array_walk()
#9 /var/www/emaparking_dss/vendor/laravel/framework/src/Illuminate/Foundation/Bootstrap/BootProviders.php(17): Illuminate\\Foundation\\Application->boot()
#10 /var/www/emaparking_dss/vendor/laravel/framework/src/Illuminate/Foundation/Application.php(242): Illuminate\\Foundation\\Bootstrap\\BootProviders->bootstrap()
#11 /var/www/emaparking_dss/vendor/laravel/framework/src/Illuminate/Foundation/Console/Kernel.php(383): Illuminate\\Foundation\\Application->bootstrapWith()
#12 /var/www/emaparking_dss/vendor/laravel/framework/src/Illuminate/Foundation/Console/Kernel.php(153): Illuminate\\Foundation\\Console\\Kernel->bootstrap()
#13 Command line code(1): Illuminate\\Foundation\\Console\\Kernel->handle()
#14 {main}
"} 
[2025-03-24 16:26:59] local.ERROR: Class "\Themes\BC\ThemeProvider" not found {"exception":"[object] (Error(code: 0): Class \"\\Themes\\BC\\ThemeProvider\" not found at /var/www/emaparking_dss/themes/ThemeServiceProvider.php:23)
[stacktrace]
#0 /var/www/emaparking_dss/vendor/laravel/framework/src/Illuminate/Container/BoundMethod.php(36): Themes\\ThemeServiceProvider->boot()
#1 /var/www/emaparking_dss/vendor/laravel/framework/src/Illuminate/Container/Util.php(41): Illuminate\\Container\\BoundMethod::Illuminate\\Container\\{closure}()
#2 /var/www/emaparking_dss/vendor/laravel/framework/src/Illuminate/Container/BoundMethod.php(93): Illuminate\\Container\\Util::unwrapIfClosure()
#3 /var/www/emaparking_dss/vendor/laravel/framework/src/Illuminate/Container/BoundMethod.php(35): Illuminate\\Container\\BoundMethod::callBoundMethod()
#4 /var/www/emaparking_dss/vendor/laravel/framework/src/Illuminate/Container/Container.php(651): Illuminate\\Container\\BoundMethod::call()
#5 /var/www/emaparking_dss/vendor/laravel/framework/src/Illuminate/Foundation/Application.php(933): Illuminate\\Container\\Container->call()
#6 /var/www/emaparking_dss/vendor/laravel/framework/src/Illuminate/Foundation/Application.php(914): Illuminate\\Foundation\\Application->bootProvider()
#7 [internal function]: Illuminate\\Foundation\\Application->Illuminate\\Foundation\\{closure}()
#8 /var/www/emaparking_dss/vendor/laravel/framework/src/Illuminate/Foundation/Application.php(913): array_walk()
#9 /var/www/emaparking_dss/vendor/laravel/framework/src/Illuminate/Foundation/Bootstrap/BootProviders.php(17): Illuminate\\Foundation\\Application->boot()
#10 /var/www/emaparking_dss/vendor/laravel/framework/src/Illuminate/Foundation/Application.php(242): Illuminate\\Foundation\\Bootstrap\\BootProviders->bootstrap()
#11 /var/www/emaparking_dss/vendor/laravel/framework/src/Illuminate/Foundation/Console/Kernel.php(383): Illuminate\\Foundation\\Application->bootstrapWith()
#12 /var/www/emaparking_dss/vendor/laravel/framework/src/Illuminate/Foundation/Console/Kernel.php(153): Illuminate\\Foundation\\Console\\Kernel->bootstrap()
#13 Command line code(1): Illuminate\\Foundation\\Console\\Kernel->handle()
#14 {main}
"} 
[2025-03-24 16:26:59] local.ERROR: Class "\Themes\BC\ThemeProvider" not found {"exception":"[object] (Error(code: 0): Class \"\\Themes\\BC\\ThemeProvider\" not found at /var/www/emaparking_dss/themes/ThemeServiceProvider.php:23)
[stacktrace]
#0 /var/www/emaparking_dss/vendor/laravel/framework/src/Illuminate/Container/BoundMethod.php(36): Themes\\ThemeServiceProvider->boot()
#1 /var/www/emaparking_dss/vendor/laravel/framework/src/Illuminate/Container/Util.php(41): Illuminate\\Container\\BoundMethod::Illuminate\\Container\\{closure}()
#2 /var/www/emaparking_dss/vendor/laravel/framework/src/Illuminate/Container/BoundMethod.php(93): Illuminate\\Container\\Util::unwrapIfClosure()
#3 /var/www/emaparking_dss/vendor/laravel/framework/src/Illuminate/Container/BoundMethod.php(35): Illuminate\\Container\\BoundMethod::callBoundMethod()
#4 /var/www/emaparking_dss/vendor/laravel/framework/src/Illuminate/Container/Container.php(651): Illuminate\\Container\\BoundMethod::call()
#5 /var/www/emaparking_dss/vendor/laravel/framework/src/Illuminate/Foundation/Application.php(933): Illuminate\\Container\\Container->call()
#6 /var/www/emaparking_dss/vendor/laravel/framework/src/Illuminate/Foundation/Application.php(914): Illuminate\\Foundation\\Application->bootProvider()
#7 [internal function]: Illuminate\\Foundation\\Application->Illuminate\\Foundation\\{closure}()
#8 /var/www/emaparking_dss/vendor/laravel/framework/src/Illuminate/Foundation/Application.php(913): array_walk()
#9 /var/www/emaparking_dss/vendor/laravel/framework/src/Illuminate/Foundation/Bootstrap/BootProviders.php(17): Illuminate\\Foundation\\Application->boot()
#10 /var/www/emaparking_dss/vendor/laravel/framework/src/Illuminate/Foundation/Application.php(242): Illuminate\\Foundation\\Bootstrap\\BootProviders->bootstrap()
#11 /var/www/emaparking_dss/vendor/laravel/framework/src/Illuminate/Foundation/Console/Kernel.php(383): Illuminate\\Foundation\\Application->bootstrapWith()
#12 /var/www/emaparking_dss/vendor/laravel/framework/src/Illuminate/Foundation/Console/Kernel.php(153): Illuminate\\Foundation\\Console\\Kernel->bootstrap()
#13 Command line code(1): Illuminate\\Foundation\\Console\\Kernel->handle()
#14 {main}
"} 
[2025-03-24 16:27:59] local.ERROR: Class "\Themes\BC\ThemeProvider" not found {"exception":"[object] (Error(code: 0): Class \"\\Themes\\BC\\ThemeProvider\" not found at /var/www/emaparking_dss/themes/ThemeServiceProvider.php:23)
[stacktrace]
#0 /var/www/emaparking_dss/vendor/laravel/framework/src/Illuminate/Container/BoundMethod.php(36): Themes\\ThemeServiceProvider->boot()
#1 /var/www/emaparking_dss/vendor/laravel/framework/src/Illuminate/Container/Util.php(41): Illuminate\\Container\\BoundMethod::Illuminate\\Container\\{closure}()
#2 /var/www/emaparking_dss/vendor/laravel/framework/src/Illuminate/Container/BoundMethod.php(93): Illuminate\\Container\\Util::unwrapIfClosure()
#3 /var/www/emaparking_dss/vendor/laravel/framework/src/Illuminate/Container/BoundMethod.php(35): Illuminate\\Container\\BoundMethod::callBoundMethod()
#4 /var/www/emaparking_dss/vendor/laravel/framework/src/Illuminate/Container/Container.php(651): Illuminate\\Container\\BoundMethod::call()
#5 /var/www/emaparking_dss/vendor/laravel/framework/src/Illuminate/Foundation/Application.php(933): Illuminate\\Container\\Container->call()
#6 /var/www/emaparking_dss/vendor/laravel/framework/src/Illuminate/Foundation/Application.php(914): Illuminate\\Foundation\\Application->bootProvider()
#7 [internal function]: Illuminate\\Foundation\\Application->Illuminate\\Foundation\\{closure}()
#8 /var/www/emaparking_dss/vendor/laravel/framework/src/Illuminate/Foundation/Application.php(913): array_walk()
#9 /var/www/emaparking_dss/vendor/laravel/framework/src/Illuminate/Foundation/Bootstrap/BootProviders.php(17): Illuminate\\Foundation\\Application->boot()
#10 /var/www/emaparking_dss/vendor/laravel/framework/src/Illuminate/Foundation/Application.php(242): Illuminate\\Foundation\\Bootstrap\\BootProviders->bootstrap()
#11 /var/www/emaparking_dss/vendor/laravel/framework/src/Illuminate/Foundation/Console/Kernel.php(383): Illuminate\\Foundation\\Application->bootstrapWith()
#12 /var/www/emaparking_dss/vendor/laravel/framework/src/Illuminate/Foundation/Console/Kernel.php(153): Illuminate\\Foundation\\Console\\Kernel->bootstrap()
#13 Command line code(1): Illuminate\\Foundation\\Console\\Kernel->handle()
#14 {main}
"} 
[2025-03-24 16:27:59] local.ERROR: Class "\Themes\BC\ThemeProvider" not found {"exception":"[object] (Error(code: 0): Class \"\\Themes\\BC\\ThemeProvider\" not found at /var/www/emaparking_dss/themes/ThemeServiceProvider.php:23)
[stacktrace]
#0 /var/www/emaparking_dss/vendor/laravel/framework/src/Illuminate/Container/BoundMethod.php(36): Themes\\ThemeServiceProvider->boot()
#1 /var/www/emaparking_dss/vendor/laravel/framework/src/Illuminate/Container/Util.php(41): Illuminate\\Container\\BoundMethod::Illuminate\\Container\\{closure}()
#2 /var/www/emaparking_dss/vendor/laravel/framework/src/Illuminate/Container/BoundMethod.php(93): Illuminate\\Container\\Util::unwrapIfClosure()
#3 /var/www/emaparking_dss/vendor/laravel/framework/src/Illuminate/Container/BoundMethod.php(35): Illuminate\\Container\\BoundMethod::callBoundMethod()
#4 /var/www/emaparking_dss/vendor/laravel/framework/src/Illuminate/Container/Container.php(651): Illuminate\\Container\\BoundMethod::call()
#5 /var/www/emaparking_dss/vendor/laravel/framework/src/Illuminate/Foundation/Application.php(933): Illuminate\\Container\\Container->call()
#6 /var/www/emaparking_dss/vendor/laravel/framework/src/Illuminate/Foundation/Application.php(914): Illuminate\\Foundation\\Application->bootProvider()
#7 [internal function]: Illuminate\\Foundation\\Application->Illuminate\\Foundation\\{closure}()
#8 /var/www/emaparking_dss/vendor/laravel/framework/src/Illuminate/Foundation/Application.php(913): array_walk()
#9 /var/www/emaparking_dss/vendor/laravel/framework/src/Illuminate/Foundation/Bootstrap/BootProviders.php(17): Illuminate\\Foundation\\Application->boot()
#10 /var/www/emaparking_dss/vendor/laravel/framework/src/Illuminate/Foundation/Application.php(242): Illuminate\\Foundation\\Bootstrap\\BootProviders->bootstrap()
#11 /var/www/emaparking_dss/vendor/laravel/framework/src/Illuminate/Foundation/Console/Kernel.php(383): Illuminate\\Foundation\\Application->bootstrapWith()
#12 /var/www/emaparking_dss/vendor/laravel/framework/src/Illuminate/Foundation/Console/Kernel.php(153): Illuminate\\Foundation\\Console\\Kernel->bootstrap()
#13 Command line code(1): Illuminate\\Foundation\\Console\\Kernel->handle()
#14 {main}
"} 
[2025-03-24 16:28:58] local.ERROR: Class "\Themes\BC\ThemeProvider" not found {"exception":"[object] (Error(code: 0): Class \"\\Themes\\BC\\ThemeProvider\" not found at /var/www/emaparking_dss/themes/ThemeServiceProvider.php:23)
[stacktrace]
#0 /var/www/emaparking_dss/vendor/laravel/framework/src/Illuminate/Container/BoundMethod.php(36): Themes\\ThemeServiceProvider->boot()
#1 /var/www/emaparking_dss/vendor/laravel/framework/src/Illuminate/Container/Util.php(41): Illuminate\\Container\\BoundMethod::Illuminate\\Container\\{closure}()
#2 /var/www/emaparking_dss/vendor/laravel/framework/src/Illuminate/Container/BoundMethod.php(93): Illuminate\\Container\\Util::unwrapIfClosure()
#3 /var/www/emaparking_dss/vendor/laravel/framework/src/Illuminate/Container/BoundMethod.php(35): Illuminate\\Container\\BoundMethod::callBoundMethod()
#4 /var/www/emaparking_dss/vendor/laravel/framework/src/Illuminate/Container/Container.php(651): Illuminate\\Container\\BoundMethod::call()
#5 /var/www/emaparking_dss/vendor/laravel/framework/src/Illuminate/Foundation/Application.php(933): Illuminate\\Container\\Container->call()
#6 /var/www/emaparking_dss/vendor/laravel/framework/src/Illuminate/Foundation/Application.php(914): Illuminate\\Foundation\\Application->bootProvider()
#7 [internal function]: Illuminate\\Foundation\\Application->Illuminate\\Foundation\\{closure}()
#8 /var/www/emaparking_dss/vendor/laravel/framework/src/Illuminate/Foundation/Application.php(913): array_walk()
#9 /var/www/emaparking_dss/vendor/laravel/framework/src/Illuminate/Foundation/Bootstrap/BootProviders.php(17): Illuminate\\Foundation\\Application->boot()
#10 /var/www/emaparking_dss/vendor/laravel/framework/src/Illuminate/Foundation/Application.php(242): Illuminate\\Foundation\\Bootstrap\\BootProviders->bootstrap()
#11 /var/www/emaparking_dss/vendor/laravel/framework/src/Illuminate/Foundation/Console/Kernel.php(383): Illuminate\\Foundation\\Application->bootstrapWith()
#12 /var/www/emaparking_dss/vendor/laravel/framework/src/Illuminate/Foundation/Console/Kernel.php(153): Illuminate\\Foundation\\Console\\Kernel->bootstrap()
#13 Command line code(1): Illuminate\\Foundation\\Console\\Kernel->handle()
#14 {main}
"} 
[2025-03-24 16:28:59] local.ERROR: Class "\Themes\BC\ThemeProvider" not found {"exception":"[object] (Error(code: 0): Class \"\\Themes\\BC\\ThemeProvider\" not found at /var/www/emaparking_dss/themes/ThemeServiceProvider.php:23)
[stacktrace]
#0 /var/www/emaparking_dss/vendor/laravel/framework/src/Illuminate/Container/BoundMethod.php(36): Themes\\ThemeServiceProvider->boot()
#1 /var/www/emaparking_dss/vendor/laravel/framework/src/Illuminate/Container/Util.php(41): Illuminate\\Container\\BoundMethod::Illuminate\\Container\\{closure}()
#2 /var/www/emaparking_dss/vendor/laravel/framework/src/Illuminate/Container/BoundMethod.php(93): Illuminate\\Container\\Util::unwrapIfClosure()
#3 /var/www/emaparking_dss/vendor/laravel/framework/src/Illuminate/Container/BoundMethod.php(35): Illuminate\\Container\\BoundMethod::callBoundMethod()
#4 /var/www/emaparking_dss/vendor/laravel/framework/src/Illuminate/Container/Container.php(651): Illuminate\\Container\\BoundMethod::call()
#5 /var/www/emaparking_dss/vendor/laravel/framework/src/Illuminate/Foundation/Application.php(933): Illuminate\\Container\\Container->call()
#6 /var/www/emaparking_dss/vendor/laravel/framework/src/Illuminate/Foundation/Application.php(914): Illuminate\\Foundation\\Application->bootProvider()
#7 [internal function]: Illuminate\\Foundation\\Application->Illuminate\\Foundation\\{closure}()
#8 /var/www/emaparking_dss/vendor/laravel/framework/src/Illuminate/Foundation/Application.php(913): array_walk()
#9 /var/www/emaparking_dss/vendor/laravel/framework/src/Illuminate/Foundation/Bootstrap/BootProviders.php(17): Illuminate\\Foundation\\Application->boot()
#10 /var/www/emaparking_dss/vendor/laravel/framework/src/Illuminate/Foundation/Application.php(242): Illuminate\\Foundation\\Bootstrap\\BootProviders->bootstrap()
#11 /var/www/emaparking_dss/vendor/laravel/framework/src/Illuminate/Foundation/Console/Kernel.php(383): Illuminate\\Foundation\\Application->bootstrapWith()
#12 /var/www/emaparking_dss/vendor/laravel/framework/src/Illuminate/Foundation/Console/Kernel.php(153): Illuminate\\Foundation\\Console\\Kernel->bootstrap()
#13 Command line code(1): Illuminate\\Foundation\\Console\\Kernel->handle()
#14 {main}
"} 
[2025-03-24 16:28:59] local.ERROR: Class "\Themes\BC\ThemeProvider" not found {"exception":"[object] (Error(code: 0): Class \"\\Themes\\BC\\ThemeProvider\" not found at /var/www/emaparking_dss/themes/ThemeServiceProvider.php:23)
[stacktrace]
#0 /var/www/emaparking_dss/vendor/laravel/framework/src/Illuminate/Container/BoundMethod.php(36): Themes\\ThemeServiceProvider->boot()
#1 /var/www/emaparking_dss/vendor/laravel/framework/src/Illuminate/Container/Util.php(41): Illuminate\\Container\\BoundMethod::Illuminate\\Container\\{closure}()
#2 /var/www/emaparking_dss/vendor/laravel/framework/src/Illuminate/Container/BoundMethod.php(93): Illuminate\\Container\\Util::unwrapIfClosure()
#3 /var/www/emaparking_dss/vendor/laravel/framework/src/Illuminate/Container/BoundMethod.php(35): Illuminate\\Container\\BoundMethod::callBoundMethod()
#4 /var/www/emaparking_dss/vendor/laravel/framework/src/Illuminate/Container/Container.php(651): Illuminate\\Container\\BoundMethod::call()
#5 /var/www/emaparking_dss/vendor/laravel/framework/src/Illuminate/Foundation/Application.php(933): Illuminate\\Container\\Container->call()
#6 /var/www/emaparking_dss/vendor/laravel/framework/src/Illuminate/Foundation/Application.php(914): Illuminate\\Foundation\\Application->bootProvider()
#7 [internal function]: Illuminate\\Foundation\\Application->Illuminate\\Foundation\\{closure}()
#8 /var/www/emaparking_dss/vendor/laravel/framework/src/Illuminate/Foundation/Application.php(913): array_walk()
#9 /var/www/emaparking_dss/vendor/laravel/framework/src/Illuminate/Foundation/Bootstrap/BootProviders.php(17): Illuminate\\Foundation\\Application->boot()
#10 /var/www/emaparking_dss/vendor/laravel/framework/src/Illuminate/Foundation/Application.php(242): Illuminate\\Foundation\\Bootstrap\\BootProviders->bootstrap()
#11 /var/www/emaparking_dss/vendor/laravel/framework/src/Illuminate/Foundation/Console/Kernel.php(383): Illuminate\\Foundation\\Application->bootstrapWith()
#12 /var/www/emaparking_dss/vendor/laravel/framework/src/Illuminate/Foundation/Console/Kernel.php(153): Illuminate\\Foundation\\Console\\Kernel->bootstrap()
#13 Command line code(1): Illuminate\\Foundation\\Console\\Kernel->handle()
#14 {main}
"} 
[2025-03-24 16:29:59] local.ERROR: Class "\Themes\BC\ThemeProvider" not found {"exception":"[object] (Error(code: 0): Class \"\\Themes\\BC\\ThemeProvider\" not found at /var/www/emaparking_dss/themes/ThemeServiceProvider.php:23)
[stacktrace]
#0 /var/www/emaparking_dss/vendor/laravel/framework/src/Illuminate/Container/BoundMethod.php(36): Themes\\ThemeServiceProvider->boot()
#1 /var/www/emaparking_dss/vendor/laravel/framework/src/Illuminate/Container/Util.php(41): Illuminate\\Container\\BoundMethod::Illuminate\\Container\\{closure}()
#2 /var/www/emaparking_dss/vendor/laravel/framework/src/Illuminate/Container/BoundMethod.php(93): Illuminate\\Container\\Util::unwrapIfClosure()
#3 /var/www/emaparking_dss/vendor/laravel/framework/src/Illuminate/Container/BoundMethod.php(35): Illuminate\\Container\\BoundMethod::callBoundMethod()
#4 /var/www/emaparking_dss/vendor/laravel/framework/src/Illuminate/Container/Container.php(651): Illuminate\\Container\\BoundMethod::call()
#5 /var/www/emaparking_dss/vendor/laravel/framework/src/Illuminate/Foundation/Application.php(933): Illuminate\\Container\\Container->call()
#6 /var/www/emaparking_dss/vendor/laravel/framework/src/Illuminate/Foundation/Application.php(914): Illuminate\\Foundation\\Application->bootProvider()
#7 [internal function]: Illuminate\\Foundation\\Application->Illuminate\\Foundation\\{closure}()
#8 /var/www/emaparking_dss/vendor/laravel/framework/src/Illuminate/Foundation/Application.php(913): array_walk()
#9 /var/www/emaparking_dss/vendor/laravel/framework/src/Illuminate/Foundation/Bootstrap/BootProviders.php(17): Illuminate\\Foundation\\Application->boot()
#10 /var/www/emaparking_dss/vendor/laravel/framework/src/Illuminate/Foundation/Application.php(242): Illuminate\\Foundation\\Bootstrap\\BootProviders->bootstrap()
#11 /var/www/emaparking_dss/vendor/laravel/framework/src/Illuminate/Foundation/Console/Kernel.php(383): Illuminate\\Foundation\\Application->bootstrapWith()
#12 /var/www/emaparking_dss/vendor/laravel/framework/src/Illuminate/Foundation/Console/Kernel.php(153): Illuminate\\Foundation\\Console\\Kernel->bootstrap()
#13 Command line code(1): Illuminate\\Foundation\\Console\\Kernel->handle()
#14 {main}
"} 
[2025-03-24 16:29:59] local.ERROR: Class "\Themes\BC\ThemeProvider" not found {"exception":"[object] (Error(code: 0): Class \"\\Themes\\BC\\ThemeProvider\" not found at /var/www/emaparking_dss/themes/ThemeServiceProvider.php:23)
[stacktrace]
#0 /var/www/emaparking_dss/vendor/laravel/framework/src/Illuminate/Container/BoundMethod.php(36): Themes\\ThemeServiceProvider->boot()
#1 /var/www/emaparking_dss/vendor/laravel/framework/src/Illuminate/Container/Util.php(41): Illuminate\\Container\\BoundMethod::Illuminate\\Container\\{closure}()
#2 /var/www/emaparking_dss/vendor/laravel/framework/src/Illuminate/Container/BoundMethod.php(93): Illuminate\\Container\\Util::unwrapIfClosure()
#3 /var/www/emaparking_dss/vendor/laravel/framework/src/Illuminate/Container/BoundMethod.php(35): Illuminate\\Container\\BoundMethod::callBoundMethod()
#4 /var/www/emaparking_dss/vendor/laravel/framework/src/Illuminate/Container/Container.php(651): Illuminate\\Container\\BoundMethod::call()
#5 /var/www/emaparking_dss/vendor/laravel/framework/src/Illuminate/Foundation/Application.php(933): Illuminate\\Container\\Container->call()
#6 /var/www/emaparking_dss/vendor/laravel/framework/src/Illuminate/Foundation/Application.php(914): Illuminate\\Foundation\\Application->bootProvider()
#7 [internal function]: Illuminate\\Foundation\\Application->Illuminate\\Foundation\\{closure}()
#8 /var/www/emaparking_dss/vendor/laravel/framework/src/Illuminate/Foundation/Application.php(913): array_walk()
#9 /var/www/emaparking_dss/vendor/laravel/framework/src/Illuminate/Foundation/Bootstrap/BootProviders.php(17): Illuminate\\Foundation\\Application->boot()
#10 /var/www/emaparking_dss/vendor/laravel/framework/src/Illuminate/Foundation/Application.php(242): Illuminate\\Foundation\\Bootstrap\\BootProviders->bootstrap()
#11 /var/www/emaparking_dss/vendor/laravel/framework/src/Illuminate/Foundation/Console/Kernel.php(383): Illuminate\\Foundation\\Application->bootstrapWith()
#12 /var/www/emaparking_dss/vendor/laravel/framework/src/Illuminate/Foundation/Console/Kernel.php(153): Illuminate\\Foundation\\Console\\Kernel->bootstrap()
#13 Command line code(1): Illuminate\\Foundation\\Console\\Kernel->handle()
#14 {main}
"} 
[2025-03-24 16:30:59] local.ERROR: Class "\Themes\BC\ThemeProvider" not found {"exception":"[object] (Error(code: 0): Class \"\\Themes\\BC\\ThemeProvider\" not found at /var/www/emaparking_dss/themes/ThemeServiceProvider.php:23)
[stacktrace]
#0 /var/www/emaparking_dss/vendor/laravel/framework/src/Illuminate/Container/BoundMethod.php(36): Themes\\ThemeServiceProvider->boot()
#1 /var/www/emaparking_dss/vendor/laravel/framework/src/Illuminate/Container/Util.php(41): Illuminate\\Container\\BoundMethod::Illuminate\\Container\\{closure}()
#2 /var/www/emaparking_dss/vendor/laravel/framework/src/Illuminate/Container/BoundMethod.php(93): Illuminate\\Container\\Util::unwrapIfClosure()
#3 /var/www/emaparking_dss/vendor/laravel/framework/src/Illuminate/Container/BoundMethod.php(35): Illuminate\\Container\\BoundMethod::callBoundMethod()
#4 /var/www/emaparking_dss/vendor/laravel/framework/src/Illuminate/Container/Container.php(651): Illuminate\\Container\\BoundMethod::call()
#5 /var/www/emaparking_dss/vendor/laravel/framework/src/Illuminate/Foundation/Application.php(933): Illuminate\\Container\\Container->call()
#6 /var/www/emaparking_dss/vendor/laravel/framework/src/Illuminate/Foundation/Application.php(914): Illuminate\\Foundation\\Application->bootProvider()
#7 [internal function]: Illuminate\\Foundation\\Application->Illuminate\\Foundation\\{closure}()
#8 /var/www/emaparking_dss/vendor/laravel/framework/src/Illuminate/Foundation/Application.php(913): array_walk()
#9 /var/www/emaparking_dss/vendor/laravel/framework/src/Illuminate/Foundation/Bootstrap/BootProviders.php(17): Illuminate\\Foundation\\Application->boot()
#10 /var/www/emaparking_dss/vendor/laravel/framework/src/Illuminate/Foundation/Application.php(242): Illuminate\\Foundation\\Bootstrap\\BootProviders->bootstrap()
#11 /var/www/emaparking_dss/vendor/laravel/framework/src/Illuminate/Foundation/Console/Kernel.php(383): Illuminate\\Foundation\\Application->bootstrapWith()
#12 /var/www/emaparking_dss/vendor/laravel/framework/src/Illuminate/Foundation/Console/Kernel.php(153): Illuminate\\Foundation\\Console\\Kernel->bootstrap()
#13 Command line code(1): Illuminate\\Foundation\\Console\\Kernel->handle()
#14 {main}
"} 
[2025-03-24 16:30:59] local.ERROR: Class "\Themes\BC\ThemeProvider" not found {"exception":"[object] (Error(code: 0): Class \"\\Themes\\BC\\ThemeProvider\" not found at /var/www/emaparking_dss/themes/ThemeServiceProvider.php:23)
[stacktrace]
#0 /var/www/emaparking_dss/vendor/laravel/framework/src/Illuminate/Container/BoundMethod.php(36): Themes\\ThemeServiceProvider->boot()
#1 /var/www/emaparking_dss/vendor/laravel/framework/src/Illuminate/Container/Util.php(41): Illuminate\\Container\\BoundMethod::Illuminate\\Container\\{closure}()
#2 /var/www/emaparking_dss/vendor/laravel/framework/src/Illuminate/Container/BoundMethod.php(93): Illuminate\\Container\\Util::unwrapIfClosure()
#3 /var/www/emaparking_dss/vendor/laravel/framework/src/Illuminate/Container/BoundMethod.php(35): Illuminate\\Container\\BoundMethod::callBoundMethod()
#4 /var/www/emaparking_dss/vendor/laravel/framework/src/Illuminate/Container/Container.php(651): Illuminate\\Container\\BoundMethod::call()
#5 /var/www/emaparking_dss/vendor/laravel/framework/src/Illuminate/Foundation/Application.php(933): Illuminate\\Container\\Container->call()
#6 /var/www/emaparking_dss/vendor/laravel/framework/src/Illuminate/Foundation/Application.php(914): Illuminate\\Foundation\\Application->bootProvider()
#7 [internal function]: Illuminate\\Foundation\\Application->Illuminate\\Foundation\\{closure}()
#8 /var/www/emaparking_dss/vendor/laravel/framework/src/Illuminate/Foundation/Application.php(913): array_walk()
#9 /var/www/emaparking_dss/vendor/laravel/framework/src/Illuminate/Foundation/Bootstrap/BootProviders.php(17): Illuminate\\Foundation\\Application->boot()
#10 /var/www/emaparking_dss/vendor/laravel/framework/src/Illuminate/Foundation/Application.php(242): Illuminate\\Foundation\\Bootstrap\\BootProviders->bootstrap()
#11 /var/www/emaparking_dss/vendor/laravel/framework/src/Illuminate/Foundation/Console/Kernel.php(383): Illuminate\\Foundation\\Application->bootstrapWith()
#12 /var/www/emaparking_dss/vendor/laravel/framework/src/Illuminate/Foundation/Console/Kernel.php(153): Illuminate\\Foundation\\Console\\Kernel->bootstrap()
#13 Command line code(1): Illuminate\\Foundation\\Console\\Kernel->handle()
#14 {main}
"} 
[2025-03-24 16:31:59] local.ERROR: Class "\Themes\BC\ThemeProvider" not found {"exception":"[object] (Error(code: 0): Class \"\\Themes\\BC\\ThemeProvider\" not found at /var/www/emaparking_dss/themes/ThemeServiceProvider.php:23)
[stacktrace]
#0 /var/www/emaparking_dss/vendor/laravel/framework/src/Illuminate/Container/BoundMethod.php(36): Themes\\ThemeServiceProvider->boot()
#1 /var/www/emaparking_dss/vendor/laravel/framework/src/Illuminate/Container/Util.php(41): Illuminate\\Container\\BoundMethod::Illuminate\\Container\\{closure}()
#2 /var/www/emaparking_dss/vendor/laravel/framework/src/Illuminate/Container/BoundMethod.php(93): Illuminate\\Container\\Util::unwrapIfClosure()
#3 /var/www/emaparking_dss/vendor/laravel/framework/src/Illuminate/Container/BoundMethod.php(35): Illuminate\\Container\\BoundMethod::callBoundMethod()
#4 /var/www/emaparking_dss/vendor/laravel/framework/src/Illuminate/Container/Container.php(651): Illuminate\\Container\\BoundMethod::call()
#5 /var/www/emaparking_dss/vendor/laravel/framework/src/Illuminate/Foundation/Application.php(933): Illuminate\\Container\\Container->call()
#6 /var/www/emaparking_dss/vendor/laravel/framework/src/Illuminate/Foundation/Application.php(914): Illuminate\\Foundation\\Application->bootProvider()
#7 [internal function]: Illuminate\\Foundation\\Application->Illuminate\\Foundation\\{closure}()
#8 /var/www/emaparking_dss/vendor/laravel/framework/src/Illuminate/Foundation/Application.php(913): array_walk()
#9 /var/www/emaparking_dss/vendor/laravel/framework/src/Illuminate/Foundation/Bootstrap/BootProviders.php(17): Illuminate\\Foundation\\Application->boot()
#10 /var/www/emaparking_dss/vendor/laravel/framework/src/Illuminate/Foundation/Application.php(242): Illuminate\\Foundation\\Bootstrap\\BootProviders->bootstrap()
#11 /var/www/emaparking_dss/vendor/laravel/framework/src/Illuminate/Foundation/Console/Kernel.php(383): Illuminate\\Foundation\\Application->bootstrapWith()
#12 /var/www/emaparking_dss/vendor/laravel/framework/src/Illuminate/Foundation/Console/Kernel.php(153): Illuminate\\Foundation\\Console\\Kernel->bootstrap()
#13 Command line code(1): Illuminate\\Foundation\\Console\\Kernel->handle()
#14 {main}
"} 
[2025-03-24 16:31:59] local.ERROR: Class "\Themes\BC\ThemeProvider" not found {"exception":"[object] (Error(code: 0): Class \"\\Themes\\BC\\ThemeProvider\" not found at /var/www/emaparking_dss/themes/ThemeServiceProvider.php:23)
[stacktrace]
#0 /var/www/emaparking_dss/vendor/laravel/framework/src/Illuminate/Container/BoundMethod.php(36): Themes\\ThemeServiceProvider->boot()
#1 /var/www/emaparking_dss/vendor/laravel/framework/src/Illuminate/Container/Util.php(41): Illuminate\\Container\\BoundMethod::Illuminate\\Container\\{closure}()
#2 /var/www/emaparking_dss/vendor/laravel/framework/src/Illuminate/Container/BoundMethod.php(93): Illuminate\\Container\\Util::unwrapIfClosure()
#3 /var/www/emaparking_dss/vendor/laravel/framework/src/Illuminate/Container/BoundMethod.php(35): Illuminate\\Container\\BoundMethod::callBoundMethod()
#4 /var/www/emaparking_dss/vendor/laravel/framework/src/Illuminate/Container/Container.php(651): Illuminate\\Container\\BoundMethod::call()
#5 /var/www/emaparking_dss/vendor/laravel/framework/src/Illuminate/Foundation/Application.php(933): Illuminate\\Container\\Container->call()
#6 /var/www/emaparking_dss/vendor/laravel/framework/src/Illuminate/Foundation/Application.php(914): Illuminate\\Foundation\\Application->bootProvider()
#7 [internal function]: Illuminate\\Foundation\\Application->Illuminate\\Foundation\\{closure}()
#8 /var/www/emaparking_dss/vendor/laravel/framework/src/Illuminate/Foundation/Application.php(913): array_walk()
#9 /var/www/emaparking_dss/vendor/laravel/framework/src/Illuminate/Foundation/Bootstrap/BootProviders.php(17): Illuminate\\Foundation\\Application->boot()
#10 /var/www/emaparking_dss/vendor/laravel/framework/src/Illuminate/Foundation/Application.php(242): Illuminate\\Foundation\\Bootstrap\\BootProviders->bootstrap()
#11 /var/www/emaparking_dss/vendor/laravel/framework/src/Illuminate/Foundation/Console/Kernel.php(383): Illuminate\\Foundation\\Application->bootstrapWith()
#12 /var/www/emaparking_dss/vendor/laravel/framework/src/Illuminate/Foundation/Console/Kernel.php(153): Illuminate\\Foundation\\Console\\Kernel->bootstrap()
#13 Command line code(1): Illuminate\\Foundation\\Console\\Kernel->handle()
#14 {main}
"} 
[2025-03-24 16:32:59] local.ERROR: Class "\Themes\BC\ThemeProvider" not found {"exception":"[object] (Error(code: 0): Class \"\\Themes\\BC\\ThemeProvider\" not found at /var/www/emaparking_dss/themes/ThemeServiceProvider.php:23)
[stacktrace]
#0 /var/www/emaparking_dss/vendor/laravel/framework/src/Illuminate/Container/BoundMethod.php(36): Themes\\ThemeServiceProvider->boot()
#1 /var/www/emaparking_dss/vendor/laravel/framework/src/Illuminate/Container/Util.php(41): Illuminate\\Container\\BoundMethod::Illuminate\\Container\\{closure}()
#2 /var/www/emaparking_dss/vendor/laravel/framework/src/Illuminate/Container/BoundMethod.php(93): Illuminate\\Container\\Util::unwrapIfClosure()
#3 /var/www/emaparking_dss/vendor/laravel/framework/src/Illuminate/Container/BoundMethod.php(35): Illuminate\\Container\\BoundMethod::callBoundMethod()
#4 /var/www/emaparking_dss/vendor/laravel/framework/src/Illuminate/Container/Container.php(651): Illuminate\\Container\\BoundMethod::call()
#5 /var/www/emaparking_dss/vendor/laravel/framework/src/Illuminate/Foundation/Application.php(933): Illuminate\\Container\\Container->call()
#6 /var/www/emaparking_dss/vendor/laravel/framework/src/Illuminate/Foundation/Application.php(914): Illuminate\\Foundation\\Application->bootProvider()
#7 [internal function]: Illuminate\\Foundation\\Application->Illuminate\\Foundation\\{closure}()
#8 /var/www/emaparking_dss/vendor/laravel/framework/src/Illuminate/Foundation/Application.php(913): array_walk()
#9 /var/www/emaparking_dss/vendor/laravel/framework/src/Illuminate/Foundation/Bootstrap/BootProviders.php(17): Illuminate\\Foundation\\Application->boot()
#10 /var/www/emaparking_dss/vendor/laravel/framework/src/Illuminate/Foundation/Application.php(242): Illuminate\\Foundation\\Bootstrap\\BootProviders->bootstrap()
#11 /var/www/emaparking_dss/vendor/laravel/framework/src/Illuminate/Foundation/Console/Kernel.php(383): Illuminate\\Foundation\\Application->bootstrapWith()
#12 /var/www/emaparking_dss/vendor/laravel/framework/src/Illuminate/Foundation/Console/Kernel.php(153): Illuminate\\Foundation\\Console\\Kernel->bootstrap()
#13 Command line code(1): Illuminate\\Foundation\\Console\\Kernel->handle()
#14 {main}
"} 
[2025-03-24 16:32:59] local.ERROR: Class "\Themes\BC\ThemeProvider" not found {"exception":"[object] (Error(code: 0): Class \"\\Themes\\BC\\ThemeProvider\" not found at /var/www/emaparking_dss/themes/ThemeServiceProvider.php:23)
[stacktrace]
#0 /var/www/emaparking_dss/vendor/laravel/framework/src/Illuminate/Container/BoundMethod.php(36): Themes\\ThemeServiceProvider->boot()
#1 /var/www/emaparking_dss/vendor/laravel/framework/src/Illuminate/Container/Util.php(41): Illuminate\\Container\\BoundMethod::Illuminate\\Container\\{closure}()
#2 /var/www/emaparking_dss/vendor/laravel/framework/src/Illuminate/Container/BoundMethod.php(93): Illuminate\\Container\\Util::unwrapIfClosure()
#3 /var/www/emaparking_dss/vendor/laravel/framework/src/Illuminate/Container/BoundMethod.php(35): Illuminate\\Container\\BoundMethod::callBoundMethod()
#4 /var/www/emaparking_dss/vendor/laravel/framework/src/Illuminate/Container/Container.php(651): Illuminate\\Container\\BoundMethod::call()
#5 /var/www/emaparking_dss/vendor/laravel/framework/src/Illuminate/Foundation/Application.php(933): Illuminate\\Container\\Container->call()
#6 /var/www/emaparking_dss/vendor/laravel/framework/src/Illuminate/Foundation/Application.php(914): Illuminate\\Foundation\\Application->bootProvider()
#7 [internal function]: Illuminate\\Foundation\\Application->Illuminate\\Foundation\\{closure}()
#8 /var/www/emaparking_dss/vendor/laravel/framework/src/Illuminate/Foundation/Application.php(913): array_walk()
#9 /var/www/emaparking_dss/vendor/laravel/framework/src/Illuminate/Foundation/Bootstrap/BootProviders.php(17): Illuminate\\Foundation\\Application->boot()
#10 /var/www/emaparking_dss/vendor/laravel/framework/src/Illuminate/Foundation/Application.php(242): Illuminate\\Foundation\\Bootstrap\\BootProviders->bootstrap()
#11 /var/www/emaparking_dss/vendor/laravel/framework/src/Illuminate/Foundation/Console/Kernel.php(383): Illuminate\\Foundation\\Application->bootstrapWith()
#12 /var/www/emaparking_dss/vendor/laravel/framework/src/Illuminate/Foundation/Console/Kernel.php(153): Illuminate\\Foundation\\Console\\Kernel->bootstrap()
#13 Command line code(1): Illuminate\\Foundation\\Console\\Kernel->handle()
#14 {main}
"} 
[2025-03-24 16:33:59] local.ERROR: Class "\Themes\BC\ThemeProvider" not found {"exception":"[object] (Error(code: 0): Class \"\\Themes\\BC\\ThemeProvider\" not found at /var/www/emaparking_dss/themes/ThemeServiceProvider.php:23)
[stacktrace]
#0 /var/www/emaparking_dss/vendor/laravel/framework/src/Illuminate/Container/BoundMethod.php(36): Themes\\ThemeServiceProvider->boot()
#1 /var/www/emaparking_dss/vendor/laravel/framework/src/Illuminate/Container/Util.php(41): Illuminate\\Container\\BoundMethod::Illuminate\\Container\\{closure}()
#2 /var/www/emaparking_dss/vendor/laravel/framework/src/Illuminate/Container/BoundMethod.php(93): Illuminate\\Container\\Util::unwrapIfClosure()
#3 /var/www/emaparking_dss/vendor/laravel/framework/src/Illuminate/Container/BoundMethod.php(35): Illuminate\\Container\\BoundMethod::callBoundMethod()
#4 /var/www/emaparking_dss/vendor/laravel/framework/src/Illuminate/Container/Container.php(651): Illuminate\\Container\\BoundMethod::call()
#5 /var/www/emaparking_dss/vendor/laravel/framework/src/Illuminate/Foundation/Application.php(933): Illuminate\\Container\\Container->call()
#6 /var/www/emaparking_dss/vendor/laravel/framework/src/Illuminate/Foundation/Application.php(914): Illuminate\\Foundation\\Application->bootProvider()
#7 [internal function]: Illuminate\\Foundation\\Application->Illuminate\\Foundation\\{closure}()
#8 /var/www/emaparking_dss/vendor/laravel/framework/src/Illuminate/Foundation/Application.php(913): array_walk()
#9 /var/www/emaparking_dss/vendor/laravel/framework/src/Illuminate/Foundation/Bootstrap/BootProviders.php(17): Illuminate\\Foundation\\Application->boot()
#10 /var/www/emaparking_dss/vendor/laravel/framework/src/Illuminate/Foundation/Application.php(242): Illuminate\\Foundation\\Bootstrap\\BootProviders->bootstrap()
#11 /var/www/emaparking_dss/vendor/laravel/framework/src/Illuminate/Foundation/Console/Kernel.php(383): Illuminate\\Foundation\\Application->bootstrapWith()
#12 /var/www/emaparking_dss/vendor/laravel/framework/src/Illuminate/Foundation/Console/Kernel.php(153): Illuminate\\Foundation\\Console\\Kernel->bootstrap()
#13 Command line code(1): Illuminate\\Foundation\\Console\\Kernel->handle()
#14 {main}
"} 
[2025-03-24 16:33:59] local.ERROR: Class "\Themes\BC\ThemeProvider" not found {"exception":"[object] (Error(code: 0): Class \"\\Themes\\BC\\ThemeProvider\" not found at /var/www/emaparking_dss/themes/ThemeServiceProvider.php:23)
[stacktrace]
#0 /var/www/emaparking_dss/vendor/laravel/framework/src/Illuminate/Container/BoundMethod.php(36): Themes\\ThemeServiceProvider->boot()
#1 /var/www/emaparking_dss/vendor/laravel/framework/src/Illuminate/Container/Util.php(41): Illuminate\\Container\\BoundMethod::Illuminate\\Container\\{closure}()
#2 /var/www/emaparking_dss/vendor/laravel/framework/src/Illuminate/Container/BoundMethod.php(93): Illuminate\\Container\\Util::unwrapIfClosure()
#3 /var/www/emaparking_dss/vendor/laravel/framework/src/Illuminate/Container/BoundMethod.php(35): Illuminate\\Container\\BoundMethod::callBoundMethod()
#4 /var/www/emaparking_dss/vendor/laravel/framework/src/Illuminate/Container/Container.php(651): Illuminate\\Container\\BoundMethod::call()
#5 /var/www/emaparking_dss/vendor/laravel/framework/src/Illuminate/Foundation/Application.php(933): Illuminate\\Container\\Container->call()
#6 /var/www/emaparking_dss/vendor/laravel/framework/src/Illuminate/Foundation/Application.php(914): Illuminate\\Foundation\\Application->bootProvider()
#7 [internal function]: Illuminate\\Foundation\\Application->Illuminate\\Foundation\\{closure}()
#8 /var/www/emaparking_dss/vendor/laravel/framework/src/Illuminate/Foundation/Application.php(913): array_walk()
#9 /var/www/emaparking_dss/vendor/laravel/framework/src/Illuminate/Foundation/Bootstrap/BootProviders.php(17): Illuminate\\Foundation\\Application->boot()
#10 /var/www/emaparking_dss/vendor/laravel/framework/src/Illuminate/Foundation/Application.php(242): Illuminate\\Foundation\\Bootstrap\\BootProviders->bootstrap()
#11 /var/www/emaparking_dss/vendor/laravel/framework/src/Illuminate/Foundation/Console/Kernel.php(383): Illuminate\\Foundation\\Application->bootstrapWith()
#12 /var/www/emaparking_dss/vendor/laravel/framework/src/Illuminate/Foundation/Console/Kernel.php(153): Illuminate\\Foundation\\Console\\Kernel->bootstrap()
#13 Command line code(1): Illuminate\\Foundation\\Console\\Kernel->handle()
#14 {main}
"} 
[2025-03-24 16:34:59] local.ERROR: Class "\Themes\BC\ThemeProvider" not found {"exception":"[object] (Error(code: 0): Class \"\\Themes\\BC\\ThemeProvider\" not found at /var/www/emaparking_dss/themes/ThemeServiceProvider.php:23)
[stacktrace]
#0 /var/www/emaparking_dss/vendor/laravel/framework/src/Illuminate/Container/BoundMethod.php(36): Themes\\ThemeServiceProvider->boot()
#1 /var/www/emaparking_dss/vendor/laravel/framework/src/Illuminate/Container/Util.php(41): Illuminate\\Container\\BoundMethod::Illuminate\\Container\\{closure}()
#2 /var/www/emaparking_dss/vendor/laravel/framework/src/Illuminate/Container/BoundMethod.php(93): Illuminate\\Container\\Util::unwrapIfClosure()
#3 /var/www/emaparking_dss/vendor/laravel/framework/src/Illuminate/Container/BoundMethod.php(35): Illuminate\\Container\\BoundMethod::callBoundMethod()
#4 /var/www/emaparking_dss/vendor/laravel/framework/src/Illuminate/Container/Container.php(651): Illuminate\\Container\\BoundMethod::call()
#5 /var/www/emaparking_dss/vendor/laravel/framework/src/Illuminate/Foundation/Application.php(933): Illuminate\\Container\\Container->call()
#6 /var/www/emaparking_dss/vendor/laravel/framework/src/Illuminate/Foundation/Application.php(914): Illuminate\\Foundation\\Application->bootProvider()
#7 [internal function]: Illuminate\\Foundation\\Application->Illuminate\\Foundation\\{closure}()
#8 /var/www/emaparking_dss/vendor/laravel/framework/src/Illuminate/Foundation/Application.php(913): array_walk()
#9 /var/www/emaparking_dss/vendor/laravel/framework/src/Illuminate/Foundation/Bootstrap/BootProviders.php(17): Illuminate\\Foundation\\Application->boot()
#10 /var/www/emaparking_dss/vendor/laravel/framework/src/Illuminate/Foundation/Application.php(242): Illuminate\\Foundation\\Bootstrap\\BootProviders->bootstrap()
#11 /var/www/emaparking_dss/vendor/laravel/framework/src/Illuminate/Foundation/Console/Kernel.php(383): Illuminate\\Foundation\\Application->bootstrapWith()
#12 /var/www/emaparking_dss/vendor/laravel/framework/src/Illuminate/Foundation/Console/Kernel.php(153): Illuminate\\Foundation\\Console\\Kernel->bootstrap()
#13 Command line code(1): Illuminate\\Foundation\\Console\\Kernel->handle()
#14 {main}
"} 
[2025-03-24 16:34:59] local.ERROR: Class "\Themes\BC\ThemeProvider" not found {"exception":"[object] (Error(code: 0): Class \"\\Themes\\BC\\ThemeProvider\" not found at /var/www/emaparking_dss/themes/ThemeServiceProvider.php:23)
[stacktrace]
#0 /var/www/emaparking_dss/vendor/laravel/framework/src/Illuminate/Container/BoundMethod.php(36): Themes\\ThemeServiceProvider->boot()
#1 /var/www/emaparking_dss/vendor/laravel/framework/src/Illuminate/Container/Util.php(41): Illuminate\\Container\\BoundMethod::Illuminate\\Container\\{closure}()
#2 /var/www/emaparking_dss/vendor/laravel/framework/src/Illuminate/Container/BoundMethod.php(93): Illuminate\\Container\\Util::unwrapIfClosure()
#3 /var/www/emaparking_dss/vendor/laravel/framework/src/Illuminate/Container/BoundMethod.php(35): Illuminate\\Container\\BoundMethod::callBoundMethod()
#4 /var/www/emaparking_dss/vendor/laravel/framework/src/Illuminate/Container/Container.php(651): Illuminate\\Container\\BoundMethod::call()
#5 /var/www/emaparking_dss/vendor/laravel/framework/src/Illuminate/Foundation/Application.php(933): Illuminate\\Container\\Container->call()
#6 /var/www/emaparking_dss/vendor/laravel/framework/src/Illuminate/Foundation/Application.php(914): Illuminate\\Foundation\\Application->bootProvider()
#7 [internal function]: Illuminate\\Foundation\\Application->Illuminate\\Foundation\\{closure}()
#8 /var/www/emaparking_dss/vendor/laravel/framework/src/Illuminate/Foundation/Application.php(913): array_walk()
#9 /var/www/emaparking_dss/vendor/laravel/framework/src/Illuminate/Foundation/Bootstrap/BootProviders.php(17): Illuminate\\Foundation\\Application->boot()
#10 /var/www/emaparking_dss/vendor/laravel/framework/src/Illuminate/Foundation/Application.php(242): Illuminate\\Foundation\\Bootstrap\\BootProviders->bootstrap()
#11 /var/www/emaparking_dss/vendor/laravel/framework/src/Illuminate/Foundation/Console/Kernel.php(383): Illuminate\\Foundation\\Application->bootstrapWith()
#12 /var/www/emaparking_dss/vendor/laravel/framework/src/Illuminate/Foundation/Console/Kernel.php(153): Illuminate\\Foundation\\Console\\Kernel->bootstrap()
#13 Command line code(1): Illuminate\\Foundation\\Console\\Kernel->handle()
#14 {main}
"} 
