[2025-03-11 16:59:40] local.ERROR: Class "\Themes\BC\ThemeProvider" not found {"exception":"[object] (Error(code: 0): Class \"\\Themes\\BC\\ThemeProvider\" not found at /var/www/emaparking_dss/themes/ThemeServiceProvider.php:23)
[stacktrace]
#0 /var/www/emaparking_dss/vendor/laravel/framework/src/Illuminate/Container/BoundMethod.php(36): Themes\\ThemeServiceProvider->boot()
#1 /var/www/emaparking_dss/vendor/laravel/framework/src/Illuminate/Container/Util.php(41): Illuminate\\Container\\BoundMethod::Illuminate\\Container\\{closure}()
#2 /var/www/emaparking_dss/vendor/laravel/framework/src/Illuminate/Container/BoundMethod.php(93): Illuminate\\Container\\Util::unwrapIfClosure()
#3 /var/www/emaparking_dss/vendor/laravel/framework/src/Illuminate/Container/BoundMethod.php(35): Illuminate\\Container\\BoundMethod::callBoundMethod()
#4 /var/www/emaparking_dss/vendor/laravel/framework/src/Illuminate/Container/Container.php(651): Illuminate\\Container\\BoundMethod::call()
#5 /var/www/emaparking_dss/vendor/laravel/framework/src/Illuminate/Foundation/Application.php(933): Illuminate\\Container\\Container->call()
#6 /var/www/emaparking_dss/vendor/laravel/framework/src/Illuminate/Foundation/Application.php(914): Illuminate\\Foundation\\Application->bootProvider()
#7 [internal function]: Illuminate\\Foundation\\Application->Illuminate\\Foundation\\{closure}()
#8 /var/www/emaparking_dss/vendor/laravel/framework/src/Illuminate/Foundation/Application.php(913): array_walk()
#9 /var/www/emaparking_dss/vendor/laravel/framework/src/Illuminate/Foundation/Bootstrap/BootProviders.php(17): Illuminate\\Foundation\\Application->boot()
#10 /var/www/emaparking_dss/vendor/laravel/framework/src/Illuminate/Foundation/Application.php(242): Illuminate\\Foundation\\Bootstrap\\BootProviders->bootstrap()
#11 /var/www/emaparking_dss/vendor/laravel/framework/src/Illuminate/Foundation/Console/Kernel.php(383): Illuminate\\Foundation\\Application->bootstrapWith()
#12 /var/www/emaparking_dss/vendor/laravel/framework/src/Illuminate/Foundation/Console/Kernel.php(153): Illuminate\\Foundation\\Console\\Kernel->bootstrap()
#13 Command line code(1): Illuminate\\Foundation\\Console\\Kernel->handle()
#14 {main}
"} 
[2025-03-11 16:59:40] local.ERROR: Class "\Themes\BC\ThemeProvider" not found {"exception":"[object] (Error(code: 0): Class \"\\Themes\\BC\\ThemeProvider\" not found at /var/www/emaparking_dss/themes/ThemeServiceProvider.php:23)
[stacktrace]
#0 /var/www/emaparking_dss/vendor/laravel/framework/src/Illuminate/Container/BoundMethod.php(36): Themes\\ThemeServiceProvider->boot()
#1 /var/www/emaparking_dss/vendor/laravel/framework/src/Illuminate/Container/Util.php(41): Illuminate\\Container\\BoundMethod::Illuminate\\Container\\{closure}()
#2 /var/www/emaparking_dss/vendor/laravel/framework/src/Illuminate/Container/BoundMethod.php(93): Illuminate\\Container\\Util::unwrapIfClosure()
#3 /var/www/emaparking_dss/vendor/laravel/framework/src/Illuminate/Container/BoundMethod.php(35): Illuminate\\Container\\BoundMethod::callBoundMethod()
#4 /var/www/emaparking_dss/vendor/laravel/framework/src/Illuminate/Container/Container.php(651): Illuminate\\Container\\BoundMethod::call()
#5 /var/www/emaparking_dss/vendor/laravel/framework/src/Illuminate/Foundation/Application.php(933): Illuminate\\Container\\Container->call()
#6 /var/www/emaparking_dss/vendor/laravel/framework/src/Illuminate/Foundation/Application.php(914): Illuminate\\Foundation\\Application->bootProvider()
#7 [internal function]: Illuminate\\Foundation\\Application->Illuminate\\Foundation\\{closure}()
#8 /var/www/emaparking_dss/vendor/laravel/framework/src/Illuminate/Foundation/Application.php(913): array_walk()
#9 /var/www/emaparking_dss/vendor/laravel/framework/src/Illuminate/Foundation/Bootstrap/BootProviders.php(17): Illuminate\\Foundation\\Application->boot()
#10 /var/www/emaparking_dss/vendor/laravel/framework/src/Illuminate/Foundation/Application.php(242): Illuminate\\Foundation\\Bootstrap\\BootProviders->bootstrap()
#11 /var/www/emaparking_dss/vendor/laravel/framework/src/Illuminate/Foundation/Console/Kernel.php(383): Illuminate\\Foundation\\Application->bootstrapWith()
#12 /var/www/emaparking_dss/vendor/laravel/framework/src/Illuminate/Foundation/Console/Kernel.php(153): Illuminate\\Foundation\\Console\\Kernel->bootstrap()
#13 Command line code(1): Illuminate\\Foundation\\Console\\Kernel->handle()
#14 {main}
"} 
[2025-03-11 16:59:40] local.ERROR: Class "\Themes\BC\ThemeProvider" not found {"exception":"[object] (Error(code: 0): Class \"\\Themes\\BC\\ThemeProvider\" not found at /var/www/emaparking_dss/themes/ThemeServiceProvider.php:23)
[stacktrace]
#0 /var/www/emaparking_dss/vendor/laravel/framework/src/Illuminate/Container/BoundMethod.php(36): Themes\\ThemeServiceProvider->boot()
#1 /var/www/emaparking_dss/vendor/laravel/framework/src/Illuminate/Container/Util.php(41): Illuminate\\Container\\BoundMethod::Illuminate\\Container\\{closure}()
#2 /var/www/emaparking_dss/vendor/laravel/framework/src/Illuminate/Container/BoundMethod.php(93): Illuminate\\Container\\Util::unwrapIfClosure()
#3 /var/www/emaparking_dss/vendor/laravel/framework/src/Illuminate/Container/BoundMethod.php(35): Illuminate\\Container\\BoundMethod::callBoundMethod()
#4 /var/www/emaparking_dss/vendor/laravel/framework/src/Illuminate/Container/Container.php(651): Illuminate\\Container\\BoundMethod::call()
#5 /var/www/emaparking_dss/vendor/laravel/framework/src/Illuminate/Foundation/Application.php(933): Illuminate\\Container\\Container->call()
#6 /var/www/emaparking_dss/vendor/laravel/framework/src/Illuminate/Foundation/Application.php(914): Illuminate\\Foundation\\Application->bootProvider()
#7 [internal function]: Illuminate\\Foundation\\Application->Illuminate\\Foundation\\{closure}()
#8 /var/www/emaparking_dss/vendor/laravel/framework/src/Illuminate/Foundation/Application.php(913): array_walk()
#9 /var/www/emaparking_dss/vendor/laravel/framework/src/Illuminate/Foundation/Bootstrap/BootProviders.php(17): Illuminate\\Foundation\\Application->boot()
#10 /var/www/emaparking_dss/vendor/laravel/framework/src/Illuminate/Foundation/Application.php(242): Illuminate\\Foundation\\Bootstrap\\BootProviders->bootstrap()
#11 /var/www/emaparking_dss/vendor/laravel/framework/src/Illuminate/Foundation/Console/Kernel.php(383): Illuminate\\Foundation\\Application->bootstrapWith()
#12 /var/www/emaparking_dss/vendor/laravel/framework/src/Illuminate/Foundation/Console/Kernel.php(153): Illuminate\\Foundation\\Console\\Kernel->bootstrap()
#13 Command line code(1): Illuminate\\Foundation\\Console\\Kernel->handle()
#14 {main}
"} 
[2025-03-11 16:59:40] local.ERROR: Class "\Themes\BC\ThemeProvider" not found {"exception":"[object] (Error(code: 0): Class \"\\Themes\\BC\\ThemeProvider\" not found at /var/www/emaparking_dss/themes/ThemeServiceProvider.php:23)
[stacktrace]
#0 /var/www/emaparking_dss/vendor/laravel/framework/src/Illuminate/Container/BoundMethod.php(36): Themes\\ThemeServiceProvider->boot()
#1 /var/www/emaparking_dss/vendor/laravel/framework/src/Illuminate/Container/Util.php(41): Illuminate\\Container\\BoundMethod::Illuminate\\Container\\{closure}()
#2 /var/www/emaparking_dss/vendor/laravel/framework/src/Illuminate/Container/BoundMethod.php(93): Illuminate\\Container\\Util::unwrapIfClosure()
#3 /var/www/emaparking_dss/vendor/laravel/framework/src/Illuminate/Container/BoundMethod.php(35): Illuminate\\Container\\BoundMethod::callBoundMethod()
#4 /var/www/emaparking_dss/vendor/laravel/framework/src/Illuminate/Container/Container.php(651): Illuminate\\Container\\BoundMethod::call()
#5 /var/www/emaparking_dss/vendor/laravel/framework/src/Illuminate/Foundation/Application.php(933): Illuminate\\Container\\Container->call()
#6 /var/www/emaparking_dss/vendor/laravel/framework/src/Illuminate/Foundation/Application.php(914): Illuminate\\Foundation\\Application->bootProvider()
#7 [internal function]: Illuminate\\Foundation\\Application->Illuminate\\Foundation\\{closure}()
#8 /var/www/emaparking_dss/vendor/laravel/framework/src/Illuminate/Foundation/Application.php(913): array_walk()
#9 /var/www/emaparking_dss/vendor/laravel/framework/src/Illuminate/Foundation/Bootstrap/BootProviders.php(17): Illuminate\\Foundation\\Application->boot()
#10 /var/www/emaparking_dss/vendor/laravel/framework/src/Illuminate/Foundation/Application.php(242): Illuminate\\Foundation\\Bootstrap\\BootProviders->bootstrap()
#11 /var/www/emaparking_dss/vendor/laravel/framework/src/Illuminate/Foundation/Console/Kernel.php(383): Illuminate\\Foundation\\Application->bootstrapWith()
#12 /var/www/emaparking_dss/vendor/laravel/framework/src/Illuminate/Foundation/Console/Kernel.php(153): Illuminate\\Foundation\\Console\\Kernel->bootstrap()
#13 Command line code(1): Illuminate\\Foundation\\Console\\Kernel->handle()
#14 {main}
"} 
[2025-03-11 16:59:40] local.ERROR: Class "\Themes\BC\ThemeProvider" not found {"exception":"[object] (Error(code: 0): Class \"\\Themes\\BC\\ThemeProvider\" not found at /var/www/emaparking_dss/themes/ThemeServiceProvider.php:23)
[stacktrace]
#0 /var/www/emaparking_dss/vendor/laravel/framework/src/Illuminate/Container/BoundMethod.php(36): Themes\\ThemeServiceProvider->boot()
#1 /var/www/emaparking_dss/vendor/laravel/framework/src/Illuminate/Container/Util.php(41): Illuminate\\Container\\BoundMethod::Illuminate\\Container\\{closure}()
#2 /var/www/emaparking_dss/vendor/laravel/framework/src/Illuminate/Container/BoundMethod.php(93): Illuminate\\Container\\Util::unwrapIfClosure()
#3 /var/www/emaparking_dss/vendor/laravel/framework/src/Illuminate/Container/BoundMethod.php(35): Illuminate\\Container\\BoundMethod::callBoundMethod()
#4 /var/www/emaparking_dss/vendor/laravel/framework/src/Illuminate/Container/Container.php(651): Illuminate\\Container\\BoundMethod::call()
#5 /var/www/emaparking_dss/vendor/laravel/framework/src/Illuminate/Foundation/Application.php(933): Illuminate\\Container\\Container->call()
#6 /var/www/emaparking_dss/vendor/laravel/framework/src/Illuminate/Foundation/Application.php(914): Illuminate\\Foundation\\Application->bootProvider()
#7 [internal function]: Illuminate\\Foundation\\Application->Illuminate\\Foundation\\{closure}()
#8 /var/www/emaparking_dss/vendor/laravel/framework/src/Illuminate/Foundation/Application.php(913): array_walk()
#9 /var/www/emaparking_dss/vendor/laravel/framework/src/Illuminate/Foundation/Bootstrap/BootProviders.php(17): Illuminate\\Foundation\\Application->boot()
#10 /var/www/emaparking_dss/vendor/laravel/framework/src/Illuminate/Foundation/Application.php(242): Illuminate\\Foundation\\Bootstrap\\BootProviders->bootstrap()
#11 /var/www/emaparking_dss/vendor/laravel/framework/src/Illuminate/Foundation/Console/Kernel.php(383): Illuminate\\Foundation\\Application->bootstrapWith()
#12 /var/www/emaparking_dss/vendor/laravel/framework/src/Illuminate/Foundation/Console/Kernel.php(153): Illuminate\\Foundation\\Console\\Kernel->bootstrap()
#13 Command line code(1): Illuminate\\Foundation\\Console\\Kernel->handle()
#14 {main}
"} 
[2025-03-11 16:59:40] local.ERROR: Class "\Themes\BC\ThemeProvider" not found {"exception":"[object] (Error(code: 0): Class \"\\Themes\\BC\\ThemeProvider\" not found at /var/www/emaparking_dss/themes/ThemeServiceProvider.php:23)
[stacktrace]
#0 /var/www/emaparking_dss/vendor/laravel/framework/src/Illuminate/Container/BoundMethod.php(36): Themes\\ThemeServiceProvider->boot()
#1 /var/www/emaparking_dss/vendor/laravel/framework/src/Illuminate/Container/Util.php(41): Illuminate\\Container\\BoundMethod::Illuminate\\Container\\{closure}()
#2 /var/www/emaparking_dss/vendor/laravel/framework/src/Illuminate/Container/BoundMethod.php(93): Illuminate\\Container\\Util::unwrapIfClosure()
#3 /var/www/emaparking_dss/vendor/laravel/framework/src/Illuminate/Container/BoundMethod.php(35): Illuminate\\Container\\BoundMethod::callBoundMethod()
#4 /var/www/emaparking_dss/vendor/laravel/framework/src/Illuminate/Container/Container.php(651): Illuminate\\Container\\BoundMethod::call()
#5 /var/www/emaparking_dss/vendor/laravel/framework/src/Illuminate/Foundation/Application.php(933): Illuminate\\Container\\Container->call()
#6 /var/www/emaparking_dss/vendor/laravel/framework/src/Illuminate/Foundation/Application.php(914): Illuminate\\Foundation\\Application->bootProvider()
#7 [internal function]: Illuminate\\Foundation\\Application->Illuminate\\Foundation\\{closure}()
#8 /var/www/emaparking_dss/vendor/laravel/framework/src/Illuminate/Foundation/Application.php(913): array_walk()
#9 /var/www/emaparking_dss/vendor/laravel/framework/src/Illuminate/Foundation/Bootstrap/BootProviders.php(17): Illuminate\\Foundation\\Application->boot()
#10 /var/www/emaparking_dss/vendor/laravel/framework/src/Illuminate/Foundation/Application.php(242): Illuminate\\Foundation\\Bootstrap\\BootProviders->bootstrap()
#11 /var/www/emaparking_dss/vendor/laravel/framework/src/Illuminate/Foundation/Console/Kernel.php(383): Illuminate\\Foundation\\Application->bootstrapWith()
#12 /var/www/emaparking_dss/vendor/laravel/framework/src/Illuminate/Foundation/Console/Kernel.php(153): Illuminate\\Foundation\\Console\\Kernel->bootstrap()
#13 Command line code(1): Illuminate\\Foundation\\Console\\Kernel->handle()
#14 {main}
"} 
[2025-03-11 16:59:40] local.ERROR: Class "\Themes\BC\ThemeProvider" not found {"exception":"[object] (Error(code: 0): Class \"\\Themes\\BC\\ThemeProvider\" not found at /var/www/emaparking_dss/themes/ThemeServiceProvider.php:23)
[stacktrace]
#0 /var/www/emaparking_dss/vendor/laravel/framework/src/Illuminate/Container/BoundMethod.php(36): Themes\\ThemeServiceProvider->boot()
#1 /var/www/emaparking_dss/vendor/laravel/framework/src/Illuminate/Container/Util.php(41): Illuminate\\Container\\BoundMethod::Illuminate\\Container\\{closure}()
#2 /var/www/emaparking_dss/vendor/laravel/framework/src/Illuminate/Container/BoundMethod.php(93): Illuminate\\Container\\Util::unwrapIfClosure()
#3 /var/www/emaparking_dss/vendor/laravel/framework/src/Illuminate/Container/BoundMethod.php(35): Illuminate\\Container\\BoundMethod::callBoundMethod()
#4 /var/www/emaparking_dss/vendor/laravel/framework/src/Illuminate/Container/Container.php(651): Illuminate\\Container\\BoundMethod::call()
#5 /var/www/emaparking_dss/vendor/laravel/framework/src/Illuminate/Foundation/Application.php(933): Illuminate\\Container\\Container->call()
#6 /var/www/emaparking_dss/vendor/laravel/framework/src/Illuminate/Foundation/Application.php(914): Illuminate\\Foundation\\Application->bootProvider()
#7 [internal function]: Illuminate\\Foundation\\Application->Illuminate\\Foundation\\{closure}()
#8 /var/www/emaparking_dss/vendor/laravel/framework/src/Illuminate/Foundation/Application.php(913): array_walk()
#9 /var/www/emaparking_dss/vendor/laravel/framework/src/Illuminate/Foundation/Bootstrap/BootProviders.php(17): Illuminate\\Foundation\\Application->boot()
#10 /var/www/emaparking_dss/vendor/laravel/framework/src/Illuminate/Foundation/Application.php(242): Illuminate\\Foundation\\Bootstrap\\BootProviders->bootstrap()
#11 /var/www/emaparking_dss/vendor/laravel/framework/src/Illuminate/Foundation/Console/Kernel.php(383): Illuminate\\Foundation\\Application->bootstrapWith()
#12 /var/www/emaparking_dss/vendor/laravel/framework/src/Illuminate/Foundation/Console/Kernel.php(153): Illuminate\\Foundation\\Console\\Kernel->bootstrap()
#13 Command line code(1): Illuminate\\Foundation\\Console\\Kernel->handle()
#14 {main}
"} 
[2025-03-11 16:59:40] local.ERROR: Class "\Themes\BC\ThemeProvider" not found {"exception":"[object] (Error(code: 0): Class \"\\Themes\\BC\\ThemeProvider\" not found at /var/www/emaparking_dss/themes/ThemeServiceProvider.php:23)
[stacktrace]
#0 /var/www/emaparking_dss/vendor/laravel/framework/src/Illuminate/Container/BoundMethod.php(36): Themes\\ThemeServiceProvider->boot()
#1 /var/www/emaparking_dss/vendor/laravel/framework/src/Illuminate/Container/Util.php(41): Illuminate\\Container\\BoundMethod::Illuminate\\Container\\{closure}()
#2 /var/www/emaparking_dss/vendor/laravel/framework/src/Illuminate/Container/BoundMethod.php(93): Illuminate\\Container\\Util::unwrapIfClosure()
#3 /var/www/emaparking_dss/vendor/laravel/framework/src/Illuminate/Container/BoundMethod.php(35): Illuminate\\Container\\BoundMethod::callBoundMethod()
#4 /var/www/emaparking_dss/vendor/laravel/framework/src/Illuminate/Container/Container.php(651): Illuminate\\Container\\BoundMethod::call()
#5 /var/www/emaparking_dss/vendor/laravel/framework/src/Illuminate/Foundation/Application.php(933): Illuminate\\Container\\Container->call()
#6 /var/www/emaparking_dss/vendor/laravel/framework/src/Illuminate/Foundation/Application.php(914): Illuminate\\Foundation\\Application->bootProvider()
#7 [internal function]: Illuminate\\Foundation\\Application->Illuminate\\Foundation\\{closure}()
#8 /var/www/emaparking_dss/vendor/laravel/framework/src/Illuminate/Foundation/Application.php(913): array_walk()
#9 /var/www/emaparking_dss/vendor/laravel/framework/src/Illuminate/Foundation/Bootstrap/BootProviders.php(17): Illuminate\\Foundation\\Application->boot()
#10 /var/www/emaparking_dss/vendor/laravel/framework/src/Illuminate/Foundation/Application.php(242): Illuminate\\Foundation\\Bootstrap\\BootProviders->bootstrap()
#11 /var/www/emaparking_dss/vendor/laravel/framework/src/Illuminate/Foundation/Console/Kernel.php(383): Illuminate\\Foundation\\Application->bootstrapWith()
#12 /var/www/emaparking_dss/vendor/laravel/framework/src/Illuminate/Foundation/Console/Kernel.php(153): Illuminate\\Foundation\\Console\\Kernel->bootstrap()
#13 Command line code(1): Illuminate\\Foundation\\Console\\Kernel->handle()
#14 {main}
"} 
[2025-03-11 16:59:40] local.ERROR: Class "\Themes\BC\ThemeProvider" not found {"exception":"[object] (Error(code: 0): Class \"\\Themes\\BC\\ThemeProvider\" not found at /var/www/emaparking_dss/themes/ThemeServiceProvider.php:23)
[stacktrace]
#0 /var/www/emaparking_dss/vendor/laravel/framework/src/Illuminate/Container/BoundMethod.php(36): Themes\\ThemeServiceProvider->boot()
#1 /var/www/emaparking_dss/vendor/laravel/framework/src/Illuminate/Container/Util.php(41): Illuminate\\Container\\BoundMethod::Illuminate\\Container\\{closure}()
#2 /var/www/emaparking_dss/vendor/laravel/framework/src/Illuminate/Container/BoundMethod.php(93): Illuminate\\Container\\Util::unwrapIfClosure()
#3 /var/www/emaparking_dss/vendor/laravel/framework/src/Illuminate/Container/BoundMethod.php(35): Illuminate\\Container\\BoundMethod::callBoundMethod()
#4 /var/www/emaparking_dss/vendor/laravel/framework/src/Illuminate/Container/Container.php(651): Illuminate\\Container\\BoundMethod::call()
#5 /var/www/emaparking_dss/vendor/laravel/framework/src/Illuminate/Foundation/Application.php(933): Illuminate\\Container\\Container->call()
#6 /var/www/emaparking_dss/vendor/laravel/framework/src/Illuminate/Foundation/Application.php(914): Illuminate\\Foundation\\Application->bootProvider()
#7 [internal function]: Illuminate\\Foundation\\Application->Illuminate\\Foundation\\{closure}()
#8 /var/www/emaparking_dss/vendor/laravel/framework/src/Illuminate/Foundation/Application.php(913): array_walk()
#9 /var/www/emaparking_dss/vendor/laravel/framework/src/Illuminate/Foundation/Bootstrap/BootProviders.php(17): Illuminate\\Foundation\\Application->boot()
#10 /var/www/emaparking_dss/vendor/laravel/framework/src/Illuminate/Foundation/Application.php(242): Illuminate\\Foundation\\Bootstrap\\BootProviders->bootstrap()
#11 /var/www/emaparking_dss/vendor/laravel/framework/src/Illuminate/Foundation/Console/Kernel.php(383): Illuminate\\Foundation\\Application->bootstrapWith()
#12 /var/www/emaparking_dss/vendor/laravel/framework/src/Illuminate/Foundation/Console/Kernel.php(153): Illuminate\\Foundation\\Console\\Kernel->bootstrap()
#13 Command line code(1): Illuminate\\Foundation\\Console\\Kernel->handle()
#14 {main}
"} 
[2025-03-11 17:00:40] local.ERROR: Class "\Themes\BC\ThemeProvider" not found {"exception":"[object] (Error(code: 0): Class \"\\Themes\\BC\\ThemeProvider\" not found at /var/www/emaparking_dss/themes/ThemeServiceProvider.php:23)
[stacktrace]
#0 /var/www/emaparking_dss/vendor/laravel/framework/src/Illuminate/Container/BoundMethod.php(36): Themes\\ThemeServiceProvider->boot()
#1 /var/www/emaparking_dss/vendor/laravel/framework/src/Illuminate/Container/Util.php(41): Illuminate\\Container\\BoundMethod::Illuminate\\Container\\{closure}()
#2 /var/www/emaparking_dss/vendor/laravel/framework/src/Illuminate/Container/BoundMethod.php(93): Illuminate\\Container\\Util::unwrapIfClosure()
#3 /var/www/emaparking_dss/vendor/laravel/framework/src/Illuminate/Container/BoundMethod.php(35): Illuminate\\Container\\BoundMethod::callBoundMethod()
#4 /var/www/emaparking_dss/vendor/laravel/framework/src/Illuminate/Container/Container.php(651): Illuminate\\Container\\BoundMethod::call()
#5 /var/www/emaparking_dss/vendor/laravel/framework/src/Illuminate/Foundation/Application.php(933): Illuminate\\Container\\Container->call()
#6 /var/www/emaparking_dss/vendor/laravel/framework/src/Illuminate/Foundation/Application.php(914): Illuminate\\Foundation\\Application->bootProvider()
#7 [internal function]: Illuminate\\Foundation\\Application->Illuminate\\Foundation\\{closure}()
#8 /var/www/emaparking_dss/vendor/laravel/framework/src/Illuminate/Foundation/Application.php(913): array_walk()
#9 /var/www/emaparking_dss/vendor/laravel/framework/src/Illuminate/Foundation/Bootstrap/BootProviders.php(17): Illuminate\\Foundation\\Application->boot()
#10 /var/www/emaparking_dss/vendor/laravel/framework/src/Illuminate/Foundation/Application.php(242): Illuminate\\Foundation\\Bootstrap\\BootProviders->bootstrap()
#11 /var/www/emaparking_dss/vendor/laravel/framework/src/Illuminate/Foundation/Console/Kernel.php(383): Illuminate\\Foundation\\Application->bootstrapWith()
#12 /var/www/emaparking_dss/vendor/laravel/framework/src/Illuminate/Foundation/Console/Kernel.php(153): Illuminate\\Foundation\\Console\\Kernel->bootstrap()
#13 Command line code(1): Illuminate\\Foundation\\Console\\Kernel->handle()
#14 {main}
"} 
[2025-03-11 17:00:40] local.ERROR: Class "\Themes\BC\ThemeProvider" not found {"exception":"[object] (Error(code: 0): Class \"\\Themes\\BC\\ThemeProvider\" not found at /var/www/emaparking_dss/themes/ThemeServiceProvider.php:23)
[stacktrace]
#0 /var/www/emaparking_dss/vendor/laravel/framework/src/Illuminate/Container/BoundMethod.php(36): Themes\\ThemeServiceProvider->boot()
#1 /var/www/emaparking_dss/vendor/laravel/framework/src/Illuminate/Container/Util.php(41): Illuminate\\Container\\BoundMethod::Illuminate\\Container\\{closure}()
#2 /var/www/emaparking_dss/vendor/laravel/framework/src/Illuminate/Container/BoundMethod.php(93): Illuminate\\Container\\Util::unwrapIfClosure()
#3 /var/www/emaparking_dss/vendor/laravel/framework/src/Illuminate/Container/BoundMethod.php(35): Illuminate\\Container\\BoundMethod::callBoundMethod()
#4 /var/www/emaparking_dss/vendor/laravel/framework/src/Illuminate/Container/Container.php(651): Illuminate\\Container\\BoundMethod::call()
#5 /var/www/emaparking_dss/vendor/laravel/framework/src/Illuminate/Foundation/Application.php(933): Illuminate\\Container\\Container->call()
#6 /var/www/emaparking_dss/vendor/laravel/framework/src/Illuminate/Foundation/Application.php(914): Illuminate\\Foundation\\Application->bootProvider()
#7 [internal function]: Illuminate\\Foundation\\Application->Illuminate\\Foundation\\{closure}()
#8 /var/www/emaparking_dss/vendor/laravel/framework/src/Illuminate/Foundation/Application.php(913): array_walk()
#9 /var/www/emaparking_dss/vendor/laravel/framework/src/Illuminate/Foundation/Bootstrap/BootProviders.php(17): Illuminate\\Foundation\\Application->boot()
#10 /var/www/emaparking_dss/vendor/laravel/framework/src/Illuminate/Foundation/Application.php(242): Illuminate\\Foundation\\Bootstrap\\BootProviders->bootstrap()
#11 /var/www/emaparking_dss/vendor/laravel/framework/src/Illuminate/Foundation/Console/Kernel.php(383): Illuminate\\Foundation\\Application->bootstrapWith()
#12 /var/www/emaparking_dss/vendor/laravel/framework/src/Illuminate/Foundation/Console/Kernel.php(153): Illuminate\\Foundation\\Console\\Kernel->bootstrap()
#13 Command line code(1): Illuminate\\Foundation\\Console\\Kernel->handle()
#14 {main}
"} 
[2025-03-11 17:01:40] local.ERROR: Class "\Themes\BC\ThemeProvider" not found {"exception":"[object] (Error(code: 0): Class \"\\Themes\\BC\\ThemeProvider\" not found at /var/www/emaparking_dss/themes/ThemeServiceProvider.php:23)
[stacktrace]
#0 /var/www/emaparking_dss/vendor/laravel/framework/src/Illuminate/Container/BoundMethod.php(36): Themes\\ThemeServiceProvider->boot()
#1 /var/www/emaparking_dss/vendor/laravel/framework/src/Illuminate/Container/Util.php(41): Illuminate\\Container\\BoundMethod::Illuminate\\Container\\{closure}()
#2 /var/www/emaparking_dss/vendor/laravel/framework/src/Illuminate/Container/BoundMethod.php(93): Illuminate\\Container\\Util::unwrapIfClosure()
#3 /var/www/emaparking_dss/vendor/laravel/framework/src/Illuminate/Container/BoundMethod.php(35): Illuminate\\Container\\BoundMethod::callBoundMethod()
#4 /var/www/emaparking_dss/vendor/laravel/framework/src/Illuminate/Container/Container.php(651): Illuminate\\Container\\BoundMethod::call()
#5 /var/www/emaparking_dss/vendor/laravel/framework/src/Illuminate/Foundation/Application.php(933): Illuminate\\Container\\Container->call()
#6 /var/www/emaparking_dss/vendor/laravel/framework/src/Illuminate/Foundation/Application.php(914): Illuminate\\Foundation\\Application->bootProvider()
#7 [internal function]: Illuminate\\Foundation\\Application->Illuminate\\Foundation\\{closure}()
#8 /var/www/emaparking_dss/vendor/laravel/framework/src/Illuminate/Foundation/Application.php(913): array_walk()
#9 /var/www/emaparking_dss/vendor/laravel/framework/src/Illuminate/Foundation/Bootstrap/BootProviders.php(17): Illuminate\\Foundation\\Application->boot()
#10 /var/www/emaparking_dss/vendor/laravel/framework/src/Illuminate/Foundation/Application.php(242): Illuminate\\Foundation\\Bootstrap\\BootProviders->bootstrap()
#11 /var/www/emaparking_dss/vendor/laravel/framework/src/Illuminate/Foundation/Console/Kernel.php(383): Illuminate\\Foundation\\Application->bootstrapWith()
#12 /var/www/emaparking_dss/vendor/laravel/framework/src/Illuminate/Foundation/Console/Kernel.php(153): Illuminate\\Foundation\\Console\\Kernel->bootstrap()
#13 Command line code(1): Illuminate\\Foundation\\Console\\Kernel->handle()
#14 {main}
"} 
[2025-03-11 17:01:40] local.ERROR: Class "\Themes\BC\ThemeProvider" not found {"exception":"[object] (Error(code: 0): Class \"\\Themes\\BC\\ThemeProvider\" not found at /var/www/emaparking_dss/themes/ThemeServiceProvider.php:23)
[stacktrace]
#0 /var/www/emaparking_dss/vendor/laravel/framework/src/Illuminate/Container/BoundMethod.php(36): Themes\\ThemeServiceProvider->boot()
#1 /var/www/emaparking_dss/vendor/laravel/framework/src/Illuminate/Container/Util.php(41): Illuminate\\Container\\BoundMethod::Illuminate\\Container\\{closure}()
#2 /var/www/emaparking_dss/vendor/laravel/framework/src/Illuminate/Container/BoundMethod.php(93): Illuminate\\Container\\Util::unwrapIfClosure()
#3 /var/www/emaparking_dss/vendor/laravel/framework/src/Illuminate/Container/BoundMethod.php(35): Illuminate\\Container\\BoundMethod::callBoundMethod()
#4 /var/www/emaparking_dss/vendor/laravel/framework/src/Illuminate/Container/Container.php(651): Illuminate\\Container\\BoundMethod::call()
#5 /var/www/emaparking_dss/vendor/laravel/framework/src/Illuminate/Foundation/Application.php(933): Illuminate\\Container\\Container->call()
#6 /var/www/emaparking_dss/vendor/laravel/framework/src/Illuminate/Foundation/Application.php(914): Illuminate\\Foundation\\Application->bootProvider()
#7 [internal function]: Illuminate\\Foundation\\Application->Illuminate\\Foundation\\{closure}()
#8 /var/www/emaparking_dss/vendor/laravel/framework/src/Illuminate/Foundation/Application.php(913): array_walk()
#9 /var/www/emaparking_dss/vendor/laravel/framework/src/Illuminate/Foundation/Bootstrap/BootProviders.php(17): Illuminate\\Foundation\\Application->boot()
#10 /var/www/emaparking_dss/vendor/laravel/framework/src/Illuminate/Foundation/Application.php(242): Illuminate\\Foundation\\Bootstrap\\BootProviders->bootstrap()
#11 /var/www/emaparking_dss/vendor/laravel/framework/src/Illuminate/Foundation/Console/Kernel.php(383): Illuminate\\Foundation\\Application->bootstrapWith()
#12 /var/www/emaparking_dss/vendor/laravel/framework/src/Illuminate/Foundation/Console/Kernel.php(153): Illuminate\\Foundation\\Console\\Kernel->bootstrap()
#13 Command line code(1): Illuminate\\Foundation\\Console\\Kernel->handle()
#14 {main}
"} 
[2025-03-11 17:02:40] local.ERROR: Class "\Themes\BC\ThemeProvider" not found {"exception":"[object] (Error(code: 0): Class \"\\Themes\\BC\\ThemeProvider\" not found at /var/www/emaparking_dss/themes/ThemeServiceProvider.php:23)
[stacktrace]
#0 /var/www/emaparking_dss/vendor/laravel/framework/src/Illuminate/Container/BoundMethod.php(36): Themes\\ThemeServiceProvider->boot()
#1 /var/www/emaparking_dss/vendor/laravel/framework/src/Illuminate/Container/Util.php(41): Illuminate\\Container\\BoundMethod::Illuminate\\Container\\{closure}()
#2 /var/www/emaparking_dss/vendor/laravel/framework/src/Illuminate/Container/BoundMethod.php(93): Illuminate\\Container\\Util::unwrapIfClosure()
#3 /var/www/emaparking_dss/vendor/laravel/framework/src/Illuminate/Container/BoundMethod.php(35): Illuminate\\Container\\BoundMethod::callBoundMethod()
#4 /var/www/emaparking_dss/vendor/laravel/framework/src/Illuminate/Container/Container.php(651): Illuminate\\Container\\BoundMethod::call()
#5 /var/www/emaparking_dss/vendor/laravel/framework/src/Illuminate/Foundation/Application.php(933): Illuminate\\Container\\Container->call()
#6 /var/www/emaparking_dss/vendor/laravel/framework/src/Illuminate/Foundation/Application.php(914): Illuminate\\Foundation\\Application->bootProvider()
#7 [internal function]: Illuminate\\Foundation\\Application->Illuminate\\Foundation\\{closure}()
#8 /var/www/emaparking_dss/vendor/laravel/framework/src/Illuminate/Foundation/Application.php(913): array_walk()
#9 /var/www/emaparking_dss/vendor/laravel/framework/src/Illuminate/Foundation/Bootstrap/BootProviders.php(17): Illuminate\\Foundation\\Application->boot()
#10 /var/www/emaparking_dss/vendor/laravel/framework/src/Illuminate/Foundation/Application.php(242): Illuminate\\Foundation\\Bootstrap\\BootProviders->bootstrap()
#11 /var/www/emaparking_dss/vendor/laravel/framework/src/Illuminate/Foundation/Console/Kernel.php(383): Illuminate\\Foundation\\Application->bootstrapWith()
#12 /var/www/emaparking_dss/vendor/laravel/framework/src/Illuminate/Foundation/Console/Kernel.php(153): Illuminate\\Foundation\\Console\\Kernel->bootstrap()
#13 Command line code(1): Illuminate\\Foundation\\Console\\Kernel->handle()
#14 {main}
"} 
[2025-03-11 17:02:40] local.ERROR: Class "\Themes\BC\ThemeProvider" not found {"exception":"[object] (Error(code: 0): Class \"\\Themes\\BC\\ThemeProvider\" not found at /var/www/emaparking_dss/themes/ThemeServiceProvider.php:23)
[stacktrace]
#0 /var/www/emaparking_dss/vendor/laravel/framework/src/Illuminate/Container/BoundMethod.php(36): Themes\\ThemeServiceProvider->boot()
#1 /var/www/emaparking_dss/vendor/laravel/framework/src/Illuminate/Container/Util.php(41): Illuminate\\Container\\BoundMethod::Illuminate\\Container\\{closure}()
#2 /var/www/emaparking_dss/vendor/laravel/framework/src/Illuminate/Container/BoundMethod.php(93): Illuminate\\Container\\Util::unwrapIfClosure()
#3 /var/www/emaparking_dss/vendor/laravel/framework/src/Illuminate/Container/BoundMethod.php(35): Illuminate\\Container\\BoundMethod::callBoundMethod()
#4 /var/www/emaparking_dss/vendor/laravel/framework/src/Illuminate/Container/Container.php(651): Illuminate\\Container\\BoundMethod::call()
#5 /var/www/emaparking_dss/vendor/laravel/framework/src/Illuminate/Foundation/Application.php(933): Illuminate\\Container\\Container->call()
#6 /var/www/emaparking_dss/vendor/laravel/framework/src/Illuminate/Foundation/Application.php(914): Illuminate\\Foundation\\Application->bootProvider()
#7 [internal function]: Illuminate\\Foundation\\Application->Illuminate\\Foundation\\{closure}()
#8 /var/www/emaparking_dss/vendor/laravel/framework/src/Illuminate/Foundation/Application.php(913): array_walk()
#9 /var/www/emaparking_dss/vendor/laravel/framework/src/Illuminate/Foundation/Bootstrap/BootProviders.php(17): Illuminate\\Foundation\\Application->boot()
#10 /var/www/emaparking_dss/vendor/laravel/framework/src/Illuminate/Foundation/Application.php(242): Illuminate\\Foundation\\Bootstrap\\BootProviders->bootstrap()
#11 /var/www/emaparking_dss/vendor/laravel/framework/src/Illuminate/Foundation/Console/Kernel.php(383): Illuminate\\Foundation\\Application->bootstrapWith()
#12 /var/www/emaparking_dss/vendor/laravel/framework/src/Illuminate/Foundation/Console/Kernel.php(153): Illuminate\\Foundation\\Console\\Kernel->bootstrap()
#13 Command line code(1): Illuminate\\Foundation\\Console\\Kernel->handle()
#14 {main}
"} 
[2025-03-11 17:03:40] local.ERROR: Class "\Themes\BC\ThemeProvider" not found {"exception":"[object] (Error(code: 0): Class \"\\Themes\\BC\\ThemeProvider\" not found at /var/www/emaparking_dss/themes/ThemeServiceProvider.php:23)
[stacktrace]
#0 /var/www/emaparking_dss/vendor/laravel/framework/src/Illuminate/Container/BoundMethod.php(36): Themes\\ThemeServiceProvider->boot()
#1 /var/www/emaparking_dss/vendor/laravel/framework/src/Illuminate/Container/Util.php(41): Illuminate\\Container\\BoundMethod::Illuminate\\Container\\{closure}()
#2 /var/www/emaparking_dss/vendor/laravel/framework/src/Illuminate/Container/BoundMethod.php(93): Illuminate\\Container\\Util::unwrapIfClosure()
#3 /var/www/emaparking_dss/vendor/laravel/framework/src/Illuminate/Container/BoundMethod.php(35): Illuminate\\Container\\BoundMethod::callBoundMethod()
#4 /var/www/emaparking_dss/vendor/laravel/framework/src/Illuminate/Container/Container.php(651): Illuminate\\Container\\BoundMethod::call()
#5 /var/www/emaparking_dss/vendor/laravel/framework/src/Illuminate/Foundation/Application.php(933): Illuminate\\Container\\Container->call()
#6 /var/www/emaparking_dss/vendor/laravel/framework/src/Illuminate/Foundation/Application.php(914): Illuminate\\Foundation\\Application->bootProvider()
#7 [internal function]: Illuminate\\Foundation\\Application->Illuminate\\Foundation\\{closure}()
#8 /var/www/emaparking_dss/vendor/laravel/framework/src/Illuminate/Foundation/Application.php(913): array_walk()
#9 /var/www/emaparking_dss/vendor/laravel/framework/src/Illuminate/Foundation/Bootstrap/BootProviders.php(17): Illuminate\\Foundation\\Application->boot()
#10 /var/www/emaparking_dss/vendor/laravel/framework/src/Illuminate/Foundation/Application.php(242): Illuminate\\Foundation\\Bootstrap\\BootProviders->bootstrap()
#11 /var/www/emaparking_dss/vendor/laravel/framework/src/Illuminate/Foundation/Console/Kernel.php(383): Illuminate\\Foundation\\Application->bootstrapWith()
#12 /var/www/emaparking_dss/vendor/laravel/framework/src/Illuminate/Foundation/Console/Kernel.php(153): Illuminate\\Foundation\\Console\\Kernel->bootstrap()
#13 Command line code(1): Illuminate\\Foundation\\Console\\Kernel->handle()
#14 {main}
"} 
[2025-03-11 17:03:40] local.ERROR: Class "\Themes\BC\ThemeProvider" not found {"exception":"[object] (Error(code: 0): Class \"\\Themes\\BC\\ThemeProvider\" not found at /var/www/emaparking_dss/themes/ThemeServiceProvider.php:23)
[stacktrace]
#0 /var/www/emaparking_dss/vendor/laravel/framework/src/Illuminate/Container/BoundMethod.php(36): Themes\\ThemeServiceProvider->boot()
#1 /var/www/emaparking_dss/vendor/laravel/framework/src/Illuminate/Container/Util.php(41): Illuminate\\Container\\BoundMethod::Illuminate\\Container\\{closure}()
#2 /var/www/emaparking_dss/vendor/laravel/framework/src/Illuminate/Container/BoundMethod.php(93): Illuminate\\Container\\Util::unwrapIfClosure()
#3 /var/www/emaparking_dss/vendor/laravel/framework/src/Illuminate/Container/BoundMethod.php(35): Illuminate\\Container\\BoundMethod::callBoundMethod()
#4 /var/www/emaparking_dss/vendor/laravel/framework/src/Illuminate/Container/Container.php(651): Illuminate\\Container\\BoundMethod::call()
#5 /var/www/emaparking_dss/vendor/laravel/framework/src/Illuminate/Foundation/Application.php(933): Illuminate\\Container\\Container->call()
#6 /var/www/emaparking_dss/vendor/laravel/framework/src/Illuminate/Foundation/Application.php(914): Illuminate\\Foundation\\Application->bootProvider()
#7 [internal function]: Illuminate\\Foundation\\Application->Illuminate\\Foundation\\{closure}()
#8 /var/www/emaparking_dss/vendor/laravel/framework/src/Illuminate/Foundation/Application.php(913): array_walk()
#9 /var/www/emaparking_dss/vendor/laravel/framework/src/Illuminate/Foundation/Bootstrap/BootProviders.php(17): Illuminate\\Foundation\\Application->boot()
#10 /var/www/emaparking_dss/vendor/laravel/framework/src/Illuminate/Foundation/Application.php(242): Illuminate\\Foundation\\Bootstrap\\BootProviders->bootstrap()
#11 /var/www/emaparking_dss/vendor/laravel/framework/src/Illuminate/Foundation/Console/Kernel.php(383): Illuminate\\Foundation\\Application->bootstrapWith()
#12 /var/www/emaparking_dss/vendor/laravel/framework/src/Illuminate/Foundation/Console/Kernel.php(153): Illuminate\\Foundation\\Console\\Kernel->bootstrap()
#13 Command line code(1): Illuminate\\Foundation\\Console\\Kernel->handle()
#14 {main}
"} 
[2025-03-11 17:04:40] local.ERROR: Class "\Themes\BC\ThemeProvider" not found {"exception":"[object] (Error(code: 0): Class \"\\Themes\\BC\\ThemeProvider\" not found at /var/www/emaparking_dss/themes/ThemeServiceProvider.php:23)
[stacktrace]
#0 /var/www/emaparking_dss/vendor/laravel/framework/src/Illuminate/Container/BoundMethod.php(36): Themes\\ThemeServiceProvider->boot()
#1 /var/www/emaparking_dss/vendor/laravel/framework/src/Illuminate/Container/Util.php(41): Illuminate\\Container\\BoundMethod::Illuminate\\Container\\{closure}()
#2 /var/www/emaparking_dss/vendor/laravel/framework/src/Illuminate/Container/BoundMethod.php(93): Illuminate\\Container\\Util::unwrapIfClosure()
#3 /var/www/emaparking_dss/vendor/laravel/framework/src/Illuminate/Container/BoundMethod.php(35): Illuminate\\Container\\BoundMethod::callBoundMethod()
#4 /var/www/emaparking_dss/vendor/laravel/framework/src/Illuminate/Container/Container.php(651): Illuminate\\Container\\BoundMethod::call()
#5 /var/www/emaparking_dss/vendor/laravel/framework/src/Illuminate/Foundation/Application.php(933): Illuminate\\Container\\Container->call()
#6 /var/www/emaparking_dss/vendor/laravel/framework/src/Illuminate/Foundation/Application.php(914): Illuminate\\Foundation\\Application->bootProvider()
#7 [internal function]: Illuminate\\Foundation\\Application->Illuminate\\Foundation\\{closure}()
#8 /var/www/emaparking_dss/vendor/laravel/framework/src/Illuminate/Foundation/Application.php(913): array_walk()
#9 /var/www/emaparking_dss/vendor/laravel/framework/src/Illuminate/Foundation/Bootstrap/BootProviders.php(17): Illuminate\\Foundation\\Application->boot()
#10 /var/www/emaparking_dss/vendor/laravel/framework/src/Illuminate/Foundation/Application.php(242): Illuminate\\Foundation\\Bootstrap\\BootProviders->bootstrap()
#11 /var/www/emaparking_dss/vendor/laravel/framework/src/Illuminate/Foundation/Console/Kernel.php(383): Illuminate\\Foundation\\Application->bootstrapWith()
#12 /var/www/emaparking_dss/vendor/laravel/framework/src/Illuminate/Foundation/Console/Kernel.php(153): Illuminate\\Foundation\\Console\\Kernel->bootstrap()
#13 Command line code(1): Illuminate\\Foundation\\Console\\Kernel->handle()
#14 {main}
"} 
[2025-03-11 17:04:40] local.ERROR: Class "\Themes\BC\ThemeProvider" not found {"exception":"[object] (Error(code: 0): Class \"\\Themes\\BC\\ThemeProvider\" not found at /var/www/emaparking_dss/themes/ThemeServiceProvider.php:23)
[stacktrace]
#0 /var/www/emaparking_dss/vendor/laravel/framework/src/Illuminate/Container/BoundMethod.php(36): Themes\\ThemeServiceProvider->boot()
#1 /var/www/emaparking_dss/vendor/laravel/framework/src/Illuminate/Container/Util.php(41): Illuminate\\Container\\BoundMethod::Illuminate\\Container\\{closure}()
#2 /var/www/emaparking_dss/vendor/laravel/framework/src/Illuminate/Container/BoundMethod.php(93): Illuminate\\Container\\Util::unwrapIfClosure()
#3 /var/www/emaparking_dss/vendor/laravel/framework/src/Illuminate/Container/BoundMethod.php(35): Illuminate\\Container\\BoundMethod::callBoundMethod()
#4 /var/www/emaparking_dss/vendor/laravel/framework/src/Illuminate/Container/Container.php(651): Illuminate\\Container\\BoundMethod::call()
#5 /var/www/emaparking_dss/vendor/laravel/framework/src/Illuminate/Foundation/Application.php(933): Illuminate\\Container\\Container->call()
#6 /var/www/emaparking_dss/vendor/laravel/framework/src/Illuminate/Foundation/Application.php(914): Illuminate\\Foundation\\Application->bootProvider()
#7 [internal function]: Illuminate\\Foundation\\Application->Illuminate\\Foundation\\{closure}()
#8 /var/www/emaparking_dss/vendor/laravel/framework/src/Illuminate/Foundation/Application.php(913): array_walk()
#9 /var/www/emaparking_dss/vendor/laravel/framework/src/Illuminate/Foundation/Bootstrap/BootProviders.php(17): Illuminate\\Foundation\\Application->boot()
#10 /var/www/emaparking_dss/vendor/laravel/framework/src/Illuminate/Foundation/Application.php(242): Illuminate\\Foundation\\Bootstrap\\BootProviders->bootstrap()
#11 /var/www/emaparking_dss/vendor/laravel/framework/src/Illuminate/Foundation/Console/Kernel.php(383): Illuminate\\Foundation\\Application->bootstrapWith()
#12 /var/www/emaparking_dss/vendor/laravel/framework/src/Illuminate/Foundation/Console/Kernel.php(153): Illuminate\\Foundation\\Console\\Kernel->bootstrap()
#13 Command line code(1): Illuminate\\Foundation\\Console\\Kernel->handle()
#14 {main}
"} 
[2025-03-11 17:05:40] local.ERROR: Class "\Themes\BC\ThemeProvider" not found {"exception":"[object] (Error(code: 0): Class \"\\Themes\\BC\\ThemeProvider\" not found at /var/www/emaparking_dss/themes/ThemeServiceProvider.php:23)
[stacktrace]
#0 /var/www/emaparking_dss/vendor/laravel/framework/src/Illuminate/Container/BoundMethod.php(36): Themes\\ThemeServiceProvider->boot()
#1 /var/www/emaparking_dss/vendor/laravel/framework/src/Illuminate/Container/Util.php(41): Illuminate\\Container\\BoundMethod::Illuminate\\Container\\{closure}()
#2 /var/www/emaparking_dss/vendor/laravel/framework/src/Illuminate/Container/BoundMethod.php(93): Illuminate\\Container\\Util::unwrapIfClosure()
#3 /var/www/emaparking_dss/vendor/laravel/framework/src/Illuminate/Container/BoundMethod.php(35): Illuminate\\Container\\BoundMethod::callBoundMethod()
#4 /var/www/emaparking_dss/vendor/laravel/framework/src/Illuminate/Container/Container.php(651): Illuminate\\Container\\BoundMethod::call()
#5 /var/www/emaparking_dss/vendor/laravel/framework/src/Illuminate/Foundation/Application.php(933): Illuminate\\Container\\Container->call()
#6 /var/www/emaparking_dss/vendor/laravel/framework/src/Illuminate/Foundation/Application.php(914): Illuminate\\Foundation\\Application->bootProvider()
#7 [internal function]: Illuminate\\Foundation\\Application->Illuminate\\Foundation\\{closure}()
#8 /var/www/emaparking_dss/vendor/laravel/framework/src/Illuminate/Foundation/Application.php(913): array_walk()
#9 /var/www/emaparking_dss/vendor/laravel/framework/src/Illuminate/Foundation/Bootstrap/BootProviders.php(17): Illuminate\\Foundation\\Application->boot()
#10 /var/www/emaparking_dss/vendor/laravel/framework/src/Illuminate/Foundation/Application.php(242): Illuminate\\Foundation\\Bootstrap\\BootProviders->bootstrap()
#11 /var/www/emaparking_dss/vendor/laravel/framework/src/Illuminate/Foundation/Console/Kernel.php(383): Illuminate\\Foundation\\Application->bootstrapWith()
#12 /var/www/emaparking_dss/vendor/laravel/framework/src/Illuminate/Foundation/Console/Kernel.php(153): Illuminate\\Foundation\\Console\\Kernel->bootstrap()
#13 Command line code(1): Illuminate\\Foundation\\Console\\Kernel->handle()
#14 {main}
"} 
[2025-03-11 17:05:40] local.ERROR: Class "\Themes\BC\ThemeProvider" not found {"exception":"[object] (Error(code: 0): Class \"\\Themes\\BC\\ThemeProvider\" not found at /var/www/emaparking_dss/themes/ThemeServiceProvider.php:23)
[stacktrace]
#0 /var/www/emaparking_dss/vendor/laravel/framework/src/Illuminate/Container/BoundMethod.php(36): Themes\\ThemeServiceProvider->boot()
#1 /var/www/emaparking_dss/vendor/laravel/framework/src/Illuminate/Container/Util.php(41): Illuminate\\Container\\BoundMethod::Illuminate\\Container\\{closure}()
#2 /var/www/emaparking_dss/vendor/laravel/framework/src/Illuminate/Container/BoundMethod.php(93): Illuminate\\Container\\Util::unwrapIfClosure()
#3 /var/www/emaparking_dss/vendor/laravel/framework/src/Illuminate/Container/BoundMethod.php(35): Illuminate\\Container\\BoundMethod::callBoundMethod()
#4 /var/www/emaparking_dss/vendor/laravel/framework/src/Illuminate/Container/Container.php(651): Illuminate\\Container\\BoundMethod::call()
#5 /var/www/emaparking_dss/vendor/laravel/framework/src/Illuminate/Foundation/Application.php(933): Illuminate\\Container\\Container->call()
#6 /var/www/emaparking_dss/vendor/laravel/framework/src/Illuminate/Foundation/Application.php(914): Illuminate\\Foundation\\Application->bootProvider()
#7 [internal function]: Illuminate\\Foundation\\Application->Illuminate\\Foundation\\{closure}()
#8 /var/www/emaparking_dss/vendor/laravel/framework/src/Illuminate/Foundation/Application.php(913): array_walk()
#9 /var/www/emaparking_dss/vendor/laravel/framework/src/Illuminate/Foundation/Bootstrap/BootProviders.php(17): Illuminate\\Foundation\\Application->boot()
#10 /var/www/emaparking_dss/vendor/laravel/framework/src/Illuminate/Foundation/Application.php(242): Illuminate\\Foundation\\Bootstrap\\BootProviders->bootstrap()
#11 /var/www/emaparking_dss/vendor/laravel/framework/src/Illuminate/Foundation/Console/Kernel.php(383): Illuminate\\Foundation\\Application->bootstrapWith()
#12 /var/www/emaparking_dss/vendor/laravel/framework/src/Illuminate/Foundation/Console/Kernel.php(153): Illuminate\\Foundation\\Console\\Kernel->bootstrap()
#13 Command line code(1): Illuminate\\Foundation\\Console\\Kernel->handle()
#14 {main}
"} 
[2025-03-11 17:06:40] local.ERROR: Class "\Themes\BC\ThemeProvider" not found {"exception":"[object] (Error(code: 0): Class \"\\Themes\\BC\\ThemeProvider\" not found at /var/www/emaparking_dss/themes/ThemeServiceProvider.php:23)
[stacktrace]
#0 /var/www/emaparking_dss/vendor/laravel/framework/src/Illuminate/Container/BoundMethod.php(36): Themes\\ThemeServiceProvider->boot()
#1 /var/www/emaparking_dss/vendor/laravel/framework/src/Illuminate/Container/Util.php(41): Illuminate\\Container\\BoundMethod::Illuminate\\Container\\{closure}()
#2 /var/www/emaparking_dss/vendor/laravel/framework/src/Illuminate/Container/BoundMethod.php(93): Illuminate\\Container\\Util::unwrapIfClosure()
#3 /var/www/emaparking_dss/vendor/laravel/framework/src/Illuminate/Container/BoundMethod.php(35): Illuminate\\Container\\BoundMethod::callBoundMethod()
#4 /var/www/emaparking_dss/vendor/laravel/framework/src/Illuminate/Container/Container.php(651): Illuminate\\Container\\BoundMethod::call()
#5 /var/www/emaparking_dss/vendor/laravel/framework/src/Illuminate/Foundation/Application.php(933): Illuminate\\Container\\Container->call()
#6 /var/www/emaparking_dss/vendor/laravel/framework/src/Illuminate/Foundation/Application.php(914): Illuminate\\Foundation\\Application->bootProvider()
#7 [internal function]: Illuminate\\Foundation\\Application->Illuminate\\Foundation\\{closure}()
#8 /var/www/emaparking_dss/vendor/laravel/framework/src/Illuminate/Foundation/Application.php(913): array_walk()
#9 /var/www/emaparking_dss/vendor/laravel/framework/src/Illuminate/Foundation/Bootstrap/BootProviders.php(17): Illuminate\\Foundation\\Application->boot()
#10 /var/www/emaparking_dss/vendor/laravel/framework/src/Illuminate/Foundation/Application.php(242): Illuminate\\Foundation\\Bootstrap\\BootProviders->bootstrap()
#11 /var/www/emaparking_dss/vendor/laravel/framework/src/Illuminate/Foundation/Console/Kernel.php(383): Illuminate\\Foundation\\Application->bootstrapWith()
#12 /var/www/emaparking_dss/vendor/laravel/framework/src/Illuminate/Foundation/Console/Kernel.php(153): Illuminate\\Foundation\\Console\\Kernel->bootstrap()
#13 Command line code(1): Illuminate\\Foundation\\Console\\Kernel->handle()
#14 {main}
"} 
[2025-03-11 17:06:40] local.ERROR: Class "\Themes\BC\ThemeProvider" not found {"exception":"[object] (Error(code: 0): Class \"\\Themes\\BC\\ThemeProvider\" not found at /var/www/emaparking_dss/themes/ThemeServiceProvider.php:23)
[stacktrace]
#0 /var/www/emaparking_dss/vendor/laravel/framework/src/Illuminate/Container/BoundMethod.php(36): Themes\\ThemeServiceProvider->boot()
#1 /var/www/emaparking_dss/vendor/laravel/framework/src/Illuminate/Container/Util.php(41): Illuminate\\Container\\BoundMethod::Illuminate\\Container\\{closure}()
#2 /var/www/emaparking_dss/vendor/laravel/framework/src/Illuminate/Container/BoundMethod.php(93): Illuminate\\Container\\Util::unwrapIfClosure()
#3 /var/www/emaparking_dss/vendor/laravel/framework/src/Illuminate/Container/BoundMethod.php(35): Illuminate\\Container\\BoundMethod::callBoundMethod()
#4 /var/www/emaparking_dss/vendor/laravel/framework/src/Illuminate/Container/Container.php(651): Illuminate\\Container\\BoundMethod::call()
#5 /var/www/emaparking_dss/vendor/laravel/framework/src/Illuminate/Foundation/Application.php(933): Illuminate\\Container\\Container->call()
#6 /var/www/emaparking_dss/vendor/laravel/framework/src/Illuminate/Foundation/Application.php(914): Illuminate\\Foundation\\Application->bootProvider()
#7 [internal function]: Illuminate\\Foundation\\Application->Illuminate\\Foundation\\{closure}()
#8 /var/www/emaparking_dss/vendor/laravel/framework/src/Illuminate/Foundation/Application.php(913): array_walk()
#9 /var/www/emaparking_dss/vendor/laravel/framework/src/Illuminate/Foundation/Bootstrap/BootProviders.php(17): Illuminate\\Foundation\\Application->boot()
#10 /var/www/emaparking_dss/vendor/laravel/framework/src/Illuminate/Foundation/Application.php(242): Illuminate\\Foundation\\Bootstrap\\BootProviders->bootstrap()
#11 /var/www/emaparking_dss/vendor/laravel/framework/src/Illuminate/Foundation/Console/Kernel.php(383): Illuminate\\Foundation\\Application->bootstrapWith()
#12 /var/www/emaparking_dss/vendor/laravel/framework/src/Illuminate/Foundation/Console/Kernel.php(153): Illuminate\\Foundation\\Console\\Kernel->bootstrap()
#13 Command line code(1): Illuminate\\Foundation\\Console\\Kernel->handle()
#14 {main}
"} 
[2025-03-11 17:07:40] local.ERROR: Class "\Themes\BC\ThemeProvider" not found {"exception":"[object] (Error(code: 0): Class \"\\Themes\\BC\\ThemeProvider\" not found at /var/www/emaparking_dss/themes/ThemeServiceProvider.php:23)
[stacktrace]
#0 /var/www/emaparking_dss/vendor/laravel/framework/src/Illuminate/Container/BoundMethod.php(36): Themes\\ThemeServiceProvider->boot()
#1 /var/www/emaparking_dss/vendor/laravel/framework/src/Illuminate/Container/Util.php(41): Illuminate\\Container\\BoundMethod::Illuminate\\Container\\{closure}()
#2 /var/www/emaparking_dss/vendor/laravel/framework/src/Illuminate/Container/BoundMethod.php(93): Illuminate\\Container\\Util::unwrapIfClosure()
#3 /var/www/emaparking_dss/vendor/laravel/framework/src/Illuminate/Container/BoundMethod.php(35): Illuminate\\Container\\BoundMethod::callBoundMethod()
#4 /var/www/emaparking_dss/vendor/laravel/framework/src/Illuminate/Container/Container.php(651): Illuminate\\Container\\BoundMethod::call()
#5 /var/www/emaparking_dss/vendor/laravel/framework/src/Illuminate/Foundation/Application.php(933): Illuminate\\Container\\Container->call()
#6 /var/www/emaparking_dss/vendor/laravel/framework/src/Illuminate/Foundation/Application.php(914): Illuminate\\Foundation\\Application->bootProvider()
#7 [internal function]: Illuminate\\Foundation\\Application->Illuminate\\Foundation\\{closure}()
#8 /var/www/emaparking_dss/vendor/laravel/framework/src/Illuminate/Foundation/Application.php(913): array_walk()
#9 /var/www/emaparking_dss/vendor/laravel/framework/src/Illuminate/Foundation/Bootstrap/BootProviders.php(17): Illuminate\\Foundation\\Application->boot()
#10 /var/www/emaparking_dss/vendor/laravel/framework/src/Illuminate/Foundation/Application.php(242): Illuminate\\Foundation\\Bootstrap\\BootProviders->bootstrap()
#11 /var/www/emaparking_dss/vendor/laravel/framework/src/Illuminate/Foundation/Console/Kernel.php(383): Illuminate\\Foundation\\Application->bootstrapWith()
#12 /var/www/emaparking_dss/vendor/laravel/framework/src/Illuminate/Foundation/Console/Kernel.php(153): Illuminate\\Foundation\\Console\\Kernel->bootstrap()
#13 Command line code(1): Illuminate\\Foundation\\Console\\Kernel->handle()
#14 {main}
"} 
[2025-03-11 17:07:40] local.ERROR: Class "\Themes\BC\ThemeProvider" not found {"exception":"[object] (Error(code: 0): Class \"\\Themes\\BC\\ThemeProvider\" not found at /var/www/emaparking_dss/themes/ThemeServiceProvider.php:23)
[stacktrace]
#0 /var/www/emaparking_dss/vendor/laravel/framework/src/Illuminate/Container/BoundMethod.php(36): Themes\\ThemeServiceProvider->boot()
#1 /var/www/emaparking_dss/vendor/laravel/framework/src/Illuminate/Container/Util.php(41): Illuminate\\Container\\BoundMethod::Illuminate\\Container\\{closure}()
#2 /var/www/emaparking_dss/vendor/laravel/framework/src/Illuminate/Container/BoundMethod.php(93): Illuminate\\Container\\Util::unwrapIfClosure()
#3 /var/www/emaparking_dss/vendor/laravel/framework/src/Illuminate/Container/BoundMethod.php(35): Illuminate\\Container\\BoundMethod::callBoundMethod()
#4 /var/www/emaparking_dss/vendor/laravel/framework/src/Illuminate/Container/Container.php(651): Illuminate\\Container\\BoundMethod::call()
#5 /var/www/emaparking_dss/vendor/laravel/framework/src/Illuminate/Foundation/Application.php(933): Illuminate\\Container\\Container->call()
#6 /var/www/emaparking_dss/vendor/laravel/framework/src/Illuminate/Foundation/Application.php(914): Illuminate\\Foundation\\Application->bootProvider()
#7 [internal function]: Illuminate\\Foundation\\Application->Illuminate\\Foundation\\{closure}()
#8 /var/www/emaparking_dss/vendor/laravel/framework/src/Illuminate/Foundation/Application.php(913): array_walk()
#9 /var/www/emaparking_dss/vendor/laravel/framework/src/Illuminate/Foundation/Bootstrap/BootProviders.php(17): Illuminate\\Foundation\\Application->boot()
#10 /var/www/emaparking_dss/vendor/laravel/framework/src/Illuminate/Foundation/Application.php(242): Illuminate\\Foundation\\Bootstrap\\BootProviders->bootstrap()
#11 /var/www/emaparking_dss/vendor/laravel/framework/src/Illuminate/Foundation/Console/Kernel.php(383): Illuminate\\Foundation\\Application->bootstrapWith()
#12 /var/www/emaparking_dss/vendor/laravel/framework/src/Illuminate/Foundation/Console/Kernel.php(153): Illuminate\\Foundation\\Console\\Kernel->bootstrap()
#13 Command line code(1): Illuminate\\Foundation\\Console\\Kernel->handle()
#14 {main}
"} 
[2025-03-11 17:08:40] local.ERROR: Class "\Themes\BC\ThemeProvider" not found {"exception":"[object] (Error(code: 0): Class \"\\Themes\\BC\\ThemeProvider\" not found at /var/www/emaparking_dss/themes/ThemeServiceProvider.php:23)
[stacktrace]
#0 /var/www/emaparking_dss/vendor/laravel/framework/src/Illuminate/Container/BoundMethod.php(36): Themes\\ThemeServiceProvider->boot()
#1 /var/www/emaparking_dss/vendor/laravel/framework/src/Illuminate/Container/Util.php(41): Illuminate\\Container\\BoundMethod::Illuminate\\Container\\{closure}()
#2 /var/www/emaparking_dss/vendor/laravel/framework/src/Illuminate/Container/BoundMethod.php(93): Illuminate\\Container\\Util::unwrapIfClosure()
#3 /var/www/emaparking_dss/vendor/laravel/framework/src/Illuminate/Container/BoundMethod.php(35): Illuminate\\Container\\BoundMethod::callBoundMethod()
#4 /var/www/emaparking_dss/vendor/laravel/framework/src/Illuminate/Container/Container.php(651): Illuminate\\Container\\BoundMethod::call()
#5 /var/www/emaparking_dss/vendor/laravel/framework/src/Illuminate/Foundation/Application.php(933): Illuminate\\Container\\Container->call()
#6 /var/www/emaparking_dss/vendor/laravel/framework/src/Illuminate/Foundation/Application.php(914): Illuminate\\Foundation\\Application->bootProvider()
#7 [internal function]: Illuminate\\Foundation\\Application->Illuminate\\Foundation\\{closure}()
#8 /var/www/emaparking_dss/vendor/laravel/framework/src/Illuminate/Foundation/Application.php(913): array_walk()
#9 /var/www/emaparking_dss/vendor/laravel/framework/src/Illuminate/Foundation/Bootstrap/BootProviders.php(17): Illuminate\\Foundation\\Application->boot()
#10 /var/www/emaparking_dss/vendor/laravel/framework/src/Illuminate/Foundation/Application.php(242): Illuminate\\Foundation\\Bootstrap\\BootProviders->bootstrap()
#11 /var/www/emaparking_dss/vendor/laravel/framework/src/Illuminate/Foundation/Console/Kernel.php(383): Illuminate\\Foundation\\Application->bootstrapWith()
#12 /var/www/emaparking_dss/vendor/laravel/framework/src/Illuminate/Foundation/Console/Kernel.php(153): Illuminate\\Foundation\\Console\\Kernel->bootstrap()
#13 Command line code(1): Illuminate\\Foundation\\Console\\Kernel->handle()
#14 {main}
"} 
[2025-03-11 17:08:40] local.ERROR: Class "\Themes\BC\ThemeProvider" not found {"exception":"[object] (Error(code: 0): Class \"\\Themes\\BC\\ThemeProvider\" not found at /var/www/emaparking_dss/themes/ThemeServiceProvider.php:23)
[stacktrace]
#0 /var/www/emaparking_dss/vendor/laravel/framework/src/Illuminate/Container/BoundMethod.php(36): Themes\\ThemeServiceProvider->boot()
#1 /var/www/emaparking_dss/vendor/laravel/framework/src/Illuminate/Container/Util.php(41): Illuminate\\Container\\BoundMethod::Illuminate\\Container\\{closure}()
#2 /var/www/emaparking_dss/vendor/laravel/framework/src/Illuminate/Container/BoundMethod.php(93): Illuminate\\Container\\Util::unwrapIfClosure()
#3 /var/www/emaparking_dss/vendor/laravel/framework/src/Illuminate/Container/BoundMethod.php(35): Illuminate\\Container\\BoundMethod::callBoundMethod()
#4 /var/www/emaparking_dss/vendor/laravel/framework/src/Illuminate/Container/Container.php(651): Illuminate\\Container\\BoundMethod::call()
#5 /var/www/emaparking_dss/vendor/laravel/framework/src/Illuminate/Foundation/Application.php(933): Illuminate\\Container\\Container->call()
#6 /var/www/emaparking_dss/vendor/laravel/framework/src/Illuminate/Foundation/Application.php(914): Illuminate\\Foundation\\Application->bootProvider()
#7 [internal function]: Illuminate\\Foundation\\Application->Illuminate\\Foundation\\{closure}()
#8 /var/www/emaparking_dss/vendor/laravel/framework/src/Illuminate/Foundation/Application.php(913): array_walk()
#9 /var/www/emaparking_dss/vendor/laravel/framework/src/Illuminate/Foundation/Bootstrap/BootProviders.php(17): Illuminate\\Foundation\\Application->boot()
#10 /var/www/emaparking_dss/vendor/laravel/framework/src/Illuminate/Foundation/Application.php(242): Illuminate\\Foundation\\Bootstrap\\BootProviders->bootstrap()
#11 /var/www/emaparking_dss/vendor/laravel/framework/src/Illuminate/Foundation/Console/Kernel.php(383): Illuminate\\Foundation\\Application->bootstrapWith()
#12 /var/www/emaparking_dss/vendor/laravel/framework/src/Illuminate/Foundation/Console/Kernel.php(153): Illuminate\\Foundation\\Console\\Kernel->bootstrap()
#13 Command line code(1): Illuminate\\Foundation\\Console\\Kernel->handle()
#14 {main}
"} 
[2025-03-11 17:09:40] local.ERROR: Class "\Themes\BC\ThemeProvider" not found {"exception":"[object] (Error(code: 0): Class \"\\Themes\\BC\\ThemeProvider\" not found at /var/www/emaparking_dss/themes/ThemeServiceProvider.php:23)
[stacktrace]
#0 /var/www/emaparking_dss/vendor/laravel/framework/src/Illuminate/Container/BoundMethod.php(36): Themes\\ThemeServiceProvider->boot()
#1 /var/www/emaparking_dss/vendor/laravel/framework/src/Illuminate/Container/Util.php(41): Illuminate\\Container\\BoundMethod::Illuminate\\Container\\{closure}()
#2 /var/www/emaparking_dss/vendor/laravel/framework/src/Illuminate/Container/BoundMethod.php(93): Illuminate\\Container\\Util::unwrapIfClosure()
#3 /var/www/emaparking_dss/vendor/laravel/framework/src/Illuminate/Container/BoundMethod.php(35): Illuminate\\Container\\BoundMethod::callBoundMethod()
#4 /var/www/emaparking_dss/vendor/laravel/framework/src/Illuminate/Container/Container.php(651): Illuminate\\Container\\BoundMethod::call()
#5 /var/www/emaparking_dss/vendor/laravel/framework/src/Illuminate/Foundation/Application.php(933): Illuminate\\Container\\Container->call()
#6 /var/www/emaparking_dss/vendor/laravel/framework/src/Illuminate/Foundation/Application.php(914): Illuminate\\Foundation\\Application->bootProvider()
#7 [internal function]: Illuminate\\Foundation\\Application->Illuminate\\Foundation\\{closure}()
#8 /var/www/emaparking_dss/vendor/laravel/framework/src/Illuminate/Foundation/Application.php(913): array_walk()
#9 /var/www/emaparking_dss/vendor/laravel/framework/src/Illuminate/Foundation/Bootstrap/BootProviders.php(17): Illuminate\\Foundation\\Application->boot()
#10 /var/www/emaparking_dss/vendor/laravel/framework/src/Illuminate/Foundation/Application.php(242): Illuminate\\Foundation\\Bootstrap\\BootProviders->bootstrap()
#11 /var/www/emaparking_dss/vendor/laravel/framework/src/Illuminate/Foundation/Console/Kernel.php(383): Illuminate\\Foundation\\Application->bootstrapWith()
#12 /var/www/emaparking_dss/vendor/laravel/framework/src/Illuminate/Foundation/Console/Kernel.php(153): Illuminate\\Foundation\\Console\\Kernel->bootstrap()
#13 Command line code(1): Illuminate\\Foundation\\Console\\Kernel->handle()
#14 {main}
"} 
[2025-03-11 17:09:40] local.ERROR: Class "\Themes\BC\ThemeProvider" not found {"exception":"[object] (Error(code: 0): Class \"\\Themes\\BC\\ThemeProvider\" not found at /var/www/emaparking_dss/themes/ThemeServiceProvider.php:23)
[stacktrace]
#0 /var/www/emaparking_dss/vendor/laravel/framework/src/Illuminate/Container/BoundMethod.php(36): Themes\\ThemeServiceProvider->boot()
#1 /var/www/emaparking_dss/vendor/laravel/framework/src/Illuminate/Container/Util.php(41): Illuminate\\Container\\BoundMethod::Illuminate\\Container\\{closure}()
#2 /var/www/emaparking_dss/vendor/laravel/framework/src/Illuminate/Container/BoundMethod.php(93): Illuminate\\Container\\Util::unwrapIfClosure()
#3 /var/www/emaparking_dss/vendor/laravel/framework/src/Illuminate/Container/BoundMethod.php(35): Illuminate\\Container\\BoundMethod::callBoundMethod()
#4 /var/www/emaparking_dss/vendor/laravel/framework/src/Illuminate/Container/Container.php(651): Illuminate\\Container\\BoundMethod::call()
#5 /var/www/emaparking_dss/vendor/laravel/framework/src/Illuminate/Foundation/Application.php(933): Illuminate\\Container\\Container->call()
#6 /var/www/emaparking_dss/vendor/laravel/framework/src/Illuminate/Foundation/Application.php(914): Illuminate\\Foundation\\Application->bootProvider()
#7 [internal function]: Illuminate\\Foundation\\Application->Illuminate\\Foundation\\{closure}()
#8 /var/www/emaparking_dss/vendor/laravel/framework/src/Illuminate/Foundation/Application.php(913): array_walk()
#9 /var/www/emaparking_dss/vendor/laravel/framework/src/Illuminate/Foundation/Bootstrap/BootProviders.php(17): Illuminate\\Foundation\\Application->boot()
#10 /var/www/emaparking_dss/vendor/laravel/framework/src/Illuminate/Foundation/Application.php(242): Illuminate\\Foundation\\Bootstrap\\BootProviders->bootstrap()
#11 /var/www/emaparking_dss/vendor/laravel/framework/src/Illuminate/Foundation/Console/Kernel.php(383): Illuminate\\Foundation\\Application->bootstrapWith()
#12 /var/www/emaparking_dss/vendor/laravel/framework/src/Illuminate/Foundation/Console/Kernel.php(153): Illuminate\\Foundation\\Console\\Kernel->bootstrap()
#13 Command line code(1): Illuminate\\Foundation\\Console\\Kernel->handle()
#14 {main}
"} 
[2025-03-11 17:09:40] local.ERROR: Class "\Themes\BC\ThemeProvider" not found {"exception":"[object] (Error(code: 0): Class \"\\Themes\\BC\\ThemeProvider\" not found at /var/www/emaparking_dss/themes/ThemeServiceProvider.php:23)
[stacktrace]
#0 /var/www/emaparking_dss/vendor/laravel/framework/src/Illuminate/Container/BoundMethod.php(36): Themes\\ThemeServiceProvider->boot()
#1 /var/www/emaparking_dss/vendor/laravel/framework/src/Illuminate/Container/Util.php(41): Illuminate\\Container\\BoundMethod::Illuminate\\Container\\{closure}()
#2 /var/www/emaparking_dss/vendor/laravel/framework/src/Illuminate/Container/BoundMethod.php(93): Illuminate\\Container\\Util::unwrapIfClosure()
#3 /var/www/emaparking_dss/vendor/laravel/framework/src/Illuminate/Container/BoundMethod.php(35): Illuminate\\Container\\BoundMethod::callBoundMethod()
#4 /var/www/emaparking_dss/vendor/laravel/framework/src/Illuminate/Container/Container.php(651): Illuminate\\Container\\BoundMethod::call()
#5 /var/www/emaparking_dss/vendor/laravel/framework/src/Illuminate/Foundation/Application.php(933): Illuminate\\Container\\Container->call()
#6 /var/www/emaparking_dss/vendor/laravel/framework/src/Illuminate/Foundation/Application.php(914): Illuminate\\Foundation\\Application->bootProvider()
#7 [internal function]: Illuminate\\Foundation\\Application->Illuminate\\Foundation\\{closure}()
#8 /var/www/emaparking_dss/vendor/laravel/framework/src/Illuminate/Foundation/Application.php(913): array_walk()
#9 /var/www/emaparking_dss/vendor/laravel/framework/src/Illuminate/Foundation/Bootstrap/BootProviders.php(17): Illuminate\\Foundation\\Application->boot()
#10 /var/www/emaparking_dss/vendor/laravel/framework/src/Illuminate/Foundation/Application.php(242): Illuminate\\Foundation\\Bootstrap\\BootProviders->bootstrap()
#11 /var/www/emaparking_dss/vendor/laravel/framework/src/Illuminate/Foundation/Console/Kernel.php(383): Illuminate\\Foundation\\Application->bootstrapWith()
#12 /var/www/emaparking_dss/vendor/laravel/framework/src/Illuminate/Foundation/Console/Kernel.php(153): Illuminate\\Foundation\\Console\\Kernel->bootstrap()
#13 Command line code(1): Illuminate\\Foundation\\Console\\Kernel->handle()
#14 {main}
"} 
[2025-03-11 17:10:40] local.ERROR: Class "\Themes\BC\ThemeProvider" not found {"exception":"[object] (Error(code: 0): Class \"\\Themes\\BC\\ThemeProvider\" not found at /var/www/emaparking_dss/themes/ThemeServiceProvider.php:23)
[stacktrace]
#0 /var/www/emaparking_dss/vendor/laravel/framework/src/Illuminate/Container/BoundMethod.php(36): Themes\\ThemeServiceProvider->boot()
#1 /var/www/emaparking_dss/vendor/laravel/framework/src/Illuminate/Container/Util.php(41): Illuminate\\Container\\BoundMethod::Illuminate\\Container\\{closure}()
#2 /var/www/emaparking_dss/vendor/laravel/framework/src/Illuminate/Container/BoundMethod.php(93): Illuminate\\Container\\Util::unwrapIfClosure()
#3 /var/www/emaparking_dss/vendor/laravel/framework/src/Illuminate/Container/BoundMethod.php(35): Illuminate\\Container\\BoundMethod::callBoundMethod()
#4 /var/www/emaparking_dss/vendor/laravel/framework/src/Illuminate/Container/Container.php(651): Illuminate\\Container\\BoundMethod::call()
#5 /var/www/emaparking_dss/vendor/laravel/framework/src/Illuminate/Foundation/Application.php(933): Illuminate\\Container\\Container->call()
#6 /var/www/emaparking_dss/vendor/laravel/framework/src/Illuminate/Foundation/Application.php(914): Illuminate\\Foundation\\Application->bootProvider()
#7 [internal function]: Illuminate\\Foundation\\Application->Illuminate\\Foundation\\{closure}()
#8 /var/www/emaparking_dss/vendor/laravel/framework/src/Illuminate/Foundation/Application.php(913): array_walk()
#9 /var/www/emaparking_dss/vendor/laravel/framework/src/Illuminate/Foundation/Bootstrap/BootProviders.php(17): Illuminate\\Foundation\\Application->boot()
#10 /var/www/emaparking_dss/vendor/laravel/framework/src/Illuminate/Foundation/Application.php(242): Illuminate\\Foundation\\Bootstrap\\BootProviders->bootstrap()
#11 /var/www/emaparking_dss/vendor/laravel/framework/src/Illuminate/Foundation/Console/Kernel.php(383): Illuminate\\Foundation\\Application->bootstrapWith()
#12 /var/www/emaparking_dss/vendor/laravel/framework/src/Illuminate/Foundation/Console/Kernel.php(153): Illuminate\\Foundation\\Console\\Kernel->bootstrap()
#13 Command line code(1): Illuminate\\Foundation\\Console\\Kernel->handle()
#14 {main}
"} 
[2025-03-11 17:10:40] local.ERROR: Class "\Themes\BC\ThemeProvider" not found {"exception":"[object] (Error(code: 0): Class \"\\Themes\\BC\\ThemeProvider\" not found at /var/www/emaparking_dss/themes/ThemeServiceProvider.php:23)
[stacktrace]
#0 /var/www/emaparking_dss/vendor/laravel/framework/src/Illuminate/Container/BoundMethod.php(36): Themes\\ThemeServiceProvider->boot()
#1 /var/www/emaparking_dss/vendor/laravel/framework/src/Illuminate/Container/Util.php(41): Illuminate\\Container\\BoundMethod::Illuminate\\Container\\{closure}()
#2 /var/www/emaparking_dss/vendor/laravel/framework/src/Illuminate/Container/BoundMethod.php(93): Illuminate\\Container\\Util::unwrapIfClosure()
#3 /var/www/emaparking_dss/vendor/laravel/framework/src/Illuminate/Container/BoundMethod.php(35): Illuminate\\Container\\BoundMethod::callBoundMethod()
#4 /var/www/emaparking_dss/vendor/laravel/framework/src/Illuminate/Container/Container.php(651): Illuminate\\Container\\BoundMethod::call()
#5 /var/www/emaparking_dss/vendor/laravel/framework/src/Illuminate/Foundation/Application.php(933): Illuminate\\Container\\Container->call()
#6 /var/www/emaparking_dss/vendor/laravel/framework/src/Illuminate/Foundation/Application.php(914): Illuminate\\Foundation\\Application->bootProvider()
#7 [internal function]: Illuminate\\Foundation\\Application->Illuminate\\Foundation\\{closure}()
#8 /var/www/emaparking_dss/vendor/laravel/framework/src/Illuminate/Foundation/Application.php(913): array_walk()
#9 /var/www/emaparking_dss/vendor/laravel/framework/src/Illuminate/Foundation/Bootstrap/BootProviders.php(17): Illuminate\\Foundation\\Application->boot()
#10 /var/www/emaparking_dss/vendor/laravel/framework/src/Illuminate/Foundation/Application.php(242): Illuminate\\Foundation\\Bootstrap\\BootProviders->bootstrap()
#11 /var/www/emaparking_dss/vendor/laravel/framework/src/Illuminate/Foundation/Console/Kernel.php(383): Illuminate\\Foundation\\Application->bootstrapWith()
#12 /var/www/emaparking_dss/vendor/laravel/framework/src/Illuminate/Foundation/Console/Kernel.php(153): Illuminate\\Foundation\\Console\\Kernel->bootstrap()
#13 Command line code(1): Illuminate\\Foundation\\Console\\Kernel->handle()
#14 {main}
"} 
[2025-03-11 17:11:42] local.ERROR: Class "\Themes\BC\ThemeProvider" not found {"exception":"[object] (Error(code: 0): Class \"\\Themes\\BC\\ThemeProvider\" not found at /var/www/emaparking_dss/themes/ThemeServiceProvider.php:23)
[stacktrace]
#0 /var/www/emaparking_dss/vendor/laravel/framework/src/Illuminate/Container/BoundMethod.php(36): Themes\\ThemeServiceProvider->boot()
#1 /var/www/emaparking_dss/vendor/laravel/framework/src/Illuminate/Container/Util.php(41): Illuminate\\Container\\BoundMethod::Illuminate\\Container\\{closure}()
#2 /var/www/emaparking_dss/vendor/laravel/framework/src/Illuminate/Container/BoundMethod.php(93): Illuminate\\Container\\Util::unwrapIfClosure()
#3 /var/www/emaparking_dss/vendor/laravel/framework/src/Illuminate/Container/BoundMethod.php(35): Illuminate\\Container\\BoundMethod::callBoundMethod()
#4 /var/www/emaparking_dss/vendor/laravel/framework/src/Illuminate/Container/Container.php(651): Illuminate\\Container\\BoundMethod::call()
#5 /var/www/emaparking_dss/vendor/laravel/framework/src/Illuminate/Foundation/Application.php(933): Illuminate\\Container\\Container->call()
#6 /var/www/emaparking_dss/vendor/laravel/framework/src/Illuminate/Foundation/Application.php(914): Illuminate\\Foundation\\Application->bootProvider()
#7 [internal function]: Illuminate\\Foundation\\Application->Illuminate\\Foundation\\{closure}()
#8 /var/www/emaparking_dss/vendor/laravel/framework/src/Illuminate/Foundation/Application.php(913): array_walk()
#9 /var/www/emaparking_dss/vendor/laravel/framework/src/Illuminate/Foundation/Bootstrap/BootProviders.php(17): Illuminate\\Foundation\\Application->boot()
#10 /var/www/emaparking_dss/vendor/laravel/framework/src/Illuminate/Foundation/Application.php(242): Illuminate\\Foundation\\Bootstrap\\BootProviders->bootstrap()
#11 /var/www/emaparking_dss/vendor/laravel/framework/src/Illuminate/Foundation/Console/Kernel.php(383): Illuminate\\Foundation\\Application->bootstrapWith()
#12 /var/www/emaparking_dss/vendor/laravel/framework/src/Illuminate/Foundation/Console/Kernel.php(153): Illuminate\\Foundation\\Console\\Kernel->bootstrap()
#13 Command line code(1): Illuminate\\Foundation\\Console\\Kernel->handle()
#14 {main}
"} 
[2025-03-11 17:11:42] local.ERROR: Class "\Themes\BC\ThemeProvider" not found {"exception":"[object] (Error(code: 0): Class \"\\Themes\\BC\\ThemeProvider\" not found at /var/www/emaparking_dss/themes/ThemeServiceProvider.php:23)
[stacktrace]
#0 /var/www/emaparking_dss/vendor/laravel/framework/src/Illuminate/Container/BoundMethod.php(36): Themes\\ThemeServiceProvider->boot()
#1 /var/www/emaparking_dss/vendor/laravel/framework/src/Illuminate/Container/Util.php(41): Illuminate\\Container\\BoundMethod::Illuminate\\Container\\{closure}()
#2 /var/www/emaparking_dss/vendor/laravel/framework/src/Illuminate/Container/BoundMethod.php(93): Illuminate\\Container\\Util::unwrapIfClosure()
#3 /var/www/emaparking_dss/vendor/laravel/framework/src/Illuminate/Container/BoundMethod.php(35): Illuminate\\Container\\BoundMethod::callBoundMethod()
#4 /var/www/emaparking_dss/vendor/laravel/framework/src/Illuminate/Container/Container.php(651): Illuminate\\Container\\BoundMethod::call()
#5 /var/www/emaparking_dss/vendor/laravel/framework/src/Illuminate/Foundation/Application.php(933): Illuminate\\Container\\Container->call()
#6 /var/www/emaparking_dss/vendor/laravel/framework/src/Illuminate/Foundation/Application.php(914): Illuminate\\Foundation\\Application->bootProvider()
#7 [internal function]: Illuminate\\Foundation\\Application->Illuminate\\Foundation\\{closure}()
#8 /var/www/emaparking_dss/vendor/laravel/framework/src/Illuminate/Foundation/Application.php(913): array_walk()
#9 /var/www/emaparking_dss/vendor/laravel/framework/src/Illuminate/Foundation/Bootstrap/BootProviders.php(17): Illuminate\\Foundation\\Application->boot()
#10 /var/www/emaparking_dss/vendor/laravel/framework/src/Illuminate/Foundation/Application.php(242): Illuminate\\Foundation\\Bootstrap\\BootProviders->bootstrap()
#11 /var/www/emaparking_dss/vendor/laravel/framework/src/Illuminate/Foundation/Console/Kernel.php(383): Illuminate\\Foundation\\Application->bootstrapWith()
#12 /var/www/emaparking_dss/vendor/laravel/framework/src/Illuminate/Foundation/Console/Kernel.php(153): Illuminate\\Foundation\\Console\\Kernel->bootstrap()
#13 Command line code(1): Illuminate\\Foundation\\Console\\Kernel->handle()
#14 {main}
"} 
[2025-03-11 17:12:40] local.ERROR: Class "\Themes\BC\ThemeProvider" not found {"exception":"[object] (Error(code: 0): Class \"\\Themes\\BC\\ThemeProvider\" not found at /var/www/emaparking_dss/themes/ThemeServiceProvider.php:23)
[stacktrace]
#0 /var/www/emaparking_dss/vendor/laravel/framework/src/Illuminate/Container/BoundMethod.php(36): Themes\\ThemeServiceProvider->boot()
#1 /var/www/emaparking_dss/vendor/laravel/framework/src/Illuminate/Container/Util.php(41): Illuminate\\Container\\BoundMethod::Illuminate\\Container\\{closure}()
#2 /var/www/emaparking_dss/vendor/laravel/framework/src/Illuminate/Container/BoundMethod.php(93): Illuminate\\Container\\Util::unwrapIfClosure()
#3 /var/www/emaparking_dss/vendor/laravel/framework/src/Illuminate/Container/BoundMethod.php(35): Illuminate\\Container\\BoundMethod::callBoundMethod()
#4 /var/www/emaparking_dss/vendor/laravel/framework/src/Illuminate/Container/Container.php(651): Illuminate\\Container\\BoundMethod::call()
#5 /var/www/emaparking_dss/vendor/laravel/framework/src/Illuminate/Foundation/Application.php(933): Illuminate\\Container\\Container->call()
#6 /var/www/emaparking_dss/vendor/laravel/framework/src/Illuminate/Foundation/Application.php(914): Illuminate\\Foundation\\Application->bootProvider()
#7 [internal function]: Illuminate\\Foundation\\Application->Illuminate\\Foundation\\{closure}()
#8 /var/www/emaparking_dss/vendor/laravel/framework/src/Illuminate/Foundation/Application.php(913): array_walk()
#9 /var/www/emaparking_dss/vendor/laravel/framework/src/Illuminate/Foundation/Bootstrap/BootProviders.php(17): Illuminate\\Foundation\\Application->boot()
#10 /var/www/emaparking_dss/vendor/laravel/framework/src/Illuminate/Foundation/Application.php(242): Illuminate\\Foundation\\Bootstrap\\BootProviders->bootstrap()
#11 /var/www/emaparking_dss/vendor/laravel/framework/src/Illuminate/Foundation/Console/Kernel.php(383): Illuminate\\Foundation\\Application->bootstrapWith()
#12 /var/www/emaparking_dss/vendor/laravel/framework/src/Illuminate/Foundation/Console/Kernel.php(153): Illuminate\\Foundation\\Console\\Kernel->bootstrap()
#13 Command line code(1): Illuminate\\Foundation\\Console\\Kernel->handle()
#14 {main}
"} 
[2025-03-11 17:12:40] local.ERROR: Class "\Themes\BC\ThemeProvider" not found {"exception":"[object] (Error(code: 0): Class \"\\Themes\\BC\\ThemeProvider\" not found at /var/www/emaparking_dss/themes/ThemeServiceProvider.php:23)
[stacktrace]
#0 /var/www/emaparking_dss/vendor/laravel/framework/src/Illuminate/Container/BoundMethod.php(36): Themes\\ThemeServiceProvider->boot()
#1 /var/www/emaparking_dss/vendor/laravel/framework/src/Illuminate/Container/Util.php(41): Illuminate\\Container\\BoundMethod::Illuminate\\Container\\{closure}()
#2 /var/www/emaparking_dss/vendor/laravel/framework/src/Illuminate/Container/BoundMethod.php(93): Illuminate\\Container\\Util::unwrapIfClosure()
#3 /var/www/emaparking_dss/vendor/laravel/framework/src/Illuminate/Container/BoundMethod.php(35): Illuminate\\Container\\BoundMethod::callBoundMethod()
#4 /var/www/emaparking_dss/vendor/laravel/framework/src/Illuminate/Container/Container.php(651): Illuminate\\Container\\BoundMethod::call()
#5 /var/www/emaparking_dss/vendor/laravel/framework/src/Illuminate/Foundation/Application.php(933): Illuminate\\Container\\Container->call()
#6 /var/www/emaparking_dss/vendor/laravel/framework/src/Illuminate/Foundation/Application.php(914): Illuminate\\Foundation\\Application->bootProvider()
#7 [internal function]: Illuminate\\Foundation\\Application->Illuminate\\Foundation\\{closure}()
#8 /var/www/emaparking_dss/vendor/laravel/framework/src/Illuminate/Foundation/Application.php(913): array_walk()
#9 /var/www/emaparking_dss/vendor/laravel/framework/src/Illuminate/Foundation/Bootstrap/BootProviders.php(17): Illuminate\\Foundation\\Application->boot()
#10 /var/www/emaparking_dss/vendor/laravel/framework/src/Illuminate/Foundation/Application.php(242): Illuminate\\Foundation\\Bootstrap\\BootProviders->bootstrap()
#11 /var/www/emaparking_dss/vendor/laravel/framework/src/Illuminate/Foundation/Console/Kernel.php(383): Illuminate\\Foundation\\Application->bootstrapWith()
#12 /var/www/emaparking_dss/vendor/laravel/framework/src/Illuminate/Foundation/Console/Kernel.php(153): Illuminate\\Foundation\\Console\\Kernel->bootstrap()
#13 Command line code(1): Illuminate\\Foundation\\Console\\Kernel->handle()
#14 {main}
"} 
[2025-03-11 17:13:40] local.ERROR: Class "\Themes\BC\ThemeProvider" not found {"exception":"[object] (Error(code: 0): Class \"\\Themes\\BC\\ThemeProvider\" not found at /var/www/emaparking_dss/themes/ThemeServiceProvider.php:23)
[stacktrace]
#0 /var/www/emaparking_dss/vendor/laravel/framework/src/Illuminate/Container/BoundMethod.php(36): Themes\\ThemeServiceProvider->boot()
#1 /var/www/emaparking_dss/vendor/laravel/framework/src/Illuminate/Container/Util.php(41): Illuminate\\Container\\BoundMethod::Illuminate\\Container\\{closure}()
#2 /var/www/emaparking_dss/vendor/laravel/framework/src/Illuminate/Container/BoundMethod.php(93): Illuminate\\Container\\Util::unwrapIfClosure()
#3 /var/www/emaparking_dss/vendor/laravel/framework/src/Illuminate/Container/BoundMethod.php(35): Illuminate\\Container\\BoundMethod::callBoundMethod()
#4 /var/www/emaparking_dss/vendor/laravel/framework/src/Illuminate/Container/Container.php(651): Illuminate\\Container\\BoundMethod::call()
#5 /var/www/emaparking_dss/vendor/laravel/framework/src/Illuminate/Foundation/Application.php(933): Illuminate\\Container\\Container->call()
#6 /var/www/emaparking_dss/vendor/laravel/framework/src/Illuminate/Foundation/Application.php(914): Illuminate\\Foundation\\Application->bootProvider()
#7 [internal function]: Illuminate\\Foundation\\Application->Illuminate\\Foundation\\{closure}()
#8 /var/www/emaparking_dss/vendor/laravel/framework/src/Illuminate/Foundation/Application.php(913): array_walk()
#9 /var/www/emaparking_dss/vendor/laravel/framework/src/Illuminate/Foundation/Bootstrap/BootProviders.php(17): Illuminate\\Foundation\\Application->boot()
#10 /var/www/emaparking_dss/vendor/laravel/framework/src/Illuminate/Foundation/Application.php(242): Illuminate\\Foundation\\Bootstrap\\BootProviders->bootstrap()
#11 /var/www/emaparking_dss/vendor/laravel/framework/src/Illuminate/Foundation/Console/Kernel.php(383): Illuminate\\Foundation\\Application->bootstrapWith()
#12 /var/www/emaparking_dss/vendor/laravel/framework/src/Illuminate/Foundation/Console/Kernel.php(153): Illuminate\\Foundation\\Console\\Kernel->bootstrap()
#13 Command line code(1): Illuminate\\Foundation\\Console\\Kernel->handle()
#14 {main}
"} 
[2025-03-11 17:13:40] local.ERROR: Class "\Themes\BC\ThemeProvider" not found {"exception":"[object] (Error(code: 0): Class \"\\Themes\\BC\\ThemeProvider\" not found at /var/www/emaparking_dss/themes/ThemeServiceProvider.php:23)
[stacktrace]
#0 /var/www/emaparking_dss/vendor/laravel/framework/src/Illuminate/Container/BoundMethod.php(36): Themes\\ThemeServiceProvider->boot()
#1 /var/www/emaparking_dss/vendor/laravel/framework/src/Illuminate/Container/Util.php(41): Illuminate\\Container\\BoundMethod::Illuminate\\Container\\{closure}()
#2 /var/www/emaparking_dss/vendor/laravel/framework/src/Illuminate/Container/BoundMethod.php(93): Illuminate\\Container\\Util::unwrapIfClosure()
#3 /var/www/emaparking_dss/vendor/laravel/framework/src/Illuminate/Container/BoundMethod.php(35): Illuminate\\Container\\BoundMethod::callBoundMethod()
#4 /var/www/emaparking_dss/vendor/laravel/framework/src/Illuminate/Container/Container.php(651): Illuminate\\Container\\BoundMethod::call()
#5 /var/www/emaparking_dss/vendor/laravel/framework/src/Illuminate/Foundation/Application.php(933): Illuminate\\Container\\Container->call()
#6 /var/www/emaparking_dss/vendor/laravel/framework/src/Illuminate/Foundation/Application.php(914): Illuminate\\Foundation\\Application->bootProvider()
#7 [internal function]: Illuminate\\Foundation\\Application->Illuminate\\Foundation\\{closure}()
#8 /var/www/emaparking_dss/vendor/laravel/framework/src/Illuminate/Foundation/Application.php(913): array_walk()
#9 /var/www/emaparking_dss/vendor/laravel/framework/src/Illuminate/Foundation/Bootstrap/BootProviders.php(17): Illuminate\\Foundation\\Application->boot()
#10 /var/www/emaparking_dss/vendor/laravel/framework/src/Illuminate/Foundation/Application.php(242): Illuminate\\Foundation\\Bootstrap\\BootProviders->bootstrap()
#11 /var/www/emaparking_dss/vendor/laravel/framework/src/Illuminate/Foundation/Console/Kernel.php(383): Illuminate\\Foundation\\Application->bootstrapWith()
#12 /var/www/emaparking_dss/vendor/laravel/framework/src/Illuminate/Foundation/Console/Kernel.php(153): Illuminate\\Foundation\\Console\\Kernel->bootstrap()
#13 Command line code(1): Illuminate\\Foundation\\Console\\Kernel->handle()
#14 {main}
"} 
[2025-03-11 17:14:40] local.ERROR: Class "\Themes\BC\ThemeProvider" not found {"exception":"[object] (Error(code: 0): Class \"\\Themes\\BC\\ThemeProvider\" not found at /var/www/emaparking_dss/themes/ThemeServiceProvider.php:23)
[stacktrace]
#0 /var/www/emaparking_dss/vendor/laravel/framework/src/Illuminate/Container/BoundMethod.php(36): Themes\\ThemeServiceProvider->boot()
#1 /var/www/emaparking_dss/vendor/laravel/framework/src/Illuminate/Container/Util.php(41): Illuminate\\Container\\BoundMethod::Illuminate\\Container\\{closure}()
#2 /var/www/emaparking_dss/vendor/laravel/framework/src/Illuminate/Container/BoundMethod.php(93): Illuminate\\Container\\Util::unwrapIfClosure()
#3 /var/www/emaparking_dss/vendor/laravel/framework/src/Illuminate/Container/BoundMethod.php(35): Illuminate\\Container\\BoundMethod::callBoundMethod()
#4 /var/www/emaparking_dss/vendor/laravel/framework/src/Illuminate/Container/Container.php(651): Illuminate\\Container\\BoundMethod::call()
#5 /var/www/emaparking_dss/vendor/laravel/framework/src/Illuminate/Foundation/Application.php(933): Illuminate\\Container\\Container->call()
#6 /var/www/emaparking_dss/vendor/laravel/framework/src/Illuminate/Foundation/Application.php(914): Illuminate\\Foundation\\Application->bootProvider()
#7 [internal function]: Illuminate\\Foundation\\Application->Illuminate\\Foundation\\{closure}()
#8 /var/www/emaparking_dss/vendor/laravel/framework/src/Illuminate/Foundation/Application.php(913): array_walk()
#9 /var/www/emaparking_dss/vendor/laravel/framework/src/Illuminate/Foundation/Bootstrap/BootProviders.php(17): Illuminate\\Foundation\\Application->boot()
#10 /var/www/emaparking_dss/vendor/laravel/framework/src/Illuminate/Foundation/Application.php(242): Illuminate\\Foundation\\Bootstrap\\BootProviders->bootstrap()
#11 /var/www/emaparking_dss/vendor/laravel/framework/src/Illuminate/Foundation/Console/Kernel.php(383): Illuminate\\Foundation\\Application->bootstrapWith()
#12 /var/www/emaparking_dss/vendor/laravel/framework/src/Illuminate/Foundation/Console/Kernel.php(153): Illuminate\\Foundation\\Console\\Kernel->bootstrap()
#13 Command line code(1): Illuminate\\Foundation\\Console\\Kernel->handle()
#14 {main}
"} 
[2025-03-11 17:14:40] local.ERROR: Class "\Themes\BC\ThemeProvider" not found {"exception":"[object] (Error(code: 0): Class \"\\Themes\\BC\\ThemeProvider\" not found at /var/www/emaparking_dss/themes/ThemeServiceProvider.php:23)
[stacktrace]
#0 /var/www/emaparking_dss/vendor/laravel/framework/src/Illuminate/Container/BoundMethod.php(36): Themes\\ThemeServiceProvider->boot()
#1 /var/www/emaparking_dss/vendor/laravel/framework/src/Illuminate/Container/Util.php(41): Illuminate\\Container\\BoundMethod::Illuminate\\Container\\{closure}()
#2 /var/www/emaparking_dss/vendor/laravel/framework/src/Illuminate/Container/BoundMethod.php(93): Illuminate\\Container\\Util::unwrapIfClosure()
#3 /var/www/emaparking_dss/vendor/laravel/framework/src/Illuminate/Container/BoundMethod.php(35): Illuminate\\Container\\BoundMethod::callBoundMethod()
#4 /var/www/emaparking_dss/vendor/laravel/framework/src/Illuminate/Container/Container.php(651): Illuminate\\Container\\BoundMethod::call()
#5 /var/www/emaparking_dss/vendor/laravel/framework/src/Illuminate/Foundation/Application.php(933): Illuminate\\Container\\Container->call()
#6 /var/www/emaparking_dss/vendor/laravel/framework/src/Illuminate/Foundation/Application.php(914): Illuminate\\Foundation\\Application->bootProvider()
#7 [internal function]: Illuminate\\Foundation\\Application->Illuminate\\Foundation\\{closure}()
#8 /var/www/emaparking_dss/vendor/laravel/framework/src/Illuminate/Foundation/Application.php(913): array_walk()
#9 /var/www/emaparking_dss/vendor/laravel/framework/src/Illuminate/Foundation/Bootstrap/BootProviders.php(17): Illuminate\\Foundation\\Application->boot()
#10 /var/www/emaparking_dss/vendor/laravel/framework/src/Illuminate/Foundation/Application.php(242): Illuminate\\Foundation\\Bootstrap\\BootProviders->bootstrap()
#11 /var/www/emaparking_dss/vendor/laravel/framework/src/Illuminate/Foundation/Console/Kernel.php(383): Illuminate\\Foundation\\Application->bootstrapWith()
#12 /var/www/emaparking_dss/vendor/laravel/framework/src/Illuminate/Foundation/Console/Kernel.php(153): Illuminate\\Foundation\\Console\\Kernel->bootstrap()
#13 Command line code(1): Illuminate\\Foundation\\Console\\Kernel->handle()
#14 {main}
"} 
[2025-03-11 17:15:40] local.ERROR: Class "\Themes\BC\ThemeProvider" not found {"exception":"[object] (Error(code: 0): Class \"\\Themes\\BC\\ThemeProvider\" not found at /var/www/emaparking_dss/themes/ThemeServiceProvider.php:23)
[stacktrace]
#0 /var/www/emaparking_dss/vendor/laravel/framework/src/Illuminate/Container/BoundMethod.php(36): Themes\\ThemeServiceProvider->boot()
#1 /var/www/emaparking_dss/vendor/laravel/framework/src/Illuminate/Container/Util.php(41): Illuminate\\Container\\BoundMethod::Illuminate\\Container\\{closure}()
#2 /var/www/emaparking_dss/vendor/laravel/framework/src/Illuminate/Container/BoundMethod.php(93): Illuminate\\Container\\Util::unwrapIfClosure()
#3 /var/www/emaparking_dss/vendor/laravel/framework/src/Illuminate/Container/BoundMethod.php(35): Illuminate\\Container\\BoundMethod::callBoundMethod()
#4 /var/www/emaparking_dss/vendor/laravel/framework/src/Illuminate/Container/Container.php(651): Illuminate\\Container\\BoundMethod::call()
#5 /var/www/emaparking_dss/vendor/laravel/framework/src/Illuminate/Foundation/Application.php(933): Illuminate\\Container\\Container->call()
#6 /var/www/emaparking_dss/vendor/laravel/framework/src/Illuminate/Foundation/Application.php(914): Illuminate\\Foundation\\Application->bootProvider()
#7 [internal function]: Illuminate\\Foundation\\Application->Illuminate\\Foundation\\{closure}()
#8 /var/www/emaparking_dss/vendor/laravel/framework/src/Illuminate/Foundation/Application.php(913): array_walk()
#9 /var/www/emaparking_dss/vendor/laravel/framework/src/Illuminate/Foundation/Bootstrap/BootProviders.php(17): Illuminate\\Foundation\\Application->boot()
#10 /var/www/emaparking_dss/vendor/laravel/framework/src/Illuminate/Foundation/Application.php(242): Illuminate\\Foundation\\Bootstrap\\BootProviders->bootstrap()
#11 /var/www/emaparking_dss/vendor/laravel/framework/src/Illuminate/Foundation/Console/Kernel.php(383): Illuminate\\Foundation\\Application->bootstrapWith()
#12 /var/www/emaparking_dss/vendor/laravel/framework/src/Illuminate/Foundation/Console/Kernel.php(153): Illuminate\\Foundation\\Console\\Kernel->bootstrap()
#13 Command line code(1): Illuminate\\Foundation\\Console\\Kernel->handle()
#14 {main}
"} 
[2025-03-11 17:15:40] local.ERROR: Class "\Themes\BC\ThemeProvider" not found {"exception":"[object] (Error(code: 0): Class \"\\Themes\\BC\\ThemeProvider\" not found at /var/www/emaparking_dss/themes/ThemeServiceProvider.php:23)
[stacktrace]
#0 /var/www/emaparking_dss/vendor/laravel/framework/src/Illuminate/Container/BoundMethod.php(36): Themes\\ThemeServiceProvider->boot()
#1 /var/www/emaparking_dss/vendor/laravel/framework/src/Illuminate/Container/Util.php(41): Illuminate\\Container\\BoundMethod::Illuminate\\Container\\{closure}()
#2 /var/www/emaparking_dss/vendor/laravel/framework/src/Illuminate/Container/BoundMethod.php(93): Illuminate\\Container\\Util::unwrapIfClosure()
#3 /var/www/emaparking_dss/vendor/laravel/framework/src/Illuminate/Container/BoundMethod.php(35): Illuminate\\Container\\BoundMethod::callBoundMethod()
#4 /var/www/emaparking_dss/vendor/laravel/framework/src/Illuminate/Container/Container.php(651): Illuminate\\Container\\BoundMethod::call()
#5 /var/www/emaparking_dss/vendor/laravel/framework/src/Illuminate/Foundation/Application.php(933): Illuminate\\Container\\Container->call()
#6 /var/www/emaparking_dss/vendor/laravel/framework/src/Illuminate/Foundation/Application.php(914): Illuminate\\Foundation\\Application->bootProvider()
#7 [internal function]: Illuminate\\Foundation\\Application->Illuminate\\Foundation\\{closure}()
#8 /var/www/emaparking_dss/vendor/laravel/framework/src/Illuminate/Foundation/Application.php(913): array_walk()
#9 /var/www/emaparking_dss/vendor/laravel/framework/src/Illuminate/Foundation/Bootstrap/BootProviders.php(17): Illuminate\\Foundation\\Application->boot()
#10 /var/www/emaparking_dss/vendor/laravel/framework/src/Illuminate/Foundation/Application.php(242): Illuminate\\Foundation\\Bootstrap\\BootProviders->bootstrap()
#11 /var/www/emaparking_dss/vendor/laravel/framework/src/Illuminate/Foundation/Console/Kernel.php(383): Illuminate\\Foundation\\Application->bootstrapWith()
#12 /var/www/emaparking_dss/vendor/laravel/framework/src/Illuminate/Foundation/Console/Kernel.php(153): Illuminate\\Foundation\\Console\\Kernel->bootstrap()
#13 Command line code(1): Illuminate\\Foundation\\Console\\Kernel->handle()
#14 {main}
"} 
[2025-03-11 17:16:40] local.ERROR: Class "\Themes\BC\ThemeProvider" not found {"exception":"[object] (Error(code: 0): Class \"\\Themes\\BC\\ThemeProvider\" not found at /var/www/emaparking_dss/themes/ThemeServiceProvider.php:23)
[stacktrace]
#0 /var/www/emaparking_dss/vendor/laravel/framework/src/Illuminate/Container/BoundMethod.php(36): Themes\\ThemeServiceProvider->boot()
#1 /var/www/emaparking_dss/vendor/laravel/framework/src/Illuminate/Container/Util.php(41): Illuminate\\Container\\BoundMethod::Illuminate\\Container\\{closure}()
#2 /var/www/emaparking_dss/vendor/laravel/framework/src/Illuminate/Container/BoundMethod.php(93): Illuminate\\Container\\Util::unwrapIfClosure()
#3 /var/www/emaparking_dss/vendor/laravel/framework/src/Illuminate/Container/BoundMethod.php(35): Illuminate\\Container\\BoundMethod::callBoundMethod()
#4 /var/www/emaparking_dss/vendor/laravel/framework/src/Illuminate/Container/Container.php(651): Illuminate\\Container\\BoundMethod::call()
#5 /var/www/emaparking_dss/vendor/laravel/framework/src/Illuminate/Foundation/Application.php(933): Illuminate\\Container\\Container->call()
#6 /var/www/emaparking_dss/vendor/laravel/framework/src/Illuminate/Foundation/Application.php(914): Illuminate\\Foundation\\Application->bootProvider()
#7 [internal function]: Illuminate\\Foundation\\Application->Illuminate\\Foundation\\{closure}()
#8 /var/www/emaparking_dss/vendor/laravel/framework/src/Illuminate/Foundation/Application.php(913): array_walk()
#9 /var/www/emaparking_dss/vendor/laravel/framework/src/Illuminate/Foundation/Bootstrap/BootProviders.php(17): Illuminate\\Foundation\\Application->boot()
#10 /var/www/emaparking_dss/vendor/laravel/framework/src/Illuminate/Foundation/Application.php(242): Illuminate\\Foundation\\Bootstrap\\BootProviders->bootstrap()
#11 /var/www/emaparking_dss/vendor/laravel/framework/src/Illuminate/Foundation/Console/Kernel.php(383): Illuminate\\Foundation\\Application->bootstrapWith()
#12 /var/www/emaparking_dss/vendor/laravel/framework/src/Illuminate/Foundation/Console/Kernel.php(153): Illuminate\\Foundation\\Console\\Kernel->bootstrap()
#13 Command line code(1): Illuminate\\Foundation\\Console\\Kernel->handle()
#14 {main}
"} 
[2025-03-11 17:16:40] local.ERROR: Class "\Themes\BC\ThemeProvider" not found {"exception":"[object] (Error(code: 0): Class \"\\Themes\\BC\\ThemeProvider\" not found at /var/www/emaparking_dss/themes/ThemeServiceProvider.php:23)
[stacktrace]
#0 /var/www/emaparking_dss/vendor/laravel/framework/src/Illuminate/Container/BoundMethod.php(36): Themes\\ThemeServiceProvider->boot()
#1 /var/www/emaparking_dss/vendor/laravel/framework/src/Illuminate/Container/Util.php(41): Illuminate\\Container\\BoundMethod::Illuminate\\Container\\{closure}()
#2 /var/www/emaparking_dss/vendor/laravel/framework/src/Illuminate/Container/BoundMethod.php(93): Illuminate\\Container\\Util::unwrapIfClosure()
#3 /var/www/emaparking_dss/vendor/laravel/framework/src/Illuminate/Container/BoundMethod.php(35): Illuminate\\Container\\BoundMethod::callBoundMethod()
#4 /var/www/emaparking_dss/vendor/laravel/framework/src/Illuminate/Container/Container.php(651): Illuminate\\Container\\BoundMethod::call()
#5 /var/www/emaparking_dss/vendor/laravel/framework/src/Illuminate/Foundation/Application.php(933): Illuminate\\Container\\Container->call()
#6 /var/www/emaparking_dss/vendor/laravel/framework/src/Illuminate/Foundation/Application.php(914): Illuminate\\Foundation\\Application->bootProvider()
#7 [internal function]: Illuminate\\Foundation\\Application->Illuminate\\Foundation\\{closure}()
#8 /var/www/emaparking_dss/vendor/laravel/framework/src/Illuminate/Foundation/Application.php(913): array_walk()
#9 /var/www/emaparking_dss/vendor/laravel/framework/src/Illuminate/Foundation/Bootstrap/BootProviders.php(17): Illuminate\\Foundation\\Application->boot()
#10 /var/www/emaparking_dss/vendor/laravel/framework/src/Illuminate/Foundation/Application.php(242): Illuminate\\Foundation\\Bootstrap\\BootProviders->bootstrap()
#11 /var/www/emaparking_dss/vendor/laravel/framework/src/Illuminate/Foundation/Console/Kernel.php(383): Illuminate\\Foundation\\Application->bootstrapWith()
#12 /var/www/emaparking_dss/vendor/laravel/framework/src/Illuminate/Foundation/Console/Kernel.php(153): Illuminate\\Foundation\\Console\\Kernel->bootstrap()
#13 Command line code(1): Illuminate\\Foundation\\Console\\Kernel->handle()
#14 {main}
"} 
[2025-03-11 17:17:40] local.ERROR: Class "\Themes\BC\ThemeProvider" not found {"exception":"[object] (Error(code: 0): Class \"\\Themes\\BC\\ThemeProvider\" not found at /var/www/emaparking_dss/themes/ThemeServiceProvider.php:23)
[stacktrace]
#0 /var/www/emaparking_dss/vendor/laravel/framework/src/Illuminate/Container/BoundMethod.php(36): Themes\\ThemeServiceProvider->boot()
#1 /var/www/emaparking_dss/vendor/laravel/framework/src/Illuminate/Container/Util.php(41): Illuminate\\Container\\BoundMethod::Illuminate\\Container\\{closure}()
#2 /var/www/emaparking_dss/vendor/laravel/framework/src/Illuminate/Container/BoundMethod.php(93): Illuminate\\Container\\Util::unwrapIfClosure()
#3 /var/www/emaparking_dss/vendor/laravel/framework/src/Illuminate/Container/BoundMethod.php(35): Illuminate\\Container\\BoundMethod::callBoundMethod()
#4 /var/www/emaparking_dss/vendor/laravel/framework/src/Illuminate/Container/Container.php(651): Illuminate\\Container\\BoundMethod::call()
#5 /var/www/emaparking_dss/vendor/laravel/framework/src/Illuminate/Foundation/Application.php(933): Illuminate\\Container\\Container->call()
#6 /var/www/emaparking_dss/vendor/laravel/framework/src/Illuminate/Foundation/Application.php(914): Illuminate\\Foundation\\Application->bootProvider()
#7 [internal function]: Illuminate\\Foundation\\Application->Illuminate\\Foundation\\{closure}()
#8 /var/www/emaparking_dss/vendor/laravel/framework/src/Illuminate/Foundation/Application.php(913): array_walk()
#9 /var/www/emaparking_dss/vendor/laravel/framework/src/Illuminate/Foundation/Bootstrap/BootProviders.php(17): Illuminate\\Foundation\\Application->boot()
#10 /var/www/emaparking_dss/vendor/laravel/framework/src/Illuminate/Foundation/Application.php(242): Illuminate\\Foundation\\Bootstrap\\BootProviders->bootstrap()
#11 /var/www/emaparking_dss/vendor/laravel/framework/src/Illuminate/Foundation/Console/Kernel.php(383): Illuminate\\Foundation\\Application->bootstrapWith()
#12 /var/www/emaparking_dss/vendor/laravel/framework/src/Illuminate/Foundation/Console/Kernel.php(153): Illuminate\\Foundation\\Console\\Kernel->bootstrap()
#13 Command line code(1): Illuminate\\Foundation\\Console\\Kernel->handle()
#14 {main}
"} 
[2025-03-11 17:17:40] local.ERROR: Class "\Themes\BC\ThemeProvider" not found {"exception":"[object] (Error(code: 0): Class \"\\Themes\\BC\\ThemeProvider\" not found at /var/www/emaparking_dss/themes/ThemeServiceProvider.php:23)
[stacktrace]
#0 /var/www/emaparking_dss/vendor/laravel/framework/src/Illuminate/Container/BoundMethod.php(36): Themes\\ThemeServiceProvider->boot()
#1 /var/www/emaparking_dss/vendor/laravel/framework/src/Illuminate/Container/Util.php(41): Illuminate\\Container\\BoundMethod::Illuminate\\Container\\{closure}()
#2 /var/www/emaparking_dss/vendor/laravel/framework/src/Illuminate/Container/BoundMethod.php(93): Illuminate\\Container\\Util::unwrapIfClosure()
#3 /var/www/emaparking_dss/vendor/laravel/framework/src/Illuminate/Container/BoundMethod.php(35): Illuminate\\Container\\BoundMethod::callBoundMethod()
#4 /var/www/emaparking_dss/vendor/laravel/framework/src/Illuminate/Container/Container.php(651): Illuminate\\Container\\BoundMethod::call()
#5 /var/www/emaparking_dss/vendor/laravel/framework/src/Illuminate/Foundation/Application.php(933): Illuminate\\Container\\Container->call()
#6 /var/www/emaparking_dss/vendor/laravel/framework/src/Illuminate/Foundation/Application.php(914): Illuminate\\Foundation\\Application->bootProvider()
#7 [internal function]: Illuminate\\Foundation\\Application->Illuminate\\Foundation\\{closure}()
#8 /var/www/emaparking_dss/vendor/laravel/framework/src/Illuminate/Foundation/Application.php(913): array_walk()
#9 /var/www/emaparking_dss/vendor/laravel/framework/src/Illuminate/Foundation/Bootstrap/BootProviders.php(17): Illuminate\\Foundation\\Application->boot()
#10 /var/www/emaparking_dss/vendor/laravel/framework/src/Illuminate/Foundation/Application.php(242): Illuminate\\Foundation\\Bootstrap\\BootProviders->bootstrap()
#11 /var/www/emaparking_dss/vendor/laravel/framework/src/Illuminate/Foundation/Console/Kernel.php(383): Illuminate\\Foundation\\Application->bootstrapWith()
#12 /var/www/emaparking_dss/vendor/laravel/framework/src/Illuminate/Foundation/Console/Kernel.php(153): Illuminate\\Foundation\\Console\\Kernel->bootstrap()
#13 Command line code(1): Illuminate\\Foundation\\Console\\Kernel->handle()
#14 {main}
"} 
[2025-03-11 17:18:40] local.ERROR: Class "\Themes\BC\ThemeProvider" not found {"exception":"[object] (Error(code: 0): Class \"\\Themes\\BC\\ThemeProvider\" not found at /var/www/emaparking_dss/themes/ThemeServiceProvider.php:23)
[stacktrace]
#0 /var/www/emaparking_dss/vendor/laravel/framework/src/Illuminate/Container/BoundMethod.php(36): Themes\\ThemeServiceProvider->boot()
#1 /var/www/emaparking_dss/vendor/laravel/framework/src/Illuminate/Container/Util.php(41): Illuminate\\Container\\BoundMethod::Illuminate\\Container\\{closure}()
#2 /var/www/emaparking_dss/vendor/laravel/framework/src/Illuminate/Container/BoundMethod.php(93): Illuminate\\Container\\Util::unwrapIfClosure()
#3 /var/www/emaparking_dss/vendor/laravel/framework/src/Illuminate/Container/BoundMethod.php(35): Illuminate\\Container\\BoundMethod::callBoundMethod()
#4 /var/www/emaparking_dss/vendor/laravel/framework/src/Illuminate/Container/Container.php(651): Illuminate\\Container\\BoundMethod::call()
#5 /var/www/emaparking_dss/vendor/laravel/framework/src/Illuminate/Foundation/Application.php(933): Illuminate\\Container\\Container->call()
#6 /var/www/emaparking_dss/vendor/laravel/framework/src/Illuminate/Foundation/Application.php(914): Illuminate\\Foundation\\Application->bootProvider()
#7 [internal function]: Illuminate\\Foundation\\Application->Illuminate\\Foundation\\{closure}()
#8 /var/www/emaparking_dss/vendor/laravel/framework/src/Illuminate/Foundation/Application.php(913): array_walk()
#9 /var/www/emaparking_dss/vendor/laravel/framework/src/Illuminate/Foundation/Bootstrap/BootProviders.php(17): Illuminate\\Foundation\\Application->boot()
#10 /var/www/emaparking_dss/vendor/laravel/framework/src/Illuminate/Foundation/Application.php(242): Illuminate\\Foundation\\Bootstrap\\BootProviders->bootstrap()
#11 /var/www/emaparking_dss/vendor/laravel/framework/src/Illuminate/Foundation/Console/Kernel.php(383): Illuminate\\Foundation\\Application->bootstrapWith()
#12 /var/www/emaparking_dss/vendor/laravel/framework/src/Illuminate/Foundation/Console/Kernel.php(153): Illuminate\\Foundation\\Console\\Kernel->bootstrap()
#13 Command line code(1): Illuminate\\Foundation\\Console\\Kernel->handle()
#14 {main}
"} 
[2025-03-11 17:18:40] local.ERROR: Class "\Themes\BC\ThemeProvider" not found {"exception":"[object] (Error(code: 0): Class \"\\Themes\\BC\\ThemeProvider\" not found at /var/www/emaparking_dss/themes/ThemeServiceProvider.php:23)
[stacktrace]
#0 /var/www/emaparking_dss/vendor/laravel/framework/src/Illuminate/Container/BoundMethod.php(36): Themes\\ThemeServiceProvider->boot()
#1 /var/www/emaparking_dss/vendor/laravel/framework/src/Illuminate/Container/Util.php(41): Illuminate\\Container\\BoundMethod::Illuminate\\Container\\{closure}()
#2 /var/www/emaparking_dss/vendor/laravel/framework/src/Illuminate/Container/BoundMethod.php(93): Illuminate\\Container\\Util::unwrapIfClosure()
#3 /var/www/emaparking_dss/vendor/laravel/framework/src/Illuminate/Container/BoundMethod.php(35): Illuminate\\Container\\BoundMethod::callBoundMethod()
#4 /var/www/emaparking_dss/vendor/laravel/framework/src/Illuminate/Container/Container.php(651): Illuminate\\Container\\BoundMethod::call()
#5 /var/www/emaparking_dss/vendor/laravel/framework/src/Illuminate/Foundation/Application.php(933): Illuminate\\Container\\Container->call()
#6 /var/www/emaparking_dss/vendor/laravel/framework/src/Illuminate/Foundation/Application.php(914): Illuminate\\Foundation\\Application->bootProvider()
#7 [internal function]: Illuminate\\Foundation\\Application->Illuminate\\Foundation\\{closure}()
#8 /var/www/emaparking_dss/vendor/laravel/framework/src/Illuminate/Foundation/Application.php(913): array_walk()
#9 /var/www/emaparking_dss/vendor/laravel/framework/src/Illuminate/Foundation/Bootstrap/BootProviders.php(17): Illuminate\\Foundation\\Application->boot()
#10 /var/www/emaparking_dss/vendor/laravel/framework/src/Illuminate/Foundation/Application.php(242): Illuminate\\Foundation\\Bootstrap\\BootProviders->bootstrap()
#11 /var/www/emaparking_dss/vendor/laravel/framework/src/Illuminate/Foundation/Console/Kernel.php(383): Illuminate\\Foundation\\Application->bootstrapWith()
#12 /var/www/emaparking_dss/vendor/laravel/framework/src/Illuminate/Foundation/Console/Kernel.php(153): Illuminate\\Foundation\\Console\\Kernel->bootstrap()
#13 Command line code(1): Illuminate\\Foundation\\Console\\Kernel->handle()
#14 {main}
"} 
[2025-03-11 17:19:40] local.ERROR: Class "\Themes\BC\ThemeProvider" not found {"exception":"[object] (Error(code: 0): Class \"\\Themes\\BC\\ThemeProvider\" not found at /var/www/emaparking_dss/themes/ThemeServiceProvider.php:23)
[stacktrace]
#0 /var/www/emaparking_dss/vendor/laravel/framework/src/Illuminate/Container/BoundMethod.php(36): Themes\\ThemeServiceProvider->boot()
#1 /var/www/emaparking_dss/vendor/laravel/framework/src/Illuminate/Container/Util.php(41): Illuminate\\Container\\BoundMethod::Illuminate\\Container\\{closure}()
#2 /var/www/emaparking_dss/vendor/laravel/framework/src/Illuminate/Container/BoundMethod.php(93): Illuminate\\Container\\Util::unwrapIfClosure()
#3 /var/www/emaparking_dss/vendor/laravel/framework/src/Illuminate/Container/BoundMethod.php(35): Illuminate\\Container\\BoundMethod::callBoundMethod()
#4 /var/www/emaparking_dss/vendor/laravel/framework/src/Illuminate/Container/Container.php(651): Illuminate\\Container\\BoundMethod::call()
#5 /var/www/emaparking_dss/vendor/laravel/framework/src/Illuminate/Foundation/Application.php(933): Illuminate\\Container\\Container->call()
#6 /var/www/emaparking_dss/vendor/laravel/framework/src/Illuminate/Foundation/Application.php(914): Illuminate\\Foundation\\Application->bootProvider()
#7 [internal function]: Illuminate\\Foundation\\Application->Illuminate\\Foundation\\{closure}()
#8 /var/www/emaparking_dss/vendor/laravel/framework/src/Illuminate/Foundation/Application.php(913): array_walk()
#9 /var/www/emaparking_dss/vendor/laravel/framework/src/Illuminate/Foundation/Bootstrap/BootProviders.php(17): Illuminate\\Foundation\\Application->boot()
#10 /var/www/emaparking_dss/vendor/laravel/framework/src/Illuminate/Foundation/Application.php(242): Illuminate\\Foundation\\Bootstrap\\BootProviders->bootstrap()
#11 /var/www/emaparking_dss/vendor/laravel/framework/src/Illuminate/Foundation/Console/Kernel.php(383): Illuminate\\Foundation\\Application->bootstrapWith()
#12 /var/www/emaparking_dss/vendor/laravel/framework/src/Illuminate/Foundation/Console/Kernel.php(153): Illuminate\\Foundation\\Console\\Kernel->bootstrap()
#13 Command line code(1): Illuminate\\Foundation\\Console\\Kernel->handle()
#14 {main}
"} 
[2025-03-11 17:19:40] local.ERROR: Class "\Themes\BC\ThemeProvider" not found {"exception":"[object] (Error(code: 0): Class \"\\Themes\\BC\\ThemeProvider\" not found at /var/www/emaparking_dss/themes/ThemeServiceProvider.php:23)
[stacktrace]
#0 /var/www/emaparking_dss/vendor/laravel/framework/src/Illuminate/Container/BoundMethod.php(36): Themes\\ThemeServiceProvider->boot()
#1 /var/www/emaparking_dss/vendor/laravel/framework/src/Illuminate/Container/Util.php(41): Illuminate\\Container\\BoundMethod::Illuminate\\Container\\{closure}()
#2 /var/www/emaparking_dss/vendor/laravel/framework/src/Illuminate/Container/BoundMethod.php(93): Illuminate\\Container\\Util::unwrapIfClosure()
#3 /var/www/emaparking_dss/vendor/laravel/framework/src/Illuminate/Container/BoundMethod.php(35): Illuminate\\Container\\BoundMethod::callBoundMethod()
#4 /var/www/emaparking_dss/vendor/laravel/framework/src/Illuminate/Container/Container.php(651): Illuminate\\Container\\BoundMethod::call()
#5 /var/www/emaparking_dss/vendor/laravel/framework/src/Illuminate/Foundation/Application.php(933): Illuminate\\Container\\Container->call()
#6 /var/www/emaparking_dss/vendor/laravel/framework/src/Illuminate/Foundation/Application.php(914): Illuminate\\Foundation\\Application->bootProvider()
#7 [internal function]: Illuminate\\Foundation\\Application->Illuminate\\Foundation\\{closure}()
#8 /var/www/emaparking_dss/vendor/laravel/framework/src/Illuminate/Foundation/Application.php(913): array_walk()
#9 /var/www/emaparking_dss/vendor/laravel/framework/src/Illuminate/Foundation/Bootstrap/BootProviders.php(17): Illuminate\\Foundation\\Application->boot()
#10 /var/www/emaparking_dss/vendor/laravel/framework/src/Illuminate/Foundation/Application.php(242): Illuminate\\Foundation\\Bootstrap\\BootProviders->bootstrap()
#11 /var/www/emaparking_dss/vendor/laravel/framework/src/Illuminate/Foundation/Console/Kernel.php(383): Illuminate\\Foundation\\Application->bootstrapWith()
#12 /var/www/emaparking_dss/vendor/laravel/framework/src/Illuminate/Foundation/Console/Kernel.php(153): Illuminate\\Foundation\\Console\\Kernel->bootstrap()
#13 Command line code(1): Illuminate\\Foundation\\Console\\Kernel->handle()
#14 {main}
"} 
[2025-03-11 17:19:40] local.ERROR: Class "\Themes\BC\ThemeProvider" not found {"exception":"[object] (Error(code: 0): Class \"\\Themes\\BC\\ThemeProvider\" not found at /var/www/emaparking_dss/themes/ThemeServiceProvider.php:23)
[stacktrace]
#0 /var/www/emaparking_dss/vendor/laravel/framework/src/Illuminate/Container/BoundMethod.php(36): Themes\\ThemeServiceProvider->boot()
#1 /var/www/emaparking_dss/vendor/laravel/framework/src/Illuminate/Container/Util.php(41): Illuminate\\Container\\BoundMethod::Illuminate\\Container\\{closure}()
#2 /var/www/emaparking_dss/vendor/laravel/framework/src/Illuminate/Container/BoundMethod.php(93): Illuminate\\Container\\Util::unwrapIfClosure()
#3 /var/www/emaparking_dss/vendor/laravel/framework/src/Illuminate/Container/BoundMethod.php(35): Illuminate\\Container\\BoundMethod::callBoundMethod()
#4 /var/www/emaparking_dss/vendor/laravel/framework/src/Illuminate/Container/Container.php(651): Illuminate\\Container\\BoundMethod::call()
#5 /var/www/emaparking_dss/vendor/laravel/framework/src/Illuminate/Foundation/Application.php(933): Illuminate\\Container\\Container->call()
#6 /var/www/emaparking_dss/vendor/laravel/framework/src/Illuminate/Foundation/Application.php(914): Illuminate\\Foundation\\Application->bootProvider()
#7 [internal function]: Illuminate\\Foundation\\Application->Illuminate\\Foundation\\{closure}()
#8 /var/www/emaparking_dss/vendor/laravel/framework/src/Illuminate/Foundation/Application.php(913): array_walk()
#9 /var/www/emaparking_dss/vendor/laravel/framework/src/Illuminate/Foundation/Bootstrap/BootProviders.php(17): Illuminate\\Foundation\\Application->boot()
#10 /var/www/emaparking_dss/vendor/laravel/framework/src/Illuminate/Foundation/Application.php(242): Illuminate\\Foundation\\Bootstrap\\BootProviders->bootstrap()
#11 /var/www/emaparking_dss/vendor/laravel/framework/src/Illuminate/Foundation/Console/Kernel.php(383): Illuminate\\Foundation\\Application->bootstrapWith()
#12 /var/www/emaparking_dss/vendor/laravel/framework/src/Illuminate/Foundation/Console/Kernel.php(153): Illuminate\\Foundation\\Console\\Kernel->bootstrap()
#13 Command line code(1): Illuminate\\Foundation\\Console\\Kernel->handle()
#14 {main}
"} 
[2025-03-11 17:20:40] local.ERROR: Class "\Themes\BC\ThemeProvider" not found {"exception":"[object] (Error(code: 0): Class \"\\Themes\\BC\\ThemeProvider\" not found at /var/www/emaparking_dss/themes/ThemeServiceProvider.php:23)
[stacktrace]
#0 /var/www/emaparking_dss/vendor/laravel/framework/src/Illuminate/Container/BoundMethod.php(36): Themes\\ThemeServiceProvider->boot()
#1 /var/www/emaparking_dss/vendor/laravel/framework/src/Illuminate/Container/Util.php(41): Illuminate\\Container\\BoundMethod::Illuminate\\Container\\{closure}()
#2 /var/www/emaparking_dss/vendor/laravel/framework/src/Illuminate/Container/BoundMethod.php(93): Illuminate\\Container\\Util::unwrapIfClosure()
#3 /var/www/emaparking_dss/vendor/laravel/framework/src/Illuminate/Container/BoundMethod.php(35): Illuminate\\Container\\BoundMethod::callBoundMethod()
#4 /var/www/emaparking_dss/vendor/laravel/framework/src/Illuminate/Container/Container.php(651): Illuminate\\Container\\BoundMethod::call()
#5 /var/www/emaparking_dss/vendor/laravel/framework/src/Illuminate/Foundation/Application.php(933): Illuminate\\Container\\Container->call()
#6 /var/www/emaparking_dss/vendor/laravel/framework/src/Illuminate/Foundation/Application.php(914): Illuminate\\Foundation\\Application->bootProvider()
#7 [internal function]: Illuminate\\Foundation\\Application->Illuminate\\Foundation\\{closure}()
#8 /var/www/emaparking_dss/vendor/laravel/framework/src/Illuminate/Foundation/Application.php(913): array_walk()
#9 /var/www/emaparking_dss/vendor/laravel/framework/src/Illuminate/Foundation/Bootstrap/BootProviders.php(17): Illuminate\\Foundation\\Application->boot()
#10 /var/www/emaparking_dss/vendor/laravel/framework/src/Illuminate/Foundation/Application.php(242): Illuminate\\Foundation\\Bootstrap\\BootProviders->bootstrap()
#11 /var/www/emaparking_dss/vendor/laravel/framework/src/Illuminate/Foundation/Console/Kernel.php(383): Illuminate\\Foundation\\Application->bootstrapWith()
#12 /var/www/emaparking_dss/vendor/laravel/framework/src/Illuminate/Foundation/Console/Kernel.php(153): Illuminate\\Foundation\\Console\\Kernel->bootstrap()
#13 Command line code(1): Illuminate\\Foundation\\Console\\Kernel->handle()
#14 {main}
"} 
[2025-03-11 17:20:40] local.ERROR: Class "\Themes\BC\ThemeProvider" not found {"exception":"[object] (Error(code: 0): Class \"\\Themes\\BC\\ThemeProvider\" not found at /var/www/emaparking_dss/themes/ThemeServiceProvider.php:23)
[stacktrace]
#0 /var/www/emaparking_dss/vendor/laravel/framework/src/Illuminate/Container/BoundMethod.php(36): Themes\\ThemeServiceProvider->boot()
#1 /var/www/emaparking_dss/vendor/laravel/framework/src/Illuminate/Container/Util.php(41): Illuminate\\Container\\BoundMethod::Illuminate\\Container\\{closure}()
#2 /var/www/emaparking_dss/vendor/laravel/framework/src/Illuminate/Container/BoundMethod.php(93): Illuminate\\Container\\Util::unwrapIfClosure()
#3 /var/www/emaparking_dss/vendor/laravel/framework/src/Illuminate/Container/BoundMethod.php(35): Illuminate\\Container\\BoundMethod::callBoundMethod()
#4 /var/www/emaparking_dss/vendor/laravel/framework/src/Illuminate/Container/Container.php(651): Illuminate\\Container\\BoundMethod::call()
#5 /var/www/emaparking_dss/vendor/laravel/framework/src/Illuminate/Foundation/Application.php(933): Illuminate\\Container\\Container->call()
#6 /var/www/emaparking_dss/vendor/laravel/framework/src/Illuminate/Foundation/Application.php(914): Illuminate\\Foundation\\Application->bootProvider()
#7 [internal function]: Illuminate\\Foundation\\Application->Illuminate\\Foundation\\{closure}()
#8 /var/www/emaparking_dss/vendor/laravel/framework/src/Illuminate/Foundation/Application.php(913): array_walk()
#9 /var/www/emaparking_dss/vendor/laravel/framework/src/Illuminate/Foundation/Bootstrap/BootProviders.php(17): Illuminate\\Foundation\\Application->boot()
#10 /var/www/emaparking_dss/vendor/laravel/framework/src/Illuminate/Foundation/Application.php(242): Illuminate\\Foundation\\Bootstrap\\BootProviders->bootstrap()
#11 /var/www/emaparking_dss/vendor/laravel/framework/src/Illuminate/Foundation/Console/Kernel.php(383): Illuminate\\Foundation\\Application->bootstrapWith()
#12 /var/www/emaparking_dss/vendor/laravel/framework/src/Illuminate/Foundation/Console/Kernel.php(153): Illuminate\\Foundation\\Console\\Kernel->bootstrap()
#13 Command line code(1): Illuminate\\Foundation\\Console\\Kernel->handle()
#14 {main}
"} 
[2025-03-11 17:21:40] local.ERROR: Class "\Themes\BC\ThemeProvider" not found {"exception":"[object] (Error(code: 0): Class \"\\Themes\\BC\\ThemeProvider\" not found at /var/www/emaparking_dss/themes/ThemeServiceProvider.php:23)
[stacktrace]
#0 /var/www/emaparking_dss/vendor/laravel/framework/src/Illuminate/Container/BoundMethod.php(36): Themes\\ThemeServiceProvider->boot()
#1 /var/www/emaparking_dss/vendor/laravel/framework/src/Illuminate/Container/Util.php(41): Illuminate\\Container\\BoundMethod::Illuminate\\Container\\{closure}()
#2 /var/www/emaparking_dss/vendor/laravel/framework/src/Illuminate/Container/BoundMethod.php(93): Illuminate\\Container\\Util::unwrapIfClosure()
#3 /var/www/emaparking_dss/vendor/laravel/framework/src/Illuminate/Container/BoundMethod.php(35): Illuminate\\Container\\BoundMethod::callBoundMethod()
#4 /var/www/emaparking_dss/vendor/laravel/framework/src/Illuminate/Container/Container.php(651): Illuminate\\Container\\BoundMethod::call()
#5 /var/www/emaparking_dss/vendor/laravel/framework/src/Illuminate/Foundation/Application.php(933): Illuminate\\Container\\Container->call()
#6 /var/www/emaparking_dss/vendor/laravel/framework/src/Illuminate/Foundation/Application.php(914): Illuminate\\Foundation\\Application->bootProvider()
#7 [internal function]: Illuminate\\Foundation\\Application->Illuminate\\Foundation\\{closure}()
#8 /var/www/emaparking_dss/vendor/laravel/framework/src/Illuminate/Foundation/Application.php(913): array_walk()
#9 /var/www/emaparking_dss/vendor/laravel/framework/src/Illuminate/Foundation/Bootstrap/BootProviders.php(17): Illuminate\\Foundation\\Application->boot()
#10 /var/www/emaparking_dss/vendor/laravel/framework/src/Illuminate/Foundation/Application.php(242): Illuminate\\Foundation\\Bootstrap\\BootProviders->bootstrap()
#11 /var/www/emaparking_dss/vendor/laravel/framework/src/Illuminate/Foundation/Console/Kernel.php(383): Illuminate\\Foundation\\Application->bootstrapWith()
#12 /var/www/emaparking_dss/vendor/laravel/framework/src/Illuminate/Foundation/Console/Kernel.php(153): Illuminate\\Foundation\\Console\\Kernel->bootstrap()
#13 Command line code(1): Illuminate\\Foundation\\Console\\Kernel->handle()
#14 {main}
"} 
[2025-03-11 17:21:40] local.ERROR: Class "\Themes\BC\ThemeProvider" not found {"exception":"[object] (Error(code: 0): Class \"\\Themes\\BC\\ThemeProvider\" not found at /var/www/emaparking_dss/themes/ThemeServiceProvider.php:23)
[stacktrace]
#0 /var/www/emaparking_dss/vendor/laravel/framework/src/Illuminate/Container/BoundMethod.php(36): Themes\\ThemeServiceProvider->boot()
#1 /var/www/emaparking_dss/vendor/laravel/framework/src/Illuminate/Container/Util.php(41): Illuminate\\Container\\BoundMethod::Illuminate\\Container\\{closure}()
#2 /var/www/emaparking_dss/vendor/laravel/framework/src/Illuminate/Container/BoundMethod.php(93): Illuminate\\Container\\Util::unwrapIfClosure()
#3 /var/www/emaparking_dss/vendor/laravel/framework/src/Illuminate/Container/BoundMethod.php(35): Illuminate\\Container\\BoundMethod::callBoundMethod()
#4 /var/www/emaparking_dss/vendor/laravel/framework/src/Illuminate/Container/Container.php(651): Illuminate\\Container\\BoundMethod::call()
#5 /var/www/emaparking_dss/vendor/laravel/framework/src/Illuminate/Foundation/Application.php(933): Illuminate\\Container\\Container->call()
#6 /var/www/emaparking_dss/vendor/laravel/framework/src/Illuminate/Foundation/Application.php(914): Illuminate\\Foundation\\Application->bootProvider()
#7 [internal function]: Illuminate\\Foundation\\Application->Illuminate\\Foundation\\{closure}()
#8 /var/www/emaparking_dss/vendor/laravel/framework/src/Illuminate/Foundation/Application.php(913): array_walk()
#9 /var/www/emaparking_dss/vendor/laravel/framework/src/Illuminate/Foundation/Bootstrap/BootProviders.php(17): Illuminate\\Foundation\\Application->boot()
#10 /var/www/emaparking_dss/vendor/laravel/framework/src/Illuminate/Foundation/Application.php(242): Illuminate\\Foundation\\Bootstrap\\BootProviders->bootstrap()
#11 /var/www/emaparking_dss/vendor/laravel/framework/src/Illuminate/Foundation/Console/Kernel.php(383): Illuminate\\Foundation\\Application->bootstrapWith()
#12 /var/www/emaparking_dss/vendor/laravel/framework/src/Illuminate/Foundation/Console/Kernel.php(153): Illuminate\\Foundation\\Console\\Kernel->bootstrap()
#13 Command line code(1): Illuminate\\Foundation\\Console\\Kernel->handle()
#14 {main}
"} 
[2025-03-11 17:22:40] local.ERROR: Class "\Themes\BC\ThemeProvider" not found {"exception":"[object] (Error(code: 0): Class \"\\Themes\\BC\\ThemeProvider\" not found at /var/www/emaparking_dss/themes/ThemeServiceProvider.php:23)
[stacktrace]
#0 /var/www/emaparking_dss/vendor/laravel/framework/src/Illuminate/Container/BoundMethod.php(36): Themes\\ThemeServiceProvider->boot()
#1 /var/www/emaparking_dss/vendor/laravel/framework/src/Illuminate/Container/Util.php(41): Illuminate\\Container\\BoundMethod::Illuminate\\Container\\{closure}()
#2 /var/www/emaparking_dss/vendor/laravel/framework/src/Illuminate/Container/BoundMethod.php(93): Illuminate\\Container\\Util::unwrapIfClosure()
#3 /var/www/emaparking_dss/vendor/laravel/framework/src/Illuminate/Container/BoundMethod.php(35): Illuminate\\Container\\BoundMethod::callBoundMethod()
#4 /var/www/emaparking_dss/vendor/laravel/framework/src/Illuminate/Container/Container.php(651): Illuminate\\Container\\BoundMethod::call()
#5 /var/www/emaparking_dss/vendor/laravel/framework/src/Illuminate/Foundation/Application.php(933): Illuminate\\Container\\Container->call()
#6 /var/www/emaparking_dss/vendor/laravel/framework/src/Illuminate/Foundation/Application.php(914): Illuminate\\Foundation\\Application->bootProvider()
#7 [internal function]: Illuminate\\Foundation\\Application->Illuminate\\Foundation\\{closure}()
#8 /var/www/emaparking_dss/vendor/laravel/framework/src/Illuminate/Foundation/Application.php(913): array_walk()
#9 /var/www/emaparking_dss/vendor/laravel/framework/src/Illuminate/Foundation/Bootstrap/BootProviders.php(17): Illuminate\\Foundation\\Application->boot()
#10 /var/www/emaparking_dss/vendor/laravel/framework/src/Illuminate/Foundation/Application.php(242): Illuminate\\Foundation\\Bootstrap\\BootProviders->bootstrap()
#11 /var/www/emaparking_dss/vendor/laravel/framework/src/Illuminate/Foundation/Console/Kernel.php(383): Illuminate\\Foundation\\Application->bootstrapWith()
#12 /var/www/emaparking_dss/vendor/laravel/framework/src/Illuminate/Foundation/Console/Kernel.php(153): Illuminate\\Foundation\\Console\\Kernel->bootstrap()
#13 Command line code(1): Illuminate\\Foundation\\Console\\Kernel->handle()
#14 {main}
"} 
[2025-03-11 17:22:40] local.ERROR: Class "\Themes\BC\ThemeProvider" not found {"exception":"[object] (Error(code: 0): Class \"\\Themes\\BC\\ThemeProvider\" not found at /var/www/emaparking_dss/themes/ThemeServiceProvider.php:23)
[stacktrace]
#0 /var/www/emaparking_dss/vendor/laravel/framework/src/Illuminate/Container/BoundMethod.php(36): Themes\\ThemeServiceProvider->boot()
#1 /var/www/emaparking_dss/vendor/laravel/framework/src/Illuminate/Container/Util.php(41): Illuminate\\Container\\BoundMethod::Illuminate\\Container\\{closure}()
#2 /var/www/emaparking_dss/vendor/laravel/framework/src/Illuminate/Container/BoundMethod.php(93): Illuminate\\Container\\Util::unwrapIfClosure()
#3 /var/www/emaparking_dss/vendor/laravel/framework/src/Illuminate/Container/BoundMethod.php(35): Illuminate\\Container\\BoundMethod::callBoundMethod()
#4 /var/www/emaparking_dss/vendor/laravel/framework/src/Illuminate/Container/Container.php(651): Illuminate\\Container\\BoundMethod::call()
#5 /var/www/emaparking_dss/vendor/laravel/framework/src/Illuminate/Foundation/Application.php(933): Illuminate\\Container\\Container->call()
#6 /var/www/emaparking_dss/vendor/laravel/framework/src/Illuminate/Foundation/Application.php(914): Illuminate\\Foundation\\Application->bootProvider()
#7 [internal function]: Illuminate\\Foundation\\Application->Illuminate\\Foundation\\{closure}()
#8 /var/www/emaparking_dss/vendor/laravel/framework/src/Illuminate/Foundation/Application.php(913): array_walk()
#9 /var/www/emaparking_dss/vendor/laravel/framework/src/Illuminate/Foundation/Bootstrap/BootProviders.php(17): Illuminate\\Foundation\\Application->boot()
#10 /var/www/emaparking_dss/vendor/laravel/framework/src/Illuminate/Foundation/Application.php(242): Illuminate\\Foundation\\Bootstrap\\BootProviders->bootstrap()
#11 /var/www/emaparking_dss/vendor/laravel/framework/src/Illuminate/Foundation/Console/Kernel.php(383): Illuminate\\Foundation\\Application->bootstrapWith()
#12 /var/www/emaparking_dss/vendor/laravel/framework/src/Illuminate/Foundation/Console/Kernel.php(153): Illuminate\\Foundation\\Console\\Kernel->bootstrap()
#13 Command line code(1): Illuminate\\Foundation\\Console\\Kernel->handle()
#14 {main}
"} 
[2025-03-11 17:23:40] local.ERROR: Class "\Themes\BC\ThemeProvider" not found {"exception":"[object] (Error(code: 0): Class \"\\Themes\\BC\\ThemeProvider\" not found at /var/www/emaparking_dss/themes/ThemeServiceProvider.php:23)
[stacktrace]
#0 /var/www/emaparking_dss/vendor/laravel/framework/src/Illuminate/Container/BoundMethod.php(36): Themes\\ThemeServiceProvider->boot()
#1 /var/www/emaparking_dss/vendor/laravel/framework/src/Illuminate/Container/Util.php(41): Illuminate\\Container\\BoundMethod::Illuminate\\Container\\{closure}()
#2 /var/www/emaparking_dss/vendor/laravel/framework/src/Illuminate/Container/BoundMethod.php(93): Illuminate\\Container\\Util::unwrapIfClosure()
#3 /var/www/emaparking_dss/vendor/laravel/framework/src/Illuminate/Container/BoundMethod.php(35): Illuminate\\Container\\BoundMethod::callBoundMethod()
#4 /var/www/emaparking_dss/vendor/laravel/framework/src/Illuminate/Container/Container.php(651): Illuminate\\Container\\BoundMethod::call()
#5 /var/www/emaparking_dss/vendor/laravel/framework/src/Illuminate/Foundation/Application.php(933): Illuminate\\Container\\Container->call()
#6 /var/www/emaparking_dss/vendor/laravel/framework/src/Illuminate/Foundation/Application.php(914): Illuminate\\Foundation\\Application->bootProvider()
#7 [internal function]: Illuminate\\Foundation\\Application->Illuminate\\Foundation\\{closure}()
#8 /var/www/emaparking_dss/vendor/laravel/framework/src/Illuminate/Foundation/Application.php(913): array_walk()
#9 /var/www/emaparking_dss/vendor/laravel/framework/src/Illuminate/Foundation/Bootstrap/BootProviders.php(17): Illuminate\\Foundation\\Application->boot()
#10 /var/www/emaparking_dss/vendor/laravel/framework/src/Illuminate/Foundation/Application.php(242): Illuminate\\Foundation\\Bootstrap\\BootProviders->bootstrap()
#11 /var/www/emaparking_dss/vendor/laravel/framework/src/Illuminate/Foundation/Console/Kernel.php(383): Illuminate\\Foundation\\Application->bootstrapWith()
#12 /var/www/emaparking_dss/vendor/laravel/framework/src/Illuminate/Foundation/Console/Kernel.php(153): Illuminate\\Foundation\\Console\\Kernel->bootstrap()
#13 Command line code(1): Illuminate\\Foundation\\Console\\Kernel->handle()
#14 {main}
"} 
[2025-03-11 17:23:40] local.ERROR: Class "\Themes\BC\ThemeProvider" not found {"exception":"[object] (Error(code: 0): Class \"\\Themes\\BC\\ThemeProvider\" not found at /var/www/emaparking_dss/themes/ThemeServiceProvider.php:23)
[stacktrace]
#0 /var/www/emaparking_dss/vendor/laravel/framework/src/Illuminate/Container/BoundMethod.php(36): Themes\\ThemeServiceProvider->boot()
#1 /var/www/emaparking_dss/vendor/laravel/framework/src/Illuminate/Container/Util.php(41): Illuminate\\Container\\BoundMethod::Illuminate\\Container\\{closure}()
#2 /var/www/emaparking_dss/vendor/laravel/framework/src/Illuminate/Container/BoundMethod.php(93): Illuminate\\Container\\Util::unwrapIfClosure()
#3 /var/www/emaparking_dss/vendor/laravel/framework/src/Illuminate/Container/BoundMethod.php(35): Illuminate\\Container\\BoundMethod::callBoundMethod()
#4 /var/www/emaparking_dss/vendor/laravel/framework/src/Illuminate/Container/Container.php(651): Illuminate\\Container\\BoundMethod::call()
#5 /var/www/emaparking_dss/vendor/laravel/framework/src/Illuminate/Foundation/Application.php(933): Illuminate\\Container\\Container->call()
#6 /var/www/emaparking_dss/vendor/laravel/framework/src/Illuminate/Foundation/Application.php(914): Illuminate\\Foundation\\Application->bootProvider()
#7 [internal function]: Illuminate\\Foundation\\Application->Illuminate\\Foundation\\{closure}()
#8 /var/www/emaparking_dss/vendor/laravel/framework/src/Illuminate/Foundation/Application.php(913): array_walk()
#9 /var/www/emaparking_dss/vendor/laravel/framework/src/Illuminate/Foundation/Bootstrap/BootProviders.php(17): Illuminate\\Foundation\\Application->boot()
#10 /var/www/emaparking_dss/vendor/laravel/framework/src/Illuminate/Foundation/Application.php(242): Illuminate\\Foundation\\Bootstrap\\BootProviders->bootstrap()
#11 /var/www/emaparking_dss/vendor/laravel/framework/src/Illuminate/Foundation/Console/Kernel.php(383): Illuminate\\Foundation\\Application->bootstrapWith()
#12 /var/www/emaparking_dss/vendor/laravel/framework/src/Illuminate/Foundation/Console/Kernel.php(153): Illuminate\\Foundation\\Console\\Kernel->bootstrap()
#13 Command line code(1): Illuminate\\Foundation\\Console\\Kernel->handle()
#14 {main}
"} 
[2025-03-11 17:24:40] local.ERROR: Class "\Themes\BC\ThemeProvider" not found {"exception":"[object] (Error(code: 0): Class \"\\Themes\\BC\\ThemeProvider\" not found at /var/www/emaparking_dss/themes/ThemeServiceProvider.php:23)
[stacktrace]
#0 /var/www/emaparking_dss/vendor/laravel/framework/src/Illuminate/Container/BoundMethod.php(36): Themes\\ThemeServiceProvider->boot()
#1 /var/www/emaparking_dss/vendor/laravel/framework/src/Illuminate/Container/Util.php(41): Illuminate\\Container\\BoundMethod::Illuminate\\Container\\{closure}()
#2 /var/www/emaparking_dss/vendor/laravel/framework/src/Illuminate/Container/BoundMethod.php(93): Illuminate\\Container\\Util::unwrapIfClosure()
#3 /var/www/emaparking_dss/vendor/laravel/framework/src/Illuminate/Container/BoundMethod.php(35): Illuminate\\Container\\BoundMethod::callBoundMethod()
#4 /var/www/emaparking_dss/vendor/laravel/framework/src/Illuminate/Container/Container.php(651): Illuminate\\Container\\BoundMethod::call()
#5 /var/www/emaparking_dss/vendor/laravel/framework/src/Illuminate/Foundation/Application.php(933): Illuminate\\Container\\Container->call()
#6 /var/www/emaparking_dss/vendor/laravel/framework/src/Illuminate/Foundation/Application.php(914): Illuminate\\Foundation\\Application->bootProvider()
#7 [internal function]: Illuminate\\Foundation\\Application->Illuminate\\Foundation\\{closure}()
#8 /var/www/emaparking_dss/vendor/laravel/framework/src/Illuminate/Foundation/Application.php(913): array_walk()
#9 /var/www/emaparking_dss/vendor/laravel/framework/src/Illuminate/Foundation/Bootstrap/BootProviders.php(17): Illuminate\\Foundation\\Application->boot()
#10 /var/www/emaparking_dss/vendor/laravel/framework/src/Illuminate/Foundation/Application.php(242): Illuminate\\Foundation\\Bootstrap\\BootProviders->bootstrap()
#11 /var/www/emaparking_dss/vendor/laravel/framework/src/Illuminate/Foundation/Console/Kernel.php(383): Illuminate\\Foundation\\Application->bootstrapWith()
#12 /var/www/emaparking_dss/vendor/laravel/framework/src/Illuminate/Foundation/Console/Kernel.php(153): Illuminate\\Foundation\\Console\\Kernel->bootstrap()
#13 Command line code(1): Illuminate\\Foundation\\Console\\Kernel->handle()
#14 {main}
"} 
[2025-03-11 17:24:40] local.ERROR: Class "\Themes\BC\ThemeProvider" not found {"exception":"[object] (Error(code: 0): Class \"\\Themes\\BC\\ThemeProvider\" not found at /var/www/emaparking_dss/themes/ThemeServiceProvider.php:23)
[stacktrace]
#0 /var/www/emaparking_dss/vendor/laravel/framework/src/Illuminate/Container/BoundMethod.php(36): Themes\\ThemeServiceProvider->boot()
#1 /var/www/emaparking_dss/vendor/laravel/framework/src/Illuminate/Container/Util.php(41): Illuminate\\Container\\BoundMethod::Illuminate\\Container\\{closure}()
#2 /var/www/emaparking_dss/vendor/laravel/framework/src/Illuminate/Container/BoundMethod.php(93): Illuminate\\Container\\Util::unwrapIfClosure()
#3 /var/www/emaparking_dss/vendor/laravel/framework/src/Illuminate/Container/BoundMethod.php(35): Illuminate\\Container\\BoundMethod::callBoundMethod()
#4 /var/www/emaparking_dss/vendor/laravel/framework/src/Illuminate/Container/Container.php(651): Illuminate\\Container\\BoundMethod::call()
#5 /var/www/emaparking_dss/vendor/laravel/framework/src/Illuminate/Foundation/Application.php(933): Illuminate\\Container\\Container->call()
#6 /var/www/emaparking_dss/vendor/laravel/framework/src/Illuminate/Foundation/Application.php(914): Illuminate\\Foundation\\Application->bootProvider()
#7 [internal function]: Illuminate\\Foundation\\Application->Illuminate\\Foundation\\{closure}()
#8 /var/www/emaparking_dss/vendor/laravel/framework/src/Illuminate/Foundation/Application.php(913): array_walk()
#9 /var/www/emaparking_dss/vendor/laravel/framework/src/Illuminate/Foundation/Bootstrap/BootProviders.php(17): Illuminate\\Foundation\\Application->boot()
#10 /var/www/emaparking_dss/vendor/laravel/framework/src/Illuminate/Foundation/Application.php(242): Illuminate\\Foundation\\Bootstrap\\BootProviders->bootstrap()
#11 /var/www/emaparking_dss/vendor/laravel/framework/src/Illuminate/Foundation/Console/Kernel.php(383): Illuminate\\Foundation\\Application->bootstrapWith()
#12 /var/www/emaparking_dss/vendor/laravel/framework/src/Illuminate/Foundation/Console/Kernel.php(153): Illuminate\\Foundation\\Console\\Kernel->bootstrap()
#13 Command line code(1): Illuminate\\Foundation\\Console\\Kernel->handle()
#14 {main}
"} 
[2025-03-11 17:25:40] local.ERROR: Class "\Themes\BC\ThemeProvider" not found {"exception":"[object] (Error(code: 0): Class \"\\Themes\\BC\\ThemeProvider\" not found at /var/www/emaparking_dss/themes/ThemeServiceProvider.php:23)
[stacktrace]
#0 /var/www/emaparking_dss/vendor/laravel/framework/src/Illuminate/Container/BoundMethod.php(36): Themes\\ThemeServiceProvider->boot()
#1 /var/www/emaparking_dss/vendor/laravel/framework/src/Illuminate/Container/Util.php(41): Illuminate\\Container\\BoundMethod::Illuminate\\Container\\{closure}()
#2 /var/www/emaparking_dss/vendor/laravel/framework/src/Illuminate/Container/BoundMethod.php(93): Illuminate\\Container\\Util::unwrapIfClosure()
#3 /var/www/emaparking_dss/vendor/laravel/framework/src/Illuminate/Container/BoundMethod.php(35): Illuminate\\Container\\BoundMethod::callBoundMethod()
#4 /var/www/emaparking_dss/vendor/laravel/framework/src/Illuminate/Container/Container.php(651): Illuminate\\Container\\BoundMethod::call()
#5 /var/www/emaparking_dss/vendor/laravel/framework/src/Illuminate/Foundation/Application.php(933): Illuminate\\Container\\Container->call()
#6 /var/www/emaparking_dss/vendor/laravel/framework/src/Illuminate/Foundation/Application.php(914): Illuminate\\Foundation\\Application->bootProvider()
#7 [internal function]: Illuminate\\Foundation\\Application->Illuminate\\Foundation\\{closure}()
#8 /var/www/emaparking_dss/vendor/laravel/framework/src/Illuminate/Foundation/Application.php(913): array_walk()
#9 /var/www/emaparking_dss/vendor/laravel/framework/src/Illuminate/Foundation/Bootstrap/BootProviders.php(17): Illuminate\\Foundation\\Application->boot()
#10 /var/www/emaparking_dss/vendor/laravel/framework/src/Illuminate/Foundation/Application.php(242): Illuminate\\Foundation\\Bootstrap\\BootProviders->bootstrap()
#11 /var/www/emaparking_dss/vendor/laravel/framework/src/Illuminate/Foundation/Console/Kernel.php(383): Illuminate\\Foundation\\Application->bootstrapWith()
#12 /var/www/emaparking_dss/vendor/laravel/framework/src/Illuminate/Foundation/Console/Kernel.php(153): Illuminate\\Foundation\\Console\\Kernel->bootstrap()
#13 Command line code(1): Illuminate\\Foundation\\Console\\Kernel->handle()
#14 {main}
"} 
[2025-03-11 17:25:40] local.ERROR: Class "\Themes\BC\ThemeProvider" not found {"exception":"[object] (Error(code: 0): Class \"\\Themes\\BC\\ThemeProvider\" not found at /var/www/emaparking_dss/themes/ThemeServiceProvider.php:23)
[stacktrace]
#0 /var/www/emaparking_dss/vendor/laravel/framework/src/Illuminate/Container/BoundMethod.php(36): Themes\\ThemeServiceProvider->boot()
#1 /var/www/emaparking_dss/vendor/laravel/framework/src/Illuminate/Container/Util.php(41): Illuminate\\Container\\BoundMethod::Illuminate\\Container\\{closure}()
#2 /var/www/emaparking_dss/vendor/laravel/framework/src/Illuminate/Container/BoundMethod.php(93): Illuminate\\Container\\Util::unwrapIfClosure()
#3 /var/www/emaparking_dss/vendor/laravel/framework/src/Illuminate/Container/BoundMethod.php(35): Illuminate\\Container\\BoundMethod::callBoundMethod()
#4 /var/www/emaparking_dss/vendor/laravel/framework/src/Illuminate/Container/Container.php(651): Illuminate\\Container\\BoundMethod::call()
#5 /var/www/emaparking_dss/vendor/laravel/framework/src/Illuminate/Foundation/Application.php(933): Illuminate\\Container\\Container->call()
#6 /var/www/emaparking_dss/vendor/laravel/framework/src/Illuminate/Foundation/Application.php(914): Illuminate\\Foundation\\Application->bootProvider()
#7 [internal function]: Illuminate\\Foundation\\Application->Illuminate\\Foundation\\{closure}()
#8 /var/www/emaparking_dss/vendor/laravel/framework/src/Illuminate/Foundation/Application.php(913): array_walk()
#9 /var/www/emaparking_dss/vendor/laravel/framework/src/Illuminate/Foundation/Bootstrap/BootProviders.php(17): Illuminate\\Foundation\\Application->boot()
#10 /var/www/emaparking_dss/vendor/laravel/framework/src/Illuminate/Foundation/Application.php(242): Illuminate\\Foundation\\Bootstrap\\BootProviders->bootstrap()
#11 /var/www/emaparking_dss/vendor/laravel/framework/src/Illuminate/Foundation/Console/Kernel.php(383): Illuminate\\Foundation\\Application->bootstrapWith()
#12 /var/www/emaparking_dss/vendor/laravel/framework/src/Illuminate/Foundation/Console/Kernel.php(153): Illuminate\\Foundation\\Console\\Kernel->bootstrap()
#13 Command line code(1): Illuminate\\Foundation\\Console\\Kernel->handle()
#14 {main}
"} 
[2025-03-11 17:26:40] local.ERROR: Class "\Themes\BC\ThemeProvider" not found {"exception":"[object] (Error(code: 0): Class \"\\Themes\\BC\\ThemeProvider\" not found at /var/www/emaparking_dss/themes/ThemeServiceProvider.php:23)
[stacktrace]
#0 /var/www/emaparking_dss/vendor/laravel/framework/src/Illuminate/Container/BoundMethod.php(36): Themes\\ThemeServiceProvider->boot()
#1 /var/www/emaparking_dss/vendor/laravel/framework/src/Illuminate/Container/Util.php(41): Illuminate\\Container\\BoundMethod::Illuminate\\Container\\{closure}()
#2 /var/www/emaparking_dss/vendor/laravel/framework/src/Illuminate/Container/BoundMethod.php(93): Illuminate\\Container\\Util::unwrapIfClosure()
#3 /var/www/emaparking_dss/vendor/laravel/framework/src/Illuminate/Container/BoundMethod.php(35): Illuminate\\Container\\BoundMethod::callBoundMethod()
#4 /var/www/emaparking_dss/vendor/laravel/framework/src/Illuminate/Container/Container.php(651): Illuminate\\Container\\BoundMethod::call()
#5 /var/www/emaparking_dss/vendor/laravel/framework/src/Illuminate/Foundation/Application.php(933): Illuminate\\Container\\Container->call()
#6 /var/www/emaparking_dss/vendor/laravel/framework/src/Illuminate/Foundation/Application.php(914): Illuminate\\Foundation\\Application->bootProvider()
#7 [internal function]: Illuminate\\Foundation\\Application->Illuminate\\Foundation\\{closure}()
#8 /var/www/emaparking_dss/vendor/laravel/framework/src/Illuminate/Foundation/Application.php(913): array_walk()
#9 /var/www/emaparking_dss/vendor/laravel/framework/src/Illuminate/Foundation/Bootstrap/BootProviders.php(17): Illuminate\\Foundation\\Application->boot()
#10 /var/www/emaparking_dss/vendor/laravel/framework/src/Illuminate/Foundation/Application.php(242): Illuminate\\Foundation\\Bootstrap\\BootProviders->bootstrap()
#11 /var/www/emaparking_dss/vendor/laravel/framework/src/Illuminate/Foundation/Console/Kernel.php(383): Illuminate\\Foundation\\Application->bootstrapWith()
#12 /var/www/emaparking_dss/vendor/laravel/framework/src/Illuminate/Foundation/Console/Kernel.php(153): Illuminate\\Foundation\\Console\\Kernel->bootstrap()
#13 Command line code(1): Illuminate\\Foundation\\Console\\Kernel->handle()
#14 {main}
"} 
[2025-03-11 17:26:40] local.ERROR: Class "\Themes\BC\ThemeProvider" not found {"exception":"[object] (Error(code: 0): Class \"\\Themes\\BC\\ThemeProvider\" not found at /var/www/emaparking_dss/themes/ThemeServiceProvider.php:23)
[stacktrace]
#0 /var/www/emaparking_dss/vendor/laravel/framework/src/Illuminate/Container/BoundMethod.php(36): Themes\\ThemeServiceProvider->boot()
#1 /var/www/emaparking_dss/vendor/laravel/framework/src/Illuminate/Container/Util.php(41): Illuminate\\Container\\BoundMethod::Illuminate\\Container\\{closure}()
#2 /var/www/emaparking_dss/vendor/laravel/framework/src/Illuminate/Container/BoundMethod.php(93): Illuminate\\Container\\Util::unwrapIfClosure()
#3 /var/www/emaparking_dss/vendor/laravel/framework/src/Illuminate/Container/BoundMethod.php(35): Illuminate\\Container\\BoundMethod::callBoundMethod()
#4 /var/www/emaparking_dss/vendor/laravel/framework/src/Illuminate/Container/Container.php(651): Illuminate\\Container\\BoundMethod::call()
#5 /var/www/emaparking_dss/vendor/laravel/framework/src/Illuminate/Foundation/Application.php(933): Illuminate\\Container\\Container->call()
#6 /var/www/emaparking_dss/vendor/laravel/framework/src/Illuminate/Foundation/Application.php(914): Illuminate\\Foundation\\Application->bootProvider()
#7 [internal function]: Illuminate\\Foundation\\Application->Illuminate\\Foundation\\{closure}()
#8 /var/www/emaparking_dss/vendor/laravel/framework/src/Illuminate/Foundation/Application.php(913): array_walk()
#9 /var/www/emaparking_dss/vendor/laravel/framework/src/Illuminate/Foundation/Bootstrap/BootProviders.php(17): Illuminate\\Foundation\\Application->boot()
#10 /var/www/emaparking_dss/vendor/laravel/framework/src/Illuminate/Foundation/Application.php(242): Illuminate\\Foundation\\Bootstrap\\BootProviders->bootstrap()
#11 /var/www/emaparking_dss/vendor/laravel/framework/src/Illuminate/Foundation/Console/Kernel.php(383): Illuminate\\Foundation\\Application->bootstrapWith()
#12 /var/www/emaparking_dss/vendor/laravel/framework/src/Illuminate/Foundation/Console/Kernel.php(153): Illuminate\\Foundation\\Console\\Kernel->bootstrap()
#13 Command line code(1): Illuminate\\Foundation\\Console\\Kernel->handle()
#14 {main}
"} 
[2025-03-11 17:27:40] local.ERROR: Class "\Themes\BC\ThemeProvider" not found {"exception":"[object] (Error(code: 0): Class \"\\Themes\\BC\\ThemeProvider\" not found at /var/www/emaparking_dss/themes/ThemeServiceProvider.php:23)
[stacktrace]
#0 /var/www/emaparking_dss/vendor/laravel/framework/src/Illuminate/Container/BoundMethod.php(36): Themes\\ThemeServiceProvider->boot()
#1 /var/www/emaparking_dss/vendor/laravel/framework/src/Illuminate/Container/Util.php(41): Illuminate\\Container\\BoundMethod::Illuminate\\Container\\{closure}()
#2 /var/www/emaparking_dss/vendor/laravel/framework/src/Illuminate/Container/BoundMethod.php(93): Illuminate\\Container\\Util::unwrapIfClosure()
#3 /var/www/emaparking_dss/vendor/laravel/framework/src/Illuminate/Container/BoundMethod.php(35): Illuminate\\Container\\BoundMethod::callBoundMethod()
#4 /var/www/emaparking_dss/vendor/laravel/framework/src/Illuminate/Container/Container.php(651): Illuminate\\Container\\BoundMethod::call()
#5 /var/www/emaparking_dss/vendor/laravel/framework/src/Illuminate/Foundation/Application.php(933): Illuminate\\Container\\Container->call()
#6 /var/www/emaparking_dss/vendor/laravel/framework/src/Illuminate/Foundation/Application.php(914): Illuminate\\Foundation\\Application->bootProvider()
#7 [internal function]: Illuminate\\Foundation\\Application->Illuminate\\Foundation\\{closure}()
#8 /var/www/emaparking_dss/vendor/laravel/framework/src/Illuminate/Foundation/Application.php(913): array_walk()
#9 /var/www/emaparking_dss/vendor/laravel/framework/src/Illuminate/Foundation/Bootstrap/BootProviders.php(17): Illuminate\\Foundation\\Application->boot()
#10 /var/www/emaparking_dss/vendor/laravel/framework/src/Illuminate/Foundation/Application.php(242): Illuminate\\Foundation\\Bootstrap\\BootProviders->bootstrap()
#11 /var/www/emaparking_dss/vendor/laravel/framework/src/Illuminate/Foundation/Console/Kernel.php(383): Illuminate\\Foundation\\Application->bootstrapWith()
#12 /var/www/emaparking_dss/vendor/laravel/framework/src/Illuminate/Foundation/Console/Kernel.php(153): Illuminate\\Foundation\\Console\\Kernel->bootstrap()
#13 Command line code(1): Illuminate\\Foundation\\Console\\Kernel->handle()
#14 {main}
"} 
[2025-03-11 17:27:40] local.ERROR: Class "\Themes\BC\ThemeProvider" not found {"exception":"[object] (Error(code: 0): Class \"\\Themes\\BC\\ThemeProvider\" not found at /var/www/emaparking_dss/themes/ThemeServiceProvider.php:23)
[stacktrace]
#0 /var/www/emaparking_dss/vendor/laravel/framework/src/Illuminate/Container/BoundMethod.php(36): Themes\\ThemeServiceProvider->boot()
#1 /var/www/emaparking_dss/vendor/laravel/framework/src/Illuminate/Container/Util.php(41): Illuminate\\Container\\BoundMethod::Illuminate\\Container\\{closure}()
#2 /var/www/emaparking_dss/vendor/laravel/framework/src/Illuminate/Container/BoundMethod.php(93): Illuminate\\Container\\Util::unwrapIfClosure()
#3 /var/www/emaparking_dss/vendor/laravel/framework/src/Illuminate/Container/BoundMethod.php(35): Illuminate\\Container\\BoundMethod::callBoundMethod()
#4 /var/www/emaparking_dss/vendor/laravel/framework/src/Illuminate/Container/Container.php(651): Illuminate\\Container\\BoundMethod::call()
#5 /var/www/emaparking_dss/vendor/laravel/framework/src/Illuminate/Foundation/Application.php(933): Illuminate\\Container\\Container->call()
#6 /var/www/emaparking_dss/vendor/laravel/framework/src/Illuminate/Foundation/Application.php(914): Illuminate\\Foundation\\Application->bootProvider()
#7 [internal function]: Illuminate\\Foundation\\Application->Illuminate\\Foundation\\{closure}()
#8 /var/www/emaparking_dss/vendor/laravel/framework/src/Illuminate/Foundation/Application.php(913): array_walk()
#9 /var/www/emaparking_dss/vendor/laravel/framework/src/Illuminate/Foundation/Bootstrap/BootProviders.php(17): Illuminate\\Foundation\\Application->boot()
#10 /var/www/emaparking_dss/vendor/laravel/framework/src/Illuminate/Foundation/Application.php(242): Illuminate\\Foundation\\Bootstrap\\BootProviders->bootstrap()
#11 /var/www/emaparking_dss/vendor/laravel/framework/src/Illuminate/Foundation/Console/Kernel.php(383): Illuminate\\Foundation\\Application->bootstrapWith()
#12 /var/www/emaparking_dss/vendor/laravel/framework/src/Illuminate/Foundation/Console/Kernel.php(153): Illuminate\\Foundation\\Console\\Kernel->bootstrap()
#13 Command line code(1): Illuminate\\Foundation\\Console\\Kernel->handle()
#14 {main}
"} 
[2025-03-11 17:28:40] local.ERROR: Class "\Themes\BC\ThemeProvider" not found {"exception":"[object] (Error(code: 0): Class \"\\Themes\\BC\\ThemeProvider\" not found at /var/www/emaparking_dss/themes/ThemeServiceProvider.php:23)
[stacktrace]
#0 /var/www/emaparking_dss/vendor/laravel/framework/src/Illuminate/Container/BoundMethod.php(36): Themes\\ThemeServiceProvider->boot()
#1 /var/www/emaparking_dss/vendor/laravel/framework/src/Illuminate/Container/Util.php(41): Illuminate\\Container\\BoundMethod::Illuminate\\Container\\{closure}()
#2 /var/www/emaparking_dss/vendor/laravel/framework/src/Illuminate/Container/BoundMethod.php(93): Illuminate\\Container\\Util::unwrapIfClosure()
#3 /var/www/emaparking_dss/vendor/laravel/framework/src/Illuminate/Container/BoundMethod.php(35): Illuminate\\Container\\BoundMethod::callBoundMethod()
#4 /var/www/emaparking_dss/vendor/laravel/framework/src/Illuminate/Container/Container.php(651): Illuminate\\Container\\BoundMethod::call()
#5 /var/www/emaparking_dss/vendor/laravel/framework/src/Illuminate/Foundation/Application.php(933): Illuminate\\Container\\Container->call()
#6 /var/www/emaparking_dss/vendor/laravel/framework/src/Illuminate/Foundation/Application.php(914): Illuminate\\Foundation\\Application->bootProvider()
#7 [internal function]: Illuminate\\Foundation\\Application->Illuminate\\Foundation\\{closure}()
#8 /var/www/emaparking_dss/vendor/laravel/framework/src/Illuminate/Foundation/Application.php(913): array_walk()
#9 /var/www/emaparking_dss/vendor/laravel/framework/src/Illuminate/Foundation/Bootstrap/BootProviders.php(17): Illuminate\\Foundation\\Application->boot()
#10 /var/www/emaparking_dss/vendor/laravel/framework/src/Illuminate/Foundation/Application.php(242): Illuminate\\Foundation\\Bootstrap\\BootProviders->bootstrap()
#11 /var/www/emaparking_dss/vendor/laravel/framework/src/Illuminate/Foundation/Console/Kernel.php(383): Illuminate\\Foundation\\Application->bootstrapWith()
#12 /var/www/emaparking_dss/vendor/laravel/framework/src/Illuminate/Foundation/Console/Kernel.php(153): Illuminate\\Foundation\\Console\\Kernel->bootstrap()
#13 Command line code(1): Illuminate\\Foundation\\Console\\Kernel->handle()
#14 {main}
"} 
[2025-03-11 17:28:40] local.ERROR: Class "\Themes\BC\ThemeProvider" not found {"exception":"[object] (Error(code: 0): Class \"\\Themes\\BC\\ThemeProvider\" not found at /var/www/emaparking_dss/themes/ThemeServiceProvider.php:23)
[stacktrace]
#0 /var/www/emaparking_dss/vendor/laravel/framework/src/Illuminate/Container/BoundMethod.php(36): Themes\\ThemeServiceProvider->boot()
#1 /var/www/emaparking_dss/vendor/laravel/framework/src/Illuminate/Container/Util.php(41): Illuminate\\Container\\BoundMethod::Illuminate\\Container\\{closure}()
#2 /var/www/emaparking_dss/vendor/laravel/framework/src/Illuminate/Container/BoundMethod.php(93): Illuminate\\Container\\Util::unwrapIfClosure()
#3 /var/www/emaparking_dss/vendor/laravel/framework/src/Illuminate/Container/BoundMethod.php(35): Illuminate\\Container\\BoundMethod::callBoundMethod()
#4 /var/www/emaparking_dss/vendor/laravel/framework/src/Illuminate/Container/Container.php(651): Illuminate\\Container\\BoundMethod::call()
#5 /var/www/emaparking_dss/vendor/laravel/framework/src/Illuminate/Foundation/Application.php(933): Illuminate\\Container\\Container->call()
#6 /var/www/emaparking_dss/vendor/laravel/framework/src/Illuminate/Foundation/Application.php(914): Illuminate\\Foundation\\Application->bootProvider()
#7 [internal function]: Illuminate\\Foundation\\Application->Illuminate\\Foundation\\{closure}()
#8 /var/www/emaparking_dss/vendor/laravel/framework/src/Illuminate/Foundation/Application.php(913): array_walk()
#9 /var/www/emaparking_dss/vendor/laravel/framework/src/Illuminate/Foundation/Bootstrap/BootProviders.php(17): Illuminate\\Foundation\\Application->boot()
#10 /var/www/emaparking_dss/vendor/laravel/framework/src/Illuminate/Foundation/Application.php(242): Illuminate\\Foundation\\Bootstrap\\BootProviders->bootstrap()
#11 /var/www/emaparking_dss/vendor/laravel/framework/src/Illuminate/Foundation/Console/Kernel.php(383): Illuminate\\Foundation\\Application->bootstrapWith()
#12 /var/www/emaparking_dss/vendor/laravel/framework/src/Illuminate/Foundation/Console/Kernel.php(153): Illuminate\\Foundation\\Console\\Kernel->bootstrap()
#13 Command line code(1): Illuminate\\Foundation\\Console\\Kernel->handle()
#14 {main}
"} 
[2025-03-11 17:28:52] local.ERROR: Class "\Themes\BC\ThemeProvider" not found {"exception":"[object] (Error(code: 0): Class \"\\Themes\\BC\\ThemeProvider\" not found at /var/www/emaparking_dss/themes/ThemeServiceProvider.php:23)
[stacktrace]
#0 /var/www/emaparking_dss/vendor/laravel/framework/src/Illuminate/Container/BoundMethod.php(36): Themes\\ThemeServiceProvider->boot()
#1 /var/www/emaparking_dss/vendor/laravel/framework/src/Illuminate/Container/Util.php(41): Illuminate\\Container\\BoundMethod::Illuminate\\Container\\{closure}()
#2 /var/www/emaparking_dss/vendor/laravel/framework/src/Illuminate/Container/BoundMethod.php(93): Illuminate\\Container\\Util::unwrapIfClosure()
#3 /var/www/emaparking_dss/vendor/laravel/framework/src/Illuminate/Container/BoundMethod.php(35): Illuminate\\Container\\BoundMethod::callBoundMethod()
#4 /var/www/emaparking_dss/vendor/laravel/framework/src/Illuminate/Container/Container.php(651): Illuminate\\Container\\BoundMethod::call()
#5 /var/www/emaparking_dss/vendor/laravel/framework/src/Illuminate/Foundation/Application.php(933): Illuminate\\Container\\Container->call()
#6 /var/www/emaparking_dss/vendor/laravel/framework/src/Illuminate/Foundation/Application.php(914): Illuminate\\Foundation\\Application->bootProvider()
#7 [internal function]: Illuminate\\Foundation\\Application->Illuminate\\Foundation\\{closure}()
#8 /var/www/emaparking_dss/vendor/laravel/framework/src/Illuminate/Foundation/Application.php(913): array_walk()
#9 /var/www/emaparking_dss/vendor/laravel/framework/src/Illuminate/Foundation/Bootstrap/BootProviders.php(17): Illuminate\\Foundation\\Application->boot()
#10 /var/www/emaparking_dss/vendor/laravel/framework/src/Illuminate/Foundation/Application.php(242): Illuminate\\Foundation\\Bootstrap\\BootProviders->bootstrap()
#11 /var/www/emaparking_dss/vendor/laravel/framework/src/Illuminate/Foundation/Console/Kernel.php(383): Illuminate\\Foundation\\Application->bootstrapWith()
#12 /var/www/emaparking_dss/vendor/laravel/framework/src/Illuminate/Foundation/Console/Kernel.php(153): Illuminate\\Foundation\\Console\\Kernel->bootstrap()
#13 Command line code(1): Illuminate\\Foundation\\Console\\Kernel->handle()
#14 {main}
"} 
[2025-03-11 17:29:40] local.ERROR: Class "\Themes\BC\ThemeProvider" not found {"exception":"[object] (Error(code: 0): Class \"\\Themes\\BC\\ThemeProvider\" not found at /var/www/emaparking_dss/themes/ThemeServiceProvider.php:23)
[stacktrace]
#0 /var/www/emaparking_dss/vendor/laravel/framework/src/Illuminate/Container/BoundMethod.php(36): Themes\\ThemeServiceProvider->boot()
#1 /var/www/emaparking_dss/vendor/laravel/framework/src/Illuminate/Container/Util.php(41): Illuminate\\Container\\BoundMethod::Illuminate\\Container\\{closure}()
#2 /var/www/emaparking_dss/vendor/laravel/framework/src/Illuminate/Container/BoundMethod.php(93): Illuminate\\Container\\Util::unwrapIfClosure()
#3 /var/www/emaparking_dss/vendor/laravel/framework/src/Illuminate/Container/BoundMethod.php(35): Illuminate\\Container\\BoundMethod::callBoundMethod()
#4 /var/www/emaparking_dss/vendor/laravel/framework/src/Illuminate/Container/Container.php(651): Illuminate\\Container\\BoundMethod::call()
#5 /var/www/emaparking_dss/vendor/laravel/framework/src/Illuminate/Foundation/Application.php(933): Illuminate\\Container\\Container->call()
#6 /var/www/emaparking_dss/vendor/laravel/framework/src/Illuminate/Foundation/Application.php(914): Illuminate\\Foundation\\Application->bootProvider()
#7 [internal function]: Illuminate\\Foundation\\Application->Illuminate\\Foundation\\{closure}()
#8 /var/www/emaparking_dss/vendor/laravel/framework/src/Illuminate/Foundation/Application.php(913): array_walk()
#9 /var/www/emaparking_dss/vendor/laravel/framework/src/Illuminate/Foundation/Bootstrap/BootProviders.php(17): Illuminate\\Foundation\\Application->boot()
#10 /var/www/emaparking_dss/vendor/laravel/framework/src/Illuminate/Foundation/Application.php(242): Illuminate\\Foundation\\Bootstrap\\BootProviders->bootstrap()
#11 /var/www/emaparking_dss/vendor/laravel/framework/src/Illuminate/Foundation/Console/Kernel.php(383): Illuminate\\Foundation\\Application->bootstrapWith()
#12 /var/www/emaparking_dss/vendor/laravel/framework/src/Illuminate/Foundation/Console/Kernel.php(153): Illuminate\\Foundation\\Console\\Kernel->bootstrap()
#13 Command line code(1): Illuminate\\Foundation\\Console\\Kernel->handle()
#14 {main}
"} 
[2025-03-11 17:29:40] local.ERROR: Class "\Themes\BC\ThemeProvider" not found {"exception":"[object] (Error(code: 0): Class \"\\Themes\\BC\\ThemeProvider\" not found at /var/www/emaparking_dss/themes/ThemeServiceProvider.php:23)
[stacktrace]
#0 /var/www/emaparking_dss/vendor/laravel/framework/src/Illuminate/Container/BoundMethod.php(36): Themes\\ThemeServiceProvider->boot()
#1 /var/www/emaparking_dss/vendor/laravel/framework/src/Illuminate/Container/Util.php(41): Illuminate\\Container\\BoundMethod::Illuminate\\Container\\{closure}()
#2 /var/www/emaparking_dss/vendor/laravel/framework/src/Illuminate/Container/BoundMethod.php(93): Illuminate\\Container\\Util::unwrapIfClosure()
#3 /var/www/emaparking_dss/vendor/laravel/framework/src/Illuminate/Container/BoundMethod.php(35): Illuminate\\Container\\BoundMethod::callBoundMethod()
#4 /var/www/emaparking_dss/vendor/laravel/framework/src/Illuminate/Container/Container.php(651): Illuminate\\Container\\BoundMethod::call()
#5 /var/www/emaparking_dss/vendor/laravel/framework/src/Illuminate/Foundation/Application.php(933): Illuminate\\Container\\Container->call()
#6 /var/www/emaparking_dss/vendor/laravel/framework/src/Illuminate/Foundation/Application.php(914): Illuminate\\Foundation\\Application->bootProvider()
#7 [internal function]: Illuminate\\Foundation\\Application->Illuminate\\Foundation\\{closure}()
#8 /var/www/emaparking_dss/vendor/laravel/framework/src/Illuminate/Foundation/Application.php(913): array_walk()
#9 /var/www/emaparking_dss/vendor/laravel/framework/src/Illuminate/Foundation/Bootstrap/BootProviders.php(17): Illuminate\\Foundation\\Application->boot()
#10 /var/www/emaparking_dss/vendor/laravel/framework/src/Illuminate/Foundation/Application.php(242): Illuminate\\Foundation\\Bootstrap\\BootProviders->bootstrap()
#11 /var/www/emaparking_dss/vendor/laravel/framework/src/Illuminate/Foundation/Console/Kernel.php(383): Illuminate\\Foundation\\Application->bootstrapWith()
#12 /var/www/emaparking_dss/vendor/laravel/framework/src/Illuminate/Foundation/Console/Kernel.php(153): Illuminate\\Foundation\\Console\\Kernel->bootstrap()
#13 Command line code(1): Illuminate\\Foundation\\Console\\Kernel->handle()
#14 {main}
"} 
[2025-03-11 17:29:40] local.ERROR: Class "\Themes\BC\ThemeProvider" not found {"exception":"[object] (Error(code: 0): Class \"\\Themes\\BC\\ThemeProvider\" not found at /var/www/emaparking_dss/themes/ThemeServiceProvider.php:23)
[stacktrace]
#0 /var/www/emaparking_dss/vendor/laravel/framework/src/Illuminate/Container/BoundMethod.php(36): Themes\\ThemeServiceProvider->boot()
#1 /var/www/emaparking_dss/vendor/laravel/framework/src/Illuminate/Container/Util.php(41): Illuminate\\Container\\BoundMethod::Illuminate\\Container\\{closure}()
#2 /var/www/emaparking_dss/vendor/laravel/framework/src/Illuminate/Container/BoundMethod.php(93): Illuminate\\Container\\Util::unwrapIfClosure()
#3 /var/www/emaparking_dss/vendor/laravel/framework/src/Illuminate/Container/BoundMethod.php(35): Illuminate\\Container\\BoundMethod::callBoundMethod()
#4 /var/www/emaparking_dss/vendor/laravel/framework/src/Illuminate/Container/Container.php(651): Illuminate\\Container\\BoundMethod::call()
#5 /var/www/emaparking_dss/vendor/laravel/framework/src/Illuminate/Foundation/Application.php(933): Illuminate\\Container\\Container->call()
#6 /var/www/emaparking_dss/vendor/laravel/framework/src/Illuminate/Foundation/Application.php(914): Illuminate\\Foundation\\Application->bootProvider()
#7 [internal function]: Illuminate\\Foundation\\Application->Illuminate\\Foundation\\{closure}()
#8 /var/www/emaparking_dss/vendor/laravel/framework/src/Illuminate/Foundation/Application.php(913): array_walk()
#9 /var/www/emaparking_dss/vendor/laravel/framework/src/Illuminate/Foundation/Bootstrap/BootProviders.php(17): Illuminate\\Foundation\\Application->boot()
#10 /var/www/emaparking_dss/vendor/laravel/framework/src/Illuminate/Foundation/Application.php(242): Illuminate\\Foundation\\Bootstrap\\BootProviders->bootstrap()
#11 /var/www/emaparking_dss/vendor/laravel/framework/src/Illuminate/Foundation/Console/Kernel.php(383): Illuminate\\Foundation\\Application->bootstrapWith()
#12 /var/www/emaparking_dss/vendor/laravel/framework/src/Illuminate/Foundation/Console/Kernel.php(153): Illuminate\\Foundation\\Console\\Kernel->bootstrap()
#13 Command line code(1): Illuminate\\Foundation\\Console\\Kernel->handle()
#14 {main}
"} 
[2025-03-11 17:29:41] local.ERROR: Class "\Themes\BC\ThemeProvider" not found {"exception":"[object] (Error(code: 0): Class \"\\Themes\\BC\\ThemeProvider\" not found at /var/www/emaparking_dss/themes/ThemeServiceProvider.php:23)
[stacktrace]
#0 /var/www/emaparking_dss/vendor/laravel/framework/src/Illuminate/Container/BoundMethod.php(36): Themes\\ThemeServiceProvider->boot()
#1 /var/www/emaparking_dss/vendor/laravel/framework/src/Illuminate/Container/Util.php(41): Illuminate\\Container\\BoundMethod::Illuminate\\Container\\{closure}()
#2 /var/www/emaparking_dss/vendor/laravel/framework/src/Illuminate/Container/BoundMethod.php(93): Illuminate\\Container\\Util::unwrapIfClosure()
#3 /var/www/emaparking_dss/vendor/laravel/framework/src/Illuminate/Container/BoundMethod.php(35): Illuminate\\Container\\BoundMethod::callBoundMethod()
#4 /var/www/emaparking_dss/vendor/laravel/framework/src/Illuminate/Container/Container.php(651): Illuminate\\Container\\BoundMethod::call()
#5 /var/www/emaparking_dss/vendor/laravel/framework/src/Illuminate/Foundation/Application.php(933): Illuminate\\Container\\Container->call()
#6 /var/www/emaparking_dss/vendor/laravel/framework/src/Illuminate/Foundation/Application.php(914): Illuminate\\Foundation\\Application->bootProvider()
#7 [internal function]: Illuminate\\Foundation\\Application->Illuminate\\Foundation\\{closure}()
#8 /var/www/emaparking_dss/vendor/laravel/framework/src/Illuminate/Foundation/Application.php(913): array_walk()
#9 /var/www/emaparking_dss/vendor/laravel/framework/src/Illuminate/Foundation/Bootstrap/BootProviders.php(17): Illuminate\\Foundation\\Application->boot()
#10 /var/www/emaparking_dss/vendor/laravel/framework/src/Illuminate/Foundation/Application.php(242): Illuminate\\Foundation\\Bootstrap\\BootProviders->bootstrap()
#11 /var/www/emaparking_dss/vendor/laravel/framework/src/Illuminate/Foundation/Console/Kernel.php(383): Illuminate\\Foundation\\Application->bootstrapWith()
#12 /var/www/emaparking_dss/vendor/laravel/framework/src/Illuminate/Foundation/Console/Kernel.php(153): Illuminate\\Foundation\\Console\\Kernel->bootstrap()
#13 Command line code(1): Illuminate\\Foundation\\Console\\Kernel->handle()
#14 {main}
"} 
[2025-03-11 17:30:40] local.ERROR: Class "\Themes\BC\ThemeProvider" not found {"exception":"[object] (Error(code: 0): Class \"\\Themes\\BC\\ThemeProvider\" not found at /var/www/emaparking_dss/themes/ThemeServiceProvider.php:23)
[stacktrace]
#0 /var/www/emaparking_dss/vendor/laravel/framework/src/Illuminate/Container/BoundMethod.php(36): Themes\\ThemeServiceProvider->boot()
#1 /var/www/emaparking_dss/vendor/laravel/framework/src/Illuminate/Container/Util.php(41): Illuminate\\Container\\BoundMethod::Illuminate\\Container\\{closure}()
#2 /var/www/emaparking_dss/vendor/laravel/framework/src/Illuminate/Container/BoundMethod.php(93): Illuminate\\Container\\Util::unwrapIfClosure()
#3 /var/www/emaparking_dss/vendor/laravel/framework/src/Illuminate/Container/BoundMethod.php(35): Illuminate\\Container\\BoundMethod::callBoundMethod()
#4 /var/www/emaparking_dss/vendor/laravel/framework/src/Illuminate/Container/Container.php(651): Illuminate\\Container\\BoundMethod::call()
#5 /var/www/emaparking_dss/vendor/laravel/framework/src/Illuminate/Foundation/Application.php(933): Illuminate\\Container\\Container->call()
#6 /var/www/emaparking_dss/vendor/laravel/framework/src/Illuminate/Foundation/Application.php(914): Illuminate\\Foundation\\Application->bootProvider()
#7 [internal function]: Illuminate\\Foundation\\Application->Illuminate\\Foundation\\{closure}()
#8 /var/www/emaparking_dss/vendor/laravel/framework/src/Illuminate/Foundation/Application.php(913): array_walk()
#9 /var/www/emaparking_dss/vendor/laravel/framework/src/Illuminate/Foundation/Bootstrap/BootProviders.php(17): Illuminate\\Foundation\\Application->boot()
#10 /var/www/emaparking_dss/vendor/laravel/framework/src/Illuminate/Foundation/Application.php(242): Illuminate\\Foundation\\Bootstrap\\BootProviders->bootstrap()
#11 /var/www/emaparking_dss/vendor/laravel/framework/src/Illuminate/Foundation/Console/Kernel.php(383): Illuminate\\Foundation\\Application->bootstrapWith()
#12 /var/www/emaparking_dss/vendor/laravel/framework/src/Illuminate/Foundation/Console/Kernel.php(153): Illuminate\\Foundation\\Console\\Kernel->bootstrap()
#13 Command line code(1): Illuminate\\Foundation\\Console\\Kernel->handle()
#14 {main}
"} 
[2025-03-11 17:30:40] local.ERROR: Class "\Themes\BC\ThemeProvider" not found {"exception":"[object] (Error(code: 0): Class \"\\Themes\\BC\\ThemeProvider\" not found at /var/www/emaparking_dss/themes/ThemeServiceProvider.php:23)
[stacktrace]
#0 /var/www/emaparking_dss/vendor/laravel/framework/src/Illuminate/Container/BoundMethod.php(36): Themes\\ThemeServiceProvider->boot()
#1 /var/www/emaparking_dss/vendor/laravel/framework/src/Illuminate/Container/Util.php(41): Illuminate\\Container\\BoundMethod::Illuminate\\Container\\{closure}()
#2 /var/www/emaparking_dss/vendor/laravel/framework/src/Illuminate/Container/BoundMethod.php(93): Illuminate\\Container\\Util::unwrapIfClosure()
#3 /var/www/emaparking_dss/vendor/laravel/framework/src/Illuminate/Container/BoundMethod.php(35): Illuminate\\Container\\BoundMethod::callBoundMethod()
#4 /var/www/emaparking_dss/vendor/laravel/framework/src/Illuminate/Container/Container.php(651): Illuminate\\Container\\BoundMethod::call()
#5 /var/www/emaparking_dss/vendor/laravel/framework/src/Illuminate/Foundation/Application.php(933): Illuminate\\Container\\Container->call()
#6 /var/www/emaparking_dss/vendor/laravel/framework/src/Illuminate/Foundation/Application.php(914): Illuminate\\Foundation\\Application->bootProvider()
#7 [internal function]: Illuminate\\Foundation\\Application->Illuminate\\Foundation\\{closure}()
#8 /var/www/emaparking_dss/vendor/laravel/framework/src/Illuminate/Foundation/Application.php(913): array_walk()
#9 /var/www/emaparking_dss/vendor/laravel/framework/src/Illuminate/Foundation/Bootstrap/BootProviders.php(17): Illuminate\\Foundation\\Application->boot()
#10 /var/www/emaparking_dss/vendor/laravel/framework/src/Illuminate/Foundation/Application.php(242): Illuminate\\Foundation\\Bootstrap\\BootProviders->bootstrap()
#11 /var/www/emaparking_dss/vendor/laravel/framework/src/Illuminate/Foundation/Console/Kernel.php(383): Illuminate\\Foundation\\Application->bootstrapWith()
#12 /var/www/emaparking_dss/vendor/laravel/framework/src/Illuminate/Foundation/Console/Kernel.php(153): Illuminate\\Foundation\\Console\\Kernel->bootstrap()
#13 Command line code(1): Illuminate\\Foundation\\Console\\Kernel->handle()
#14 {main}
"} 
[2025-03-11 17:31:40] local.ERROR: Class "\Themes\BC\ThemeProvider" not found {"exception":"[object] (Error(code: 0): Class \"\\Themes\\BC\\ThemeProvider\" not found at /var/www/emaparking_dss/themes/ThemeServiceProvider.php:23)
[stacktrace]
#0 /var/www/emaparking_dss/vendor/laravel/framework/src/Illuminate/Container/BoundMethod.php(36): Themes\\ThemeServiceProvider->boot()
#1 /var/www/emaparking_dss/vendor/laravel/framework/src/Illuminate/Container/Util.php(41): Illuminate\\Container\\BoundMethod::Illuminate\\Container\\{closure}()
#2 /var/www/emaparking_dss/vendor/laravel/framework/src/Illuminate/Container/BoundMethod.php(93): Illuminate\\Container\\Util::unwrapIfClosure()
#3 /var/www/emaparking_dss/vendor/laravel/framework/src/Illuminate/Container/BoundMethod.php(35): Illuminate\\Container\\BoundMethod::callBoundMethod()
#4 /var/www/emaparking_dss/vendor/laravel/framework/src/Illuminate/Container/Container.php(651): Illuminate\\Container\\BoundMethod::call()
#5 /var/www/emaparking_dss/vendor/laravel/framework/src/Illuminate/Foundation/Application.php(933): Illuminate\\Container\\Container->call()
#6 /var/www/emaparking_dss/vendor/laravel/framework/src/Illuminate/Foundation/Application.php(914): Illuminate\\Foundation\\Application->bootProvider()
#7 [internal function]: Illuminate\\Foundation\\Application->Illuminate\\Foundation\\{closure}()
#8 /var/www/emaparking_dss/vendor/laravel/framework/src/Illuminate/Foundation/Application.php(913): array_walk()
#9 /var/www/emaparking_dss/vendor/laravel/framework/src/Illuminate/Foundation/Bootstrap/BootProviders.php(17): Illuminate\\Foundation\\Application->boot()
#10 /var/www/emaparking_dss/vendor/laravel/framework/src/Illuminate/Foundation/Application.php(242): Illuminate\\Foundation\\Bootstrap\\BootProviders->bootstrap()
#11 /var/www/emaparking_dss/vendor/laravel/framework/src/Illuminate/Foundation/Console/Kernel.php(383): Illuminate\\Foundation\\Application->bootstrapWith()
#12 /var/www/emaparking_dss/vendor/laravel/framework/src/Illuminate/Foundation/Console/Kernel.php(153): Illuminate\\Foundation\\Console\\Kernel->bootstrap()
#13 Command line code(1): Illuminate\\Foundation\\Console\\Kernel->handle()
#14 {main}
"} 
[2025-03-11 17:31:40] local.ERROR: Class "\Themes\BC\ThemeProvider" not found {"exception":"[object] (Error(code: 0): Class \"\\Themes\\BC\\ThemeProvider\" not found at /var/www/emaparking_dss/themes/ThemeServiceProvider.php:23)
[stacktrace]
#0 /var/www/emaparking_dss/vendor/laravel/framework/src/Illuminate/Container/BoundMethod.php(36): Themes\\ThemeServiceProvider->boot()
#1 /var/www/emaparking_dss/vendor/laravel/framework/src/Illuminate/Container/Util.php(41): Illuminate\\Container\\BoundMethod::Illuminate\\Container\\{closure}()
#2 /var/www/emaparking_dss/vendor/laravel/framework/src/Illuminate/Container/BoundMethod.php(93): Illuminate\\Container\\Util::unwrapIfClosure()
#3 /var/www/emaparking_dss/vendor/laravel/framework/src/Illuminate/Container/BoundMethod.php(35): Illuminate\\Container\\BoundMethod::callBoundMethod()
#4 /var/www/emaparking_dss/vendor/laravel/framework/src/Illuminate/Container/Container.php(651): Illuminate\\Container\\BoundMethod::call()
#5 /var/www/emaparking_dss/vendor/laravel/framework/src/Illuminate/Foundation/Application.php(933): Illuminate\\Container\\Container->call()
#6 /var/www/emaparking_dss/vendor/laravel/framework/src/Illuminate/Foundation/Application.php(914): Illuminate\\Foundation\\Application->bootProvider()
#7 [internal function]: Illuminate\\Foundation\\Application->Illuminate\\Foundation\\{closure}()
#8 /var/www/emaparking_dss/vendor/laravel/framework/src/Illuminate/Foundation/Application.php(913): array_walk()
#9 /var/www/emaparking_dss/vendor/laravel/framework/src/Illuminate/Foundation/Bootstrap/BootProviders.php(17): Illuminate\\Foundation\\Application->boot()
#10 /var/www/emaparking_dss/vendor/laravel/framework/src/Illuminate/Foundation/Application.php(242): Illuminate\\Foundation\\Bootstrap\\BootProviders->bootstrap()
#11 /var/www/emaparking_dss/vendor/laravel/framework/src/Illuminate/Foundation/Console/Kernel.php(383): Illuminate\\Foundation\\Application->bootstrapWith()
#12 /var/www/emaparking_dss/vendor/laravel/framework/src/Illuminate/Foundation/Console/Kernel.php(153): Illuminate\\Foundation\\Console\\Kernel->bootstrap()
#13 Command line code(1): Illuminate\\Foundation\\Console\\Kernel->handle()
#14 {main}
"} 
[2025-03-11 17:32:40] local.ERROR: Class "\Themes\BC\ThemeProvider" not found {"exception":"[object] (Error(code: 0): Class \"\\Themes\\BC\\ThemeProvider\" not found at /var/www/emaparking_dss/themes/ThemeServiceProvider.php:23)
[stacktrace]
#0 /var/www/emaparking_dss/vendor/laravel/framework/src/Illuminate/Container/BoundMethod.php(36): Themes\\ThemeServiceProvider->boot()
#1 /var/www/emaparking_dss/vendor/laravel/framework/src/Illuminate/Container/Util.php(41): Illuminate\\Container\\BoundMethod::Illuminate\\Container\\{closure}()
#2 /var/www/emaparking_dss/vendor/laravel/framework/src/Illuminate/Container/BoundMethod.php(93): Illuminate\\Container\\Util::unwrapIfClosure()
#3 /var/www/emaparking_dss/vendor/laravel/framework/src/Illuminate/Container/BoundMethod.php(35): Illuminate\\Container\\BoundMethod::callBoundMethod()
#4 /var/www/emaparking_dss/vendor/laravel/framework/src/Illuminate/Container/Container.php(651): Illuminate\\Container\\BoundMethod::call()
#5 /var/www/emaparking_dss/vendor/laravel/framework/src/Illuminate/Foundation/Application.php(933): Illuminate\\Container\\Container->call()
#6 /var/www/emaparking_dss/vendor/laravel/framework/src/Illuminate/Foundation/Application.php(914): Illuminate\\Foundation\\Application->bootProvider()
#7 [internal function]: Illuminate\\Foundation\\Application->Illuminate\\Foundation\\{closure}()
#8 /var/www/emaparking_dss/vendor/laravel/framework/src/Illuminate/Foundation/Application.php(913): array_walk()
#9 /var/www/emaparking_dss/vendor/laravel/framework/src/Illuminate/Foundation/Bootstrap/BootProviders.php(17): Illuminate\\Foundation\\Application->boot()
#10 /var/www/emaparking_dss/vendor/laravel/framework/src/Illuminate/Foundation/Application.php(242): Illuminate\\Foundation\\Bootstrap\\BootProviders->bootstrap()
#11 /var/www/emaparking_dss/vendor/laravel/framework/src/Illuminate/Foundation/Console/Kernel.php(383): Illuminate\\Foundation\\Application->bootstrapWith()
#12 /var/www/emaparking_dss/vendor/laravel/framework/src/Illuminate/Foundation/Console/Kernel.php(153): Illuminate\\Foundation\\Console\\Kernel->bootstrap()
#13 Command line code(1): Illuminate\\Foundation\\Console\\Kernel->handle()
#14 {main}
"} 
[2025-03-11 17:32:40] local.ERROR: Class "\Themes\BC\ThemeProvider" not found {"exception":"[object] (Error(code: 0): Class \"\\Themes\\BC\\ThemeProvider\" not found at /var/www/emaparking_dss/themes/ThemeServiceProvider.php:23)
[stacktrace]
#0 /var/www/emaparking_dss/vendor/laravel/framework/src/Illuminate/Container/BoundMethod.php(36): Themes\\ThemeServiceProvider->boot()
#1 /var/www/emaparking_dss/vendor/laravel/framework/src/Illuminate/Container/Util.php(41): Illuminate\\Container\\BoundMethod::Illuminate\\Container\\{closure}()
#2 /var/www/emaparking_dss/vendor/laravel/framework/src/Illuminate/Container/BoundMethod.php(93): Illuminate\\Container\\Util::unwrapIfClosure()
#3 /var/www/emaparking_dss/vendor/laravel/framework/src/Illuminate/Container/BoundMethod.php(35): Illuminate\\Container\\BoundMethod::callBoundMethod()
#4 /var/www/emaparking_dss/vendor/laravel/framework/src/Illuminate/Container/Container.php(651): Illuminate\\Container\\BoundMethod::call()
#5 /var/www/emaparking_dss/vendor/laravel/framework/src/Illuminate/Foundation/Application.php(933): Illuminate\\Container\\Container->call()
#6 /var/www/emaparking_dss/vendor/laravel/framework/src/Illuminate/Foundation/Application.php(914): Illuminate\\Foundation\\Application->bootProvider()
#7 [internal function]: Illuminate\\Foundation\\Application->Illuminate\\Foundation\\{closure}()
#8 /var/www/emaparking_dss/vendor/laravel/framework/src/Illuminate/Foundation/Application.php(913): array_walk()
#9 /var/www/emaparking_dss/vendor/laravel/framework/src/Illuminate/Foundation/Bootstrap/BootProviders.php(17): Illuminate\\Foundation\\Application->boot()
#10 /var/www/emaparking_dss/vendor/laravel/framework/src/Illuminate/Foundation/Application.php(242): Illuminate\\Foundation\\Bootstrap\\BootProviders->bootstrap()
#11 /var/www/emaparking_dss/vendor/laravel/framework/src/Illuminate/Foundation/Console/Kernel.php(383): Illuminate\\Foundation\\Application->bootstrapWith()
#12 /var/www/emaparking_dss/vendor/laravel/framework/src/Illuminate/Foundation/Console/Kernel.php(153): Illuminate\\Foundation\\Console\\Kernel->bootstrap()
#13 Command line code(1): Illuminate\\Foundation\\Console\\Kernel->handle()
#14 {main}
"} 
[2025-03-11 17:33:40] local.ERROR: Class "\Themes\BC\ThemeProvider" not found {"exception":"[object] (Error(code: 0): Class \"\\Themes\\BC\\ThemeProvider\" not found at /var/www/emaparking_dss/themes/ThemeServiceProvider.php:23)
[stacktrace]
#0 /var/www/emaparking_dss/vendor/laravel/framework/src/Illuminate/Container/BoundMethod.php(36): Themes\\ThemeServiceProvider->boot()
#1 /var/www/emaparking_dss/vendor/laravel/framework/src/Illuminate/Container/Util.php(41): Illuminate\\Container\\BoundMethod::Illuminate\\Container\\{closure}()
#2 /var/www/emaparking_dss/vendor/laravel/framework/src/Illuminate/Container/BoundMethod.php(93): Illuminate\\Container\\Util::unwrapIfClosure()
#3 /var/www/emaparking_dss/vendor/laravel/framework/src/Illuminate/Container/BoundMethod.php(35): Illuminate\\Container\\BoundMethod::callBoundMethod()
#4 /var/www/emaparking_dss/vendor/laravel/framework/src/Illuminate/Container/Container.php(651): Illuminate\\Container\\BoundMethod::call()
#5 /var/www/emaparking_dss/vendor/laravel/framework/src/Illuminate/Foundation/Application.php(933): Illuminate\\Container\\Container->call()
#6 /var/www/emaparking_dss/vendor/laravel/framework/src/Illuminate/Foundation/Application.php(914): Illuminate\\Foundation\\Application->bootProvider()
#7 [internal function]: Illuminate\\Foundation\\Application->Illuminate\\Foundation\\{closure}()
#8 /var/www/emaparking_dss/vendor/laravel/framework/src/Illuminate/Foundation/Application.php(913): array_walk()
#9 /var/www/emaparking_dss/vendor/laravel/framework/src/Illuminate/Foundation/Bootstrap/BootProviders.php(17): Illuminate\\Foundation\\Application->boot()
#10 /var/www/emaparking_dss/vendor/laravel/framework/src/Illuminate/Foundation/Application.php(242): Illuminate\\Foundation\\Bootstrap\\BootProviders->bootstrap()
#11 /var/www/emaparking_dss/vendor/laravel/framework/src/Illuminate/Foundation/Console/Kernel.php(383): Illuminate\\Foundation\\Application->bootstrapWith()
#12 /var/www/emaparking_dss/vendor/laravel/framework/src/Illuminate/Foundation/Console/Kernel.php(153): Illuminate\\Foundation\\Console\\Kernel->bootstrap()
#13 Command line code(1): Illuminate\\Foundation\\Console\\Kernel->handle()
#14 {main}
"} 
[2025-03-11 17:33:40] local.ERROR: Class "\Themes\BC\ThemeProvider" not found {"exception":"[object] (Error(code: 0): Class \"\\Themes\\BC\\ThemeProvider\" not found at /var/www/emaparking_dss/themes/ThemeServiceProvider.php:23)
[stacktrace]
#0 /var/www/emaparking_dss/vendor/laravel/framework/src/Illuminate/Container/BoundMethod.php(36): Themes\\ThemeServiceProvider->boot()
#1 /var/www/emaparking_dss/vendor/laravel/framework/src/Illuminate/Container/Util.php(41): Illuminate\\Container\\BoundMethod::Illuminate\\Container\\{closure}()
#2 /var/www/emaparking_dss/vendor/laravel/framework/src/Illuminate/Container/BoundMethod.php(93): Illuminate\\Container\\Util::unwrapIfClosure()
#3 /var/www/emaparking_dss/vendor/laravel/framework/src/Illuminate/Container/BoundMethod.php(35): Illuminate\\Container\\BoundMethod::callBoundMethod()
#4 /var/www/emaparking_dss/vendor/laravel/framework/src/Illuminate/Container/Container.php(651): Illuminate\\Container\\BoundMethod::call()
#5 /var/www/emaparking_dss/vendor/laravel/framework/src/Illuminate/Foundation/Application.php(933): Illuminate\\Container\\Container->call()
#6 /var/www/emaparking_dss/vendor/laravel/framework/src/Illuminate/Foundation/Application.php(914): Illuminate\\Foundation\\Application->bootProvider()
#7 [internal function]: Illuminate\\Foundation\\Application->Illuminate\\Foundation\\{closure}()
#8 /var/www/emaparking_dss/vendor/laravel/framework/src/Illuminate/Foundation/Application.php(913): array_walk()
#9 /var/www/emaparking_dss/vendor/laravel/framework/src/Illuminate/Foundation/Bootstrap/BootProviders.php(17): Illuminate\\Foundation\\Application->boot()
#10 /var/www/emaparking_dss/vendor/laravel/framework/src/Illuminate/Foundation/Application.php(242): Illuminate\\Foundation\\Bootstrap\\BootProviders->bootstrap()
#11 /var/www/emaparking_dss/vendor/laravel/framework/src/Illuminate/Foundation/Console/Kernel.php(383): Illuminate\\Foundation\\Application->bootstrapWith()
#12 /var/www/emaparking_dss/vendor/laravel/framework/src/Illuminate/Foundation/Console/Kernel.php(153): Illuminate\\Foundation\\Console\\Kernel->bootstrap()
#13 Command line code(1): Illuminate\\Foundation\\Console\\Kernel->handle()
#14 {main}
"} 
[2025-03-11 17:34:40] local.ERROR: Class "\Themes\BC\ThemeProvider" not found {"exception":"[object] (Error(code: 0): Class \"\\Themes\\BC\\ThemeProvider\" not found at /var/www/emaparking_dss/themes/ThemeServiceProvider.php:23)
[stacktrace]
#0 /var/www/emaparking_dss/vendor/laravel/framework/src/Illuminate/Container/BoundMethod.php(36): Themes\\ThemeServiceProvider->boot()
#1 /var/www/emaparking_dss/vendor/laravel/framework/src/Illuminate/Container/Util.php(41): Illuminate\\Container\\BoundMethod::Illuminate\\Container\\{closure}()
#2 /var/www/emaparking_dss/vendor/laravel/framework/src/Illuminate/Container/BoundMethod.php(93): Illuminate\\Container\\Util::unwrapIfClosure()
#3 /var/www/emaparking_dss/vendor/laravel/framework/src/Illuminate/Container/BoundMethod.php(35): Illuminate\\Container\\BoundMethod::callBoundMethod()
#4 /var/www/emaparking_dss/vendor/laravel/framework/src/Illuminate/Container/Container.php(651): Illuminate\\Container\\BoundMethod::call()
#5 /var/www/emaparking_dss/vendor/laravel/framework/src/Illuminate/Foundation/Application.php(933): Illuminate\\Container\\Container->call()
#6 /var/www/emaparking_dss/vendor/laravel/framework/src/Illuminate/Foundation/Application.php(914): Illuminate\\Foundation\\Application->bootProvider()
#7 [internal function]: Illuminate\\Foundation\\Application->Illuminate\\Foundation\\{closure}()
#8 /var/www/emaparking_dss/vendor/laravel/framework/src/Illuminate/Foundation/Application.php(913): array_walk()
#9 /var/www/emaparking_dss/vendor/laravel/framework/src/Illuminate/Foundation/Bootstrap/BootProviders.php(17): Illuminate\\Foundation\\Application->boot()
#10 /var/www/emaparking_dss/vendor/laravel/framework/src/Illuminate/Foundation/Application.php(242): Illuminate\\Foundation\\Bootstrap\\BootProviders->bootstrap()
#11 /var/www/emaparking_dss/vendor/laravel/framework/src/Illuminate/Foundation/Console/Kernel.php(383): Illuminate\\Foundation\\Application->bootstrapWith()
#12 /var/www/emaparking_dss/vendor/laravel/framework/src/Illuminate/Foundation/Console/Kernel.php(153): Illuminate\\Foundation\\Console\\Kernel->bootstrap()
#13 Command line code(1): Illuminate\\Foundation\\Console\\Kernel->handle()
#14 {main}
"} 
[2025-03-11 17:34:40] local.ERROR: Class "\Themes\BC\ThemeProvider" not found {"exception":"[object] (Error(code: 0): Class \"\\Themes\\BC\\ThemeProvider\" not found at /var/www/emaparking_dss/themes/ThemeServiceProvider.php:23)
[stacktrace]
#0 /var/www/emaparking_dss/vendor/laravel/framework/src/Illuminate/Container/BoundMethod.php(36): Themes\\ThemeServiceProvider->boot()
#1 /var/www/emaparking_dss/vendor/laravel/framework/src/Illuminate/Container/Util.php(41): Illuminate\\Container\\BoundMethod::Illuminate\\Container\\{closure}()
#2 /var/www/emaparking_dss/vendor/laravel/framework/src/Illuminate/Container/BoundMethod.php(93): Illuminate\\Container\\Util::unwrapIfClosure()
#3 /var/www/emaparking_dss/vendor/laravel/framework/src/Illuminate/Container/BoundMethod.php(35): Illuminate\\Container\\BoundMethod::callBoundMethod()
#4 /var/www/emaparking_dss/vendor/laravel/framework/src/Illuminate/Container/Container.php(651): Illuminate\\Container\\BoundMethod::call()
#5 /var/www/emaparking_dss/vendor/laravel/framework/src/Illuminate/Foundation/Application.php(933): Illuminate\\Container\\Container->call()
#6 /var/www/emaparking_dss/vendor/laravel/framework/src/Illuminate/Foundation/Application.php(914): Illuminate\\Foundation\\Application->bootProvider()
#7 [internal function]: Illuminate\\Foundation\\Application->Illuminate\\Foundation\\{closure}()
#8 /var/www/emaparking_dss/vendor/laravel/framework/src/Illuminate/Foundation/Application.php(913): array_walk()
#9 /var/www/emaparking_dss/vendor/laravel/framework/src/Illuminate/Foundation/Bootstrap/BootProviders.php(17): Illuminate\\Foundation\\Application->boot()
#10 /var/www/emaparking_dss/vendor/laravel/framework/src/Illuminate/Foundation/Application.php(242): Illuminate\\Foundation\\Bootstrap\\BootProviders->bootstrap()
#11 /var/www/emaparking_dss/vendor/laravel/framework/src/Illuminate/Foundation/Console/Kernel.php(383): Illuminate\\Foundation\\Application->bootstrapWith()
#12 /var/www/emaparking_dss/vendor/laravel/framework/src/Illuminate/Foundation/Console/Kernel.php(153): Illuminate\\Foundation\\Console\\Kernel->bootstrap()
#13 Command line code(1): Illuminate\\Foundation\\Console\\Kernel->handle()
#14 {main}
"} 
[2025-03-11 17:35:40] local.ERROR: Class "\Themes\BC\ThemeProvider" not found {"exception":"[object] (Error(code: 0): Class \"\\Themes\\BC\\ThemeProvider\" not found at /var/www/emaparking_dss/themes/ThemeServiceProvider.php:23)
[stacktrace]
#0 /var/www/emaparking_dss/vendor/laravel/framework/src/Illuminate/Container/BoundMethod.php(36): Themes\\ThemeServiceProvider->boot()
#1 /var/www/emaparking_dss/vendor/laravel/framework/src/Illuminate/Container/Util.php(41): Illuminate\\Container\\BoundMethod::Illuminate\\Container\\{closure}()
#2 /var/www/emaparking_dss/vendor/laravel/framework/src/Illuminate/Container/BoundMethod.php(93): Illuminate\\Container\\Util::unwrapIfClosure()
#3 /var/www/emaparking_dss/vendor/laravel/framework/src/Illuminate/Container/BoundMethod.php(35): Illuminate\\Container\\BoundMethod::callBoundMethod()
#4 /var/www/emaparking_dss/vendor/laravel/framework/src/Illuminate/Container/Container.php(651): Illuminate\\Container\\BoundMethod::call()
#5 /var/www/emaparking_dss/vendor/laravel/framework/src/Illuminate/Foundation/Application.php(933): Illuminate\\Container\\Container->call()
#6 /var/www/emaparking_dss/vendor/laravel/framework/src/Illuminate/Foundation/Application.php(914): Illuminate\\Foundation\\Application->bootProvider()
#7 [internal function]: Illuminate\\Foundation\\Application->Illuminate\\Foundation\\{closure}()
#8 /var/www/emaparking_dss/vendor/laravel/framework/src/Illuminate/Foundation/Application.php(913): array_walk()
#9 /var/www/emaparking_dss/vendor/laravel/framework/src/Illuminate/Foundation/Bootstrap/BootProviders.php(17): Illuminate\\Foundation\\Application->boot()
#10 /var/www/emaparking_dss/vendor/laravel/framework/src/Illuminate/Foundation/Application.php(242): Illuminate\\Foundation\\Bootstrap\\BootProviders->bootstrap()
#11 /var/www/emaparking_dss/vendor/laravel/framework/src/Illuminate/Foundation/Console/Kernel.php(383): Illuminate\\Foundation\\Application->bootstrapWith()
#12 /var/www/emaparking_dss/vendor/laravel/framework/src/Illuminate/Foundation/Console/Kernel.php(153): Illuminate\\Foundation\\Console\\Kernel->bootstrap()
#13 Command line code(1): Illuminate\\Foundation\\Console\\Kernel->handle()
#14 {main}
"} 
[2025-03-11 17:35:40] local.ERROR: Class "\Themes\BC\ThemeProvider" not found {"exception":"[object] (Error(code: 0): Class \"\\Themes\\BC\\ThemeProvider\" not found at /var/www/emaparking_dss/themes/ThemeServiceProvider.php:23)
[stacktrace]
#0 /var/www/emaparking_dss/vendor/laravel/framework/src/Illuminate/Container/BoundMethod.php(36): Themes\\ThemeServiceProvider->boot()
#1 /var/www/emaparking_dss/vendor/laravel/framework/src/Illuminate/Container/Util.php(41): Illuminate\\Container\\BoundMethod::Illuminate\\Container\\{closure}()
#2 /var/www/emaparking_dss/vendor/laravel/framework/src/Illuminate/Container/BoundMethod.php(93): Illuminate\\Container\\Util::unwrapIfClosure()
#3 /var/www/emaparking_dss/vendor/laravel/framework/src/Illuminate/Container/BoundMethod.php(35): Illuminate\\Container\\BoundMethod::callBoundMethod()
#4 /var/www/emaparking_dss/vendor/laravel/framework/src/Illuminate/Container/Container.php(651): Illuminate\\Container\\BoundMethod::call()
#5 /var/www/emaparking_dss/vendor/laravel/framework/src/Illuminate/Foundation/Application.php(933): Illuminate\\Container\\Container->call()
#6 /var/www/emaparking_dss/vendor/laravel/framework/src/Illuminate/Foundation/Application.php(914): Illuminate\\Foundation\\Application->bootProvider()
#7 [internal function]: Illuminate\\Foundation\\Application->Illuminate\\Foundation\\{closure}()
#8 /var/www/emaparking_dss/vendor/laravel/framework/src/Illuminate/Foundation/Application.php(913): array_walk()
#9 /var/www/emaparking_dss/vendor/laravel/framework/src/Illuminate/Foundation/Bootstrap/BootProviders.php(17): Illuminate\\Foundation\\Application->boot()
#10 /var/www/emaparking_dss/vendor/laravel/framework/src/Illuminate/Foundation/Application.php(242): Illuminate\\Foundation\\Bootstrap\\BootProviders->bootstrap()
#11 /var/www/emaparking_dss/vendor/laravel/framework/src/Illuminate/Foundation/Console/Kernel.php(383): Illuminate\\Foundation\\Application->bootstrapWith()
#12 /var/www/emaparking_dss/vendor/laravel/framework/src/Illuminate/Foundation/Console/Kernel.php(153): Illuminate\\Foundation\\Console\\Kernel->bootstrap()
#13 Command line code(1): Illuminate\\Foundation\\Console\\Kernel->handle()
#14 {main}
"} 
[2025-03-11 17:36:40] local.ERROR: Class "\Themes\BC\ThemeProvider" not found {"exception":"[object] (Error(code: 0): Class \"\\Themes\\BC\\ThemeProvider\" not found at /var/www/emaparking_dss/themes/ThemeServiceProvider.php:23)
[stacktrace]
#0 /var/www/emaparking_dss/vendor/laravel/framework/src/Illuminate/Container/BoundMethod.php(36): Themes\\ThemeServiceProvider->boot()
#1 /var/www/emaparking_dss/vendor/laravel/framework/src/Illuminate/Container/Util.php(41): Illuminate\\Container\\BoundMethod::Illuminate\\Container\\{closure}()
#2 /var/www/emaparking_dss/vendor/laravel/framework/src/Illuminate/Container/BoundMethod.php(93): Illuminate\\Container\\Util::unwrapIfClosure()
#3 /var/www/emaparking_dss/vendor/laravel/framework/src/Illuminate/Container/BoundMethod.php(35): Illuminate\\Container\\BoundMethod::callBoundMethod()
#4 /var/www/emaparking_dss/vendor/laravel/framework/src/Illuminate/Container/Container.php(651): Illuminate\\Container\\BoundMethod::call()
#5 /var/www/emaparking_dss/vendor/laravel/framework/src/Illuminate/Foundation/Application.php(933): Illuminate\\Container\\Container->call()
#6 /var/www/emaparking_dss/vendor/laravel/framework/src/Illuminate/Foundation/Application.php(914): Illuminate\\Foundation\\Application->bootProvider()
#7 [internal function]: Illuminate\\Foundation\\Application->Illuminate\\Foundation\\{closure}()
#8 /var/www/emaparking_dss/vendor/laravel/framework/src/Illuminate/Foundation/Application.php(913): array_walk()
#9 /var/www/emaparking_dss/vendor/laravel/framework/src/Illuminate/Foundation/Bootstrap/BootProviders.php(17): Illuminate\\Foundation\\Application->boot()
#10 /var/www/emaparking_dss/vendor/laravel/framework/src/Illuminate/Foundation/Application.php(242): Illuminate\\Foundation\\Bootstrap\\BootProviders->bootstrap()
#11 /var/www/emaparking_dss/vendor/laravel/framework/src/Illuminate/Foundation/Console/Kernel.php(383): Illuminate\\Foundation\\Application->bootstrapWith()
#12 /var/www/emaparking_dss/vendor/laravel/framework/src/Illuminate/Foundation/Console/Kernel.php(153): Illuminate\\Foundation\\Console\\Kernel->bootstrap()
#13 Command line code(1): Illuminate\\Foundation\\Console\\Kernel->handle()
#14 {main}
"} 
[2025-03-11 17:36:40] local.ERROR: Class "\Themes\BC\ThemeProvider" not found {"exception":"[object] (Error(code: 0): Class \"\\Themes\\BC\\ThemeProvider\" not found at /var/www/emaparking_dss/themes/ThemeServiceProvider.php:23)
[stacktrace]
#0 /var/www/emaparking_dss/vendor/laravel/framework/src/Illuminate/Container/BoundMethod.php(36): Themes\\ThemeServiceProvider->boot()
#1 /var/www/emaparking_dss/vendor/laravel/framework/src/Illuminate/Container/Util.php(41): Illuminate\\Container\\BoundMethod::Illuminate\\Container\\{closure}()
#2 /var/www/emaparking_dss/vendor/laravel/framework/src/Illuminate/Container/BoundMethod.php(93): Illuminate\\Container\\Util::unwrapIfClosure()
#3 /var/www/emaparking_dss/vendor/laravel/framework/src/Illuminate/Container/BoundMethod.php(35): Illuminate\\Container\\BoundMethod::callBoundMethod()
#4 /var/www/emaparking_dss/vendor/laravel/framework/src/Illuminate/Container/Container.php(651): Illuminate\\Container\\BoundMethod::call()
#5 /var/www/emaparking_dss/vendor/laravel/framework/src/Illuminate/Foundation/Application.php(933): Illuminate\\Container\\Container->call()
#6 /var/www/emaparking_dss/vendor/laravel/framework/src/Illuminate/Foundation/Application.php(914): Illuminate\\Foundation\\Application->bootProvider()
#7 [internal function]: Illuminate\\Foundation\\Application->Illuminate\\Foundation\\{closure}()
#8 /var/www/emaparking_dss/vendor/laravel/framework/src/Illuminate/Foundation/Application.php(913): array_walk()
#9 /var/www/emaparking_dss/vendor/laravel/framework/src/Illuminate/Foundation/Bootstrap/BootProviders.php(17): Illuminate\\Foundation\\Application->boot()
#10 /var/www/emaparking_dss/vendor/laravel/framework/src/Illuminate/Foundation/Application.php(242): Illuminate\\Foundation\\Bootstrap\\BootProviders->bootstrap()
#11 /var/www/emaparking_dss/vendor/laravel/framework/src/Illuminate/Foundation/Console/Kernel.php(383): Illuminate\\Foundation\\Application->bootstrapWith()
#12 /var/www/emaparking_dss/vendor/laravel/framework/src/Illuminate/Foundation/Console/Kernel.php(153): Illuminate\\Foundation\\Console\\Kernel->bootstrap()
#13 Command line code(1): Illuminate\\Foundation\\Console\\Kernel->handle()
#14 {main}
"} 
[2025-03-11 17:37:40] local.ERROR: Class "\Themes\BC\ThemeProvider" not found {"exception":"[object] (Error(code: 0): Class \"\\Themes\\BC\\ThemeProvider\" not found at /var/www/emaparking_dss/themes/ThemeServiceProvider.php:23)
[stacktrace]
#0 /var/www/emaparking_dss/vendor/laravel/framework/src/Illuminate/Container/BoundMethod.php(36): Themes\\ThemeServiceProvider->boot()
#1 /var/www/emaparking_dss/vendor/laravel/framework/src/Illuminate/Container/Util.php(41): Illuminate\\Container\\BoundMethod::Illuminate\\Container\\{closure}()
#2 /var/www/emaparking_dss/vendor/laravel/framework/src/Illuminate/Container/BoundMethod.php(93): Illuminate\\Container\\Util::unwrapIfClosure()
#3 /var/www/emaparking_dss/vendor/laravel/framework/src/Illuminate/Container/BoundMethod.php(35): Illuminate\\Container\\BoundMethod::callBoundMethod()
#4 /var/www/emaparking_dss/vendor/laravel/framework/src/Illuminate/Container/Container.php(651): Illuminate\\Container\\BoundMethod::call()
#5 /var/www/emaparking_dss/vendor/laravel/framework/src/Illuminate/Foundation/Application.php(933): Illuminate\\Container\\Container->call()
#6 /var/www/emaparking_dss/vendor/laravel/framework/src/Illuminate/Foundation/Application.php(914): Illuminate\\Foundation\\Application->bootProvider()
#7 [internal function]: Illuminate\\Foundation\\Application->Illuminate\\Foundation\\{closure}()
#8 /var/www/emaparking_dss/vendor/laravel/framework/src/Illuminate/Foundation/Application.php(913): array_walk()
#9 /var/www/emaparking_dss/vendor/laravel/framework/src/Illuminate/Foundation/Bootstrap/BootProviders.php(17): Illuminate\\Foundation\\Application->boot()
#10 /var/www/emaparking_dss/vendor/laravel/framework/src/Illuminate/Foundation/Application.php(242): Illuminate\\Foundation\\Bootstrap\\BootProviders->bootstrap()
#11 /var/www/emaparking_dss/vendor/laravel/framework/src/Illuminate/Foundation/Console/Kernel.php(383): Illuminate\\Foundation\\Application->bootstrapWith()
#12 /var/www/emaparking_dss/vendor/laravel/framework/src/Illuminate/Foundation/Console/Kernel.php(153): Illuminate\\Foundation\\Console\\Kernel->bootstrap()
#13 Command line code(1): Illuminate\\Foundation\\Console\\Kernel->handle()
#14 {main}
"} 
[2025-03-11 17:37:40] local.ERROR: Class "\Themes\BC\ThemeProvider" not found {"exception":"[object] (Error(code: 0): Class \"\\Themes\\BC\\ThemeProvider\" not found at /var/www/emaparking_dss/themes/ThemeServiceProvider.php:23)
[stacktrace]
#0 /var/www/emaparking_dss/vendor/laravel/framework/src/Illuminate/Container/BoundMethod.php(36): Themes\\ThemeServiceProvider->boot()
#1 /var/www/emaparking_dss/vendor/laravel/framework/src/Illuminate/Container/Util.php(41): Illuminate\\Container\\BoundMethod::Illuminate\\Container\\{closure}()
#2 /var/www/emaparking_dss/vendor/laravel/framework/src/Illuminate/Container/BoundMethod.php(93): Illuminate\\Container\\Util::unwrapIfClosure()
#3 /var/www/emaparking_dss/vendor/laravel/framework/src/Illuminate/Container/BoundMethod.php(35): Illuminate\\Container\\BoundMethod::callBoundMethod()
#4 /var/www/emaparking_dss/vendor/laravel/framework/src/Illuminate/Container/Container.php(651): Illuminate\\Container\\BoundMethod::call()
#5 /var/www/emaparking_dss/vendor/laravel/framework/src/Illuminate/Foundation/Application.php(933): Illuminate\\Container\\Container->call()
#6 /var/www/emaparking_dss/vendor/laravel/framework/src/Illuminate/Foundation/Application.php(914): Illuminate\\Foundation\\Application->bootProvider()
#7 [internal function]: Illuminate\\Foundation\\Application->Illuminate\\Foundation\\{closure}()
#8 /var/www/emaparking_dss/vendor/laravel/framework/src/Illuminate/Foundation/Application.php(913): array_walk()
#9 /var/www/emaparking_dss/vendor/laravel/framework/src/Illuminate/Foundation/Bootstrap/BootProviders.php(17): Illuminate\\Foundation\\Application->boot()
#10 /var/www/emaparking_dss/vendor/laravel/framework/src/Illuminate/Foundation/Application.php(242): Illuminate\\Foundation\\Bootstrap\\BootProviders->bootstrap()
#11 /var/www/emaparking_dss/vendor/laravel/framework/src/Illuminate/Foundation/Console/Kernel.php(383): Illuminate\\Foundation\\Application->bootstrapWith()
#12 /var/www/emaparking_dss/vendor/laravel/framework/src/Illuminate/Foundation/Console/Kernel.php(153): Illuminate\\Foundation\\Console\\Kernel->bootstrap()
#13 Command line code(1): Illuminate\\Foundation\\Console\\Kernel->handle()
#14 {main}
"} 
[2025-03-11 17:38:40] local.ERROR: Class "\Themes\BC\ThemeProvider" not found {"exception":"[object] (Error(code: 0): Class \"\\Themes\\BC\\ThemeProvider\" not found at /var/www/emaparking_dss/themes/ThemeServiceProvider.php:23)
[stacktrace]
#0 /var/www/emaparking_dss/vendor/laravel/framework/src/Illuminate/Container/BoundMethod.php(36): Themes\\ThemeServiceProvider->boot()
#1 /var/www/emaparking_dss/vendor/laravel/framework/src/Illuminate/Container/Util.php(41): Illuminate\\Container\\BoundMethod::Illuminate\\Container\\{closure}()
#2 /var/www/emaparking_dss/vendor/laravel/framework/src/Illuminate/Container/BoundMethod.php(93): Illuminate\\Container\\Util::unwrapIfClosure()
#3 /var/www/emaparking_dss/vendor/laravel/framework/src/Illuminate/Container/BoundMethod.php(35): Illuminate\\Container\\BoundMethod::callBoundMethod()
#4 /var/www/emaparking_dss/vendor/laravel/framework/src/Illuminate/Container/Container.php(651): Illuminate\\Container\\BoundMethod::call()
#5 /var/www/emaparking_dss/vendor/laravel/framework/src/Illuminate/Foundation/Application.php(933): Illuminate\\Container\\Container->call()
#6 /var/www/emaparking_dss/vendor/laravel/framework/src/Illuminate/Foundation/Application.php(914): Illuminate\\Foundation\\Application->bootProvider()
#7 [internal function]: Illuminate\\Foundation\\Application->Illuminate\\Foundation\\{closure}()
#8 /var/www/emaparking_dss/vendor/laravel/framework/src/Illuminate/Foundation/Application.php(913): array_walk()
#9 /var/www/emaparking_dss/vendor/laravel/framework/src/Illuminate/Foundation/Bootstrap/BootProviders.php(17): Illuminate\\Foundation\\Application->boot()
#10 /var/www/emaparking_dss/vendor/laravel/framework/src/Illuminate/Foundation/Application.php(242): Illuminate\\Foundation\\Bootstrap\\BootProviders->bootstrap()
#11 /var/www/emaparking_dss/vendor/laravel/framework/src/Illuminate/Foundation/Console/Kernel.php(383): Illuminate\\Foundation\\Application->bootstrapWith()
#12 /var/www/emaparking_dss/vendor/laravel/framework/src/Illuminate/Foundation/Console/Kernel.php(153): Illuminate\\Foundation\\Console\\Kernel->bootstrap()
#13 Command line code(1): Illuminate\\Foundation\\Console\\Kernel->handle()
#14 {main}
"} 
[2025-03-11 17:38:40] local.ERROR: Class "\Themes\BC\ThemeProvider" not found {"exception":"[object] (Error(code: 0): Class \"\\Themes\\BC\\ThemeProvider\" not found at /var/www/emaparking_dss/themes/ThemeServiceProvider.php:23)
[stacktrace]
#0 /var/www/emaparking_dss/vendor/laravel/framework/src/Illuminate/Container/BoundMethod.php(36): Themes\\ThemeServiceProvider->boot()
#1 /var/www/emaparking_dss/vendor/laravel/framework/src/Illuminate/Container/Util.php(41): Illuminate\\Container\\BoundMethod::Illuminate\\Container\\{closure}()
#2 /var/www/emaparking_dss/vendor/laravel/framework/src/Illuminate/Container/BoundMethod.php(93): Illuminate\\Container\\Util::unwrapIfClosure()
#3 /var/www/emaparking_dss/vendor/laravel/framework/src/Illuminate/Container/BoundMethod.php(35): Illuminate\\Container\\BoundMethod::callBoundMethod()
#4 /var/www/emaparking_dss/vendor/laravel/framework/src/Illuminate/Container/Container.php(651): Illuminate\\Container\\BoundMethod::call()
#5 /var/www/emaparking_dss/vendor/laravel/framework/src/Illuminate/Foundation/Application.php(933): Illuminate\\Container\\Container->call()
#6 /var/www/emaparking_dss/vendor/laravel/framework/src/Illuminate/Foundation/Application.php(914): Illuminate\\Foundation\\Application->bootProvider()
#7 [internal function]: Illuminate\\Foundation\\Application->Illuminate\\Foundation\\{closure}()
#8 /var/www/emaparking_dss/vendor/laravel/framework/src/Illuminate/Foundation/Application.php(913): array_walk()
#9 /var/www/emaparking_dss/vendor/laravel/framework/src/Illuminate/Foundation/Bootstrap/BootProviders.php(17): Illuminate\\Foundation\\Application->boot()
#10 /var/www/emaparking_dss/vendor/laravel/framework/src/Illuminate/Foundation/Application.php(242): Illuminate\\Foundation\\Bootstrap\\BootProviders->bootstrap()
#11 /var/www/emaparking_dss/vendor/laravel/framework/src/Illuminate/Foundation/Console/Kernel.php(383): Illuminate\\Foundation\\Application->bootstrapWith()
#12 /var/www/emaparking_dss/vendor/laravel/framework/src/Illuminate/Foundation/Console/Kernel.php(153): Illuminate\\Foundation\\Console\\Kernel->bootstrap()
#13 Command line code(1): Illuminate\\Foundation\\Console\\Kernel->handle()
#14 {main}
"} 
[2025-03-11 17:39:40] local.ERROR: Class "\Themes\BC\ThemeProvider" not found {"exception":"[object] (Error(code: 0): Class \"\\Themes\\BC\\ThemeProvider\" not found at /var/www/emaparking_dss/themes/ThemeServiceProvider.php:23)
[stacktrace]
#0 /var/www/emaparking_dss/vendor/laravel/framework/src/Illuminate/Container/BoundMethod.php(36): Themes\\ThemeServiceProvider->boot()
#1 /var/www/emaparking_dss/vendor/laravel/framework/src/Illuminate/Container/Util.php(41): Illuminate\\Container\\BoundMethod::Illuminate\\Container\\{closure}()
#2 /var/www/emaparking_dss/vendor/laravel/framework/src/Illuminate/Container/BoundMethod.php(93): Illuminate\\Container\\Util::unwrapIfClosure()
#3 /var/www/emaparking_dss/vendor/laravel/framework/src/Illuminate/Container/BoundMethod.php(35): Illuminate\\Container\\BoundMethod::callBoundMethod()
#4 /var/www/emaparking_dss/vendor/laravel/framework/src/Illuminate/Container/Container.php(651): Illuminate\\Container\\BoundMethod::call()
#5 /var/www/emaparking_dss/vendor/laravel/framework/src/Illuminate/Foundation/Application.php(933): Illuminate\\Container\\Container->call()
#6 /var/www/emaparking_dss/vendor/laravel/framework/src/Illuminate/Foundation/Application.php(914): Illuminate\\Foundation\\Application->bootProvider()
#7 [internal function]: Illuminate\\Foundation\\Application->Illuminate\\Foundation\\{closure}()
#8 /var/www/emaparking_dss/vendor/laravel/framework/src/Illuminate/Foundation/Application.php(913): array_walk()
#9 /var/www/emaparking_dss/vendor/laravel/framework/src/Illuminate/Foundation/Bootstrap/BootProviders.php(17): Illuminate\\Foundation\\Application->boot()
#10 /var/www/emaparking_dss/vendor/laravel/framework/src/Illuminate/Foundation/Application.php(242): Illuminate\\Foundation\\Bootstrap\\BootProviders->bootstrap()
#11 /var/www/emaparking_dss/vendor/laravel/framework/src/Illuminate/Foundation/Console/Kernel.php(383): Illuminate\\Foundation\\Application->bootstrapWith()
#12 /var/www/emaparking_dss/vendor/laravel/framework/src/Illuminate/Foundation/Console/Kernel.php(153): Illuminate\\Foundation\\Console\\Kernel->bootstrap()
#13 Command line code(1): Illuminate\\Foundation\\Console\\Kernel->handle()
#14 {main}
"} 
[2025-03-11 17:39:40] local.ERROR: Class "\Themes\BC\ThemeProvider" not found {"exception":"[object] (Error(code: 0): Class \"\\Themes\\BC\\ThemeProvider\" not found at /var/www/emaparking_dss/themes/ThemeServiceProvider.php:23)
[stacktrace]
#0 /var/www/emaparking_dss/vendor/laravel/framework/src/Illuminate/Container/BoundMethod.php(36): Themes\\ThemeServiceProvider->boot()
#1 /var/www/emaparking_dss/vendor/laravel/framework/src/Illuminate/Container/Util.php(41): Illuminate\\Container\\BoundMethod::Illuminate\\Container\\{closure}()
#2 /var/www/emaparking_dss/vendor/laravel/framework/src/Illuminate/Container/BoundMethod.php(93): Illuminate\\Container\\Util::unwrapIfClosure()
#3 /var/www/emaparking_dss/vendor/laravel/framework/src/Illuminate/Container/BoundMethod.php(35): Illuminate\\Container\\BoundMethod::callBoundMethod()
#4 /var/www/emaparking_dss/vendor/laravel/framework/src/Illuminate/Container/Container.php(651): Illuminate\\Container\\BoundMethod::call()
#5 /var/www/emaparking_dss/vendor/laravel/framework/src/Illuminate/Foundation/Application.php(933): Illuminate\\Container\\Container->call()
#6 /var/www/emaparking_dss/vendor/laravel/framework/src/Illuminate/Foundation/Application.php(914): Illuminate\\Foundation\\Application->bootProvider()
#7 [internal function]: Illuminate\\Foundation\\Application->Illuminate\\Foundation\\{closure}()
#8 /var/www/emaparking_dss/vendor/laravel/framework/src/Illuminate/Foundation/Application.php(913): array_walk()
#9 /var/www/emaparking_dss/vendor/laravel/framework/src/Illuminate/Foundation/Bootstrap/BootProviders.php(17): Illuminate\\Foundation\\Application->boot()
#10 /var/www/emaparking_dss/vendor/laravel/framework/src/Illuminate/Foundation/Application.php(242): Illuminate\\Foundation\\Bootstrap\\BootProviders->bootstrap()
#11 /var/www/emaparking_dss/vendor/laravel/framework/src/Illuminate/Foundation/Console/Kernel.php(383): Illuminate\\Foundation\\Application->bootstrapWith()
#12 /var/www/emaparking_dss/vendor/laravel/framework/src/Illuminate/Foundation/Console/Kernel.php(153): Illuminate\\Foundation\\Console\\Kernel->bootstrap()
#13 Command line code(1): Illuminate\\Foundation\\Console\\Kernel->handle()
#14 {main}
"} 
[2025-03-11 17:39:40] local.ERROR: Class "\Themes\BC\ThemeProvider" not found {"exception":"[object] (Error(code: 0): Class \"\\Themes\\BC\\ThemeProvider\" not found at /var/www/emaparking_dss/themes/ThemeServiceProvider.php:23)
[stacktrace]
#0 /var/www/emaparking_dss/vendor/laravel/framework/src/Illuminate/Container/BoundMethod.php(36): Themes\\ThemeServiceProvider->boot()
#1 /var/www/emaparking_dss/vendor/laravel/framework/src/Illuminate/Container/Util.php(41): Illuminate\\Container\\BoundMethod::Illuminate\\Container\\{closure}()
#2 /var/www/emaparking_dss/vendor/laravel/framework/src/Illuminate/Container/BoundMethod.php(93): Illuminate\\Container\\Util::unwrapIfClosure()
#3 /var/www/emaparking_dss/vendor/laravel/framework/src/Illuminate/Container/BoundMethod.php(35): Illuminate\\Container\\BoundMethod::callBoundMethod()
#4 /var/www/emaparking_dss/vendor/laravel/framework/src/Illuminate/Container/Container.php(651): Illuminate\\Container\\BoundMethod::call()
#5 /var/www/emaparking_dss/vendor/laravel/framework/src/Illuminate/Foundation/Application.php(933): Illuminate\\Container\\Container->call()
#6 /var/www/emaparking_dss/vendor/laravel/framework/src/Illuminate/Foundation/Application.php(914): Illuminate\\Foundation\\Application->bootProvider()
#7 [internal function]: Illuminate\\Foundation\\Application->Illuminate\\Foundation\\{closure}()
#8 /var/www/emaparking_dss/vendor/laravel/framework/src/Illuminate/Foundation/Application.php(913): array_walk()
#9 /var/www/emaparking_dss/vendor/laravel/framework/src/Illuminate/Foundation/Bootstrap/BootProviders.php(17): Illuminate\\Foundation\\Application->boot()
#10 /var/www/emaparking_dss/vendor/laravel/framework/src/Illuminate/Foundation/Application.php(242): Illuminate\\Foundation\\Bootstrap\\BootProviders->bootstrap()
#11 /var/www/emaparking_dss/vendor/laravel/framework/src/Illuminate/Foundation/Console/Kernel.php(383): Illuminate\\Foundation\\Application->bootstrapWith()
#12 /var/www/emaparking_dss/vendor/laravel/framework/src/Illuminate/Foundation/Console/Kernel.php(153): Illuminate\\Foundation\\Console\\Kernel->bootstrap()
#13 Command line code(1): Illuminate\\Foundation\\Console\\Kernel->handle()
#14 {main}
"} 
[2025-03-11 17:40:40] local.ERROR: Class "\Themes\BC\ThemeProvider" not found {"exception":"[object] (Error(code: 0): Class \"\\Themes\\BC\\ThemeProvider\" not found at /var/www/emaparking_dss/themes/ThemeServiceProvider.php:23)
[stacktrace]
#0 /var/www/emaparking_dss/vendor/laravel/framework/src/Illuminate/Container/BoundMethod.php(36): Themes\\ThemeServiceProvider->boot()
#1 /var/www/emaparking_dss/vendor/laravel/framework/src/Illuminate/Container/Util.php(41): Illuminate\\Container\\BoundMethod::Illuminate\\Container\\{closure}()
#2 /var/www/emaparking_dss/vendor/laravel/framework/src/Illuminate/Container/BoundMethod.php(93): Illuminate\\Container\\Util::unwrapIfClosure()
#3 /var/www/emaparking_dss/vendor/laravel/framework/src/Illuminate/Container/BoundMethod.php(35): Illuminate\\Container\\BoundMethod::callBoundMethod()
#4 /var/www/emaparking_dss/vendor/laravel/framework/src/Illuminate/Container/Container.php(651): Illuminate\\Container\\BoundMethod::call()
#5 /var/www/emaparking_dss/vendor/laravel/framework/src/Illuminate/Foundation/Application.php(933): Illuminate\\Container\\Container->call()
#6 /var/www/emaparking_dss/vendor/laravel/framework/src/Illuminate/Foundation/Application.php(914): Illuminate\\Foundation\\Application->bootProvider()
#7 [internal function]: Illuminate\\Foundation\\Application->Illuminate\\Foundation\\{closure}()
#8 /var/www/emaparking_dss/vendor/laravel/framework/src/Illuminate/Foundation/Application.php(913): array_walk()
#9 /var/www/emaparking_dss/vendor/laravel/framework/src/Illuminate/Foundation/Bootstrap/BootProviders.php(17): Illuminate\\Foundation\\Application->boot()
#10 /var/www/emaparking_dss/vendor/laravel/framework/src/Illuminate/Foundation/Application.php(242): Illuminate\\Foundation\\Bootstrap\\BootProviders->bootstrap()
#11 /var/www/emaparking_dss/vendor/laravel/framework/src/Illuminate/Foundation/Console/Kernel.php(383): Illuminate\\Foundation\\Application->bootstrapWith()
#12 /var/www/emaparking_dss/vendor/laravel/framework/src/Illuminate/Foundation/Console/Kernel.php(153): Illuminate\\Foundation\\Console\\Kernel->bootstrap()
#13 Command line code(1): Illuminate\\Foundation\\Console\\Kernel->handle()
#14 {main}
"} 
[2025-03-11 17:40:40] local.ERROR: Class "\Themes\BC\ThemeProvider" not found {"exception":"[object] (Error(code: 0): Class \"\\Themes\\BC\\ThemeProvider\" not found at /var/www/emaparking_dss/themes/ThemeServiceProvider.php:23)
[stacktrace]
#0 /var/www/emaparking_dss/vendor/laravel/framework/src/Illuminate/Container/BoundMethod.php(36): Themes\\ThemeServiceProvider->boot()
#1 /var/www/emaparking_dss/vendor/laravel/framework/src/Illuminate/Container/Util.php(41): Illuminate\\Container\\BoundMethod::Illuminate\\Container\\{closure}()
#2 /var/www/emaparking_dss/vendor/laravel/framework/src/Illuminate/Container/BoundMethod.php(93): Illuminate\\Container\\Util::unwrapIfClosure()
#3 /var/www/emaparking_dss/vendor/laravel/framework/src/Illuminate/Container/BoundMethod.php(35): Illuminate\\Container\\BoundMethod::callBoundMethod()
#4 /var/www/emaparking_dss/vendor/laravel/framework/src/Illuminate/Container/Container.php(651): Illuminate\\Container\\BoundMethod::call()
#5 /var/www/emaparking_dss/vendor/laravel/framework/src/Illuminate/Foundation/Application.php(933): Illuminate\\Container\\Container->call()
#6 /var/www/emaparking_dss/vendor/laravel/framework/src/Illuminate/Foundation/Application.php(914): Illuminate\\Foundation\\Application->bootProvider()
#7 [internal function]: Illuminate\\Foundation\\Application->Illuminate\\Foundation\\{closure}()
#8 /var/www/emaparking_dss/vendor/laravel/framework/src/Illuminate/Foundation/Application.php(913): array_walk()
#9 /var/www/emaparking_dss/vendor/laravel/framework/src/Illuminate/Foundation/Bootstrap/BootProviders.php(17): Illuminate\\Foundation\\Application->boot()
#10 /var/www/emaparking_dss/vendor/laravel/framework/src/Illuminate/Foundation/Application.php(242): Illuminate\\Foundation\\Bootstrap\\BootProviders->bootstrap()
#11 /var/www/emaparking_dss/vendor/laravel/framework/src/Illuminate/Foundation/Console/Kernel.php(383): Illuminate\\Foundation\\Application->bootstrapWith()
#12 /var/www/emaparking_dss/vendor/laravel/framework/src/Illuminate/Foundation/Console/Kernel.php(153): Illuminate\\Foundation\\Console\\Kernel->bootstrap()
#13 Command line code(1): Illuminate\\Foundation\\Console\\Kernel->handle()
#14 {main}
"} 
[2025-03-11 17:41:40] local.ERROR: Class "\Themes\BC\ThemeProvider" not found {"exception":"[object] (Error(code: 0): Class \"\\Themes\\BC\\ThemeProvider\" not found at /var/www/emaparking_dss/themes/ThemeServiceProvider.php:23)
[stacktrace]
#0 /var/www/emaparking_dss/vendor/laravel/framework/src/Illuminate/Container/BoundMethod.php(36): Themes\\ThemeServiceProvider->boot()
#1 /var/www/emaparking_dss/vendor/laravel/framework/src/Illuminate/Container/Util.php(41): Illuminate\\Container\\BoundMethod::Illuminate\\Container\\{closure}()
#2 /var/www/emaparking_dss/vendor/laravel/framework/src/Illuminate/Container/BoundMethod.php(93): Illuminate\\Container\\Util::unwrapIfClosure()
#3 /var/www/emaparking_dss/vendor/laravel/framework/src/Illuminate/Container/BoundMethod.php(35): Illuminate\\Container\\BoundMethod::callBoundMethod()
#4 /var/www/emaparking_dss/vendor/laravel/framework/src/Illuminate/Container/Container.php(651): Illuminate\\Container\\BoundMethod::call()
#5 /var/www/emaparking_dss/vendor/laravel/framework/src/Illuminate/Foundation/Application.php(933): Illuminate\\Container\\Container->call()
#6 /var/www/emaparking_dss/vendor/laravel/framework/src/Illuminate/Foundation/Application.php(914): Illuminate\\Foundation\\Application->bootProvider()
#7 [internal function]: Illuminate\\Foundation\\Application->Illuminate\\Foundation\\{closure}()
#8 /var/www/emaparking_dss/vendor/laravel/framework/src/Illuminate/Foundation/Application.php(913): array_walk()
#9 /var/www/emaparking_dss/vendor/laravel/framework/src/Illuminate/Foundation/Bootstrap/BootProviders.php(17): Illuminate\\Foundation\\Application->boot()
#10 /var/www/emaparking_dss/vendor/laravel/framework/src/Illuminate/Foundation/Application.php(242): Illuminate\\Foundation\\Bootstrap\\BootProviders->bootstrap()
#11 /var/www/emaparking_dss/vendor/laravel/framework/src/Illuminate/Foundation/Console/Kernel.php(383): Illuminate\\Foundation\\Application->bootstrapWith()
#12 /var/www/emaparking_dss/vendor/laravel/framework/src/Illuminate/Foundation/Console/Kernel.php(153): Illuminate\\Foundation\\Console\\Kernel->bootstrap()
#13 Command line code(1): Illuminate\\Foundation\\Console\\Kernel->handle()
#14 {main}
"} 
[2025-03-11 17:41:40] local.ERROR: Class "\Themes\BC\ThemeProvider" not found {"exception":"[object] (Error(code: 0): Class \"\\Themes\\BC\\ThemeProvider\" not found at /var/www/emaparking_dss/themes/ThemeServiceProvider.php:23)
[stacktrace]
#0 /var/www/emaparking_dss/vendor/laravel/framework/src/Illuminate/Container/BoundMethod.php(36): Themes\\ThemeServiceProvider->boot()
#1 /var/www/emaparking_dss/vendor/laravel/framework/src/Illuminate/Container/Util.php(41): Illuminate\\Container\\BoundMethod::Illuminate\\Container\\{closure}()
#2 /var/www/emaparking_dss/vendor/laravel/framework/src/Illuminate/Container/BoundMethod.php(93): Illuminate\\Container\\Util::unwrapIfClosure()
#3 /var/www/emaparking_dss/vendor/laravel/framework/src/Illuminate/Container/BoundMethod.php(35): Illuminate\\Container\\BoundMethod::callBoundMethod()
#4 /var/www/emaparking_dss/vendor/laravel/framework/src/Illuminate/Container/Container.php(651): Illuminate\\Container\\BoundMethod::call()
#5 /var/www/emaparking_dss/vendor/laravel/framework/src/Illuminate/Foundation/Application.php(933): Illuminate\\Container\\Container->call()
#6 /var/www/emaparking_dss/vendor/laravel/framework/src/Illuminate/Foundation/Application.php(914): Illuminate\\Foundation\\Application->bootProvider()
#7 [internal function]: Illuminate\\Foundation\\Application->Illuminate\\Foundation\\{closure}()
#8 /var/www/emaparking_dss/vendor/laravel/framework/src/Illuminate/Foundation/Application.php(913): array_walk()
#9 /var/www/emaparking_dss/vendor/laravel/framework/src/Illuminate/Foundation/Bootstrap/BootProviders.php(17): Illuminate\\Foundation\\Application->boot()
#10 /var/www/emaparking_dss/vendor/laravel/framework/src/Illuminate/Foundation/Application.php(242): Illuminate\\Foundation\\Bootstrap\\BootProviders->bootstrap()
#11 /var/www/emaparking_dss/vendor/laravel/framework/src/Illuminate/Foundation/Console/Kernel.php(383): Illuminate\\Foundation\\Application->bootstrapWith()
#12 /var/www/emaparking_dss/vendor/laravel/framework/src/Illuminate/Foundation/Console/Kernel.php(153): Illuminate\\Foundation\\Console\\Kernel->bootstrap()
#13 Command line code(1): Illuminate\\Foundation\\Console\\Kernel->handle()
#14 {main}
"} 
[2025-03-11 17:42:40] local.ERROR: Class "\Themes\BC\ThemeProvider" not found {"exception":"[object] (Error(code: 0): Class \"\\Themes\\BC\\ThemeProvider\" not found at /var/www/emaparking_dss/themes/ThemeServiceProvider.php:23)
[stacktrace]
#0 /var/www/emaparking_dss/vendor/laravel/framework/src/Illuminate/Container/BoundMethod.php(36): Themes\\ThemeServiceProvider->boot()
#1 /var/www/emaparking_dss/vendor/laravel/framework/src/Illuminate/Container/Util.php(41): Illuminate\\Container\\BoundMethod::Illuminate\\Container\\{closure}()
#2 /var/www/emaparking_dss/vendor/laravel/framework/src/Illuminate/Container/BoundMethod.php(93): Illuminate\\Container\\Util::unwrapIfClosure()
#3 /var/www/emaparking_dss/vendor/laravel/framework/src/Illuminate/Container/BoundMethod.php(35): Illuminate\\Container\\BoundMethod::callBoundMethod()
#4 /var/www/emaparking_dss/vendor/laravel/framework/src/Illuminate/Container/Container.php(651): Illuminate\\Container\\BoundMethod::call()
#5 /var/www/emaparking_dss/vendor/laravel/framework/src/Illuminate/Foundation/Application.php(933): Illuminate\\Container\\Container->call()
#6 /var/www/emaparking_dss/vendor/laravel/framework/src/Illuminate/Foundation/Application.php(914): Illuminate\\Foundation\\Application->bootProvider()
#7 [internal function]: Illuminate\\Foundation\\Application->Illuminate\\Foundation\\{closure}()
#8 /var/www/emaparking_dss/vendor/laravel/framework/src/Illuminate/Foundation/Application.php(913): array_walk()
#9 /var/www/emaparking_dss/vendor/laravel/framework/src/Illuminate/Foundation/Bootstrap/BootProviders.php(17): Illuminate\\Foundation\\Application->boot()
#10 /var/www/emaparking_dss/vendor/laravel/framework/src/Illuminate/Foundation/Application.php(242): Illuminate\\Foundation\\Bootstrap\\BootProviders->bootstrap()
#11 /var/www/emaparking_dss/vendor/laravel/framework/src/Illuminate/Foundation/Console/Kernel.php(383): Illuminate\\Foundation\\Application->bootstrapWith()
#12 /var/www/emaparking_dss/vendor/laravel/framework/src/Illuminate/Foundation/Console/Kernel.php(153): Illuminate\\Foundation\\Console\\Kernel->bootstrap()
#13 Command line code(1): Illuminate\\Foundation\\Console\\Kernel->handle()
#14 {main}
"} 
[2025-03-11 17:42:40] local.ERROR: Class "\Themes\BC\ThemeProvider" not found {"exception":"[object] (Error(code: 0): Class \"\\Themes\\BC\\ThemeProvider\" not found at /var/www/emaparking_dss/themes/ThemeServiceProvider.php:23)
[stacktrace]
#0 /var/www/emaparking_dss/vendor/laravel/framework/src/Illuminate/Container/BoundMethod.php(36): Themes\\ThemeServiceProvider->boot()
#1 /var/www/emaparking_dss/vendor/laravel/framework/src/Illuminate/Container/Util.php(41): Illuminate\\Container\\BoundMethod::Illuminate\\Container\\{closure}()
#2 /var/www/emaparking_dss/vendor/laravel/framework/src/Illuminate/Container/BoundMethod.php(93): Illuminate\\Container\\Util::unwrapIfClosure()
#3 /var/www/emaparking_dss/vendor/laravel/framework/src/Illuminate/Container/BoundMethod.php(35): Illuminate\\Container\\BoundMethod::callBoundMethod()
#4 /var/www/emaparking_dss/vendor/laravel/framework/src/Illuminate/Container/Container.php(651): Illuminate\\Container\\BoundMethod::call()
#5 /var/www/emaparking_dss/vendor/laravel/framework/src/Illuminate/Foundation/Application.php(933): Illuminate\\Container\\Container->call()
#6 /var/www/emaparking_dss/vendor/laravel/framework/src/Illuminate/Foundation/Application.php(914): Illuminate\\Foundation\\Application->bootProvider()
#7 [internal function]: Illuminate\\Foundation\\Application->Illuminate\\Foundation\\{closure}()
#8 /var/www/emaparking_dss/vendor/laravel/framework/src/Illuminate/Foundation/Application.php(913): array_walk()
#9 /var/www/emaparking_dss/vendor/laravel/framework/src/Illuminate/Foundation/Bootstrap/BootProviders.php(17): Illuminate\\Foundation\\Application->boot()
#10 /var/www/emaparking_dss/vendor/laravel/framework/src/Illuminate/Foundation/Application.php(242): Illuminate\\Foundation\\Bootstrap\\BootProviders->bootstrap()
#11 /var/www/emaparking_dss/vendor/laravel/framework/src/Illuminate/Foundation/Console/Kernel.php(383): Illuminate\\Foundation\\Application->bootstrapWith()
#12 /var/www/emaparking_dss/vendor/laravel/framework/src/Illuminate/Foundation/Console/Kernel.php(153): Illuminate\\Foundation\\Console\\Kernel->bootstrap()
#13 Command line code(1): Illuminate\\Foundation\\Console\\Kernel->handle()
#14 {main}
"} 
[2025-03-11 17:43:15] local.ERROR: Class "\Themes\BC\ThemeProvider" not found {"exception":"[object] (Error(code: 0): Class \"\\Themes\\BC\\ThemeProvider\" not found at /var/www/emaparking_dss/themes/ThemeServiceProvider.php:23)
[stacktrace]
#0 /var/www/emaparking_dss/vendor/laravel/framework/src/Illuminate/Container/BoundMethod.php(36): Themes\\ThemeServiceProvider->boot()
#1 /var/www/emaparking_dss/vendor/laravel/framework/src/Illuminate/Container/Util.php(41): Illuminate\\Container\\BoundMethod::Illuminate\\Container\\{closure}()
#2 /var/www/emaparking_dss/vendor/laravel/framework/src/Illuminate/Container/BoundMethod.php(93): Illuminate\\Container\\Util::unwrapIfClosure()
#3 /var/www/emaparking_dss/vendor/laravel/framework/src/Illuminate/Container/BoundMethod.php(35): Illuminate\\Container\\BoundMethod::callBoundMethod()
#4 /var/www/emaparking_dss/vendor/laravel/framework/src/Illuminate/Container/Container.php(651): Illuminate\\Container\\BoundMethod::call()
#5 /var/www/emaparking_dss/vendor/laravel/framework/src/Illuminate/Foundation/Application.php(933): Illuminate\\Container\\Container->call()
#6 /var/www/emaparking_dss/vendor/laravel/framework/src/Illuminate/Foundation/Application.php(914): Illuminate\\Foundation\\Application->bootProvider()
#7 [internal function]: Illuminate\\Foundation\\Application->Illuminate\\Foundation\\{closure}()
#8 /var/www/emaparking_dss/vendor/laravel/framework/src/Illuminate/Foundation/Application.php(913): array_walk()
#9 /var/www/emaparking_dss/vendor/laravel/framework/src/Illuminate/Foundation/Bootstrap/BootProviders.php(17): Illuminate\\Foundation\\Application->boot()
#10 /var/www/emaparking_dss/vendor/laravel/framework/src/Illuminate/Foundation/Application.php(242): Illuminate\\Foundation\\Bootstrap\\BootProviders->bootstrap()
#11 /var/www/emaparking_dss/vendor/laravel/framework/src/Illuminate/Foundation/Console/Kernel.php(383): Illuminate\\Foundation\\Application->bootstrapWith()
#12 /var/www/emaparking_dss/vendor/laravel/framework/src/Illuminate/Foundation/Console/Kernel.php(153): Illuminate\\Foundation\\Console\\Kernel->bootstrap()
#13 Command line code(1): Illuminate\\Foundation\\Console\\Kernel->handle()
#14 {main}
"} 
[2025-03-11 17:43:40] local.ERROR: Class "\Themes\BC\ThemeProvider" not found {"exception":"[object] (Error(code: 0): Class \"\\Themes\\BC\\ThemeProvider\" not found at /var/www/emaparking_dss/themes/ThemeServiceProvider.php:23)
[stacktrace]
#0 /var/www/emaparking_dss/vendor/laravel/framework/src/Illuminate/Container/BoundMethod.php(36): Themes\\ThemeServiceProvider->boot()
#1 /var/www/emaparking_dss/vendor/laravel/framework/src/Illuminate/Container/Util.php(41): Illuminate\\Container\\BoundMethod::Illuminate\\Container\\{closure}()
#2 /var/www/emaparking_dss/vendor/laravel/framework/src/Illuminate/Container/BoundMethod.php(93): Illuminate\\Container\\Util::unwrapIfClosure()
#3 /var/www/emaparking_dss/vendor/laravel/framework/src/Illuminate/Container/BoundMethod.php(35): Illuminate\\Container\\BoundMethod::callBoundMethod()
#4 /var/www/emaparking_dss/vendor/laravel/framework/src/Illuminate/Container/Container.php(651): Illuminate\\Container\\BoundMethod::call()
#5 /var/www/emaparking_dss/vendor/laravel/framework/src/Illuminate/Foundation/Application.php(933): Illuminate\\Container\\Container->call()
#6 /var/www/emaparking_dss/vendor/laravel/framework/src/Illuminate/Foundation/Application.php(914): Illuminate\\Foundation\\Application->bootProvider()
#7 [internal function]: Illuminate\\Foundation\\Application->Illuminate\\Foundation\\{closure}()
#8 /var/www/emaparking_dss/vendor/laravel/framework/src/Illuminate/Foundation/Application.php(913): array_walk()
#9 /var/www/emaparking_dss/vendor/laravel/framework/src/Illuminate/Foundation/Bootstrap/BootProviders.php(17): Illuminate\\Foundation\\Application->boot()
#10 /var/www/emaparking_dss/vendor/laravel/framework/src/Illuminate/Foundation/Application.php(242): Illuminate\\Foundation\\Bootstrap\\BootProviders->bootstrap()
#11 /var/www/emaparking_dss/vendor/laravel/framework/src/Illuminate/Foundation/Console/Kernel.php(383): Illuminate\\Foundation\\Application->bootstrapWith()
#12 /var/www/emaparking_dss/vendor/laravel/framework/src/Illuminate/Foundation/Console/Kernel.php(153): Illuminate\\Foundation\\Console\\Kernel->bootstrap()
#13 Command line code(1): Illuminate\\Foundation\\Console\\Kernel->handle()
#14 {main}
"} 
[2025-03-11 17:43:40] local.ERROR: Class "\Themes\BC\ThemeProvider" not found {"exception":"[object] (Error(code: 0): Class \"\\Themes\\BC\\ThemeProvider\" not found at /var/www/emaparking_dss/themes/ThemeServiceProvider.php:23)
[stacktrace]
#0 /var/www/emaparking_dss/vendor/laravel/framework/src/Illuminate/Container/BoundMethod.php(36): Themes\\ThemeServiceProvider->boot()
#1 /var/www/emaparking_dss/vendor/laravel/framework/src/Illuminate/Container/Util.php(41): Illuminate\\Container\\BoundMethod::Illuminate\\Container\\{closure}()
#2 /var/www/emaparking_dss/vendor/laravel/framework/src/Illuminate/Container/BoundMethod.php(93): Illuminate\\Container\\Util::unwrapIfClosure()
#3 /var/www/emaparking_dss/vendor/laravel/framework/src/Illuminate/Container/BoundMethod.php(35): Illuminate\\Container\\BoundMethod::callBoundMethod()
#4 /var/www/emaparking_dss/vendor/laravel/framework/src/Illuminate/Container/Container.php(651): Illuminate\\Container\\BoundMethod::call()
#5 /var/www/emaparking_dss/vendor/laravel/framework/src/Illuminate/Foundation/Application.php(933): Illuminate\\Container\\Container->call()
#6 /var/www/emaparking_dss/vendor/laravel/framework/src/Illuminate/Foundation/Application.php(914): Illuminate\\Foundation\\Application->bootProvider()
#7 [internal function]: Illuminate\\Foundation\\Application->Illuminate\\Foundation\\{closure}()
#8 /var/www/emaparking_dss/vendor/laravel/framework/src/Illuminate/Foundation/Application.php(913): array_walk()
#9 /var/www/emaparking_dss/vendor/laravel/framework/src/Illuminate/Foundation/Bootstrap/BootProviders.php(17): Illuminate\\Foundation\\Application->boot()
#10 /var/www/emaparking_dss/vendor/laravel/framework/src/Illuminate/Foundation/Application.php(242): Illuminate\\Foundation\\Bootstrap\\BootProviders->bootstrap()
#11 /var/www/emaparking_dss/vendor/laravel/framework/src/Illuminate/Foundation/Console/Kernel.php(383): Illuminate\\Foundation\\Application->bootstrapWith()
#12 /var/www/emaparking_dss/vendor/laravel/framework/src/Illuminate/Foundation/Console/Kernel.php(153): Illuminate\\Foundation\\Console\\Kernel->bootstrap()
#13 Command line code(1): Illuminate\\Foundation\\Console\\Kernel->handle()
#14 {main}
"} 
[2025-03-11 17:44:40] local.ERROR: Class "\Themes\BC\ThemeProvider" not found {"exception":"[object] (Error(code: 0): Class \"\\Themes\\BC\\ThemeProvider\" not found at /var/www/emaparking_dss/themes/ThemeServiceProvider.php:23)
[stacktrace]
#0 /var/www/emaparking_dss/vendor/laravel/framework/src/Illuminate/Container/BoundMethod.php(36): Themes\\ThemeServiceProvider->boot()
#1 /var/www/emaparking_dss/vendor/laravel/framework/src/Illuminate/Container/Util.php(41): Illuminate\\Container\\BoundMethod::Illuminate\\Container\\{closure}()
#2 /var/www/emaparking_dss/vendor/laravel/framework/src/Illuminate/Container/BoundMethod.php(93): Illuminate\\Container\\Util::unwrapIfClosure()
#3 /var/www/emaparking_dss/vendor/laravel/framework/src/Illuminate/Container/BoundMethod.php(35): Illuminate\\Container\\BoundMethod::callBoundMethod()
#4 /var/www/emaparking_dss/vendor/laravel/framework/src/Illuminate/Container/Container.php(651): Illuminate\\Container\\BoundMethod::call()
#5 /var/www/emaparking_dss/vendor/laravel/framework/src/Illuminate/Foundation/Application.php(933): Illuminate\\Container\\Container->call()
#6 /var/www/emaparking_dss/vendor/laravel/framework/src/Illuminate/Foundation/Application.php(914): Illuminate\\Foundation\\Application->bootProvider()
#7 [internal function]: Illuminate\\Foundation\\Application->Illuminate\\Foundation\\{closure}()
#8 /var/www/emaparking_dss/vendor/laravel/framework/src/Illuminate/Foundation/Application.php(913): array_walk()
#9 /var/www/emaparking_dss/vendor/laravel/framework/src/Illuminate/Foundation/Bootstrap/BootProviders.php(17): Illuminate\\Foundation\\Application->boot()
#10 /var/www/emaparking_dss/vendor/laravel/framework/src/Illuminate/Foundation/Application.php(242): Illuminate\\Foundation\\Bootstrap\\BootProviders->bootstrap()
#11 /var/www/emaparking_dss/vendor/laravel/framework/src/Illuminate/Foundation/Console/Kernel.php(383): Illuminate\\Foundation\\Application->bootstrapWith()
#12 /var/www/emaparking_dss/vendor/laravel/framework/src/Illuminate/Foundation/Console/Kernel.php(153): Illuminate\\Foundation\\Console\\Kernel->bootstrap()
#13 Command line code(1): Illuminate\\Foundation\\Console\\Kernel->handle()
#14 {main}
"} 
[2025-03-11 17:44:40] local.ERROR: Class "\Themes\BC\ThemeProvider" not found {"exception":"[object] (Error(code: 0): Class \"\\Themes\\BC\\ThemeProvider\" not found at /var/www/emaparking_dss/themes/ThemeServiceProvider.php:23)
[stacktrace]
#0 /var/www/emaparking_dss/vendor/laravel/framework/src/Illuminate/Container/BoundMethod.php(36): Themes\\ThemeServiceProvider->boot()
#1 /var/www/emaparking_dss/vendor/laravel/framework/src/Illuminate/Container/Util.php(41): Illuminate\\Container\\BoundMethod::Illuminate\\Container\\{closure}()
#2 /var/www/emaparking_dss/vendor/laravel/framework/src/Illuminate/Container/BoundMethod.php(93): Illuminate\\Container\\Util::unwrapIfClosure()
#3 /var/www/emaparking_dss/vendor/laravel/framework/src/Illuminate/Container/BoundMethod.php(35): Illuminate\\Container\\BoundMethod::callBoundMethod()
#4 /var/www/emaparking_dss/vendor/laravel/framework/src/Illuminate/Container/Container.php(651): Illuminate\\Container\\BoundMethod::call()
#5 /var/www/emaparking_dss/vendor/laravel/framework/src/Illuminate/Foundation/Application.php(933): Illuminate\\Container\\Container->call()
#6 /var/www/emaparking_dss/vendor/laravel/framework/src/Illuminate/Foundation/Application.php(914): Illuminate\\Foundation\\Application->bootProvider()
#7 [internal function]: Illuminate\\Foundation\\Application->Illuminate\\Foundation\\{closure}()
#8 /var/www/emaparking_dss/vendor/laravel/framework/src/Illuminate/Foundation/Application.php(913): array_walk()
#9 /var/www/emaparking_dss/vendor/laravel/framework/src/Illuminate/Foundation/Bootstrap/BootProviders.php(17): Illuminate\\Foundation\\Application->boot()
#10 /var/www/emaparking_dss/vendor/laravel/framework/src/Illuminate/Foundation/Application.php(242): Illuminate\\Foundation\\Bootstrap\\BootProviders->bootstrap()
#11 /var/www/emaparking_dss/vendor/laravel/framework/src/Illuminate/Foundation/Console/Kernel.php(383): Illuminate\\Foundation\\Application->bootstrapWith()
#12 /var/www/emaparking_dss/vendor/laravel/framework/src/Illuminate/Foundation/Console/Kernel.php(153): Illuminate\\Foundation\\Console\\Kernel->bootstrap()
#13 Command line code(1): Illuminate\\Foundation\\Console\\Kernel->handle()
#14 {main}
"} 
[2025-03-11 17:45:40] local.ERROR: Class "\Themes\BC\ThemeProvider" not found {"exception":"[object] (Error(code: 0): Class \"\\Themes\\BC\\ThemeProvider\" not found at /var/www/emaparking_dss/themes/ThemeServiceProvider.php:23)
[stacktrace]
#0 /var/www/emaparking_dss/vendor/laravel/framework/src/Illuminate/Container/BoundMethod.php(36): Themes\\ThemeServiceProvider->boot()
#1 /var/www/emaparking_dss/vendor/laravel/framework/src/Illuminate/Container/Util.php(41): Illuminate\\Container\\BoundMethod::Illuminate\\Container\\{closure}()
#2 /var/www/emaparking_dss/vendor/laravel/framework/src/Illuminate/Container/BoundMethod.php(93): Illuminate\\Container\\Util::unwrapIfClosure()
#3 /var/www/emaparking_dss/vendor/laravel/framework/src/Illuminate/Container/BoundMethod.php(35): Illuminate\\Container\\BoundMethod::callBoundMethod()
#4 /var/www/emaparking_dss/vendor/laravel/framework/src/Illuminate/Container/Container.php(651): Illuminate\\Container\\BoundMethod::call()
#5 /var/www/emaparking_dss/vendor/laravel/framework/src/Illuminate/Foundation/Application.php(933): Illuminate\\Container\\Container->call()
#6 /var/www/emaparking_dss/vendor/laravel/framework/src/Illuminate/Foundation/Application.php(914): Illuminate\\Foundation\\Application->bootProvider()
#7 [internal function]: Illuminate\\Foundation\\Application->Illuminate\\Foundation\\{closure}()
#8 /var/www/emaparking_dss/vendor/laravel/framework/src/Illuminate/Foundation/Application.php(913): array_walk()
#9 /var/www/emaparking_dss/vendor/laravel/framework/src/Illuminate/Foundation/Bootstrap/BootProviders.php(17): Illuminate\\Foundation\\Application->boot()
#10 /var/www/emaparking_dss/vendor/laravel/framework/src/Illuminate/Foundation/Application.php(242): Illuminate\\Foundation\\Bootstrap\\BootProviders->bootstrap()
#11 /var/www/emaparking_dss/vendor/laravel/framework/src/Illuminate/Foundation/Console/Kernel.php(383): Illuminate\\Foundation\\Application->bootstrapWith()
#12 /var/www/emaparking_dss/vendor/laravel/framework/src/Illuminate/Foundation/Console/Kernel.php(153): Illuminate\\Foundation\\Console\\Kernel->bootstrap()
#13 Command line code(1): Illuminate\\Foundation\\Console\\Kernel->handle()
#14 {main}
"} 
[2025-03-11 17:45:40] local.ERROR: Class "\Themes\BC\ThemeProvider" not found {"exception":"[object] (Error(code: 0): Class \"\\Themes\\BC\\ThemeProvider\" not found at /var/www/emaparking_dss/themes/ThemeServiceProvider.php:23)
[stacktrace]
#0 /var/www/emaparking_dss/vendor/laravel/framework/src/Illuminate/Container/BoundMethod.php(36): Themes\\ThemeServiceProvider->boot()
#1 /var/www/emaparking_dss/vendor/laravel/framework/src/Illuminate/Container/Util.php(41): Illuminate\\Container\\BoundMethod::Illuminate\\Container\\{closure}()
#2 /var/www/emaparking_dss/vendor/laravel/framework/src/Illuminate/Container/BoundMethod.php(93): Illuminate\\Container\\Util::unwrapIfClosure()
#3 /var/www/emaparking_dss/vendor/laravel/framework/src/Illuminate/Container/BoundMethod.php(35): Illuminate\\Container\\BoundMethod::callBoundMethod()
#4 /var/www/emaparking_dss/vendor/laravel/framework/src/Illuminate/Container/Container.php(651): Illuminate\\Container\\BoundMethod::call()
#5 /var/www/emaparking_dss/vendor/laravel/framework/src/Illuminate/Foundation/Application.php(933): Illuminate\\Container\\Container->call()
#6 /var/www/emaparking_dss/vendor/laravel/framework/src/Illuminate/Foundation/Application.php(914): Illuminate\\Foundation\\Application->bootProvider()
#7 [internal function]: Illuminate\\Foundation\\Application->Illuminate\\Foundation\\{closure}()
#8 /var/www/emaparking_dss/vendor/laravel/framework/src/Illuminate/Foundation/Application.php(913): array_walk()
#9 /var/www/emaparking_dss/vendor/laravel/framework/src/Illuminate/Foundation/Bootstrap/BootProviders.php(17): Illuminate\\Foundation\\Application->boot()
#10 /var/www/emaparking_dss/vendor/laravel/framework/src/Illuminate/Foundation/Application.php(242): Illuminate\\Foundation\\Bootstrap\\BootProviders->bootstrap()
#11 /var/www/emaparking_dss/vendor/laravel/framework/src/Illuminate/Foundation/Console/Kernel.php(383): Illuminate\\Foundation\\Application->bootstrapWith()
#12 /var/www/emaparking_dss/vendor/laravel/framework/src/Illuminate/Foundation/Console/Kernel.php(153): Illuminate\\Foundation\\Console\\Kernel->bootstrap()
#13 Command line code(1): Illuminate\\Foundation\\Console\\Kernel->handle()
#14 {main}
"} 
[2025-03-11 17:46:40] local.ERROR: Class "\Themes\BC\ThemeProvider" not found {"exception":"[object] (Error(code: 0): Class \"\\Themes\\BC\\ThemeProvider\" not found at /var/www/emaparking_dss/themes/ThemeServiceProvider.php:23)
[stacktrace]
#0 /var/www/emaparking_dss/vendor/laravel/framework/src/Illuminate/Container/BoundMethod.php(36): Themes\\ThemeServiceProvider->boot()
#1 /var/www/emaparking_dss/vendor/laravel/framework/src/Illuminate/Container/Util.php(41): Illuminate\\Container\\BoundMethod::Illuminate\\Container\\{closure}()
#2 /var/www/emaparking_dss/vendor/laravel/framework/src/Illuminate/Container/BoundMethod.php(93): Illuminate\\Container\\Util::unwrapIfClosure()
#3 /var/www/emaparking_dss/vendor/laravel/framework/src/Illuminate/Container/BoundMethod.php(35): Illuminate\\Container\\BoundMethod::callBoundMethod()
#4 /var/www/emaparking_dss/vendor/laravel/framework/src/Illuminate/Container/Container.php(651): Illuminate\\Container\\BoundMethod::call()
#5 /var/www/emaparking_dss/vendor/laravel/framework/src/Illuminate/Foundation/Application.php(933): Illuminate\\Container\\Container->call()
#6 /var/www/emaparking_dss/vendor/laravel/framework/src/Illuminate/Foundation/Application.php(914): Illuminate\\Foundation\\Application->bootProvider()
#7 [internal function]: Illuminate\\Foundation\\Application->Illuminate\\Foundation\\{closure}()
#8 /var/www/emaparking_dss/vendor/laravel/framework/src/Illuminate/Foundation/Application.php(913): array_walk()
#9 /var/www/emaparking_dss/vendor/laravel/framework/src/Illuminate/Foundation/Bootstrap/BootProviders.php(17): Illuminate\\Foundation\\Application->boot()
#10 /var/www/emaparking_dss/vendor/laravel/framework/src/Illuminate/Foundation/Application.php(242): Illuminate\\Foundation\\Bootstrap\\BootProviders->bootstrap()
#11 /var/www/emaparking_dss/vendor/laravel/framework/src/Illuminate/Foundation/Console/Kernel.php(383): Illuminate\\Foundation\\Application->bootstrapWith()
#12 /var/www/emaparking_dss/vendor/laravel/framework/src/Illuminate/Foundation/Console/Kernel.php(153): Illuminate\\Foundation\\Console\\Kernel->bootstrap()
#13 Command line code(1): Illuminate\\Foundation\\Console\\Kernel->handle()
#14 {main}
"} 
[2025-03-11 17:46:40] local.ERROR: Class "\Themes\BC\ThemeProvider" not found {"exception":"[object] (Error(code: 0): Class \"\\Themes\\BC\\ThemeProvider\" not found at /var/www/emaparking_dss/themes/ThemeServiceProvider.php:23)
[stacktrace]
#0 /var/www/emaparking_dss/vendor/laravel/framework/src/Illuminate/Container/BoundMethod.php(36): Themes\\ThemeServiceProvider->boot()
#1 /var/www/emaparking_dss/vendor/laravel/framework/src/Illuminate/Container/Util.php(41): Illuminate\\Container\\BoundMethod::Illuminate\\Container\\{closure}()
#2 /var/www/emaparking_dss/vendor/laravel/framework/src/Illuminate/Container/BoundMethod.php(93): Illuminate\\Container\\Util::unwrapIfClosure()
#3 /var/www/emaparking_dss/vendor/laravel/framework/src/Illuminate/Container/BoundMethod.php(35): Illuminate\\Container\\BoundMethod::callBoundMethod()
#4 /var/www/emaparking_dss/vendor/laravel/framework/src/Illuminate/Container/Container.php(651): Illuminate\\Container\\BoundMethod::call()
#5 /var/www/emaparking_dss/vendor/laravel/framework/src/Illuminate/Foundation/Application.php(933): Illuminate\\Container\\Container->call()
#6 /var/www/emaparking_dss/vendor/laravel/framework/src/Illuminate/Foundation/Application.php(914): Illuminate\\Foundation\\Application->bootProvider()
#7 [internal function]: Illuminate\\Foundation\\Application->Illuminate\\Foundation\\{closure}()
#8 /var/www/emaparking_dss/vendor/laravel/framework/src/Illuminate/Foundation/Application.php(913): array_walk()
#9 /var/www/emaparking_dss/vendor/laravel/framework/src/Illuminate/Foundation/Bootstrap/BootProviders.php(17): Illuminate\\Foundation\\Application->boot()
#10 /var/www/emaparking_dss/vendor/laravel/framework/src/Illuminate/Foundation/Application.php(242): Illuminate\\Foundation\\Bootstrap\\BootProviders->bootstrap()
#11 /var/www/emaparking_dss/vendor/laravel/framework/src/Illuminate/Foundation/Console/Kernel.php(383): Illuminate\\Foundation\\Application->bootstrapWith()
#12 /var/www/emaparking_dss/vendor/laravel/framework/src/Illuminate/Foundation/Console/Kernel.php(153): Illuminate\\Foundation\\Console\\Kernel->bootstrap()
#13 Command line code(1): Illuminate\\Foundation\\Console\\Kernel->handle()
#14 {main}
"} 
[2025-03-11 17:47:40] local.ERROR: Class "\Themes\BC\ThemeProvider" not found {"exception":"[object] (Error(code: 0): Class \"\\Themes\\BC\\ThemeProvider\" not found at /var/www/emaparking_dss/themes/ThemeServiceProvider.php:23)
[stacktrace]
#0 /var/www/emaparking_dss/vendor/laravel/framework/src/Illuminate/Container/BoundMethod.php(36): Themes\\ThemeServiceProvider->boot()
#1 /var/www/emaparking_dss/vendor/laravel/framework/src/Illuminate/Container/Util.php(41): Illuminate\\Container\\BoundMethod::Illuminate\\Container\\{closure}()
#2 /var/www/emaparking_dss/vendor/laravel/framework/src/Illuminate/Container/BoundMethod.php(93): Illuminate\\Container\\Util::unwrapIfClosure()
#3 /var/www/emaparking_dss/vendor/laravel/framework/src/Illuminate/Container/BoundMethod.php(35): Illuminate\\Container\\BoundMethod::callBoundMethod()
#4 /var/www/emaparking_dss/vendor/laravel/framework/src/Illuminate/Container/Container.php(651): Illuminate\\Container\\BoundMethod::call()
#5 /var/www/emaparking_dss/vendor/laravel/framework/src/Illuminate/Foundation/Application.php(933): Illuminate\\Container\\Container->call()
#6 /var/www/emaparking_dss/vendor/laravel/framework/src/Illuminate/Foundation/Application.php(914): Illuminate\\Foundation\\Application->bootProvider()
#7 [internal function]: Illuminate\\Foundation\\Application->Illuminate\\Foundation\\{closure}()
#8 /var/www/emaparking_dss/vendor/laravel/framework/src/Illuminate/Foundation/Application.php(913): array_walk()
#9 /var/www/emaparking_dss/vendor/laravel/framework/src/Illuminate/Foundation/Bootstrap/BootProviders.php(17): Illuminate\\Foundation\\Application->boot()
#10 /var/www/emaparking_dss/vendor/laravel/framework/src/Illuminate/Foundation/Application.php(242): Illuminate\\Foundation\\Bootstrap\\BootProviders->bootstrap()
#11 /var/www/emaparking_dss/vendor/laravel/framework/src/Illuminate/Foundation/Console/Kernel.php(383): Illuminate\\Foundation\\Application->bootstrapWith()
#12 /var/www/emaparking_dss/vendor/laravel/framework/src/Illuminate/Foundation/Console/Kernel.php(153): Illuminate\\Foundation\\Console\\Kernel->bootstrap()
#13 Command line code(1): Illuminate\\Foundation\\Console\\Kernel->handle()
#14 {main}
"} 
[2025-03-11 17:47:40] local.ERROR: Class "\Themes\BC\ThemeProvider" not found {"exception":"[object] (Error(code: 0): Class \"\\Themes\\BC\\ThemeProvider\" not found at /var/www/emaparking_dss/themes/ThemeServiceProvider.php:23)
[stacktrace]
#0 /var/www/emaparking_dss/vendor/laravel/framework/src/Illuminate/Container/BoundMethod.php(36): Themes\\ThemeServiceProvider->boot()
#1 /var/www/emaparking_dss/vendor/laravel/framework/src/Illuminate/Container/Util.php(41): Illuminate\\Container\\BoundMethod::Illuminate\\Container\\{closure}()
#2 /var/www/emaparking_dss/vendor/laravel/framework/src/Illuminate/Container/BoundMethod.php(93): Illuminate\\Container\\Util::unwrapIfClosure()
#3 /var/www/emaparking_dss/vendor/laravel/framework/src/Illuminate/Container/BoundMethod.php(35): Illuminate\\Container\\BoundMethod::callBoundMethod()
#4 /var/www/emaparking_dss/vendor/laravel/framework/src/Illuminate/Container/Container.php(651): Illuminate\\Container\\BoundMethod::call()
#5 /var/www/emaparking_dss/vendor/laravel/framework/src/Illuminate/Foundation/Application.php(933): Illuminate\\Container\\Container->call()
#6 /var/www/emaparking_dss/vendor/laravel/framework/src/Illuminate/Foundation/Application.php(914): Illuminate\\Foundation\\Application->bootProvider()
#7 [internal function]: Illuminate\\Foundation\\Application->Illuminate\\Foundation\\{closure}()
#8 /var/www/emaparking_dss/vendor/laravel/framework/src/Illuminate/Foundation/Application.php(913): array_walk()
#9 /var/www/emaparking_dss/vendor/laravel/framework/src/Illuminate/Foundation/Bootstrap/BootProviders.php(17): Illuminate\\Foundation\\Application->boot()
#10 /var/www/emaparking_dss/vendor/laravel/framework/src/Illuminate/Foundation/Application.php(242): Illuminate\\Foundation\\Bootstrap\\BootProviders->bootstrap()
#11 /var/www/emaparking_dss/vendor/laravel/framework/src/Illuminate/Foundation/Console/Kernel.php(383): Illuminate\\Foundation\\Application->bootstrapWith()
#12 /var/www/emaparking_dss/vendor/laravel/framework/src/Illuminate/Foundation/Console/Kernel.php(153): Illuminate\\Foundation\\Console\\Kernel->bootstrap()
#13 Command line code(1): Illuminate\\Foundation\\Console\\Kernel->handle()
#14 {main}
"} 
[2025-03-11 17:48:40] local.ERROR: Class "\Themes\BC\ThemeProvider" not found {"exception":"[object] (Error(code: 0): Class \"\\Themes\\BC\\ThemeProvider\" not found at /var/www/emaparking_dss/themes/ThemeServiceProvider.php:23)
[stacktrace]
#0 /var/www/emaparking_dss/vendor/laravel/framework/src/Illuminate/Container/BoundMethod.php(36): Themes\\ThemeServiceProvider->boot()
#1 /var/www/emaparking_dss/vendor/laravel/framework/src/Illuminate/Container/Util.php(41): Illuminate\\Container\\BoundMethod::Illuminate\\Container\\{closure}()
#2 /var/www/emaparking_dss/vendor/laravel/framework/src/Illuminate/Container/BoundMethod.php(93): Illuminate\\Container\\Util::unwrapIfClosure()
#3 /var/www/emaparking_dss/vendor/laravel/framework/src/Illuminate/Container/BoundMethod.php(35): Illuminate\\Container\\BoundMethod::callBoundMethod()
#4 /var/www/emaparking_dss/vendor/laravel/framework/src/Illuminate/Container/Container.php(651): Illuminate\\Container\\BoundMethod::call()
#5 /var/www/emaparking_dss/vendor/laravel/framework/src/Illuminate/Foundation/Application.php(933): Illuminate\\Container\\Container->call()
#6 /var/www/emaparking_dss/vendor/laravel/framework/src/Illuminate/Foundation/Application.php(914): Illuminate\\Foundation\\Application->bootProvider()
#7 [internal function]: Illuminate\\Foundation\\Application->Illuminate\\Foundation\\{closure}()
#8 /var/www/emaparking_dss/vendor/laravel/framework/src/Illuminate/Foundation/Application.php(913): array_walk()
#9 /var/www/emaparking_dss/vendor/laravel/framework/src/Illuminate/Foundation/Bootstrap/BootProviders.php(17): Illuminate\\Foundation\\Application->boot()
#10 /var/www/emaparking_dss/vendor/laravel/framework/src/Illuminate/Foundation/Application.php(242): Illuminate\\Foundation\\Bootstrap\\BootProviders->bootstrap()
#11 /var/www/emaparking_dss/vendor/laravel/framework/src/Illuminate/Foundation/Console/Kernel.php(383): Illuminate\\Foundation\\Application->bootstrapWith()
#12 /var/www/emaparking_dss/vendor/laravel/framework/src/Illuminate/Foundation/Console/Kernel.php(153): Illuminate\\Foundation\\Console\\Kernel->bootstrap()
#13 Command line code(1): Illuminate\\Foundation\\Console\\Kernel->handle()
#14 {main}
"} 
[2025-03-11 17:48:40] local.ERROR: Class "\Themes\BC\ThemeProvider" not found {"exception":"[object] (Error(code: 0): Class \"\\Themes\\BC\\ThemeProvider\" not found at /var/www/emaparking_dss/themes/ThemeServiceProvider.php:23)
[stacktrace]
#0 /var/www/emaparking_dss/vendor/laravel/framework/src/Illuminate/Container/BoundMethod.php(36): Themes\\ThemeServiceProvider->boot()
#1 /var/www/emaparking_dss/vendor/laravel/framework/src/Illuminate/Container/Util.php(41): Illuminate\\Container\\BoundMethod::Illuminate\\Container\\{closure}()
#2 /var/www/emaparking_dss/vendor/laravel/framework/src/Illuminate/Container/BoundMethod.php(93): Illuminate\\Container\\Util::unwrapIfClosure()
#3 /var/www/emaparking_dss/vendor/laravel/framework/src/Illuminate/Container/BoundMethod.php(35): Illuminate\\Container\\BoundMethod::callBoundMethod()
#4 /var/www/emaparking_dss/vendor/laravel/framework/src/Illuminate/Container/Container.php(651): Illuminate\\Container\\BoundMethod::call()
#5 /var/www/emaparking_dss/vendor/laravel/framework/src/Illuminate/Foundation/Application.php(933): Illuminate\\Container\\Container->call()
#6 /var/www/emaparking_dss/vendor/laravel/framework/src/Illuminate/Foundation/Application.php(914): Illuminate\\Foundation\\Application->bootProvider()
#7 [internal function]: Illuminate\\Foundation\\Application->Illuminate\\Foundation\\{closure}()
#8 /var/www/emaparking_dss/vendor/laravel/framework/src/Illuminate/Foundation/Application.php(913): array_walk()
#9 /var/www/emaparking_dss/vendor/laravel/framework/src/Illuminate/Foundation/Bootstrap/BootProviders.php(17): Illuminate\\Foundation\\Application->boot()
#10 /var/www/emaparking_dss/vendor/laravel/framework/src/Illuminate/Foundation/Application.php(242): Illuminate\\Foundation\\Bootstrap\\BootProviders->bootstrap()
#11 /var/www/emaparking_dss/vendor/laravel/framework/src/Illuminate/Foundation/Console/Kernel.php(383): Illuminate\\Foundation\\Application->bootstrapWith()
#12 /var/www/emaparking_dss/vendor/laravel/framework/src/Illuminate/Foundation/Console/Kernel.php(153): Illuminate\\Foundation\\Console\\Kernel->bootstrap()
#13 Command line code(1): Illuminate\\Foundation\\Console\\Kernel->handle()
#14 {main}
"} 
[2025-03-11 17:49:40] local.ERROR: Class "\Themes\BC\ThemeProvider" not found {"exception":"[object] (Error(code: 0): Class \"\\Themes\\BC\\ThemeProvider\" not found at /var/www/emaparking_dss/themes/ThemeServiceProvider.php:23)
[stacktrace]
#0 /var/www/emaparking_dss/vendor/laravel/framework/src/Illuminate/Container/BoundMethod.php(36): Themes\\ThemeServiceProvider->boot()
#1 /var/www/emaparking_dss/vendor/laravel/framework/src/Illuminate/Container/Util.php(41): Illuminate\\Container\\BoundMethod::Illuminate\\Container\\{closure}()
#2 /var/www/emaparking_dss/vendor/laravel/framework/src/Illuminate/Container/BoundMethod.php(93): Illuminate\\Container\\Util::unwrapIfClosure()
#3 /var/www/emaparking_dss/vendor/laravel/framework/src/Illuminate/Container/BoundMethod.php(35): Illuminate\\Container\\BoundMethod::callBoundMethod()
#4 /var/www/emaparking_dss/vendor/laravel/framework/src/Illuminate/Container/Container.php(651): Illuminate\\Container\\BoundMethod::call()
#5 /var/www/emaparking_dss/vendor/laravel/framework/src/Illuminate/Foundation/Application.php(933): Illuminate\\Container\\Container->call()
#6 /var/www/emaparking_dss/vendor/laravel/framework/src/Illuminate/Foundation/Application.php(914): Illuminate\\Foundation\\Application->bootProvider()
#7 [internal function]: Illuminate\\Foundation\\Application->Illuminate\\Foundation\\{closure}()
#8 /var/www/emaparking_dss/vendor/laravel/framework/src/Illuminate/Foundation/Application.php(913): array_walk()
#9 /var/www/emaparking_dss/vendor/laravel/framework/src/Illuminate/Foundation/Bootstrap/BootProviders.php(17): Illuminate\\Foundation\\Application->boot()
#10 /var/www/emaparking_dss/vendor/laravel/framework/src/Illuminate/Foundation/Application.php(242): Illuminate\\Foundation\\Bootstrap\\BootProviders->bootstrap()
#11 /var/www/emaparking_dss/vendor/laravel/framework/src/Illuminate/Foundation/Console/Kernel.php(383): Illuminate\\Foundation\\Application->bootstrapWith()
#12 /var/www/emaparking_dss/vendor/laravel/framework/src/Illuminate/Foundation/Console/Kernel.php(153): Illuminate\\Foundation\\Console\\Kernel->bootstrap()
#13 Command line code(1): Illuminate\\Foundation\\Console\\Kernel->handle()
#14 {main}
"} 
[2025-03-11 17:49:40] local.ERROR: Class "\Themes\BC\ThemeProvider" not found {"exception":"[object] (Error(code: 0): Class \"\\Themes\\BC\\ThemeProvider\" not found at /var/www/emaparking_dss/themes/ThemeServiceProvider.php:23)
[stacktrace]
#0 /var/www/emaparking_dss/vendor/laravel/framework/src/Illuminate/Container/BoundMethod.php(36): Themes\\ThemeServiceProvider->boot()
#1 /var/www/emaparking_dss/vendor/laravel/framework/src/Illuminate/Container/Util.php(41): Illuminate\\Container\\BoundMethod::Illuminate\\Container\\{closure}()
#2 /var/www/emaparking_dss/vendor/laravel/framework/src/Illuminate/Container/BoundMethod.php(93): Illuminate\\Container\\Util::unwrapIfClosure()
#3 /var/www/emaparking_dss/vendor/laravel/framework/src/Illuminate/Container/BoundMethod.php(35): Illuminate\\Container\\BoundMethod::callBoundMethod()
#4 /var/www/emaparking_dss/vendor/laravel/framework/src/Illuminate/Container/Container.php(651): Illuminate\\Container\\BoundMethod::call()
#5 /var/www/emaparking_dss/vendor/laravel/framework/src/Illuminate/Foundation/Application.php(933): Illuminate\\Container\\Container->call()
#6 /var/www/emaparking_dss/vendor/laravel/framework/src/Illuminate/Foundation/Application.php(914): Illuminate\\Foundation\\Application->bootProvider()
#7 [internal function]: Illuminate\\Foundation\\Application->Illuminate\\Foundation\\{closure}()
#8 /var/www/emaparking_dss/vendor/laravel/framework/src/Illuminate/Foundation/Application.php(913): array_walk()
#9 /var/www/emaparking_dss/vendor/laravel/framework/src/Illuminate/Foundation/Bootstrap/BootProviders.php(17): Illuminate\\Foundation\\Application->boot()
#10 /var/www/emaparking_dss/vendor/laravel/framework/src/Illuminate/Foundation/Application.php(242): Illuminate\\Foundation\\Bootstrap\\BootProviders->bootstrap()
#11 /var/www/emaparking_dss/vendor/laravel/framework/src/Illuminate/Foundation/Console/Kernel.php(383): Illuminate\\Foundation\\Application->bootstrapWith()
#12 /var/www/emaparking_dss/vendor/laravel/framework/src/Illuminate/Foundation/Console/Kernel.php(153): Illuminate\\Foundation\\Console\\Kernel->bootstrap()
#13 Command line code(1): Illuminate\\Foundation\\Console\\Kernel->handle()
#14 {main}
"} 
[2025-03-11 17:49:40] local.ERROR: Class "\Themes\BC\ThemeProvider" not found {"exception":"[object] (Error(code: 0): Class \"\\Themes\\BC\\ThemeProvider\" not found at /var/www/emaparking_dss/themes/ThemeServiceProvider.php:23)
[stacktrace]
#0 /var/www/emaparking_dss/vendor/laravel/framework/src/Illuminate/Container/BoundMethod.php(36): Themes\\ThemeServiceProvider->boot()
#1 /var/www/emaparking_dss/vendor/laravel/framework/src/Illuminate/Container/Util.php(41): Illuminate\\Container\\BoundMethod::Illuminate\\Container\\{closure}()
#2 /var/www/emaparking_dss/vendor/laravel/framework/src/Illuminate/Container/BoundMethod.php(93): Illuminate\\Container\\Util::unwrapIfClosure()
#3 /var/www/emaparking_dss/vendor/laravel/framework/src/Illuminate/Container/BoundMethod.php(35): Illuminate\\Container\\BoundMethod::callBoundMethod()
#4 /var/www/emaparking_dss/vendor/laravel/framework/src/Illuminate/Container/Container.php(651): Illuminate\\Container\\BoundMethod::call()
#5 /var/www/emaparking_dss/vendor/laravel/framework/src/Illuminate/Foundation/Application.php(933): Illuminate\\Container\\Container->call()
#6 /var/www/emaparking_dss/vendor/laravel/framework/src/Illuminate/Foundation/Application.php(914): Illuminate\\Foundation\\Application->bootProvider()
#7 [internal function]: Illuminate\\Foundation\\Application->Illuminate\\Foundation\\{closure}()
#8 /var/www/emaparking_dss/vendor/laravel/framework/src/Illuminate/Foundation/Application.php(913): array_walk()
#9 /var/www/emaparking_dss/vendor/laravel/framework/src/Illuminate/Foundation/Bootstrap/BootProviders.php(17): Illuminate\\Foundation\\Application->boot()
#10 /var/www/emaparking_dss/vendor/laravel/framework/src/Illuminate/Foundation/Application.php(242): Illuminate\\Foundation\\Bootstrap\\BootProviders->bootstrap()
#11 /var/www/emaparking_dss/vendor/laravel/framework/src/Illuminate/Foundation/Console/Kernel.php(383): Illuminate\\Foundation\\Application->bootstrapWith()
#12 /var/www/emaparking_dss/vendor/laravel/framework/src/Illuminate/Foundation/Console/Kernel.php(153): Illuminate\\Foundation\\Console\\Kernel->bootstrap()
#13 Command line code(1): Illuminate\\Foundation\\Console\\Kernel->handle()
#14 {main}
"} 
[2025-03-11 17:50:41] local.ERROR: Class "\Themes\BC\ThemeProvider" not found {"exception":"[object] (Error(code: 0): Class \"\\Themes\\BC\\ThemeProvider\" not found at /var/www/emaparking_dss/themes/ThemeServiceProvider.php:23)
[stacktrace]
#0 /var/www/emaparking_dss/vendor/laravel/framework/src/Illuminate/Container/BoundMethod.php(36): Themes\\ThemeServiceProvider->boot()
#1 /var/www/emaparking_dss/vendor/laravel/framework/src/Illuminate/Container/Util.php(41): Illuminate\\Container\\BoundMethod::Illuminate\\Container\\{closure}()
#2 /var/www/emaparking_dss/vendor/laravel/framework/src/Illuminate/Container/BoundMethod.php(93): Illuminate\\Container\\Util::unwrapIfClosure()
#3 /var/www/emaparking_dss/vendor/laravel/framework/src/Illuminate/Container/BoundMethod.php(35): Illuminate\\Container\\BoundMethod::callBoundMethod()
#4 /var/www/emaparking_dss/vendor/laravel/framework/src/Illuminate/Container/Container.php(651): Illuminate\\Container\\BoundMethod::call()
#5 /var/www/emaparking_dss/vendor/laravel/framework/src/Illuminate/Foundation/Application.php(933): Illuminate\\Container\\Container->call()
#6 /var/www/emaparking_dss/vendor/laravel/framework/src/Illuminate/Foundation/Application.php(914): Illuminate\\Foundation\\Application->bootProvider()
#7 [internal function]: Illuminate\\Foundation\\Application->Illuminate\\Foundation\\{closure}()
#8 /var/www/emaparking_dss/vendor/laravel/framework/src/Illuminate/Foundation/Application.php(913): array_walk()
#9 /var/www/emaparking_dss/vendor/laravel/framework/src/Illuminate/Foundation/Bootstrap/BootProviders.php(17): Illuminate\\Foundation\\Application->boot()
#10 /var/www/emaparking_dss/vendor/laravel/framework/src/Illuminate/Foundation/Application.php(242): Illuminate\\Foundation\\Bootstrap\\BootProviders->bootstrap()
#11 /var/www/emaparking_dss/vendor/laravel/framework/src/Illuminate/Foundation/Console/Kernel.php(383): Illuminate\\Foundation\\Application->bootstrapWith()
#12 /var/www/emaparking_dss/vendor/laravel/framework/src/Illuminate/Foundation/Console/Kernel.php(153): Illuminate\\Foundation\\Console\\Kernel->bootstrap()
#13 Command line code(1): Illuminate\\Foundation\\Console\\Kernel->handle()
#14 {main}
"} 
[2025-03-11 17:50:41] local.ERROR: Class "\Themes\BC\ThemeProvider" not found {"exception":"[object] (Error(code: 0): Class \"\\Themes\\BC\\ThemeProvider\" not found at /var/www/emaparking_dss/themes/ThemeServiceProvider.php:23)
[stacktrace]
#0 /var/www/emaparking_dss/vendor/laravel/framework/src/Illuminate/Container/BoundMethod.php(36): Themes\\ThemeServiceProvider->boot()
#1 /var/www/emaparking_dss/vendor/laravel/framework/src/Illuminate/Container/Util.php(41): Illuminate\\Container\\BoundMethod::Illuminate\\Container\\{closure}()
#2 /var/www/emaparking_dss/vendor/laravel/framework/src/Illuminate/Container/BoundMethod.php(93): Illuminate\\Container\\Util::unwrapIfClosure()
#3 /var/www/emaparking_dss/vendor/laravel/framework/src/Illuminate/Container/BoundMethod.php(35): Illuminate\\Container\\BoundMethod::callBoundMethod()
#4 /var/www/emaparking_dss/vendor/laravel/framework/src/Illuminate/Container/Container.php(651): Illuminate\\Container\\BoundMethod::call()
#5 /var/www/emaparking_dss/vendor/laravel/framework/src/Illuminate/Foundation/Application.php(933): Illuminate\\Container\\Container->call()
#6 /var/www/emaparking_dss/vendor/laravel/framework/src/Illuminate/Foundation/Application.php(914): Illuminate\\Foundation\\Application->bootProvider()
#7 [internal function]: Illuminate\\Foundation\\Application->Illuminate\\Foundation\\{closure}()
#8 /var/www/emaparking_dss/vendor/laravel/framework/src/Illuminate/Foundation/Application.php(913): array_walk()
#9 /var/www/emaparking_dss/vendor/laravel/framework/src/Illuminate/Foundation/Bootstrap/BootProviders.php(17): Illuminate\\Foundation\\Application->boot()
#10 /var/www/emaparking_dss/vendor/laravel/framework/src/Illuminate/Foundation/Application.php(242): Illuminate\\Foundation\\Bootstrap\\BootProviders->bootstrap()
#11 /var/www/emaparking_dss/vendor/laravel/framework/src/Illuminate/Foundation/Console/Kernel.php(383): Illuminate\\Foundation\\Application->bootstrapWith()
#12 /var/www/emaparking_dss/vendor/laravel/framework/src/Illuminate/Foundation/Console/Kernel.php(153): Illuminate\\Foundation\\Console\\Kernel->bootstrap()
#13 Command line code(1): Illuminate\\Foundation\\Console\\Kernel->handle()
#14 {main}
"} 
[2025-03-11 17:51:40] local.ERROR: Class "\Themes\BC\ThemeProvider" not found {"exception":"[object] (Error(code: 0): Class \"\\Themes\\BC\\ThemeProvider\" not found at /var/www/emaparking_dss/themes/ThemeServiceProvider.php:23)
[stacktrace]
#0 /var/www/emaparking_dss/vendor/laravel/framework/src/Illuminate/Container/BoundMethod.php(36): Themes\\ThemeServiceProvider->boot()
#1 /var/www/emaparking_dss/vendor/laravel/framework/src/Illuminate/Container/Util.php(41): Illuminate\\Container\\BoundMethod::Illuminate\\Container\\{closure}()
#2 /var/www/emaparking_dss/vendor/laravel/framework/src/Illuminate/Container/BoundMethod.php(93): Illuminate\\Container\\Util::unwrapIfClosure()
#3 /var/www/emaparking_dss/vendor/laravel/framework/src/Illuminate/Container/BoundMethod.php(35): Illuminate\\Container\\BoundMethod::callBoundMethod()
#4 /var/www/emaparking_dss/vendor/laravel/framework/src/Illuminate/Container/Container.php(651): Illuminate\\Container\\BoundMethod::call()
#5 /var/www/emaparking_dss/vendor/laravel/framework/src/Illuminate/Foundation/Application.php(933): Illuminate\\Container\\Container->call()
#6 /var/www/emaparking_dss/vendor/laravel/framework/src/Illuminate/Foundation/Application.php(914): Illuminate\\Foundation\\Application->bootProvider()
#7 [internal function]: Illuminate\\Foundation\\Application->Illuminate\\Foundation\\{closure}()
#8 /var/www/emaparking_dss/vendor/laravel/framework/src/Illuminate/Foundation/Application.php(913): array_walk()
#9 /var/www/emaparking_dss/vendor/laravel/framework/src/Illuminate/Foundation/Bootstrap/BootProviders.php(17): Illuminate\\Foundation\\Application->boot()
#10 /var/www/emaparking_dss/vendor/laravel/framework/src/Illuminate/Foundation/Application.php(242): Illuminate\\Foundation\\Bootstrap\\BootProviders->bootstrap()
#11 /var/www/emaparking_dss/vendor/laravel/framework/src/Illuminate/Foundation/Console/Kernel.php(383): Illuminate\\Foundation\\Application->bootstrapWith()
#12 /var/www/emaparking_dss/vendor/laravel/framework/src/Illuminate/Foundation/Console/Kernel.php(153): Illuminate\\Foundation\\Console\\Kernel->bootstrap()
#13 Command line code(1): Illuminate\\Foundation\\Console\\Kernel->handle()
#14 {main}
"} 
[2025-03-11 17:51:40] local.ERROR: Class "\Themes\BC\ThemeProvider" not found {"exception":"[object] (Error(code: 0): Class \"\\Themes\\BC\\ThemeProvider\" not found at /var/www/emaparking_dss/themes/ThemeServiceProvider.php:23)
[stacktrace]
#0 /var/www/emaparking_dss/vendor/laravel/framework/src/Illuminate/Container/BoundMethod.php(36): Themes\\ThemeServiceProvider->boot()
#1 /var/www/emaparking_dss/vendor/laravel/framework/src/Illuminate/Container/Util.php(41): Illuminate\\Container\\BoundMethod::Illuminate\\Container\\{closure}()
#2 /var/www/emaparking_dss/vendor/laravel/framework/src/Illuminate/Container/BoundMethod.php(93): Illuminate\\Container\\Util::unwrapIfClosure()
#3 /var/www/emaparking_dss/vendor/laravel/framework/src/Illuminate/Container/BoundMethod.php(35): Illuminate\\Container\\BoundMethod::callBoundMethod()
#4 /var/www/emaparking_dss/vendor/laravel/framework/src/Illuminate/Container/Container.php(651): Illuminate\\Container\\BoundMethod::call()
#5 /var/www/emaparking_dss/vendor/laravel/framework/src/Illuminate/Foundation/Application.php(933): Illuminate\\Container\\Container->call()
#6 /var/www/emaparking_dss/vendor/laravel/framework/src/Illuminate/Foundation/Application.php(914): Illuminate\\Foundation\\Application->bootProvider()
#7 [internal function]: Illuminate\\Foundation\\Application->Illuminate\\Foundation\\{closure}()
#8 /var/www/emaparking_dss/vendor/laravel/framework/src/Illuminate/Foundation/Application.php(913): array_walk()
#9 /var/www/emaparking_dss/vendor/laravel/framework/src/Illuminate/Foundation/Bootstrap/BootProviders.php(17): Illuminate\\Foundation\\Application->boot()
#10 /var/www/emaparking_dss/vendor/laravel/framework/src/Illuminate/Foundation/Application.php(242): Illuminate\\Foundation\\Bootstrap\\BootProviders->bootstrap()
#11 /var/www/emaparking_dss/vendor/laravel/framework/src/Illuminate/Foundation/Console/Kernel.php(383): Illuminate\\Foundation\\Application->bootstrapWith()
#12 /var/www/emaparking_dss/vendor/laravel/framework/src/Illuminate/Foundation/Console/Kernel.php(153): Illuminate\\Foundation\\Console\\Kernel->bootstrap()
#13 Command line code(1): Illuminate\\Foundation\\Console\\Kernel->handle()
#14 {main}
"} 
[2025-03-11 17:52:40] local.ERROR: Class "\Themes\BC\ThemeProvider" not found {"exception":"[object] (Error(code: 0): Class \"\\Themes\\BC\\ThemeProvider\" not found at /var/www/emaparking_dss/themes/ThemeServiceProvider.php:23)
[stacktrace]
#0 /var/www/emaparking_dss/vendor/laravel/framework/src/Illuminate/Container/BoundMethod.php(36): Themes\\ThemeServiceProvider->boot()
#1 /var/www/emaparking_dss/vendor/laravel/framework/src/Illuminate/Container/Util.php(41): Illuminate\\Container\\BoundMethod::Illuminate\\Container\\{closure}()
#2 /var/www/emaparking_dss/vendor/laravel/framework/src/Illuminate/Container/BoundMethod.php(93): Illuminate\\Container\\Util::unwrapIfClosure()
#3 /var/www/emaparking_dss/vendor/laravel/framework/src/Illuminate/Container/BoundMethod.php(35): Illuminate\\Container\\BoundMethod::callBoundMethod()
#4 /var/www/emaparking_dss/vendor/laravel/framework/src/Illuminate/Container/Container.php(651): Illuminate\\Container\\BoundMethod::call()
#5 /var/www/emaparking_dss/vendor/laravel/framework/src/Illuminate/Foundation/Application.php(933): Illuminate\\Container\\Container->call()
#6 /var/www/emaparking_dss/vendor/laravel/framework/src/Illuminate/Foundation/Application.php(914): Illuminate\\Foundation\\Application->bootProvider()
#7 [internal function]: Illuminate\\Foundation\\Application->Illuminate\\Foundation\\{closure}()
#8 /var/www/emaparking_dss/vendor/laravel/framework/src/Illuminate/Foundation/Application.php(913): array_walk()
#9 /var/www/emaparking_dss/vendor/laravel/framework/src/Illuminate/Foundation/Bootstrap/BootProviders.php(17): Illuminate\\Foundation\\Application->boot()
#10 /var/www/emaparking_dss/vendor/laravel/framework/src/Illuminate/Foundation/Application.php(242): Illuminate\\Foundation\\Bootstrap\\BootProviders->bootstrap()
#11 /var/www/emaparking_dss/vendor/laravel/framework/src/Illuminate/Foundation/Console/Kernel.php(383): Illuminate\\Foundation\\Application->bootstrapWith()
#12 /var/www/emaparking_dss/vendor/laravel/framework/src/Illuminate/Foundation/Console/Kernel.php(153): Illuminate\\Foundation\\Console\\Kernel->bootstrap()
#13 Command line code(1): Illuminate\\Foundation\\Console\\Kernel->handle()
#14 {main}
"} 
[2025-03-11 17:52:40] local.ERROR: Class "\Themes\BC\ThemeProvider" not found {"exception":"[object] (Error(code: 0): Class \"\\Themes\\BC\\ThemeProvider\" not found at /var/www/emaparking_dss/themes/ThemeServiceProvider.php:23)
[stacktrace]
#0 /var/www/emaparking_dss/vendor/laravel/framework/src/Illuminate/Container/BoundMethod.php(36): Themes\\ThemeServiceProvider->boot()
#1 /var/www/emaparking_dss/vendor/laravel/framework/src/Illuminate/Container/Util.php(41): Illuminate\\Container\\BoundMethod::Illuminate\\Container\\{closure}()
#2 /var/www/emaparking_dss/vendor/laravel/framework/src/Illuminate/Container/BoundMethod.php(93): Illuminate\\Container\\Util::unwrapIfClosure()
#3 /var/www/emaparking_dss/vendor/laravel/framework/src/Illuminate/Container/BoundMethod.php(35): Illuminate\\Container\\BoundMethod::callBoundMethod()
#4 /var/www/emaparking_dss/vendor/laravel/framework/src/Illuminate/Container/Container.php(651): Illuminate\\Container\\BoundMethod::call()
#5 /var/www/emaparking_dss/vendor/laravel/framework/src/Illuminate/Foundation/Application.php(933): Illuminate\\Container\\Container->call()
#6 /var/www/emaparking_dss/vendor/laravel/framework/src/Illuminate/Foundation/Application.php(914): Illuminate\\Foundation\\Application->bootProvider()
#7 [internal function]: Illuminate\\Foundation\\Application->Illuminate\\Foundation\\{closure}()
#8 /var/www/emaparking_dss/vendor/laravel/framework/src/Illuminate/Foundation/Application.php(913): array_walk()
#9 /var/www/emaparking_dss/vendor/laravel/framework/src/Illuminate/Foundation/Bootstrap/BootProviders.php(17): Illuminate\\Foundation\\Application->boot()
#10 /var/www/emaparking_dss/vendor/laravel/framework/src/Illuminate/Foundation/Application.php(242): Illuminate\\Foundation\\Bootstrap\\BootProviders->bootstrap()
#11 /var/www/emaparking_dss/vendor/laravel/framework/src/Illuminate/Foundation/Console/Kernel.php(383): Illuminate\\Foundation\\Application->bootstrapWith()
#12 /var/www/emaparking_dss/vendor/laravel/framework/src/Illuminate/Foundation/Console/Kernel.php(153): Illuminate\\Foundation\\Console\\Kernel->bootstrap()
#13 Command line code(1): Illuminate\\Foundation\\Console\\Kernel->handle()
#14 {main}
"} 
[2025-03-11 17:53:40] local.ERROR: Class "\Themes\BC\ThemeProvider" not found {"exception":"[object] (Error(code: 0): Class \"\\Themes\\BC\\ThemeProvider\" not found at /var/www/emaparking_dss/themes/ThemeServiceProvider.php:23)
[stacktrace]
#0 /var/www/emaparking_dss/vendor/laravel/framework/src/Illuminate/Container/BoundMethod.php(36): Themes\\ThemeServiceProvider->boot()
#1 /var/www/emaparking_dss/vendor/laravel/framework/src/Illuminate/Container/Util.php(41): Illuminate\\Container\\BoundMethod::Illuminate\\Container\\{closure}()
#2 /var/www/emaparking_dss/vendor/laravel/framework/src/Illuminate/Container/BoundMethod.php(93): Illuminate\\Container\\Util::unwrapIfClosure()
#3 /var/www/emaparking_dss/vendor/laravel/framework/src/Illuminate/Container/BoundMethod.php(35): Illuminate\\Container\\BoundMethod::callBoundMethod()
#4 /var/www/emaparking_dss/vendor/laravel/framework/src/Illuminate/Container/Container.php(651): Illuminate\\Container\\BoundMethod::call()
#5 /var/www/emaparking_dss/vendor/laravel/framework/src/Illuminate/Foundation/Application.php(933): Illuminate\\Container\\Container->call()
#6 /var/www/emaparking_dss/vendor/laravel/framework/src/Illuminate/Foundation/Application.php(914): Illuminate\\Foundation\\Application->bootProvider()
#7 [internal function]: Illuminate\\Foundation\\Application->Illuminate\\Foundation\\{closure}()
#8 /var/www/emaparking_dss/vendor/laravel/framework/src/Illuminate/Foundation/Application.php(913): array_walk()
#9 /var/www/emaparking_dss/vendor/laravel/framework/src/Illuminate/Foundation/Bootstrap/BootProviders.php(17): Illuminate\\Foundation\\Application->boot()
#10 /var/www/emaparking_dss/vendor/laravel/framework/src/Illuminate/Foundation/Application.php(242): Illuminate\\Foundation\\Bootstrap\\BootProviders->bootstrap()
#11 /var/www/emaparking_dss/vendor/laravel/framework/src/Illuminate/Foundation/Console/Kernel.php(383): Illuminate\\Foundation\\Application->bootstrapWith()
#12 /var/www/emaparking_dss/vendor/laravel/framework/src/Illuminate/Foundation/Console/Kernel.php(153): Illuminate\\Foundation\\Console\\Kernel->bootstrap()
#13 Command line code(1): Illuminate\\Foundation\\Console\\Kernel->handle()
#14 {main}
"} 
[2025-03-11 17:53:40] local.ERROR: Class "\Themes\BC\ThemeProvider" not found {"exception":"[object] (Error(code: 0): Class \"\\Themes\\BC\\ThemeProvider\" not found at /var/www/emaparking_dss/themes/ThemeServiceProvider.php:23)
[stacktrace]
#0 /var/www/emaparking_dss/vendor/laravel/framework/src/Illuminate/Container/BoundMethod.php(36): Themes\\ThemeServiceProvider->boot()
#1 /var/www/emaparking_dss/vendor/laravel/framework/src/Illuminate/Container/Util.php(41): Illuminate\\Container\\BoundMethod::Illuminate\\Container\\{closure}()
#2 /var/www/emaparking_dss/vendor/laravel/framework/src/Illuminate/Container/BoundMethod.php(93): Illuminate\\Container\\Util::unwrapIfClosure()
#3 /var/www/emaparking_dss/vendor/laravel/framework/src/Illuminate/Container/BoundMethod.php(35): Illuminate\\Container\\BoundMethod::callBoundMethod()
#4 /var/www/emaparking_dss/vendor/laravel/framework/src/Illuminate/Container/Container.php(651): Illuminate\\Container\\BoundMethod::call()
#5 /var/www/emaparking_dss/vendor/laravel/framework/src/Illuminate/Foundation/Application.php(933): Illuminate\\Container\\Container->call()
#6 /var/www/emaparking_dss/vendor/laravel/framework/src/Illuminate/Foundation/Application.php(914): Illuminate\\Foundation\\Application->bootProvider()
#7 [internal function]: Illuminate\\Foundation\\Application->Illuminate\\Foundation\\{closure}()
#8 /var/www/emaparking_dss/vendor/laravel/framework/src/Illuminate/Foundation/Application.php(913): array_walk()
#9 /var/www/emaparking_dss/vendor/laravel/framework/src/Illuminate/Foundation/Bootstrap/BootProviders.php(17): Illuminate\\Foundation\\Application->boot()
#10 /var/www/emaparking_dss/vendor/laravel/framework/src/Illuminate/Foundation/Application.php(242): Illuminate\\Foundation\\Bootstrap\\BootProviders->bootstrap()
#11 /var/www/emaparking_dss/vendor/laravel/framework/src/Illuminate/Foundation/Console/Kernel.php(383): Illuminate\\Foundation\\Application->bootstrapWith()
#12 /var/www/emaparking_dss/vendor/laravel/framework/src/Illuminate/Foundation/Console/Kernel.php(153): Illuminate\\Foundation\\Console\\Kernel->bootstrap()
#13 Command line code(1): Illuminate\\Foundation\\Console\\Kernel->handle()
#14 {main}
"} 
[2025-03-11 17:54:40] local.ERROR: Class "\Themes\BC\ThemeProvider" not found {"exception":"[object] (Error(code: 0): Class \"\\Themes\\BC\\ThemeProvider\" not found at /var/www/emaparking_dss/themes/ThemeServiceProvider.php:23)
[stacktrace]
#0 /var/www/emaparking_dss/vendor/laravel/framework/src/Illuminate/Container/BoundMethod.php(36): Themes\\ThemeServiceProvider->boot()
#1 /var/www/emaparking_dss/vendor/laravel/framework/src/Illuminate/Container/Util.php(41): Illuminate\\Container\\BoundMethod::Illuminate\\Container\\{closure}()
#2 /var/www/emaparking_dss/vendor/laravel/framework/src/Illuminate/Container/BoundMethod.php(93): Illuminate\\Container\\Util::unwrapIfClosure()
#3 /var/www/emaparking_dss/vendor/laravel/framework/src/Illuminate/Container/BoundMethod.php(35): Illuminate\\Container\\BoundMethod::callBoundMethod()
#4 /var/www/emaparking_dss/vendor/laravel/framework/src/Illuminate/Container/Container.php(651): Illuminate\\Container\\BoundMethod::call()
#5 /var/www/emaparking_dss/vendor/laravel/framework/src/Illuminate/Foundation/Application.php(933): Illuminate\\Container\\Container->call()
#6 /var/www/emaparking_dss/vendor/laravel/framework/src/Illuminate/Foundation/Application.php(914): Illuminate\\Foundation\\Application->bootProvider()
#7 [internal function]: Illuminate\\Foundation\\Application->Illuminate\\Foundation\\{closure}()
#8 /var/www/emaparking_dss/vendor/laravel/framework/src/Illuminate/Foundation/Application.php(913): array_walk()
#9 /var/www/emaparking_dss/vendor/laravel/framework/src/Illuminate/Foundation/Bootstrap/BootProviders.php(17): Illuminate\\Foundation\\Application->boot()
#10 /var/www/emaparking_dss/vendor/laravel/framework/src/Illuminate/Foundation/Application.php(242): Illuminate\\Foundation\\Bootstrap\\BootProviders->bootstrap()
#11 /var/www/emaparking_dss/vendor/laravel/framework/src/Illuminate/Foundation/Console/Kernel.php(383): Illuminate\\Foundation\\Application->bootstrapWith()
#12 /var/www/emaparking_dss/vendor/laravel/framework/src/Illuminate/Foundation/Console/Kernel.php(153): Illuminate\\Foundation\\Console\\Kernel->bootstrap()
#13 Command line code(1): Illuminate\\Foundation\\Console\\Kernel->handle()
#14 {main}
"} 
[2025-03-11 17:54:40] local.ERROR: Class "\Themes\BC\ThemeProvider" not found {"exception":"[object] (Error(code: 0): Class \"\\Themes\\BC\\ThemeProvider\" not found at /var/www/emaparking_dss/themes/ThemeServiceProvider.php:23)
[stacktrace]
#0 /var/www/emaparking_dss/vendor/laravel/framework/src/Illuminate/Container/BoundMethod.php(36): Themes\\ThemeServiceProvider->boot()
#1 /var/www/emaparking_dss/vendor/laravel/framework/src/Illuminate/Container/Util.php(41): Illuminate\\Container\\BoundMethod::Illuminate\\Container\\{closure}()
#2 /var/www/emaparking_dss/vendor/laravel/framework/src/Illuminate/Container/BoundMethod.php(93): Illuminate\\Container\\Util::unwrapIfClosure()
#3 /var/www/emaparking_dss/vendor/laravel/framework/src/Illuminate/Container/BoundMethod.php(35): Illuminate\\Container\\BoundMethod::callBoundMethod()
#4 /var/www/emaparking_dss/vendor/laravel/framework/src/Illuminate/Container/Container.php(651): Illuminate\\Container\\BoundMethod::call()
#5 /var/www/emaparking_dss/vendor/laravel/framework/src/Illuminate/Foundation/Application.php(933): Illuminate\\Container\\Container->call()
#6 /var/www/emaparking_dss/vendor/laravel/framework/src/Illuminate/Foundation/Application.php(914): Illuminate\\Foundation\\Application->bootProvider()
#7 [internal function]: Illuminate\\Foundation\\Application->Illuminate\\Foundation\\{closure}()
#8 /var/www/emaparking_dss/vendor/laravel/framework/src/Illuminate/Foundation/Application.php(913): array_walk()
#9 /var/www/emaparking_dss/vendor/laravel/framework/src/Illuminate/Foundation/Bootstrap/BootProviders.php(17): Illuminate\\Foundation\\Application->boot()
#10 /var/www/emaparking_dss/vendor/laravel/framework/src/Illuminate/Foundation/Application.php(242): Illuminate\\Foundation\\Bootstrap\\BootProviders->bootstrap()
#11 /var/www/emaparking_dss/vendor/laravel/framework/src/Illuminate/Foundation/Console/Kernel.php(383): Illuminate\\Foundation\\Application->bootstrapWith()
#12 /var/www/emaparking_dss/vendor/laravel/framework/src/Illuminate/Foundation/Console/Kernel.php(153): Illuminate\\Foundation\\Console\\Kernel->bootstrap()
#13 Command line code(1): Illuminate\\Foundation\\Console\\Kernel->handle()
#14 {main}
"} 
[2025-03-11 17:55:40] local.ERROR: Class "\Themes\BC\ThemeProvider" not found {"exception":"[object] (Error(code: 0): Class \"\\Themes\\BC\\ThemeProvider\" not found at /var/www/emaparking_dss/themes/ThemeServiceProvider.php:23)
[stacktrace]
#0 /var/www/emaparking_dss/vendor/laravel/framework/src/Illuminate/Container/BoundMethod.php(36): Themes\\ThemeServiceProvider->boot()
#1 /var/www/emaparking_dss/vendor/laravel/framework/src/Illuminate/Container/Util.php(41): Illuminate\\Container\\BoundMethod::Illuminate\\Container\\{closure}()
#2 /var/www/emaparking_dss/vendor/laravel/framework/src/Illuminate/Container/BoundMethod.php(93): Illuminate\\Container\\Util::unwrapIfClosure()
#3 /var/www/emaparking_dss/vendor/laravel/framework/src/Illuminate/Container/BoundMethod.php(35): Illuminate\\Container\\BoundMethod::callBoundMethod()
#4 /var/www/emaparking_dss/vendor/laravel/framework/src/Illuminate/Container/Container.php(651): Illuminate\\Container\\BoundMethod::call()
#5 /var/www/emaparking_dss/vendor/laravel/framework/src/Illuminate/Foundation/Application.php(933): Illuminate\\Container\\Container->call()
#6 /var/www/emaparking_dss/vendor/laravel/framework/src/Illuminate/Foundation/Application.php(914): Illuminate\\Foundation\\Application->bootProvider()
#7 [internal function]: Illuminate\\Foundation\\Application->Illuminate\\Foundation\\{closure}()
#8 /var/www/emaparking_dss/vendor/laravel/framework/src/Illuminate/Foundation/Application.php(913): array_walk()
#9 /var/www/emaparking_dss/vendor/laravel/framework/src/Illuminate/Foundation/Bootstrap/BootProviders.php(17): Illuminate\\Foundation\\Application->boot()
#10 /var/www/emaparking_dss/vendor/laravel/framework/src/Illuminate/Foundation/Application.php(242): Illuminate\\Foundation\\Bootstrap\\BootProviders->bootstrap()
#11 /var/www/emaparking_dss/vendor/laravel/framework/src/Illuminate/Foundation/Console/Kernel.php(383): Illuminate\\Foundation\\Application->bootstrapWith()
#12 /var/www/emaparking_dss/vendor/laravel/framework/src/Illuminate/Foundation/Console/Kernel.php(153): Illuminate\\Foundation\\Console\\Kernel->bootstrap()
#13 Command line code(1): Illuminate\\Foundation\\Console\\Kernel->handle()
#14 {main}
"} 
[2025-03-11 17:55:40] local.ERROR: Class "\Themes\BC\ThemeProvider" not found {"exception":"[object] (Error(code: 0): Class \"\\Themes\\BC\\ThemeProvider\" not found at /var/www/emaparking_dss/themes/ThemeServiceProvider.php:23)
[stacktrace]
#0 /var/www/emaparking_dss/vendor/laravel/framework/src/Illuminate/Container/BoundMethod.php(36): Themes\\ThemeServiceProvider->boot()
#1 /var/www/emaparking_dss/vendor/laravel/framework/src/Illuminate/Container/Util.php(41): Illuminate\\Container\\BoundMethod::Illuminate\\Container\\{closure}()
#2 /var/www/emaparking_dss/vendor/laravel/framework/src/Illuminate/Container/BoundMethod.php(93): Illuminate\\Container\\Util::unwrapIfClosure()
#3 /var/www/emaparking_dss/vendor/laravel/framework/src/Illuminate/Container/BoundMethod.php(35): Illuminate\\Container\\BoundMethod::callBoundMethod()
#4 /var/www/emaparking_dss/vendor/laravel/framework/src/Illuminate/Container/Container.php(651): Illuminate\\Container\\BoundMethod::call()
#5 /var/www/emaparking_dss/vendor/laravel/framework/src/Illuminate/Foundation/Application.php(933): Illuminate\\Container\\Container->call()
#6 /var/www/emaparking_dss/vendor/laravel/framework/src/Illuminate/Foundation/Application.php(914): Illuminate\\Foundation\\Application->bootProvider()
#7 [internal function]: Illuminate\\Foundation\\Application->Illuminate\\Foundation\\{closure}()
#8 /var/www/emaparking_dss/vendor/laravel/framework/src/Illuminate/Foundation/Application.php(913): array_walk()
#9 /var/www/emaparking_dss/vendor/laravel/framework/src/Illuminate/Foundation/Bootstrap/BootProviders.php(17): Illuminate\\Foundation\\Application->boot()
#10 /var/www/emaparking_dss/vendor/laravel/framework/src/Illuminate/Foundation/Application.php(242): Illuminate\\Foundation\\Bootstrap\\BootProviders->bootstrap()
#11 /var/www/emaparking_dss/vendor/laravel/framework/src/Illuminate/Foundation/Console/Kernel.php(383): Illuminate\\Foundation\\Application->bootstrapWith()
#12 /var/www/emaparking_dss/vendor/laravel/framework/src/Illuminate/Foundation/Console/Kernel.php(153): Illuminate\\Foundation\\Console\\Kernel->bootstrap()
#13 Command line code(1): Illuminate\\Foundation\\Console\\Kernel->handle()
#14 {main}
"} 
[2025-03-11 17:56:40] local.ERROR: Class "\Themes\BC\ThemeProvider" not found {"exception":"[object] (Error(code: 0): Class \"\\Themes\\BC\\ThemeProvider\" not found at /var/www/emaparking_dss/themes/ThemeServiceProvider.php:23)
[stacktrace]
#0 /var/www/emaparking_dss/vendor/laravel/framework/src/Illuminate/Container/BoundMethod.php(36): Themes\\ThemeServiceProvider->boot()
#1 /var/www/emaparking_dss/vendor/laravel/framework/src/Illuminate/Container/Util.php(41): Illuminate\\Container\\BoundMethod::Illuminate\\Container\\{closure}()
#2 /var/www/emaparking_dss/vendor/laravel/framework/src/Illuminate/Container/BoundMethod.php(93): Illuminate\\Container\\Util::unwrapIfClosure()
#3 /var/www/emaparking_dss/vendor/laravel/framework/src/Illuminate/Container/BoundMethod.php(35): Illuminate\\Container\\BoundMethod::callBoundMethod()
#4 /var/www/emaparking_dss/vendor/laravel/framework/src/Illuminate/Container/Container.php(651): Illuminate\\Container\\BoundMethod::call()
#5 /var/www/emaparking_dss/vendor/laravel/framework/src/Illuminate/Foundation/Application.php(933): Illuminate\\Container\\Container->call()
#6 /var/www/emaparking_dss/vendor/laravel/framework/src/Illuminate/Foundation/Application.php(914): Illuminate\\Foundation\\Application->bootProvider()
#7 [internal function]: Illuminate\\Foundation\\Application->Illuminate\\Foundation\\{closure}()
#8 /var/www/emaparking_dss/vendor/laravel/framework/src/Illuminate/Foundation/Application.php(913): array_walk()
#9 /var/www/emaparking_dss/vendor/laravel/framework/src/Illuminate/Foundation/Bootstrap/BootProviders.php(17): Illuminate\\Foundation\\Application->boot()
#10 /var/www/emaparking_dss/vendor/laravel/framework/src/Illuminate/Foundation/Application.php(242): Illuminate\\Foundation\\Bootstrap\\BootProviders->bootstrap()
#11 /var/www/emaparking_dss/vendor/laravel/framework/src/Illuminate/Foundation/Console/Kernel.php(383): Illuminate\\Foundation\\Application->bootstrapWith()
#12 /var/www/emaparking_dss/vendor/laravel/framework/src/Illuminate/Foundation/Console/Kernel.php(153): Illuminate\\Foundation\\Console\\Kernel->bootstrap()
#13 Command line code(1): Illuminate\\Foundation\\Console\\Kernel->handle()
#14 {main}
"} 
[2025-03-11 17:56:40] local.ERROR: Class "\Themes\BC\ThemeProvider" not found {"exception":"[object] (Error(code: 0): Class \"\\Themes\\BC\\ThemeProvider\" not found at /var/www/emaparking_dss/themes/ThemeServiceProvider.php:23)
[stacktrace]
#0 /var/www/emaparking_dss/vendor/laravel/framework/src/Illuminate/Container/BoundMethod.php(36): Themes\\ThemeServiceProvider->boot()
#1 /var/www/emaparking_dss/vendor/laravel/framework/src/Illuminate/Container/Util.php(41): Illuminate\\Container\\BoundMethod::Illuminate\\Container\\{closure}()
#2 /var/www/emaparking_dss/vendor/laravel/framework/src/Illuminate/Container/BoundMethod.php(93): Illuminate\\Container\\Util::unwrapIfClosure()
#3 /var/www/emaparking_dss/vendor/laravel/framework/src/Illuminate/Container/BoundMethod.php(35): Illuminate\\Container\\BoundMethod::callBoundMethod()
#4 /var/www/emaparking_dss/vendor/laravel/framework/src/Illuminate/Container/Container.php(651): Illuminate\\Container\\BoundMethod::call()
#5 /var/www/emaparking_dss/vendor/laravel/framework/src/Illuminate/Foundation/Application.php(933): Illuminate\\Container\\Container->call()
#6 /var/www/emaparking_dss/vendor/laravel/framework/src/Illuminate/Foundation/Application.php(914): Illuminate\\Foundation\\Application->bootProvider()
#7 [internal function]: Illuminate\\Foundation\\Application->Illuminate\\Foundation\\{closure}()
#8 /var/www/emaparking_dss/vendor/laravel/framework/src/Illuminate/Foundation/Application.php(913): array_walk()
#9 /var/www/emaparking_dss/vendor/laravel/framework/src/Illuminate/Foundation/Bootstrap/BootProviders.php(17): Illuminate\\Foundation\\Application->boot()
#10 /var/www/emaparking_dss/vendor/laravel/framework/src/Illuminate/Foundation/Application.php(242): Illuminate\\Foundation\\Bootstrap\\BootProviders->bootstrap()
#11 /var/www/emaparking_dss/vendor/laravel/framework/src/Illuminate/Foundation/Console/Kernel.php(383): Illuminate\\Foundation\\Application->bootstrapWith()
#12 /var/www/emaparking_dss/vendor/laravel/framework/src/Illuminate/Foundation/Console/Kernel.php(153): Illuminate\\Foundation\\Console\\Kernel->bootstrap()
#13 Command line code(1): Illuminate\\Foundation\\Console\\Kernel->handle()
#14 {main}
"} 
[2025-03-11 17:57:40] local.ERROR: Class "\Themes\BC\ThemeProvider" not found {"exception":"[object] (Error(code: 0): Class \"\\Themes\\BC\\ThemeProvider\" not found at /var/www/emaparking_dss/themes/ThemeServiceProvider.php:23)
[stacktrace]
#0 /var/www/emaparking_dss/vendor/laravel/framework/src/Illuminate/Container/BoundMethod.php(36): Themes\\ThemeServiceProvider->boot()
#1 /var/www/emaparking_dss/vendor/laravel/framework/src/Illuminate/Container/Util.php(41): Illuminate\\Container\\BoundMethod::Illuminate\\Container\\{closure}()
#2 /var/www/emaparking_dss/vendor/laravel/framework/src/Illuminate/Container/BoundMethod.php(93): Illuminate\\Container\\Util::unwrapIfClosure()
#3 /var/www/emaparking_dss/vendor/laravel/framework/src/Illuminate/Container/BoundMethod.php(35): Illuminate\\Container\\BoundMethod::callBoundMethod()
#4 /var/www/emaparking_dss/vendor/laravel/framework/src/Illuminate/Container/Container.php(651): Illuminate\\Container\\BoundMethod::call()
#5 /var/www/emaparking_dss/vendor/laravel/framework/src/Illuminate/Foundation/Application.php(933): Illuminate\\Container\\Container->call()
#6 /var/www/emaparking_dss/vendor/laravel/framework/src/Illuminate/Foundation/Application.php(914): Illuminate\\Foundation\\Application->bootProvider()
#7 [internal function]: Illuminate\\Foundation\\Application->Illuminate\\Foundation\\{closure}()
#8 /var/www/emaparking_dss/vendor/laravel/framework/src/Illuminate/Foundation/Application.php(913): array_walk()
#9 /var/www/emaparking_dss/vendor/laravel/framework/src/Illuminate/Foundation/Bootstrap/BootProviders.php(17): Illuminate\\Foundation\\Application->boot()
#10 /var/www/emaparking_dss/vendor/laravel/framework/src/Illuminate/Foundation/Application.php(242): Illuminate\\Foundation\\Bootstrap\\BootProviders->bootstrap()
#11 /var/www/emaparking_dss/vendor/laravel/framework/src/Illuminate/Foundation/Console/Kernel.php(383): Illuminate\\Foundation\\Application->bootstrapWith()
#12 /var/www/emaparking_dss/vendor/laravel/framework/src/Illuminate/Foundation/Console/Kernel.php(153): Illuminate\\Foundation\\Console\\Kernel->bootstrap()
#13 Command line code(1): Illuminate\\Foundation\\Console\\Kernel->handle()
#14 {main}
"} 
[2025-03-11 17:57:40] local.ERROR: Class "\Themes\BC\ThemeProvider" not found {"exception":"[object] (Error(code: 0): Class \"\\Themes\\BC\\ThemeProvider\" not found at /var/www/emaparking_dss/themes/ThemeServiceProvider.php:23)
[stacktrace]
#0 /var/www/emaparking_dss/vendor/laravel/framework/src/Illuminate/Container/BoundMethod.php(36): Themes\\ThemeServiceProvider->boot()
#1 /var/www/emaparking_dss/vendor/laravel/framework/src/Illuminate/Container/Util.php(41): Illuminate\\Container\\BoundMethod::Illuminate\\Container\\{closure}()
#2 /var/www/emaparking_dss/vendor/laravel/framework/src/Illuminate/Container/BoundMethod.php(93): Illuminate\\Container\\Util::unwrapIfClosure()
#3 /var/www/emaparking_dss/vendor/laravel/framework/src/Illuminate/Container/BoundMethod.php(35): Illuminate\\Container\\BoundMethod::callBoundMethod()
#4 /var/www/emaparking_dss/vendor/laravel/framework/src/Illuminate/Container/Container.php(651): Illuminate\\Container\\BoundMethod::call()
#5 /var/www/emaparking_dss/vendor/laravel/framework/src/Illuminate/Foundation/Application.php(933): Illuminate\\Container\\Container->call()
#6 /var/www/emaparking_dss/vendor/laravel/framework/src/Illuminate/Foundation/Application.php(914): Illuminate\\Foundation\\Application->bootProvider()
#7 [internal function]: Illuminate\\Foundation\\Application->Illuminate\\Foundation\\{closure}()
#8 /var/www/emaparking_dss/vendor/laravel/framework/src/Illuminate/Foundation/Application.php(913): array_walk()
#9 /var/www/emaparking_dss/vendor/laravel/framework/src/Illuminate/Foundation/Bootstrap/BootProviders.php(17): Illuminate\\Foundation\\Application->boot()
#10 /var/www/emaparking_dss/vendor/laravel/framework/src/Illuminate/Foundation/Application.php(242): Illuminate\\Foundation\\Bootstrap\\BootProviders->bootstrap()
#11 /var/www/emaparking_dss/vendor/laravel/framework/src/Illuminate/Foundation/Console/Kernel.php(383): Illuminate\\Foundation\\Application->bootstrapWith()
#12 /var/www/emaparking_dss/vendor/laravel/framework/src/Illuminate/Foundation/Console/Kernel.php(153): Illuminate\\Foundation\\Console\\Kernel->bootstrap()
#13 Command line code(1): Illuminate\\Foundation\\Console\\Kernel->handle()
#14 {main}
"} 
[2025-03-11 17:58:40] local.ERROR: Class "\Themes\BC\ThemeProvider" not found {"exception":"[object] (Error(code: 0): Class \"\\Themes\\BC\\ThemeProvider\" not found at /var/www/emaparking_dss/themes/ThemeServiceProvider.php:23)
[stacktrace]
#0 /var/www/emaparking_dss/vendor/laravel/framework/src/Illuminate/Container/BoundMethod.php(36): Themes\\ThemeServiceProvider->boot()
#1 /var/www/emaparking_dss/vendor/laravel/framework/src/Illuminate/Container/Util.php(41): Illuminate\\Container\\BoundMethod::Illuminate\\Container\\{closure}()
#2 /var/www/emaparking_dss/vendor/laravel/framework/src/Illuminate/Container/BoundMethod.php(93): Illuminate\\Container\\Util::unwrapIfClosure()
#3 /var/www/emaparking_dss/vendor/laravel/framework/src/Illuminate/Container/BoundMethod.php(35): Illuminate\\Container\\BoundMethod::callBoundMethod()
#4 /var/www/emaparking_dss/vendor/laravel/framework/src/Illuminate/Container/Container.php(651): Illuminate\\Container\\BoundMethod::call()
#5 /var/www/emaparking_dss/vendor/laravel/framework/src/Illuminate/Foundation/Application.php(933): Illuminate\\Container\\Container->call()
#6 /var/www/emaparking_dss/vendor/laravel/framework/src/Illuminate/Foundation/Application.php(914): Illuminate\\Foundation\\Application->bootProvider()
#7 [internal function]: Illuminate\\Foundation\\Application->Illuminate\\Foundation\\{closure}()
#8 /var/www/emaparking_dss/vendor/laravel/framework/src/Illuminate/Foundation/Application.php(913): array_walk()
#9 /var/www/emaparking_dss/vendor/laravel/framework/src/Illuminate/Foundation/Bootstrap/BootProviders.php(17): Illuminate\\Foundation\\Application->boot()
#10 /var/www/emaparking_dss/vendor/laravel/framework/src/Illuminate/Foundation/Application.php(242): Illuminate\\Foundation\\Bootstrap\\BootProviders->bootstrap()
#11 /var/www/emaparking_dss/vendor/laravel/framework/src/Illuminate/Foundation/Console/Kernel.php(383): Illuminate\\Foundation\\Application->bootstrapWith()
#12 /var/www/emaparking_dss/vendor/laravel/framework/src/Illuminate/Foundation/Console/Kernel.php(153): Illuminate\\Foundation\\Console\\Kernel->bootstrap()
#13 Command line code(1): Illuminate\\Foundation\\Console\\Kernel->handle()
#14 {main}
"} 
[2025-03-11 17:58:40] local.ERROR: Class "\Themes\BC\ThemeProvider" not found {"exception":"[object] (Error(code: 0): Class \"\\Themes\\BC\\ThemeProvider\" not found at /var/www/emaparking_dss/themes/ThemeServiceProvider.php:23)
[stacktrace]
#0 /var/www/emaparking_dss/vendor/laravel/framework/src/Illuminate/Container/BoundMethod.php(36): Themes\\ThemeServiceProvider->boot()
#1 /var/www/emaparking_dss/vendor/laravel/framework/src/Illuminate/Container/Util.php(41): Illuminate\\Container\\BoundMethod::Illuminate\\Container\\{closure}()
#2 /var/www/emaparking_dss/vendor/laravel/framework/src/Illuminate/Container/BoundMethod.php(93): Illuminate\\Container\\Util::unwrapIfClosure()
#3 /var/www/emaparking_dss/vendor/laravel/framework/src/Illuminate/Container/BoundMethod.php(35): Illuminate\\Container\\BoundMethod::callBoundMethod()
#4 /var/www/emaparking_dss/vendor/laravel/framework/src/Illuminate/Container/Container.php(651): Illuminate\\Container\\BoundMethod::call()
#5 /var/www/emaparking_dss/vendor/laravel/framework/src/Illuminate/Foundation/Application.php(933): Illuminate\\Container\\Container->call()
#6 /var/www/emaparking_dss/vendor/laravel/framework/src/Illuminate/Foundation/Application.php(914): Illuminate\\Foundation\\Application->bootProvider()
#7 [internal function]: Illuminate\\Foundation\\Application->Illuminate\\Foundation\\{closure}()
#8 /var/www/emaparking_dss/vendor/laravel/framework/src/Illuminate/Foundation/Application.php(913): array_walk()
#9 /var/www/emaparking_dss/vendor/laravel/framework/src/Illuminate/Foundation/Bootstrap/BootProviders.php(17): Illuminate\\Foundation\\Application->boot()
#10 /var/www/emaparking_dss/vendor/laravel/framework/src/Illuminate/Foundation/Application.php(242): Illuminate\\Foundation\\Bootstrap\\BootProviders->bootstrap()
#11 /var/www/emaparking_dss/vendor/laravel/framework/src/Illuminate/Foundation/Console/Kernel.php(383): Illuminate\\Foundation\\Application->bootstrapWith()
#12 /var/www/emaparking_dss/vendor/laravel/framework/src/Illuminate/Foundation/Console/Kernel.php(153): Illuminate\\Foundation\\Console\\Kernel->bootstrap()
#13 Command line code(1): Illuminate\\Foundation\\Console\\Kernel->handle()
#14 {main}
"} 
[2025-03-11 17:59:40] local.ERROR: Class "\Themes\BC\ThemeProvider" not found {"exception":"[object] (Error(code: 0): Class \"\\Themes\\BC\\ThemeProvider\" not found at /var/www/emaparking_dss/themes/ThemeServiceProvider.php:23)
[stacktrace]
#0 /var/www/emaparking_dss/vendor/laravel/framework/src/Illuminate/Container/BoundMethod.php(36): Themes\\ThemeServiceProvider->boot()
#1 /var/www/emaparking_dss/vendor/laravel/framework/src/Illuminate/Container/Util.php(41): Illuminate\\Container\\BoundMethod::Illuminate\\Container\\{closure}()
#2 /var/www/emaparking_dss/vendor/laravel/framework/src/Illuminate/Container/BoundMethod.php(93): Illuminate\\Container\\Util::unwrapIfClosure()
#3 /var/www/emaparking_dss/vendor/laravel/framework/src/Illuminate/Container/BoundMethod.php(35): Illuminate\\Container\\BoundMethod::callBoundMethod()
#4 /var/www/emaparking_dss/vendor/laravel/framework/src/Illuminate/Container/Container.php(651): Illuminate\\Container\\BoundMethod::call()
#5 /var/www/emaparking_dss/vendor/laravel/framework/src/Illuminate/Foundation/Application.php(933): Illuminate\\Container\\Container->call()
#6 /var/www/emaparking_dss/vendor/laravel/framework/src/Illuminate/Foundation/Application.php(914): Illuminate\\Foundation\\Application->bootProvider()
#7 [internal function]: Illuminate\\Foundation\\Application->Illuminate\\Foundation\\{closure}()
#8 /var/www/emaparking_dss/vendor/laravel/framework/src/Illuminate/Foundation/Application.php(913): array_walk()
#9 /var/www/emaparking_dss/vendor/laravel/framework/src/Illuminate/Foundation/Bootstrap/BootProviders.php(17): Illuminate\\Foundation\\Application->boot()
#10 /var/www/emaparking_dss/vendor/laravel/framework/src/Illuminate/Foundation/Application.php(242): Illuminate\\Foundation\\Bootstrap\\BootProviders->bootstrap()
#11 /var/www/emaparking_dss/vendor/laravel/framework/src/Illuminate/Foundation/Console/Kernel.php(383): Illuminate\\Foundation\\Application->bootstrapWith()
#12 /var/www/emaparking_dss/vendor/laravel/framework/src/Illuminate/Foundation/Console/Kernel.php(153): Illuminate\\Foundation\\Console\\Kernel->bootstrap()
#13 Command line code(1): Illuminate\\Foundation\\Console\\Kernel->handle()
#14 {main}
"} 
[2025-03-11 17:59:40] local.ERROR: Class "\Themes\BC\ThemeProvider" not found {"exception":"[object] (Error(code: 0): Class \"\\Themes\\BC\\ThemeProvider\" not found at /var/www/emaparking_dss/themes/ThemeServiceProvider.php:23)
[stacktrace]
#0 /var/www/emaparking_dss/vendor/laravel/framework/src/Illuminate/Container/BoundMethod.php(36): Themes\\ThemeServiceProvider->boot()
#1 /var/www/emaparking_dss/vendor/laravel/framework/src/Illuminate/Container/Util.php(41): Illuminate\\Container\\BoundMethod::Illuminate\\Container\\{closure}()
#2 /var/www/emaparking_dss/vendor/laravel/framework/src/Illuminate/Container/BoundMethod.php(93): Illuminate\\Container\\Util::unwrapIfClosure()
#3 /var/www/emaparking_dss/vendor/laravel/framework/src/Illuminate/Container/BoundMethod.php(35): Illuminate\\Container\\BoundMethod::callBoundMethod()
#4 /var/www/emaparking_dss/vendor/laravel/framework/src/Illuminate/Container/Container.php(651): Illuminate\\Container\\BoundMethod::call()
#5 /var/www/emaparking_dss/vendor/laravel/framework/src/Illuminate/Foundation/Application.php(933): Illuminate\\Container\\Container->call()
#6 /var/www/emaparking_dss/vendor/laravel/framework/src/Illuminate/Foundation/Application.php(914): Illuminate\\Foundation\\Application->bootProvider()
#7 [internal function]: Illuminate\\Foundation\\Application->Illuminate\\Foundation\\{closure}()
#8 /var/www/emaparking_dss/vendor/laravel/framework/src/Illuminate/Foundation/Application.php(913): array_walk()
#9 /var/www/emaparking_dss/vendor/laravel/framework/src/Illuminate/Foundation/Bootstrap/BootProviders.php(17): Illuminate\\Foundation\\Application->boot()
#10 /var/www/emaparking_dss/vendor/laravel/framework/src/Illuminate/Foundation/Application.php(242): Illuminate\\Foundation\\Bootstrap\\BootProviders->bootstrap()
#11 /var/www/emaparking_dss/vendor/laravel/framework/src/Illuminate/Foundation/Console/Kernel.php(383): Illuminate\\Foundation\\Application->bootstrapWith()
#12 /var/www/emaparking_dss/vendor/laravel/framework/src/Illuminate/Foundation/Console/Kernel.php(153): Illuminate\\Foundation\\Console\\Kernel->bootstrap()
#13 Command line code(1): Illuminate\\Foundation\\Console\\Kernel->handle()
#14 {main}
"} 
[2025-03-11 17:59:40] local.ERROR: Class "\Themes\BC\ThemeProvider" not found {"exception":"[object] (Error(code: 0): Class \"\\Themes\\BC\\ThemeProvider\" not found at /var/www/emaparking_dss/themes/ThemeServiceProvider.php:23)
[stacktrace]
#0 /var/www/emaparking_dss/vendor/laravel/framework/src/Illuminate/Container/BoundMethod.php(36): Themes\\ThemeServiceProvider->boot()
#1 /var/www/emaparking_dss/vendor/laravel/framework/src/Illuminate/Container/Util.php(41): Illuminate\\Container\\BoundMethod::Illuminate\\Container\\{closure}()
#2 /var/www/emaparking_dss/vendor/laravel/framework/src/Illuminate/Container/BoundMethod.php(93): Illuminate\\Container\\Util::unwrapIfClosure()
#3 /var/www/emaparking_dss/vendor/laravel/framework/src/Illuminate/Container/BoundMethod.php(35): Illuminate\\Container\\BoundMethod::callBoundMethod()
#4 /var/www/emaparking_dss/vendor/laravel/framework/src/Illuminate/Container/Container.php(651): Illuminate\\Container\\BoundMethod::call()
#5 /var/www/emaparking_dss/vendor/laravel/framework/src/Illuminate/Foundation/Application.php(933): Illuminate\\Container\\Container->call()
#6 /var/www/emaparking_dss/vendor/laravel/framework/src/Illuminate/Foundation/Application.php(914): Illuminate\\Foundation\\Application->bootProvider()
#7 [internal function]: Illuminate\\Foundation\\Application->Illuminate\\Foundation\\{closure}()
#8 /var/www/emaparking_dss/vendor/laravel/framework/src/Illuminate/Foundation/Application.php(913): array_walk()
#9 /var/www/emaparking_dss/vendor/laravel/framework/src/Illuminate/Foundation/Bootstrap/BootProviders.php(17): Illuminate\\Foundation\\Application->boot()
#10 /var/www/emaparking_dss/vendor/laravel/framework/src/Illuminate/Foundation/Application.php(242): Illuminate\\Foundation\\Bootstrap\\BootProviders->bootstrap()
#11 /var/www/emaparking_dss/vendor/laravel/framework/src/Illuminate/Foundation/Console/Kernel.php(383): Illuminate\\Foundation\\Application->bootstrapWith()
#12 /var/www/emaparking_dss/vendor/laravel/framework/src/Illuminate/Foundation/Console/Kernel.php(153): Illuminate\\Foundation\\Console\\Kernel->bootstrap()
#13 Command line code(1): Illuminate\\Foundation\\Console\\Kernel->handle()
#14 {main}
"} 
[2025-03-11 18:00:40] local.ERROR: Class "\Themes\BC\ThemeProvider" not found {"exception":"[object] (Error(code: 0): Class \"\\Themes\\BC\\ThemeProvider\" not found at /var/www/emaparking_dss/themes/ThemeServiceProvider.php:23)
[stacktrace]
#0 /var/www/emaparking_dss/vendor/laravel/framework/src/Illuminate/Container/BoundMethod.php(36): Themes\\ThemeServiceProvider->boot()
#1 /var/www/emaparking_dss/vendor/laravel/framework/src/Illuminate/Container/Util.php(41): Illuminate\\Container\\BoundMethod::Illuminate\\Container\\{closure}()
#2 /var/www/emaparking_dss/vendor/laravel/framework/src/Illuminate/Container/BoundMethod.php(93): Illuminate\\Container\\Util::unwrapIfClosure()
#3 /var/www/emaparking_dss/vendor/laravel/framework/src/Illuminate/Container/BoundMethod.php(35): Illuminate\\Container\\BoundMethod::callBoundMethod()
#4 /var/www/emaparking_dss/vendor/laravel/framework/src/Illuminate/Container/Container.php(651): Illuminate\\Container\\BoundMethod::call()
#5 /var/www/emaparking_dss/vendor/laravel/framework/src/Illuminate/Foundation/Application.php(933): Illuminate\\Container\\Container->call()
#6 /var/www/emaparking_dss/vendor/laravel/framework/src/Illuminate/Foundation/Application.php(914): Illuminate\\Foundation\\Application->bootProvider()
#7 [internal function]: Illuminate\\Foundation\\Application->Illuminate\\Foundation\\{closure}()
#8 /var/www/emaparking_dss/vendor/laravel/framework/src/Illuminate/Foundation/Application.php(913): array_walk()
#9 /var/www/emaparking_dss/vendor/laravel/framework/src/Illuminate/Foundation/Bootstrap/BootProviders.php(17): Illuminate\\Foundation\\Application->boot()
#10 /var/www/emaparking_dss/vendor/laravel/framework/src/Illuminate/Foundation/Application.php(242): Illuminate\\Foundation\\Bootstrap\\BootProviders->bootstrap()
#11 /var/www/emaparking_dss/vendor/laravel/framework/src/Illuminate/Foundation/Console/Kernel.php(383): Illuminate\\Foundation\\Application->bootstrapWith()
#12 /var/www/emaparking_dss/vendor/laravel/framework/src/Illuminate/Foundation/Console/Kernel.php(153): Illuminate\\Foundation\\Console\\Kernel->bootstrap()
#13 Command line code(1): Illuminate\\Foundation\\Console\\Kernel->handle()
#14 {main}
"} 
[2025-03-11 18:00:40] local.ERROR: Class "\Themes\BC\ThemeProvider" not found {"exception":"[object] (Error(code: 0): Class \"\\Themes\\BC\\ThemeProvider\" not found at /var/www/emaparking_dss/themes/ThemeServiceProvider.php:23)
[stacktrace]
#0 /var/www/emaparking_dss/vendor/laravel/framework/src/Illuminate/Container/BoundMethod.php(36): Themes\\ThemeServiceProvider->boot()
#1 /var/www/emaparking_dss/vendor/laravel/framework/src/Illuminate/Container/Util.php(41): Illuminate\\Container\\BoundMethod::Illuminate\\Container\\{closure}()
#2 /var/www/emaparking_dss/vendor/laravel/framework/src/Illuminate/Container/BoundMethod.php(93): Illuminate\\Container\\Util::unwrapIfClosure()
#3 /var/www/emaparking_dss/vendor/laravel/framework/src/Illuminate/Container/BoundMethod.php(35): Illuminate\\Container\\BoundMethod::callBoundMethod()
#4 /var/www/emaparking_dss/vendor/laravel/framework/src/Illuminate/Container/Container.php(651): Illuminate\\Container\\BoundMethod::call()
#5 /var/www/emaparking_dss/vendor/laravel/framework/src/Illuminate/Foundation/Application.php(933): Illuminate\\Container\\Container->call()
#6 /var/www/emaparking_dss/vendor/laravel/framework/src/Illuminate/Foundation/Application.php(914): Illuminate\\Foundation\\Application->bootProvider()
#7 [internal function]: Illuminate\\Foundation\\Application->Illuminate\\Foundation\\{closure}()
#8 /var/www/emaparking_dss/vendor/laravel/framework/src/Illuminate/Foundation/Application.php(913): array_walk()
#9 /var/www/emaparking_dss/vendor/laravel/framework/src/Illuminate/Foundation/Bootstrap/BootProviders.php(17): Illuminate\\Foundation\\Application->boot()
#10 /var/www/emaparking_dss/vendor/laravel/framework/src/Illuminate/Foundation/Application.php(242): Illuminate\\Foundation\\Bootstrap\\BootProviders->bootstrap()
#11 /var/www/emaparking_dss/vendor/laravel/framework/src/Illuminate/Foundation/Console/Kernel.php(383): Illuminate\\Foundation\\Application->bootstrapWith()
#12 /var/www/emaparking_dss/vendor/laravel/framework/src/Illuminate/Foundation/Console/Kernel.php(153): Illuminate\\Foundation\\Console\\Kernel->bootstrap()
#13 Command line code(1): Illuminate\\Foundation\\Console\\Kernel->handle()
#14 {main}
"} 
[2025-03-11 18:00:42] local.ERROR: Class "\Themes\BC\ThemeProvider" not found {"exception":"[object] (Error(code: 0): Class \"\\Themes\\BC\\ThemeProvider\" not found at /var/www/emaparking_dss/themes/ThemeServiceProvider.php:23)
[stacktrace]
#0 /var/www/emaparking_dss/vendor/laravel/framework/src/Illuminate/Container/BoundMethod.php(36): Themes\\ThemeServiceProvider->boot()
#1 /var/www/emaparking_dss/vendor/laravel/framework/src/Illuminate/Container/Util.php(41): Illuminate\\Container\\BoundMethod::Illuminate\\Container\\{closure}()
#2 /var/www/emaparking_dss/vendor/laravel/framework/src/Illuminate/Container/BoundMethod.php(93): Illuminate\\Container\\Util::unwrapIfClosure()
#3 /var/www/emaparking_dss/vendor/laravel/framework/src/Illuminate/Container/BoundMethod.php(35): Illuminate\\Container\\BoundMethod::callBoundMethod()
#4 /var/www/emaparking_dss/vendor/laravel/framework/src/Illuminate/Container/Container.php(651): Illuminate\\Container\\BoundMethod::call()
#5 /var/www/emaparking_dss/vendor/laravel/framework/src/Illuminate/Foundation/Application.php(933): Illuminate\\Container\\Container->call()
#6 /var/www/emaparking_dss/vendor/laravel/framework/src/Illuminate/Foundation/Application.php(914): Illuminate\\Foundation\\Application->bootProvider()
#7 [internal function]: Illuminate\\Foundation\\Application->Illuminate\\Foundation\\{closure}()
#8 /var/www/emaparking_dss/vendor/laravel/framework/src/Illuminate/Foundation/Application.php(913): array_walk()
#9 /var/www/emaparking_dss/vendor/laravel/framework/src/Illuminate/Foundation/Bootstrap/BootProviders.php(17): Illuminate\\Foundation\\Application->boot()
#10 /var/www/emaparking_dss/vendor/laravel/framework/src/Illuminate/Foundation/Application.php(242): Illuminate\\Foundation\\Bootstrap\\BootProviders->bootstrap()
#11 /var/www/emaparking_dss/vendor/laravel/framework/src/Illuminate/Foundation/Console/Kernel.php(383): Illuminate\\Foundation\\Application->bootstrapWith()
#12 /var/www/emaparking_dss/vendor/laravel/framework/src/Illuminate/Foundation/Console/Kernel.php(153): Illuminate\\Foundation\\Console\\Kernel->bootstrap()
#13 Command line code(1): Illuminate\\Foundation\\Console\\Kernel->handle()
#14 {main}
"} 
[2025-03-11 18:00:54] local.ERROR: Class "\Themes\BC\ThemeProvider" not found {"exception":"[object] (Error(code: 0): Class \"\\Themes\\BC\\ThemeProvider\" not found at /var/www/emaparking_dss/themes/ThemeServiceProvider.php:23)
[stacktrace]
#0 /var/www/emaparking_dss/vendor/laravel/framework/src/Illuminate/Container/BoundMethod.php(36): Themes\\ThemeServiceProvider->boot()
#1 /var/www/emaparking_dss/vendor/laravel/framework/src/Illuminate/Container/Util.php(41): Illuminate\\Container\\BoundMethod::Illuminate\\Container\\{closure}()
#2 /var/www/emaparking_dss/vendor/laravel/framework/src/Illuminate/Container/BoundMethod.php(93): Illuminate\\Container\\Util::unwrapIfClosure()
#3 /var/www/emaparking_dss/vendor/laravel/framework/src/Illuminate/Container/BoundMethod.php(35): Illuminate\\Container\\BoundMethod::callBoundMethod()
#4 /var/www/emaparking_dss/vendor/laravel/framework/src/Illuminate/Container/Container.php(651): Illuminate\\Container\\BoundMethod::call()
#5 /var/www/emaparking_dss/vendor/laravel/framework/src/Illuminate/Foundation/Application.php(933): Illuminate\\Container\\Container->call()
#6 /var/www/emaparking_dss/vendor/laravel/framework/src/Illuminate/Foundation/Application.php(914): Illuminate\\Foundation\\Application->bootProvider()
#7 [internal function]: Illuminate\\Foundation\\Application->Illuminate\\Foundation\\{closure}()
#8 /var/www/emaparking_dss/vendor/laravel/framework/src/Illuminate/Foundation/Application.php(913): array_walk()
#9 /var/www/emaparking_dss/vendor/laravel/framework/src/Illuminate/Foundation/Bootstrap/BootProviders.php(17): Illuminate\\Foundation\\Application->boot()
#10 /var/www/emaparking_dss/vendor/laravel/framework/src/Illuminate/Foundation/Application.php(242): Illuminate\\Foundation\\Bootstrap\\BootProviders->bootstrap()
#11 /var/www/emaparking_dss/vendor/laravel/framework/src/Illuminate/Foundation/Console/Kernel.php(383): Illuminate\\Foundation\\Application->bootstrapWith()
#12 /var/www/emaparking_dss/vendor/laravel/framework/src/Illuminate/Foundation/Console/Kernel.php(153): Illuminate\\Foundation\\Console\\Kernel->bootstrap()
#13 Command line code(1): Illuminate\\Foundation\\Console\\Kernel->handle()
#14 {main}
"} 
[2025-03-11 18:01:40] local.ERROR: Class "\Themes\BC\ThemeProvider" not found {"exception":"[object] (Error(code: 0): Class \"\\Themes\\BC\\ThemeProvider\" not found at /var/www/emaparking_dss/themes/ThemeServiceProvider.php:23)
[stacktrace]
#0 /var/www/emaparking_dss/vendor/laravel/framework/src/Illuminate/Container/BoundMethod.php(36): Themes\\ThemeServiceProvider->boot()
#1 /var/www/emaparking_dss/vendor/laravel/framework/src/Illuminate/Container/Util.php(41): Illuminate\\Container\\BoundMethod::Illuminate\\Container\\{closure}()
#2 /var/www/emaparking_dss/vendor/laravel/framework/src/Illuminate/Container/BoundMethod.php(93): Illuminate\\Container\\Util::unwrapIfClosure()
#3 /var/www/emaparking_dss/vendor/laravel/framework/src/Illuminate/Container/BoundMethod.php(35): Illuminate\\Container\\BoundMethod::callBoundMethod()
#4 /var/www/emaparking_dss/vendor/laravel/framework/src/Illuminate/Container/Container.php(651): Illuminate\\Container\\BoundMethod::call()
#5 /var/www/emaparking_dss/vendor/laravel/framework/src/Illuminate/Foundation/Application.php(933): Illuminate\\Container\\Container->call()
#6 /var/www/emaparking_dss/vendor/laravel/framework/src/Illuminate/Foundation/Application.php(914): Illuminate\\Foundation\\Application->bootProvider()
#7 [internal function]: Illuminate\\Foundation\\Application->Illuminate\\Foundation\\{closure}()
#8 /var/www/emaparking_dss/vendor/laravel/framework/src/Illuminate/Foundation/Application.php(913): array_walk()
#9 /var/www/emaparking_dss/vendor/laravel/framework/src/Illuminate/Foundation/Bootstrap/BootProviders.php(17): Illuminate\\Foundation\\Application->boot()
#10 /var/www/emaparking_dss/vendor/laravel/framework/src/Illuminate/Foundation/Application.php(242): Illuminate\\Foundation\\Bootstrap\\BootProviders->bootstrap()
#11 /var/www/emaparking_dss/vendor/laravel/framework/src/Illuminate/Foundation/Console/Kernel.php(383): Illuminate\\Foundation\\Application->bootstrapWith()
#12 /var/www/emaparking_dss/vendor/laravel/framework/src/Illuminate/Foundation/Console/Kernel.php(153): Illuminate\\Foundation\\Console\\Kernel->bootstrap()
#13 Command line code(1): Illuminate\\Foundation\\Console\\Kernel->handle()
#14 {main}
"} 
[2025-03-11 18:01:40] local.ERROR: Class "\Themes\BC\ThemeProvider" not found {"exception":"[object] (Error(code: 0): Class \"\\Themes\\BC\\ThemeProvider\" not found at /var/www/emaparking_dss/themes/ThemeServiceProvider.php:23)
[stacktrace]
#0 /var/www/emaparking_dss/vendor/laravel/framework/src/Illuminate/Container/BoundMethod.php(36): Themes\\ThemeServiceProvider->boot()
#1 /var/www/emaparking_dss/vendor/laravel/framework/src/Illuminate/Container/Util.php(41): Illuminate\\Container\\BoundMethod::Illuminate\\Container\\{closure}()
#2 /var/www/emaparking_dss/vendor/laravel/framework/src/Illuminate/Container/BoundMethod.php(93): Illuminate\\Container\\Util::unwrapIfClosure()
#3 /var/www/emaparking_dss/vendor/laravel/framework/src/Illuminate/Container/BoundMethod.php(35): Illuminate\\Container\\BoundMethod::callBoundMethod()
#4 /var/www/emaparking_dss/vendor/laravel/framework/src/Illuminate/Container/Container.php(651): Illuminate\\Container\\BoundMethod::call()
#5 /var/www/emaparking_dss/vendor/laravel/framework/src/Illuminate/Foundation/Application.php(933): Illuminate\\Container\\Container->call()
#6 /var/www/emaparking_dss/vendor/laravel/framework/src/Illuminate/Foundation/Application.php(914): Illuminate\\Foundation\\Application->bootProvider()
#7 [internal function]: Illuminate\\Foundation\\Application->Illuminate\\Foundation\\{closure}()
#8 /var/www/emaparking_dss/vendor/laravel/framework/src/Illuminate/Foundation/Application.php(913): array_walk()
#9 /var/www/emaparking_dss/vendor/laravel/framework/src/Illuminate/Foundation/Bootstrap/BootProviders.php(17): Illuminate\\Foundation\\Application->boot()
#10 /var/www/emaparking_dss/vendor/laravel/framework/src/Illuminate/Foundation/Application.php(242): Illuminate\\Foundation\\Bootstrap\\BootProviders->bootstrap()
#11 /var/www/emaparking_dss/vendor/laravel/framework/src/Illuminate/Foundation/Console/Kernel.php(383): Illuminate\\Foundation\\Application->bootstrapWith()
#12 /var/www/emaparking_dss/vendor/laravel/framework/src/Illuminate/Foundation/Console/Kernel.php(153): Illuminate\\Foundation\\Console\\Kernel->bootstrap()
#13 Command line code(1): Illuminate\\Foundation\\Console\\Kernel->handle()
#14 {main}
"} 
[2025-03-11 18:02:40] local.ERROR: Class "\Themes\BC\ThemeProvider" not found {"exception":"[object] (Error(code: 0): Class \"\\Themes\\BC\\ThemeProvider\" not found at /var/www/emaparking_dss/themes/ThemeServiceProvider.php:23)
[stacktrace]
#0 /var/www/emaparking_dss/vendor/laravel/framework/src/Illuminate/Container/BoundMethod.php(36): Themes\\ThemeServiceProvider->boot()
#1 /var/www/emaparking_dss/vendor/laravel/framework/src/Illuminate/Container/Util.php(41): Illuminate\\Container\\BoundMethod::Illuminate\\Container\\{closure}()
#2 /var/www/emaparking_dss/vendor/laravel/framework/src/Illuminate/Container/BoundMethod.php(93): Illuminate\\Container\\Util::unwrapIfClosure()
#3 /var/www/emaparking_dss/vendor/laravel/framework/src/Illuminate/Container/BoundMethod.php(35): Illuminate\\Container\\BoundMethod::callBoundMethod()
#4 /var/www/emaparking_dss/vendor/laravel/framework/src/Illuminate/Container/Container.php(651): Illuminate\\Container\\BoundMethod::call()
#5 /var/www/emaparking_dss/vendor/laravel/framework/src/Illuminate/Foundation/Application.php(933): Illuminate\\Container\\Container->call()
#6 /var/www/emaparking_dss/vendor/laravel/framework/src/Illuminate/Foundation/Application.php(914): Illuminate\\Foundation\\Application->bootProvider()
#7 [internal function]: Illuminate\\Foundation\\Application->Illuminate\\Foundation\\{closure}()
#8 /var/www/emaparking_dss/vendor/laravel/framework/src/Illuminate/Foundation/Application.php(913): array_walk()
#9 /var/www/emaparking_dss/vendor/laravel/framework/src/Illuminate/Foundation/Bootstrap/BootProviders.php(17): Illuminate\\Foundation\\Application->boot()
#10 /var/www/emaparking_dss/vendor/laravel/framework/src/Illuminate/Foundation/Application.php(242): Illuminate\\Foundation\\Bootstrap\\BootProviders->bootstrap()
#11 /var/www/emaparking_dss/vendor/laravel/framework/src/Illuminate/Foundation/Console/Kernel.php(383): Illuminate\\Foundation\\Application->bootstrapWith()
#12 /var/www/emaparking_dss/vendor/laravel/framework/src/Illuminate/Foundation/Console/Kernel.php(153): Illuminate\\Foundation\\Console\\Kernel->bootstrap()
#13 Command line code(1): Illuminate\\Foundation\\Console\\Kernel->handle()
#14 {main}
"} 
[2025-03-11 18:02:40] local.ERROR: Class "\Themes\BC\ThemeProvider" not found {"exception":"[object] (Error(code: 0): Class \"\\Themes\\BC\\ThemeProvider\" not found at /var/www/emaparking_dss/themes/ThemeServiceProvider.php:23)
[stacktrace]
#0 /var/www/emaparking_dss/vendor/laravel/framework/src/Illuminate/Container/BoundMethod.php(36): Themes\\ThemeServiceProvider->boot()
#1 /var/www/emaparking_dss/vendor/laravel/framework/src/Illuminate/Container/Util.php(41): Illuminate\\Container\\BoundMethod::Illuminate\\Container\\{closure}()
#2 /var/www/emaparking_dss/vendor/laravel/framework/src/Illuminate/Container/BoundMethod.php(93): Illuminate\\Container\\Util::unwrapIfClosure()
#3 /var/www/emaparking_dss/vendor/laravel/framework/src/Illuminate/Container/BoundMethod.php(35): Illuminate\\Container\\BoundMethod::callBoundMethod()
#4 /var/www/emaparking_dss/vendor/laravel/framework/src/Illuminate/Container/Container.php(651): Illuminate\\Container\\BoundMethod::call()
#5 /var/www/emaparking_dss/vendor/laravel/framework/src/Illuminate/Foundation/Application.php(933): Illuminate\\Container\\Container->call()
#6 /var/www/emaparking_dss/vendor/laravel/framework/src/Illuminate/Foundation/Application.php(914): Illuminate\\Foundation\\Application->bootProvider()
#7 [internal function]: Illuminate\\Foundation\\Application->Illuminate\\Foundation\\{closure}()
#8 /var/www/emaparking_dss/vendor/laravel/framework/src/Illuminate/Foundation/Application.php(913): array_walk()
#9 /var/www/emaparking_dss/vendor/laravel/framework/src/Illuminate/Foundation/Bootstrap/BootProviders.php(17): Illuminate\\Foundation\\Application->boot()
#10 /var/www/emaparking_dss/vendor/laravel/framework/src/Illuminate/Foundation/Application.php(242): Illuminate\\Foundation\\Bootstrap\\BootProviders->bootstrap()
#11 /var/www/emaparking_dss/vendor/laravel/framework/src/Illuminate/Foundation/Console/Kernel.php(383): Illuminate\\Foundation\\Application->bootstrapWith()
#12 /var/www/emaparking_dss/vendor/laravel/framework/src/Illuminate/Foundation/Console/Kernel.php(153): Illuminate\\Foundation\\Console\\Kernel->bootstrap()
#13 Command line code(1): Illuminate\\Foundation\\Console\\Kernel->handle()
#14 {main}
"} 
[2025-03-11 18:03:00] local.ERROR: Class "\Themes\BC\ThemeProvider" not found {"exception":"[object] (Error(code: 0): Class \"\\Themes\\BC\\ThemeProvider\" not found at /var/www/emaparking_dss/themes/ThemeServiceProvider.php:23)
[stacktrace]
#0 /var/www/emaparking_dss/vendor/laravel/framework/src/Illuminate/Container/BoundMethod.php(36): Themes\\ThemeServiceProvider->boot()
#1 /var/www/emaparking_dss/vendor/laravel/framework/src/Illuminate/Container/Util.php(41): Illuminate\\Container\\BoundMethod::Illuminate\\Container\\{closure}()
#2 /var/www/emaparking_dss/vendor/laravel/framework/src/Illuminate/Container/BoundMethod.php(93): Illuminate\\Container\\Util::unwrapIfClosure()
#3 /var/www/emaparking_dss/vendor/laravel/framework/src/Illuminate/Container/BoundMethod.php(35): Illuminate\\Container\\BoundMethod::callBoundMethod()
#4 /var/www/emaparking_dss/vendor/laravel/framework/src/Illuminate/Container/Container.php(651): Illuminate\\Container\\BoundMethod::call()
#5 /var/www/emaparking_dss/vendor/laravel/framework/src/Illuminate/Foundation/Application.php(933): Illuminate\\Container\\Container->call()
#6 /var/www/emaparking_dss/vendor/laravel/framework/src/Illuminate/Foundation/Application.php(914): Illuminate\\Foundation\\Application->bootProvider()
#7 [internal function]: Illuminate\\Foundation\\Application->Illuminate\\Foundation\\{closure}()
#8 /var/www/emaparking_dss/vendor/laravel/framework/src/Illuminate/Foundation/Application.php(913): array_walk()
#9 /var/www/emaparking_dss/vendor/laravel/framework/src/Illuminate/Foundation/Bootstrap/BootProviders.php(17): Illuminate\\Foundation\\Application->boot()
#10 /var/www/emaparking_dss/vendor/laravel/framework/src/Illuminate/Foundation/Application.php(242): Illuminate\\Foundation\\Bootstrap\\BootProviders->bootstrap()
#11 /var/www/emaparking_dss/vendor/laravel/framework/src/Illuminate/Foundation/Console/Kernel.php(383): Illuminate\\Foundation\\Application->bootstrapWith()
#12 /var/www/emaparking_dss/vendor/laravel/framework/src/Illuminate/Foundation/Console/Kernel.php(153): Illuminate\\Foundation\\Console\\Kernel->bootstrap()
#13 Command line code(1): Illuminate\\Foundation\\Console\\Kernel->handle()
#14 {main}
"} 
[2025-03-11 18:03:40] local.ERROR: Class "\Themes\BC\ThemeProvider" not found {"exception":"[object] (Error(code: 0): Class \"\\Themes\\BC\\ThemeProvider\" not found at /var/www/emaparking_dss/themes/ThemeServiceProvider.php:23)
[stacktrace]
#0 /var/www/emaparking_dss/vendor/laravel/framework/src/Illuminate/Container/BoundMethod.php(36): Themes\\ThemeServiceProvider->boot()
#1 /var/www/emaparking_dss/vendor/laravel/framework/src/Illuminate/Container/Util.php(41): Illuminate\\Container\\BoundMethod::Illuminate\\Container\\{closure}()
#2 /var/www/emaparking_dss/vendor/laravel/framework/src/Illuminate/Container/BoundMethod.php(93): Illuminate\\Container\\Util::unwrapIfClosure()
#3 /var/www/emaparking_dss/vendor/laravel/framework/src/Illuminate/Container/BoundMethod.php(35): Illuminate\\Container\\BoundMethod::callBoundMethod()
#4 /var/www/emaparking_dss/vendor/laravel/framework/src/Illuminate/Container/Container.php(651): Illuminate\\Container\\BoundMethod::call()
#5 /var/www/emaparking_dss/vendor/laravel/framework/src/Illuminate/Foundation/Application.php(933): Illuminate\\Container\\Container->call()
#6 /var/www/emaparking_dss/vendor/laravel/framework/src/Illuminate/Foundation/Application.php(914): Illuminate\\Foundation\\Application->bootProvider()
#7 [internal function]: Illuminate\\Foundation\\Application->Illuminate\\Foundation\\{closure}()
#8 /var/www/emaparking_dss/vendor/laravel/framework/src/Illuminate/Foundation/Application.php(913): array_walk()
#9 /var/www/emaparking_dss/vendor/laravel/framework/src/Illuminate/Foundation/Bootstrap/BootProviders.php(17): Illuminate\\Foundation\\Application->boot()
#10 /var/www/emaparking_dss/vendor/laravel/framework/src/Illuminate/Foundation/Application.php(242): Illuminate\\Foundation\\Bootstrap\\BootProviders->bootstrap()
#11 /var/www/emaparking_dss/vendor/laravel/framework/src/Illuminate/Foundation/Console/Kernel.php(383): Illuminate\\Foundation\\Application->bootstrapWith()
#12 /var/www/emaparking_dss/vendor/laravel/framework/src/Illuminate/Foundation/Console/Kernel.php(153): Illuminate\\Foundation\\Console\\Kernel->bootstrap()
#13 Command line code(1): Illuminate\\Foundation\\Console\\Kernel->handle()
#14 {main}
"} 
[2025-03-11 18:03:40] local.ERROR: Class "\Themes\BC\ThemeProvider" not found {"exception":"[object] (Error(code: 0): Class \"\\Themes\\BC\\ThemeProvider\" not found at /var/www/emaparking_dss/themes/ThemeServiceProvider.php:23)
[stacktrace]
#0 /var/www/emaparking_dss/vendor/laravel/framework/src/Illuminate/Container/BoundMethod.php(36): Themes\\ThemeServiceProvider->boot()
#1 /var/www/emaparking_dss/vendor/laravel/framework/src/Illuminate/Container/Util.php(41): Illuminate\\Container\\BoundMethod::Illuminate\\Container\\{closure}()
#2 /var/www/emaparking_dss/vendor/laravel/framework/src/Illuminate/Container/BoundMethod.php(93): Illuminate\\Container\\Util::unwrapIfClosure()
#3 /var/www/emaparking_dss/vendor/laravel/framework/src/Illuminate/Container/BoundMethod.php(35): Illuminate\\Container\\BoundMethod::callBoundMethod()
#4 /var/www/emaparking_dss/vendor/laravel/framework/src/Illuminate/Container/Container.php(651): Illuminate\\Container\\BoundMethod::call()
#5 /var/www/emaparking_dss/vendor/laravel/framework/src/Illuminate/Foundation/Application.php(933): Illuminate\\Container\\Container->call()
#6 /var/www/emaparking_dss/vendor/laravel/framework/src/Illuminate/Foundation/Application.php(914): Illuminate\\Foundation\\Application->bootProvider()
#7 [internal function]: Illuminate\\Foundation\\Application->Illuminate\\Foundation\\{closure}()
#8 /var/www/emaparking_dss/vendor/laravel/framework/src/Illuminate/Foundation/Application.php(913): array_walk()
#9 /var/www/emaparking_dss/vendor/laravel/framework/src/Illuminate/Foundation/Bootstrap/BootProviders.php(17): Illuminate\\Foundation\\Application->boot()
#10 /var/www/emaparking_dss/vendor/laravel/framework/src/Illuminate/Foundation/Application.php(242): Illuminate\\Foundation\\Bootstrap\\BootProviders->bootstrap()
#11 /var/www/emaparking_dss/vendor/laravel/framework/src/Illuminate/Foundation/Console/Kernel.php(383): Illuminate\\Foundation\\Application->bootstrapWith()
#12 /var/www/emaparking_dss/vendor/laravel/framework/src/Illuminate/Foundation/Console/Kernel.php(153): Illuminate\\Foundation\\Console\\Kernel->bootstrap()
#13 Command line code(1): Illuminate\\Foundation\\Console\\Kernel->handle()
#14 {main}
"} 
[2025-03-11 18:04:40] local.ERROR: Class "\Themes\BC\ThemeProvider" not found {"exception":"[object] (Error(code: 0): Class \"\\Themes\\BC\\ThemeProvider\" not found at /var/www/emaparking_dss/themes/ThemeServiceProvider.php:23)
[stacktrace]
#0 /var/www/emaparking_dss/vendor/laravel/framework/src/Illuminate/Container/BoundMethod.php(36): Themes\\ThemeServiceProvider->boot()
#1 /var/www/emaparking_dss/vendor/laravel/framework/src/Illuminate/Container/Util.php(41): Illuminate\\Container\\BoundMethod::Illuminate\\Container\\{closure}()
#2 /var/www/emaparking_dss/vendor/laravel/framework/src/Illuminate/Container/BoundMethod.php(93): Illuminate\\Container\\Util::unwrapIfClosure()
#3 /var/www/emaparking_dss/vendor/laravel/framework/src/Illuminate/Container/BoundMethod.php(35): Illuminate\\Container\\BoundMethod::callBoundMethod()
#4 /var/www/emaparking_dss/vendor/laravel/framework/src/Illuminate/Container/Container.php(651): Illuminate\\Container\\BoundMethod::call()
#5 /var/www/emaparking_dss/vendor/laravel/framework/src/Illuminate/Foundation/Application.php(933): Illuminate\\Container\\Container->call()
#6 /var/www/emaparking_dss/vendor/laravel/framework/src/Illuminate/Foundation/Application.php(914): Illuminate\\Foundation\\Application->bootProvider()
#7 [internal function]: Illuminate\\Foundation\\Application->Illuminate\\Foundation\\{closure}()
#8 /var/www/emaparking_dss/vendor/laravel/framework/src/Illuminate/Foundation/Application.php(913): array_walk()
#9 /var/www/emaparking_dss/vendor/laravel/framework/src/Illuminate/Foundation/Bootstrap/BootProviders.php(17): Illuminate\\Foundation\\Application->boot()
#10 /var/www/emaparking_dss/vendor/laravel/framework/src/Illuminate/Foundation/Application.php(242): Illuminate\\Foundation\\Bootstrap\\BootProviders->bootstrap()
#11 /var/www/emaparking_dss/vendor/laravel/framework/src/Illuminate/Foundation/Console/Kernel.php(383): Illuminate\\Foundation\\Application->bootstrapWith()
#12 /var/www/emaparking_dss/vendor/laravel/framework/src/Illuminate/Foundation/Console/Kernel.php(153): Illuminate\\Foundation\\Console\\Kernel->bootstrap()
#13 Command line code(1): Illuminate\\Foundation\\Console\\Kernel->handle()
#14 {main}
"} 
[2025-03-11 18:04:40] local.ERROR: Class "\Themes\BC\ThemeProvider" not found {"exception":"[object] (Error(code: 0): Class \"\\Themes\\BC\\ThemeProvider\" not found at /var/www/emaparking_dss/themes/ThemeServiceProvider.php:23)
[stacktrace]
#0 /var/www/emaparking_dss/vendor/laravel/framework/src/Illuminate/Container/BoundMethod.php(36): Themes\\ThemeServiceProvider->boot()
#1 /var/www/emaparking_dss/vendor/laravel/framework/src/Illuminate/Container/Util.php(41): Illuminate\\Container\\BoundMethod::Illuminate\\Container\\{closure}()
#2 /var/www/emaparking_dss/vendor/laravel/framework/src/Illuminate/Container/BoundMethod.php(93): Illuminate\\Container\\Util::unwrapIfClosure()
#3 /var/www/emaparking_dss/vendor/laravel/framework/src/Illuminate/Container/BoundMethod.php(35): Illuminate\\Container\\BoundMethod::callBoundMethod()
#4 /var/www/emaparking_dss/vendor/laravel/framework/src/Illuminate/Container/Container.php(651): Illuminate\\Container\\BoundMethod::call()
#5 /var/www/emaparking_dss/vendor/laravel/framework/src/Illuminate/Foundation/Application.php(933): Illuminate\\Container\\Container->call()
#6 /var/www/emaparking_dss/vendor/laravel/framework/src/Illuminate/Foundation/Application.php(914): Illuminate\\Foundation\\Application->bootProvider()
#7 [internal function]: Illuminate\\Foundation\\Application->Illuminate\\Foundation\\{closure}()
#8 /var/www/emaparking_dss/vendor/laravel/framework/src/Illuminate/Foundation/Application.php(913): array_walk()
#9 /var/www/emaparking_dss/vendor/laravel/framework/src/Illuminate/Foundation/Bootstrap/BootProviders.php(17): Illuminate\\Foundation\\Application->boot()
#10 /var/www/emaparking_dss/vendor/laravel/framework/src/Illuminate/Foundation/Application.php(242): Illuminate\\Foundation\\Bootstrap\\BootProviders->bootstrap()
#11 /var/www/emaparking_dss/vendor/laravel/framework/src/Illuminate/Foundation/Console/Kernel.php(383): Illuminate\\Foundation\\Application->bootstrapWith()
#12 /var/www/emaparking_dss/vendor/laravel/framework/src/Illuminate/Foundation/Console/Kernel.php(153): Illuminate\\Foundation\\Console\\Kernel->bootstrap()
#13 Command line code(1): Illuminate\\Foundation\\Console\\Kernel->handle()
#14 {main}
"} 
[2025-03-11 18:05:40] local.ERROR: Class "\Themes\BC\ThemeProvider" not found {"exception":"[object] (Error(code: 0): Class \"\\Themes\\BC\\ThemeProvider\" not found at /var/www/emaparking_dss/themes/ThemeServiceProvider.php:23)
[stacktrace]
#0 /var/www/emaparking_dss/vendor/laravel/framework/src/Illuminate/Container/BoundMethod.php(36): Themes\\ThemeServiceProvider->boot()
#1 /var/www/emaparking_dss/vendor/laravel/framework/src/Illuminate/Container/Util.php(41): Illuminate\\Container\\BoundMethod::Illuminate\\Container\\{closure}()
#2 /var/www/emaparking_dss/vendor/laravel/framework/src/Illuminate/Container/BoundMethod.php(93): Illuminate\\Container\\Util::unwrapIfClosure()
#3 /var/www/emaparking_dss/vendor/laravel/framework/src/Illuminate/Container/BoundMethod.php(35): Illuminate\\Container\\BoundMethod::callBoundMethod()
#4 /var/www/emaparking_dss/vendor/laravel/framework/src/Illuminate/Container/Container.php(651): Illuminate\\Container\\BoundMethod::call()
#5 /var/www/emaparking_dss/vendor/laravel/framework/src/Illuminate/Foundation/Application.php(933): Illuminate\\Container\\Container->call()
#6 /var/www/emaparking_dss/vendor/laravel/framework/src/Illuminate/Foundation/Application.php(914): Illuminate\\Foundation\\Application->bootProvider()
#7 [internal function]: Illuminate\\Foundation\\Application->Illuminate\\Foundation\\{closure}()
#8 /var/www/emaparking_dss/vendor/laravel/framework/src/Illuminate/Foundation/Application.php(913): array_walk()
#9 /var/www/emaparking_dss/vendor/laravel/framework/src/Illuminate/Foundation/Bootstrap/BootProviders.php(17): Illuminate\\Foundation\\Application->boot()
#10 /var/www/emaparking_dss/vendor/laravel/framework/src/Illuminate/Foundation/Application.php(242): Illuminate\\Foundation\\Bootstrap\\BootProviders->bootstrap()
#11 /var/www/emaparking_dss/vendor/laravel/framework/src/Illuminate/Foundation/Console/Kernel.php(383): Illuminate\\Foundation\\Application->bootstrapWith()
#12 /var/www/emaparking_dss/vendor/laravel/framework/src/Illuminate/Foundation/Console/Kernel.php(153): Illuminate\\Foundation\\Console\\Kernel->bootstrap()
#13 Command line code(1): Illuminate\\Foundation\\Console\\Kernel->handle()
#14 {main}
"} 
[2025-03-11 18:05:40] local.ERROR: Class "\Themes\BC\ThemeProvider" not found {"exception":"[object] (Error(code: 0): Class \"\\Themes\\BC\\ThemeProvider\" not found at /var/www/emaparking_dss/themes/ThemeServiceProvider.php:23)
[stacktrace]
#0 /var/www/emaparking_dss/vendor/laravel/framework/src/Illuminate/Container/BoundMethod.php(36): Themes\\ThemeServiceProvider->boot()
#1 /var/www/emaparking_dss/vendor/laravel/framework/src/Illuminate/Container/Util.php(41): Illuminate\\Container\\BoundMethod::Illuminate\\Container\\{closure}()
#2 /var/www/emaparking_dss/vendor/laravel/framework/src/Illuminate/Container/BoundMethod.php(93): Illuminate\\Container\\Util::unwrapIfClosure()
#3 /var/www/emaparking_dss/vendor/laravel/framework/src/Illuminate/Container/BoundMethod.php(35): Illuminate\\Container\\BoundMethod::callBoundMethod()
#4 /var/www/emaparking_dss/vendor/laravel/framework/src/Illuminate/Container/Container.php(651): Illuminate\\Container\\BoundMethod::call()
#5 /var/www/emaparking_dss/vendor/laravel/framework/src/Illuminate/Foundation/Application.php(933): Illuminate\\Container\\Container->call()
#6 /var/www/emaparking_dss/vendor/laravel/framework/src/Illuminate/Foundation/Application.php(914): Illuminate\\Foundation\\Application->bootProvider()
#7 [internal function]: Illuminate\\Foundation\\Application->Illuminate\\Foundation\\{closure}()
#8 /var/www/emaparking_dss/vendor/laravel/framework/src/Illuminate/Foundation/Application.php(913): array_walk()
#9 /var/www/emaparking_dss/vendor/laravel/framework/src/Illuminate/Foundation/Bootstrap/BootProviders.php(17): Illuminate\\Foundation\\Application->boot()
#10 /var/www/emaparking_dss/vendor/laravel/framework/src/Illuminate/Foundation/Application.php(242): Illuminate\\Foundation\\Bootstrap\\BootProviders->bootstrap()
#11 /var/www/emaparking_dss/vendor/laravel/framework/src/Illuminate/Foundation/Console/Kernel.php(383): Illuminate\\Foundation\\Application->bootstrapWith()
#12 /var/www/emaparking_dss/vendor/laravel/framework/src/Illuminate/Foundation/Console/Kernel.php(153): Illuminate\\Foundation\\Console\\Kernel->bootstrap()
#13 Command line code(1): Illuminate\\Foundation\\Console\\Kernel->handle()
#14 {main}
"} 
[2025-03-11 18:06:40] local.ERROR: Class "\Themes\BC\ThemeProvider" not found {"exception":"[object] (Error(code: 0): Class \"\\Themes\\BC\\ThemeProvider\" not found at /var/www/emaparking_dss/themes/ThemeServiceProvider.php:23)
[stacktrace]
#0 /var/www/emaparking_dss/vendor/laravel/framework/src/Illuminate/Container/BoundMethod.php(36): Themes\\ThemeServiceProvider->boot()
#1 /var/www/emaparking_dss/vendor/laravel/framework/src/Illuminate/Container/Util.php(41): Illuminate\\Container\\BoundMethod::Illuminate\\Container\\{closure}()
#2 /var/www/emaparking_dss/vendor/laravel/framework/src/Illuminate/Container/BoundMethod.php(93): Illuminate\\Container\\Util::unwrapIfClosure()
#3 /var/www/emaparking_dss/vendor/laravel/framework/src/Illuminate/Container/BoundMethod.php(35): Illuminate\\Container\\BoundMethod::callBoundMethod()
#4 /var/www/emaparking_dss/vendor/laravel/framework/src/Illuminate/Container/Container.php(651): Illuminate\\Container\\BoundMethod::call()
#5 /var/www/emaparking_dss/vendor/laravel/framework/src/Illuminate/Foundation/Application.php(933): Illuminate\\Container\\Container->call()
#6 /var/www/emaparking_dss/vendor/laravel/framework/src/Illuminate/Foundation/Application.php(914): Illuminate\\Foundation\\Application->bootProvider()
#7 [internal function]: Illuminate\\Foundation\\Application->Illuminate\\Foundation\\{closure}()
#8 /var/www/emaparking_dss/vendor/laravel/framework/src/Illuminate/Foundation/Application.php(913): array_walk()
#9 /var/www/emaparking_dss/vendor/laravel/framework/src/Illuminate/Foundation/Bootstrap/BootProviders.php(17): Illuminate\\Foundation\\Application->boot()
#10 /var/www/emaparking_dss/vendor/laravel/framework/src/Illuminate/Foundation/Application.php(242): Illuminate\\Foundation\\Bootstrap\\BootProviders->bootstrap()
#11 /var/www/emaparking_dss/vendor/laravel/framework/src/Illuminate/Foundation/Console/Kernel.php(383): Illuminate\\Foundation\\Application->bootstrapWith()
#12 /var/www/emaparking_dss/vendor/laravel/framework/src/Illuminate/Foundation/Console/Kernel.php(153): Illuminate\\Foundation\\Console\\Kernel->bootstrap()
#13 Command line code(1): Illuminate\\Foundation\\Console\\Kernel->handle()
#14 {main}
"} 
[2025-03-11 18:06:40] local.ERROR: Class "\Themes\BC\ThemeProvider" not found {"exception":"[object] (Error(code: 0): Class \"\\Themes\\BC\\ThemeProvider\" not found at /var/www/emaparking_dss/themes/ThemeServiceProvider.php:23)
[stacktrace]
#0 /var/www/emaparking_dss/vendor/laravel/framework/src/Illuminate/Container/BoundMethod.php(36): Themes\\ThemeServiceProvider->boot()
#1 /var/www/emaparking_dss/vendor/laravel/framework/src/Illuminate/Container/Util.php(41): Illuminate\\Container\\BoundMethod::Illuminate\\Container\\{closure}()
#2 /var/www/emaparking_dss/vendor/laravel/framework/src/Illuminate/Container/BoundMethod.php(93): Illuminate\\Container\\Util::unwrapIfClosure()
#3 /var/www/emaparking_dss/vendor/laravel/framework/src/Illuminate/Container/BoundMethod.php(35): Illuminate\\Container\\BoundMethod::callBoundMethod()
#4 /var/www/emaparking_dss/vendor/laravel/framework/src/Illuminate/Container/Container.php(651): Illuminate\\Container\\BoundMethod::call()
#5 /var/www/emaparking_dss/vendor/laravel/framework/src/Illuminate/Foundation/Application.php(933): Illuminate\\Container\\Container->call()
#6 /var/www/emaparking_dss/vendor/laravel/framework/src/Illuminate/Foundation/Application.php(914): Illuminate\\Foundation\\Application->bootProvider()
#7 [internal function]: Illuminate\\Foundation\\Application->Illuminate\\Foundation\\{closure}()
#8 /var/www/emaparking_dss/vendor/laravel/framework/src/Illuminate/Foundation/Application.php(913): array_walk()
#9 /var/www/emaparking_dss/vendor/laravel/framework/src/Illuminate/Foundation/Bootstrap/BootProviders.php(17): Illuminate\\Foundation\\Application->boot()
#10 /var/www/emaparking_dss/vendor/laravel/framework/src/Illuminate/Foundation/Application.php(242): Illuminate\\Foundation\\Bootstrap\\BootProviders->bootstrap()
#11 /var/www/emaparking_dss/vendor/laravel/framework/src/Illuminate/Foundation/Console/Kernel.php(383): Illuminate\\Foundation\\Application->bootstrapWith()
#12 /var/www/emaparking_dss/vendor/laravel/framework/src/Illuminate/Foundation/Console/Kernel.php(153): Illuminate\\Foundation\\Console\\Kernel->bootstrap()
#13 Command line code(1): Illuminate\\Foundation\\Console\\Kernel->handle()
#14 {main}
"} 
[2025-03-11 18:07:40] local.ERROR: Class "\Themes\BC\ThemeProvider" not found {"exception":"[object] (Error(code: 0): Class \"\\Themes\\BC\\ThemeProvider\" not found at /var/www/emaparking_dss/themes/ThemeServiceProvider.php:23)
[stacktrace]
#0 /var/www/emaparking_dss/vendor/laravel/framework/src/Illuminate/Container/BoundMethod.php(36): Themes\\ThemeServiceProvider->boot()
#1 /var/www/emaparking_dss/vendor/laravel/framework/src/Illuminate/Container/Util.php(41): Illuminate\\Container\\BoundMethod::Illuminate\\Container\\{closure}()
#2 /var/www/emaparking_dss/vendor/laravel/framework/src/Illuminate/Container/BoundMethod.php(93): Illuminate\\Container\\Util::unwrapIfClosure()
#3 /var/www/emaparking_dss/vendor/laravel/framework/src/Illuminate/Container/BoundMethod.php(35): Illuminate\\Container\\BoundMethod::callBoundMethod()
#4 /var/www/emaparking_dss/vendor/laravel/framework/src/Illuminate/Container/Container.php(651): Illuminate\\Container\\BoundMethod::call()
#5 /var/www/emaparking_dss/vendor/laravel/framework/src/Illuminate/Foundation/Application.php(933): Illuminate\\Container\\Container->call()
#6 /var/www/emaparking_dss/vendor/laravel/framework/src/Illuminate/Foundation/Application.php(914): Illuminate\\Foundation\\Application->bootProvider()
#7 [internal function]: Illuminate\\Foundation\\Application->Illuminate\\Foundation\\{closure}()
#8 /var/www/emaparking_dss/vendor/laravel/framework/src/Illuminate/Foundation/Application.php(913): array_walk()
#9 /var/www/emaparking_dss/vendor/laravel/framework/src/Illuminate/Foundation/Bootstrap/BootProviders.php(17): Illuminate\\Foundation\\Application->boot()
#10 /var/www/emaparking_dss/vendor/laravel/framework/src/Illuminate/Foundation/Application.php(242): Illuminate\\Foundation\\Bootstrap\\BootProviders->bootstrap()
#11 /var/www/emaparking_dss/vendor/laravel/framework/src/Illuminate/Foundation/Console/Kernel.php(383): Illuminate\\Foundation\\Application->bootstrapWith()
#12 /var/www/emaparking_dss/vendor/laravel/framework/src/Illuminate/Foundation/Console/Kernel.php(153): Illuminate\\Foundation\\Console\\Kernel->bootstrap()
#13 Command line code(1): Illuminate\\Foundation\\Console\\Kernel->handle()
#14 {main}
"} 
[2025-03-11 18:07:40] local.ERROR: Class "\Themes\BC\ThemeProvider" not found {"exception":"[object] (Error(code: 0): Class \"\\Themes\\BC\\ThemeProvider\" not found at /var/www/emaparking_dss/themes/ThemeServiceProvider.php:23)
[stacktrace]
#0 /var/www/emaparking_dss/vendor/laravel/framework/src/Illuminate/Container/BoundMethod.php(36): Themes\\ThemeServiceProvider->boot()
#1 /var/www/emaparking_dss/vendor/laravel/framework/src/Illuminate/Container/Util.php(41): Illuminate\\Container\\BoundMethod::Illuminate\\Container\\{closure}()
#2 /var/www/emaparking_dss/vendor/laravel/framework/src/Illuminate/Container/BoundMethod.php(93): Illuminate\\Container\\Util::unwrapIfClosure()
#3 /var/www/emaparking_dss/vendor/laravel/framework/src/Illuminate/Container/BoundMethod.php(35): Illuminate\\Container\\BoundMethod::callBoundMethod()
#4 /var/www/emaparking_dss/vendor/laravel/framework/src/Illuminate/Container/Container.php(651): Illuminate\\Container\\BoundMethod::call()
#5 /var/www/emaparking_dss/vendor/laravel/framework/src/Illuminate/Foundation/Application.php(933): Illuminate\\Container\\Container->call()
#6 /var/www/emaparking_dss/vendor/laravel/framework/src/Illuminate/Foundation/Application.php(914): Illuminate\\Foundation\\Application->bootProvider()
#7 [internal function]: Illuminate\\Foundation\\Application->Illuminate\\Foundation\\{closure}()
#8 /var/www/emaparking_dss/vendor/laravel/framework/src/Illuminate/Foundation/Application.php(913): array_walk()
#9 /var/www/emaparking_dss/vendor/laravel/framework/src/Illuminate/Foundation/Bootstrap/BootProviders.php(17): Illuminate\\Foundation\\Application->boot()
#10 /var/www/emaparking_dss/vendor/laravel/framework/src/Illuminate/Foundation/Application.php(242): Illuminate\\Foundation\\Bootstrap\\BootProviders->bootstrap()
#11 /var/www/emaparking_dss/vendor/laravel/framework/src/Illuminate/Foundation/Console/Kernel.php(383): Illuminate\\Foundation\\Application->bootstrapWith()
#12 /var/www/emaparking_dss/vendor/laravel/framework/src/Illuminate/Foundation/Console/Kernel.php(153): Illuminate\\Foundation\\Console\\Kernel->bootstrap()
#13 Command line code(1): Illuminate\\Foundation\\Console\\Kernel->handle()
#14 {main}
"} 
[2025-03-11 18:08:40] local.ERROR: Class "\Themes\BC\ThemeProvider" not found {"exception":"[object] (Error(code: 0): Class \"\\Themes\\BC\\ThemeProvider\" not found at /var/www/emaparking_dss/themes/ThemeServiceProvider.php:23)
[stacktrace]
#0 /var/www/emaparking_dss/vendor/laravel/framework/src/Illuminate/Container/BoundMethod.php(36): Themes\\ThemeServiceProvider->boot()
#1 /var/www/emaparking_dss/vendor/laravel/framework/src/Illuminate/Container/Util.php(41): Illuminate\\Container\\BoundMethod::Illuminate\\Container\\{closure}()
#2 /var/www/emaparking_dss/vendor/laravel/framework/src/Illuminate/Container/BoundMethod.php(93): Illuminate\\Container\\Util::unwrapIfClosure()
#3 /var/www/emaparking_dss/vendor/laravel/framework/src/Illuminate/Container/BoundMethod.php(35): Illuminate\\Container\\BoundMethod::callBoundMethod()
#4 /var/www/emaparking_dss/vendor/laravel/framework/src/Illuminate/Container/Container.php(651): Illuminate\\Container\\BoundMethod::call()
#5 /var/www/emaparking_dss/vendor/laravel/framework/src/Illuminate/Foundation/Application.php(933): Illuminate\\Container\\Container->call()
#6 /var/www/emaparking_dss/vendor/laravel/framework/src/Illuminate/Foundation/Application.php(914): Illuminate\\Foundation\\Application->bootProvider()
#7 [internal function]: Illuminate\\Foundation\\Application->Illuminate\\Foundation\\{closure}()
#8 /var/www/emaparking_dss/vendor/laravel/framework/src/Illuminate/Foundation/Application.php(913): array_walk()
#9 /var/www/emaparking_dss/vendor/laravel/framework/src/Illuminate/Foundation/Bootstrap/BootProviders.php(17): Illuminate\\Foundation\\Application->boot()
#10 /var/www/emaparking_dss/vendor/laravel/framework/src/Illuminate/Foundation/Application.php(242): Illuminate\\Foundation\\Bootstrap\\BootProviders->bootstrap()
#11 /var/www/emaparking_dss/vendor/laravel/framework/src/Illuminate/Foundation/Console/Kernel.php(383): Illuminate\\Foundation\\Application->bootstrapWith()
#12 /var/www/emaparking_dss/vendor/laravel/framework/src/Illuminate/Foundation/Console/Kernel.php(153): Illuminate\\Foundation\\Console\\Kernel->bootstrap()
#13 Command line code(1): Illuminate\\Foundation\\Console\\Kernel->handle()
#14 {main}
"} 
[2025-03-11 18:08:40] local.ERROR: Class "\Themes\BC\ThemeProvider" not found {"exception":"[object] (Error(code: 0): Class \"\\Themes\\BC\\ThemeProvider\" not found at /var/www/emaparking_dss/themes/ThemeServiceProvider.php:23)
[stacktrace]
#0 /var/www/emaparking_dss/vendor/laravel/framework/src/Illuminate/Container/BoundMethod.php(36): Themes\\ThemeServiceProvider->boot()
#1 /var/www/emaparking_dss/vendor/laravel/framework/src/Illuminate/Container/Util.php(41): Illuminate\\Container\\BoundMethod::Illuminate\\Container\\{closure}()
#2 /var/www/emaparking_dss/vendor/laravel/framework/src/Illuminate/Container/BoundMethod.php(93): Illuminate\\Container\\Util::unwrapIfClosure()
#3 /var/www/emaparking_dss/vendor/laravel/framework/src/Illuminate/Container/BoundMethod.php(35): Illuminate\\Container\\BoundMethod::callBoundMethod()
#4 /var/www/emaparking_dss/vendor/laravel/framework/src/Illuminate/Container/Container.php(651): Illuminate\\Container\\BoundMethod::call()
#5 /var/www/emaparking_dss/vendor/laravel/framework/src/Illuminate/Foundation/Application.php(933): Illuminate\\Container\\Container->call()
#6 /var/www/emaparking_dss/vendor/laravel/framework/src/Illuminate/Foundation/Application.php(914): Illuminate\\Foundation\\Application->bootProvider()
#7 [internal function]: Illuminate\\Foundation\\Application->Illuminate\\Foundation\\{closure}()
#8 /var/www/emaparking_dss/vendor/laravel/framework/src/Illuminate/Foundation/Application.php(913): array_walk()
#9 /var/www/emaparking_dss/vendor/laravel/framework/src/Illuminate/Foundation/Bootstrap/BootProviders.php(17): Illuminate\\Foundation\\Application->boot()
#10 /var/www/emaparking_dss/vendor/laravel/framework/src/Illuminate/Foundation/Application.php(242): Illuminate\\Foundation\\Bootstrap\\BootProviders->bootstrap()
#11 /var/www/emaparking_dss/vendor/laravel/framework/src/Illuminate/Foundation/Console/Kernel.php(383): Illuminate\\Foundation\\Application->bootstrapWith()
#12 /var/www/emaparking_dss/vendor/laravel/framework/src/Illuminate/Foundation/Console/Kernel.php(153): Illuminate\\Foundation\\Console\\Kernel->bootstrap()
#13 Command line code(1): Illuminate\\Foundation\\Console\\Kernel->handle()
#14 {main}
"} 
[2025-03-11 18:09:40] local.ERROR: Class "\Themes\BC\ThemeProvider" not found {"exception":"[object] (Error(code: 0): Class \"\\Themes\\BC\\ThemeProvider\" not found at /var/www/emaparking_dss/themes/ThemeServiceProvider.php:23)
[stacktrace]
#0 /var/www/emaparking_dss/vendor/laravel/framework/src/Illuminate/Container/BoundMethod.php(36): Themes\\ThemeServiceProvider->boot()
#1 /var/www/emaparking_dss/vendor/laravel/framework/src/Illuminate/Container/Util.php(41): Illuminate\\Container\\BoundMethod::Illuminate\\Container\\{closure}()
#2 /var/www/emaparking_dss/vendor/laravel/framework/src/Illuminate/Container/BoundMethod.php(93): Illuminate\\Container\\Util::unwrapIfClosure()
#3 /var/www/emaparking_dss/vendor/laravel/framework/src/Illuminate/Container/BoundMethod.php(35): Illuminate\\Container\\BoundMethod::callBoundMethod()
#4 /var/www/emaparking_dss/vendor/laravel/framework/src/Illuminate/Container/Container.php(651): Illuminate\\Container\\BoundMethod::call()
#5 /var/www/emaparking_dss/vendor/laravel/framework/src/Illuminate/Foundation/Application.php(933): Illuminate\\Container\\Container->call()
#6 /var/www/emaparking_dss/vendor/laravel/framework/src/Illuminate/Foundation/Application.php(914): Illuminate\\Foundation\\Application->bootProvider()
#7 [internal function]: Illuminate\\Foundation\\Application->Illuminate\\Foundation\\{closure}()
#8 /var/www/emaparking_dss/vendor/laravel/framework/src/Illuminate/Foundation/Application.php(913): array_walk()
#9 /var/www/emaparking_dss/vendor/laravel/framework/src/Illuminate/Foundation/Bootstrap/BootProviders.php(17): Illuminate\\Foundation\\Application->boot()
#10 /var/www/emaparking_dss/vendor/laravel/framework/src/Illuminate/Foundation/Application.php(242): Illuminate\\Foundation\\Bootstrap\\BootProviders->bootstrap()
#11 /var/www/emaparking_dss/vendor/laravel/framework/src/Illuminate/Foundation/Console/Kernel.php(383): Illuminate\\Foundation\\Application->bootstrapWith()
#12 /var/www/emaparking_dss/vendor/laravel/framework/src/Illuminate/Foundation/Console/Kernel.php(153): Illuminate\\Foundation\\Console\\Kernel->bootstrap()
#13 Command line code(1): Illuminate\\Foundation\\Console\\Kernel->handle()
#14 {main}
"} 
[2025-03-11 18:09:40] local.ERROR: Class "\Themes\BC\ThemeProvider" not found {"exception":"[object] (Error(code: 0): Class \"\\Themes\\BC\\ThemeProvider\" not found at /var/www/emaparking_dss/themes/ThemeServiceProvider.php:23)
[stacktrace]
#0 /var/www/emaparking_dss/vendor/laravel/framework/src/Illuminate/Container/BoundMethod.php(36): Themes\\ThemeServiceProvider->boot()
#1 /var/www/emaparking_dss/vendor/laravel/framework/src/Illuminate/Container/Util.php(41): Illuminate\\Container\\BoundMethod::Illuminate\\Container\\{closure}()
#2 /var/www/emaparking_dss/vendor/laravel/framework/src/Illuminate/Container/BoundMethod.php(93): Illuminate\\Container\\Util::unwrapIfClosure()
#3 /var/www/emaparking_dss/vendor/laravel/framework/src/Illuminate/Container/BoundMethod.php(35): Illuminate\\Container\\BoundMethod::callBoundMethod()
#4 /var/www/emaparking_dss/vendor/laravel/framework/src/Illuminate/Container/Container.php(651): Illuminate\\Container\\BoundMethod::call()
#5 /var/www/emaparking_dss/vendor/laravel/framework/src/Illuminate/Foundation/Application.php(933): Illuminate\\Container\\Container->call()
#6 /var/www/emaparking_dss/vendor/laravel/framework/src/Illuminate/Foundation/Application.php(914): Illuminate\\Foundation\\Application->bootProvider()
#7 [internal function]: Illuminate\\Foundation\\Application->Illuminate\\Foundation\\{closure}()
#8 /var/www/emaparking_dss/vendor/laravel/framework/src/Illuminate/Foundation/Application.php(913): array_walk()
#9 /var/www/emaparking_dss/vendor/laravel/framework/src/Illuminate/Foundation/Bootstrap/BootProviders.php(17): Illuminate\\Foundation\\Application->boot()
#10 /var/www/emaparking_dss/vendor/laravel/framework/src/Illuminate/Foundation/Application.php(242): Illuminate\\Foundation\\Bootstrap\\BootProviders->bootstrap()
#11 /var/www/emaparking_dss/vendor/laravel/framework/src/Illuminate/Foundation/Console/Kernel.php(383): Illuminate\\Foundation\\Application->bootstrapWith()
#12 /var/www/emaparking_dss/vendor/laravel/framework/src/Illuminate/Foundation/Console/Kernel.php(153): Illuminate\\Foundation\\Console\\Kernel->bootstrap()
#13 Command line code(1): Illuminate\\Foundation\\Console\\Kernel->handle()
#14 {main}
"} 
[2025-03-11 18:09:40] local.ERROR: Class "\Themes\BC\ThemeProvider" not found {"exception":"[object] (Error(code: 0): Class \"\\Themes\\BC\\ThemeProvider\" not found at /var/www/emaparking_dss/themes/ThemeServiceProvider.php:23)
[stacktrace]
#0 /var/www/emaparking_dss/vendor/laravel/framework/src/Illuminate/Container/BoundMethod.php(36): Themes\\ThemeServiceProvider->boot()
#1 /var/www/emaparking_dss/vendor/laravel/framework/src/Illuminate/Container/Util.php(41): Illuminate\\Container\\BoundMethod::Illuminate\\Container\\{closure}()
#2 /var/www/emaparking_dss/vendor/laravel/framework/src/Illuminate/Container/BoundMethod.php(93): Illuminate\\Container\\Util::unwrapIfClosure()
#3 /var/www/emaparking_dss/vendor/laravel/framework/src/Illuminate/Container/BoundMethod.php(35): Illuminate\\Container\\BoundMethod::callBoundMethod()
#4 /var/www/emaparking_dss/vendor/laravel/framework/src/Illuminate/Container/Container.php(651): Illuminate\\Container\\BoundMethod::call()
#5 /var/www/emaparking_dss/vendor/laravel/framework/src/Illuminate/Foundation/Application.php(933): Illuminate\\Container\\Container->call()
#6 /var/www/emaparking_dss/vendor/laravel/framework/src/Illuminate/Foundation/Application.php(914): Illuminate\\Foundation\\Application->bootProvider()
#7 [internal function]: Illuminate\\Foundation\\Application->Illuminate\\Foundation\\{closure}()
#8 /var/www/emaparking_dss/vendor/laravel/framework/src/Illuminate/Foundation/Application.php(913): array_walk()
#9 /var/www/emaparking_dss/vendor/laravel/framework/src/Illuminate/Foundation/Bootstrap/BootProviders.php(17): Illuminate\\Foundation\\Application->boot()
#10 /var/www/emaparking_dss/vendor/laravel/framework/src/Illuminate/Foundation/Application.php(242): Illuminate\\Foundation\\Bootstrap\\BootProviders->bootstrap()
#11 /var/www/emaparking_dss/vendor/laravel/framework/src/Illuminate/Foundation/Console/Kernel.php(383): Illuminate\\Foundation\\Application->bootstrapWith()
#12 /var/www/emaparking_dss/vendor/laravel/framework/src/Illuminate/Foundation/Console/Kernel.php(153): Illuminate\\Foundation\\Console\\Kernel->bootstrap()
#13 Command line code(1): Illuminate\\Foundation\\Console\\Kernel->handle()
#14 {main}
"} 
[2025-03-11 18:10:40] local.ERROR: Class "\Themes\BC\ThemeProvider" not found {"exception":"[object] (Error(code: 0): Class \"\\Themes\\BC\\ThemeProvider\" not found at /var/www/emaparking_dss/themes/ThemeServiceProvider.php:23)
[stacktrace]
#0 /var/www/emaparking_dss/vendor/laravel/framework/src/Illuminate/Container/BoundMethod.php(36): Themes\\ThemeServiceProvider->boot()
#1 /var/www/emaparking_dss/vendor/laravel/framework/src/Illuminate/Container/Util.php(41): Illuminate\\Container\\BoundMethod::Illuminate\\Container\\{closure}()
#2 /var/www/emaparking_dss/vendor/laravel/framework/src/Illuminate/Container/BoundMethod.php(93): Illuminate\\Container\\Util::unwrapIfClosure()
#3 /var/www/emaparking_dss/vendor/laravel/framework/src/Illuminate/Container/BoundMethod.php(35): Illuminate\\Container\\BoundMethod::callBoundMethod()
#4 /var/www/emaparking_dss/vendor/laravel/framework/src/Illuminate/Container/Container.php(651): Illuminate\\Container\\BoundMethod::call()
#5 /var/www/emaparking_dss/vendor/laravel/framework/src/Illuminate/Foundation/Application.php(933): Illuminate\\Container\\Container->call()
#6 /var/www/emaparking_dss/vendor/laravel/framework/src/Illuminate/Foundation/Application.php(914): Illuminate\\Foundation\\Application->bootProvider()
#7 [internal function]: Illuminate\\Foundation\\Application->Illuminate\\Foundation\\{closure}()
#8 /var/www/emaparking_dss/vendor/laravel/framework/src/Illuminate/Foundation/Application.php(913): array_walk()
#9 /var/www/emaparking_dss/vendor/laravel/framework/src/Illuminate/Foundation/Bootstrap/BootProviders.php(17): Illuminate\\Foundation\\Application->boot()
#10 /var/www/emaparking_dss/vendor/laravel/framework/src/Illuminate/Foundation/Application.php(242): Illuminate\\Foundation\\Bootstrap\\BootProviders->bootstrap()
#11 /var/www/emaparking_dss/vendor/laravel/framework/src/Illuminate/Foundation/Console/Kernel.php(383): Illuminate\\Foundation\\Application->bootstrapWith()
#12 /var/www/emaparking_dss/vendor/laravel/framework/src/Illuminate/Foundation/Console/Kernel.php(153): Illuminate\\Foundation\\Console\\Kernel->bootstrap()
#13 Command line code(1): Illuminate\\Foundation\\Console\\Kernel->handle()
#14 {main}
"} 
[2025-03-11 18:10:40] local.ERROR: Class "\Themes\BC\ThemeProvider" not found {"exception":"[object] (Error(code: 0): Class \"\\Themes\\BC\\ThemeProvider\" not found at /var/www/emaparking_dss/themes/ThemeServiceProvider.php:23)
[stacktrace]
#0 /var/www/emaparking_dss/vendor/laravel/framework/src/Illuminate/Container/BoundMethod.php(36): Themes\\ThemeServiceProvider->boot()
#1 /var/www/emaparking_dss/vendor/laravel/framework/src/Illuminate/Container/Util.php(41): Illuminate\\Container\\BoundMethod::Illuminate\\Container\\{closure}()
#2 /var/www/emaparking_dss/vendor/laravel/framework/src/Illuminate/Container/BoundMethod.php(93): Illuminate\\Container\\Util::unwrapIfClosure()
#3 /var/www/emaparking_dss/vendor/laravel/framework/src/Illuminate/Container/BoundMethod.php(35): Illuminate\\Container\\BoundMethod::callBoundMethod()
#4 /var/www/emaparking_dss/vendor/laravel/framework/src/Illuminate/Container/Container.php(651): Illuminate\\Container\\BoundMethod::call()
#5 /var/www/emaparking_dss/vendor/laravel/framework/src/Illuminate/Foundation/Application.php(933): Illuminate\\Container\\Container->call()
#6 /var/www/emaparking_dss/vendor/laravel/framework/src/Illuminate/Foundation/Application.php(914): Illuminate\\Foundation\\Application->bootProvider()
#7 [internal function]: Illuminate\\Foundation\\Application->Illuminate\\Foundation\\{closure}()
#8 /var/www/emaparking_dss/vendor/laravel/framework/src/Illuminate/Foundation/Application.php(913): array_walk()
#9 /var/www/emaparking_dss/vendor/laravel/framework/src/Illuminate/Foundation/Bootstrap/BootProviders.php(17): Illuminate\\Foundation\\Application->boot()
#10 /var/www/emaparking_dss/vendor/laravel/framework/src/Illuminate/Foundation/Application.php(242): Illuminate\\Foundation\\Bootstrap\\BootProviders->bootstrap()
#11 /var/www/emaparking_dss/vendor/laravel/framework/src/Illuminate/Foundation/Console/Kernel.php(383): Illuminate\\Foundation\\Application->bootstrapWith()
#12 /var/www/emaparking_dss/vendor/laravel/framework/src/Illuminate/Foundation/Console/Kernel.php(153): Illuminate\\Foundation\\Console\\Kernel->bootstrap()
#13 Command line code(1): Illuminate\\Foundation\\Console\\Kernel->handle()
#14 {main}
"} 
[2025-03-11 18:11:40] local.ERROR: Class "\Themes\BC\ThemeProvider" not found {"exception":"[object] (Error(code: 0): Class \"\\Themes\\BC\\ThemeProvider\" not found at /var/www/emaparking_dss/themes/ThemeServiceProvider.php:23)
[stacktrace]
#0 /var/www/emaparking_dss/vendor/laravel/framework/src/Illuminate/Container/BoundMethod.php(36): Themes\\ThemeServiceProvider->boot()
#1 /var/www/emaparking_dss/vendor/laravel/framework/src/Illuminate/Container/Util.php(41): Illuminate\\Container\\BoundMethod::Illuminate\\Container\\{closure}()
#2 /var/www/emaparking_dss/vendor/laravel/framework/src/Illuminate/Container/BoundMethod.php(93): Illuminate\\Container\\Util::unwrapIfClosure()
#3 /var/www/emaparking_dss/vendor/laravel/framework/src/Illuminate/Container/BoundMethod.php(35): Illuminate\\Container\\BoundMethod::callBoundMethod()
#4 /var/www/emaparking_dss/vendor/laravel/framework/src/Illuminate/Container/Container.php(651): Illuminate\\Container\\BoundMethod::call()
#5 /var/www/emaparking_dss/vendor/laravel/framework/src/Illuminate/Foundation/Application.php(933): Illuminate\\Container\\Container->call()
#6 /var/www/emaparking_dss/vendor/laravel/framework/src/Illuminate/Foundation/Application.php(914): Illuminate\\Foundation\\Application->bootProvider()
#7 [internal function]: Illuminate\\Foundation\\Application->Illuminate\\Foundation\\{closure}()
#8 /var/www/emaparking_dss/vendor/laravel/framework/src/Illuminate/Foundation/Application.php(913): array_walk()
#9 /var/www/emaparking_dss/vendor/laravel/framework/src/Illuminate/Foundation/Bootstrap/BootProviders.php(17): Illuminate\\Foundation\\Application->boot()
#10 /var/www/emaparking_dss/vendor/laravel/framework/src/Illuminate/Foundation/Application.php(242): Illuminate\\Foundation\\Bootstrap\\BootProviders->bootstrap()
#11 /var/www/emaparking_dss/vendor/laravel/framework/src/Illuminate/Foundation/Console/Kernel.php(383): Illuminate\\Foundation\\Application->bootstrapWith()
#12 /var/www/emaparking_dss/vendor/laravel/framework/src/Illuminate/Foundation/Console/Kernel.php(153): Illuminate\\Foundation\\Console\\Kernel->bootstrap()
#13 Command line code(1): Illuminate\\Foundation\\Console\\Kernel->handle()
#14 {main}
"} 
[2025-03-11 18:11:40] local.ERROR: Class "\Themes\BC\ThemeProvider" not found {"exception":"[object] (Error(code: 0): Class \"\\Themes\\BC\\ThemeProvider\" not found at /var/www/emaparking_dss/themes/ThemeServiceProvider.php:23)
[stacktrace]
#0 /var/www/emaparking_dss/vendor/laravel/framework/src/Illuminate/Container/BoundMethod.php(36): Themes\\ThemeServiceProvider->boot()
#1 /var/www/emaparking_dss/vendor/laravel/framework/src/Illuminate/Container/Util.php(41): Illuminate\\Container\\BoundMethod::Illuminate\\Container\\{closure}()
#2 /var/www/emaparking_dss/vendor/laravel/framework/src/Illuminate/Container/BoundMethod.php(93): Illuminate\\Container\\Util::unwrapIfClosure()
#3 /var/www/emaparking_dss/vendor/laravel/framework/src/Illuminate/Container/BoundMethod.php(35): Illuminate\\Container\\BoundMethod::callBoundMethod()
#4 /var/www/emaparking_dss/vendor/laravel/framework/src/Illuminate/Container/Container.php(651): Illuminate\\Container\\BoundMethod::call()
#5 /var/www/emaparking_dss/vendor/laravel/framework/src/Illuminate/Foundation/Application.php(933): Illuminate\\Container\\Container->call()
#6 /var/www/emaparking_dss/vendor/laravel/framework/src/Illuminate/Foundation/Application.php(914): Illuminate\\Foundation\\Application->bootProvider()
#7 [internal function]: Illuminate\\Foundation\\Application->Illuminate\\Foundation\\{closure}()
#8 /var/www/emaparking_dss/vendor/laravel/framework/src/Illuminate/Foundation/Application.php(913): array_walk()
#9 /var/www/emaparking_dss/vendor/laravel/framework/src/Illuminate/Foundation/Bootstrap/BootProviders.php(17): Illuminate\\Foundation\\Application->boot()
#10 /var/www/emaparking_dss/vendor/laravel/framework/src/Illuminate/Foundation/Application.php(242): Illuminate\\Foundation\\Bootstrap\\BootProviders->bootstrap()
#11 /var/www/emaparking_dss/vendor/laravel/framework/src/Illuminate/Foundation/Console/Kernel.php(383): Illuminate\\Foundation\\Application->bootstrapWith()
#12 /var/www/emaparking_dss/vendor/laravel/framework/src/Illuminate/Foundation/Console/Kernel.php(153): Illuminate\\Foundation\\Console\\Kernel->bootstrap()
#13 Command line code(1): Illuminate\\Foundation\\Console\\Kernel->handle()
#14 {main}
"} 
[2025-03-11 18:12:40] local.ERROR: Class "\Themes\BC\ThemeProvider" not found {"exception":"[object] (Error(code: 0): Class \"\\Themes\\BC\\ThemeProvider\" not found at /var/www/emaparking_dss/themes/ThemeServiceProvider.php:23)
[stacktrace]
#0 /var/www/emaparking_dss/vendor/laravel/framework/src/Illuminate/Container/BoundMethod.php(36): Themes\\ThemeServiceProvider->boot()
#1 /var/www/emaparking_dss/vendor/laravel/framework/src/Illuminate/Container/Util.php(41): Illuminate\\Container\\BoundMethod::Illuminate\\Container\\{closure}()
#2 /var/www/emaparking_dss/vendor/laravel/framework/src/Illuminate/Container/BoundMethod.php(93): Illuminate\\Container\\Util::unwrapIfClosure()
#3 /var/www/emaparking_dss/vendor/laravel/framework/src/Illuminate/Container/BoundMethod.php(35): Illuminate\\Container\\BoundMethod::callBoundMethod()
#4 /var/www/emaparking_dss/vendor/laravel/framework/src/Illuminate/Container/Container.php(651): Illuminate\\Container\\BoundMethod::call()
#5 /var/www/emaparking_dss/vendor/laravel/framework/src/Illuminate/Foundation/Application.php(933): Illuminate\\Container\\Container->call()
#6 /var/www/emaparking_dss/vendor/laravel/framework/src/Illuminate/Foundation/Application.php(914): Illuminate\\Foundation\\Application->bootProvider()
#7 [internal function]: Illuminate\\Foundation\\Application->Illuminate\\Foundation\\{closure}()
#8 /var/www/emaparking_dss/vendor/laravel/framework/src/Illuminate/Foundation/Application.php(913): array_walk()
#9 /var/www/emaparking_dss/vendor/laravel/framework/src/Illuminate/Foundation/Bootstrap/BootProviders.php(17): Illuminate\\Foundation\\Application->boot()
#10 /var/www/emaparking_dss/vendor/laravel/framework/src/Illuminate/Foundation/Application.php(242): Illuminate\\Foundation\\Bootstrap\\BootProviders->bootstrap()
#11 /var/www/emaparking_dss/vendor/laravel/framework/src/Illuminate/Foundation/Console/Kernel.php(383): Illuminate\\Foundation\\Application->bootstrapWith()
#12 /var/www/emaparking_dss/vendor/laravel/framework/src/Illuminate/Foundation/Console/Kernel.php(153): Illuminate\\Foundation\\Console\\Kernel->bootstrap()
#13 Command line code(1): Illuminate\\Foundation\\Console\\Kernel->handle()
#14 {main}
"} 
[2025-03-11 18:12:40] local.ERROR: Class "\Themes\BC\ThemeProvider" not found {"exception":"[object] (Error(code: 0): Class \"\\Themes\\BC\\ThemeProvider\" not found at /var/www/emaparking_dss/themes/ThemeServiceProvider.php:23)
[stacktrace]
#0 /var/www/emaparking_dss/vendor/laravel/framework/src/Illuminate/Container/BoundMethod.php(36): Themes\\ThemeServiceProvider->boot()
#1 /var/www/emaparking_dss/vendor/laravel/framework/src/Illuminate/Container/Util.php(41): Illuminate\\Container\\BoundMethod::Illuminate\\Container\\{closure}()
#2 /var/www/emaparking_dss/vendor/laravel/framework/src/Illuminate/Container/BoundMethod.php(93): Illuminate\\Container\\Util::unwrapIfClosure()
#3 /var/www/emaparking_dss/vendor/laravel/framework/src/Illuminate/Container/BoundMethod.php(35): Illuminate\\Container\\BoundMethod::callBoundMethod()
#4 /var/www/emaparking_dss/vendor/laravel/framework/src/Illuminate/Container/Container.php(651): Illuminate\\Container\\BoundMethod::call()
#5 /var/www/emaparking_dss/vendor/laravel/framework/src/Illuminate/Foundation/Application.php(933): Illuminate\\Container\\Container->call()
#6 /var/www/emaparking_dss/vendor/laravel/framework/src/Illuminate/Foundation/Application.php(914): Illuminate\\Foundation\\Application->bootProvider()
#7 [internal function]: Illuminate\\Foundation\\Application->Illuminate\\Foundation\\{closure}()
#8 /var/www/emaparking_dss/vendor/laravel/framework/src/Illuminate/Foundation/Application.php(913): array_walk()
#9 /var/www/emaparking_dss/vendor/laravel/framework/src/Illuminate/Foundation/Bootstrap/BootProviders.php(17): Illuminate\\Foundation\\Application->boot()
#10 /var/www/emaparking_dss/vendor/laravel/framework/src/Illuminate/Foundation/Application.php(242): Illuminate\\Foundation\\Bootstrap\\BootProviders->bootstrap()
#11 /var/www/emaparking_dss/vendor/laravel/framework/src/Illuminate/Foundation/Console/Kernel.php(383): Illuminate\\Foundation\\Application->bootstrapWith()
#12 /var/www/emaparking_dss/vendor/laravel/framework/src/Illuminate/Foundation/Console/Kernel.php(153): Illuminate\\Foundation\\Console\\Kernel->bootstrap()
#13 Command line code(1): Illuminate\\Foundation\\Console\\Kernel->handle()
#14 {main}
"} 
[2025-03-11 18:13:40] local.ERROR: Class "\Themes\BC\ThemeProvider" not found {"exception":"[object] (Error(code: 0): Class \"\\Themes\\BC\\ThemeProvider\" not found at /var/www/emaparking_dss/themes/ThemeServiceProvider.php:23)
[stacktrace]
#0 /var/www/emaparking_dss/vendor/laravel/framework/src/Illuminate/Container/BoundMethod.php(36): Themes\\ThemeServiceProvider->boot()
#1 /var/www/emaparking_dss/vendor/laravel/framework/src/Illuminate/Container/Util.php(41): Illuminate\\Container\\BoundMethod::Illuminate\\Container\\{closure}()
#2 /var/www/emaparking_dss/vendor/laravel/framework/src/Illuminate/Container/BoundMethod.php(93): Illuminate\\Container\\Util::unwrapIfClosure()
#3 /var/www/emaparking_dss/vendor/laravel/framework/src/Illuminate/Container/BoundMethod.php(35): Illuminate\\Container\\BoundMethod::callBoundMethod()
#4 /var/www/emaparking_dss/vendor/laravel/framework/src/Illuminate/Container/Container.php(651): Illuminate\\Container\\BoundMethod::call()
#5 /var/www/emaparking_dss/vendor/laravel/framework/src/Illuminate/Foundation/Application.php(933): Illuminate\\Container\\Container->call()
#6 /var/www/emaparking_dss/vendor/laravel/framework/src/Illuminate/Foundation/Application.php(914): Illuminate\\Foundation\\Application->bootProvider()
#7 [internal function]: Illuminate\\Foundation\\Application->Illuminate\\Foundation\\{closure}()
#8 /var/www/emaparking_dss/vendor/laravel/framework/src/Illuminate/Foundation/Application.php(913): array_walk()
#9 /var/www/emaparking_dss/vendor/laravel/framework/src/Illuminate/Foundation/Bootstrap/BootProviders.php(17): Illuminate\\Foundation\\Application->boot()
#10 /var/www/emaparking_dss/vendor/laravel/framework/src/Illuminate/Foundation/Application.php(242): Illuminate\\Foundation\\Bootstrap\\BootProviders->bootstrap()
#11 /var/www/emaparking_dss/vendor/laravel/framework/src/Illuminate/Foundation/Console/Kernel.php(383): Illuminate\\Foundation\\Application->bootstrapWith()
#12 /var/www/emaparking_dss/vendor/laravel/framework/src/Illuminate/Foundation/Console/Kernel.php(153): Illuminate\\Foundation\\Console\\Kernel->bootstrap()
#13 Command line code(1): Illuminate\\Foundation\\Console\\Kernel->handle()
#14 {main}
"} 
[2025-03-11 18:13:40] local.ERROR: Class "\Themes\BC\ThemeProvider" not found {"exception":"[object] (Error(code: 0): Class \"\\Themes\\BC\\ThemeProvider\" not found at /var/www/emaparking_dss/themes/ThemeServiceProvider.php:23)
[stacktrace]
#0 /var/www/emaparking_dss/vendor/laravel/framework/src/Illuminate/Container/BoundMethod.php(36): Themes\\ThemeServiceProvider->boot()
#1 /var/www/emaparking_dss/vendor/laravel/framework/src/Illuminate/Container/Util.php(41): Illuminate\\Container\\BoundMethod::Illuminate\\Container\\{closure}()
#2 /var/www/emaparking_dss/vendor/laravel/framework/src/Illuminate/Container/BoundMethod.php(93): Illuminate\\Container\\Util::unwrapIfClosure()
#3 /var/www/emaparking_dss/vendor/laravel/framework/src/Illuminate/Container/BoundMethod.php(35): Illuminate\\Container\\BoundMethod::callBoundMethod()
#4 /var/www/emaparking_dss/vendor/laravel/framework/src/Illuminate/Container/Container.php(651): Illuminate\\Container\\BoundMethod::call()
#5 /var/www/emaparking_dss/vendor/laravel/framework/src/Illuminate/Foundation/Application.php(933): Illuminate\\Container\\Container->call()
#6 /var/www/emaparking_dss/vendor/laravel/framework/src/Illuminate/Foundation/Application.php(914): Illuminate\\Foundation\\Application->bootProvider()
#7 [internal function]: Illuminate\\Foundation\\Application->Illuminate\\Foundation\\{closure}()
#8 /var/www/emaparking_dss/vendor/laravel/framework/src/Illuminate/Foundation/Application.php(913): array_walk()
#9 /var/www/emaparking_dss/vendor/laravel/framework/src/Illuminate/Foundation/Bootstrap/BootProviders.php(17): Illuminate\\Foundation\\Application->boot()
#10 /var/www/emaparking_dss/vendor/laravel/framework/src/Illuminate/Foundation/Application.php(242): Illuminate\\Foundation\\Bootstrap\\BootProviders->bootstrap()
#11 /var/www/emaparking_dss/vendor/laravel/framework/src/Illuminate/Foundation/Console/Kernel.php(383): Illuminate\\Foundation\\Application->bootstrapWith()
#12 /var/www/emaparking_dss/vendor/laravel/framework/src/Illuminate/Foundation/Console/Kernel.php(153): Illuminate\\Foundation\\Console\\Kernel->bootstrap()
#13 Command line code(1): Illuminate\\Foundation\\Console\\Kernel->handle()
#14 {main}
"} 
[2025-03-11 18:14:40] local.ERROR: Class "\Themes\BC\ThemeProvider" not found {"exception":"[object] (Error(code: 0): Class \"\\Themes\\BC\\ThemeProvider\" not found at /var/www/emaparking_dss/themes/ThemeServiceProvider.php:23)
[stacktrace]
#0 /var/www/emaparking_dss/vendor/laravel/framework/src/Illuminate/Container/BoundMethod.php(36): Themes\\ThemeServiceProvider->boot()
#1 /var/www/emaparking_dss/vendor/laravel/framework/src/Illuminate/Container/Util.php(41): Illuminate\\Container\\BoundMethod::Illuminate\\Container\\{closure}()
#2 /var/www/emaparking_dss/vendor/laravel/framework/src/Illuminate/Container/BoundMethod.php(93): Illuminate\\Container\\Util::unwrapIfClosure()
#3 /var/www/emaparking_dss/vendor/laravel/framework/src/Illuminate/Container/BoundMethod.php(35): Illuminate\\Container\\BoundMethod::callBoundMethod()
#4 /var/www/emaparking_dss/vendor/laravel/framework/src/Illuminate/Container/Container.php(651): Illuminate\\Container\\BoundMethod::call()
#5 /var/www/emaparking_dss/vendor/laravel/framework/src/Illuminate/Foundation/Application.php(933): Illuminate\\Container\\Container->call()
#6 /var/www/emaparking_dss/vendor/laravel/framework/src/Illuminate/Foundation/Application.php(914): Illuminate\\Foundation\\Application->bootProvider()
#7 [internal function]: Illuminate\\Foundation\\Application->Illuminate\\Foundation\\{closure}()
#8 /var/www/emaparking_dss/vendor/laravel/framework/src/Illuminate/Foundation/Application.php(913): array_walk()
#9 /var/www/emaparking_dss/vendor/laravel/framework/src/Illuminate/Foundation/Bootstrap/BootProviders.php(17): Illuminate\\Foundation\\Application->boot()
#10 /var/www/emaparking_dss/vendor/laravel/framework/src/Illuminate/Foundation/Application.php(242): Illuminate\\Foundation\\Bootstrap\\BootProviders->bootstrap()
#11 /var/www/emaparking_dss/vendor/laravel/framework/src/Illuminate/Foundation/Console/Kernel.php(383): Illuminate\\Foundation\\Application->bootstrapWith()
#12 /var/www/emaparking_dss/vendor/laravel/framework/src/Illuminate/Foundation/Console/Kernel.php(153): Illuminate\\Foundation\\Console\\Kernel->bootstrap()
#13 Command line code(1): Illuminate\\Foundation\\Console\\Kernel->handle()
#14 {main}
"} 
[2025-03-11 18:14:40] local.ERROR: Class "\Themes\BC\ThemeProvider" not found {"exception":"[object] (Error(code: 0): Class \"\\Themes\\BC\\ThemeProvider\" not found at /var/www/emaparking_dss/themes/ThemeServiceProvider.php:23)
[stacktrace]
#0 /var/www/emaparking_dss/vendor/laravel/framework/src/Illuminate/Container/BoundMethod.php(36): Themes\\ThemeServiceProvider->boot()
#1 /var/www/emaparking_dss/vendor/laravel/framework/src/Illuminate/Container/Util.php(41): Illuminate\\Container\\BoundMethod::Illuminate\\Container\\{closure}()
#2 /var/www/emaparking_dss/vendor/laravel/framework/src/Illuminate/Container/BoundMethod.php(93): Illuminate\\Container\\Util::unwrapIfClosure()
#3 /var/www/emaparking_dss/vendor/laravel/framework/src/Illuminate/Container/BoundMethod.php(35): Illuminate\\Container\\BoundMethod::callBoundMethod()
#4 /var/www/emaparking_dss/vendor/laravel/framework/src/Illuminate/Container/Container.php(651): Illuminate\\Container\\BoundMethod::call()
#5 /var/www/emaparking_dss/vendor/laravel/framework/src/Illuminate/Foundation/Application.php(933): Illuminate\\Container\\Container->call()
#6 /var/www/emaparking_dss/vendor/laravel/framework/src/Illuminate/Foundation/Application.php(914): Illuminate\\Foundation\\Application->bootProvider()
#7 [internal function]: Illuminate\\Foundation\\Application->Illuminate\\Foundation\\{closure}()
#8 /var/www/emaparking_dss/vendor/laravel/framework/src/Illuminate/Foundation/Application.php(913): array_walk()
#9 /var/www/emaparking_dss/vendor/laravel/framework/src/Illuminate/Foundation/Bootstrap/BootProviders.php(17): Illuminate\\Foundation\\Application->boot()
#10 /var/www/emaparking_dss/vendor/laravel/framework/src/Illuminate/Foundation/Application.php(242): Illuminate\\Foundation\\Bootstrap\\BootProviders->bootstrap()
#11 /var/www/emaparking_dss/vendor/laravel/framework/src/Illuminate/Foundation/Console/Kernel.php(383): Illuminate\\Foundation\\Application->bootstrapWith()
#12 /var/www/emaparking_dss/vendor/laravel/framework/src/Illuminate/Foundation/Console/Kernel.php(153): Illuminate\\Foundation\\Console\\Kernel->bootstrap()
#13 Command line code(1): Illuminate\\Foundation\\Console\\Kernel->handle()
#14 {main}
"} 
[2025-03-11 18:15:40] local.ERROR: Class "\Themes\BC\ThemeProvider" not found {"exception":"[object] (Error(code: 0): Class \"\\Themes\\BC\\ThemeProvider\" not found at /var/www/emaparking_dss/themes/ThemeServiceProvider.php:23)
[stacktrace]
#0 /var/www/emaparking_dss/vendor/laravel/framework/src/Illuminate/Container/BoundMethod.php(36): Themes\\ThemeServiceProvider->boot()
#1 /var/www/emaparking_dss/vendor/laravel/framework/src/Illuminate/Container/Util.php(41): Illuminate\\Container\\BoundMethod::Illuminate\\Container\\{closure}()
#2 /var/www/emaparking_dss/vendor/laravel/framework/src/Illuminate/Container/BoundMethod.php(93): Illuminate\\Container\\Util::unwrapIfClosure()
#3 /var/www/emaparking_dss/vendor/laravel/framework/src/Illuminate/Container/BoundMethod.php(35): Illuminate\\Container\\BoundMethod::callBoundMethod()
#4 /var/www/emaparking_dss/vendor/laravel/framework/src/Illuminate/Container/Container.php(651): Illuminate\\Container\\BoundMethod::call()
#5 /var/www/emaparking_dss/vendor/laravel/framework/src/Illuminate/Foundation/Application.php(933): Illuminate\\Container\\Container->call()
#6 /var/www/emaparking_dss/vendor/laravel/framework/src/Illuminate/Foundation/Application.php(914): Illuminate\\Foundation\\Application->bootProvider()
#7 [internal function]: Illuminate\\Foundation\\Application->Illuminate\\Foundation\\{closure}()
#8 /var/www/emaparking_dss/vendor/laravel/framework/src/Illuminate/Foundation/Application.php(913): array_walk()
#9 /var/www/emaparking_dss/vendor/laravel/framework/src/Illuminate/Foundation/Bootstrap/BootProviders.php(17): Illuminate\\Foundation\\Application->boot()
#10 /var/www/emaparking_dss/vendor/laravel/framework/src/Illuminate/Foundation/Application.php(242): Illuminate\\Foundation\\Bootstrap\\BootProviders->bootstrap()
#11 /var/www/emaparking_dss/vendor/laravel/framework/src/Illuminate/Foundation/Console/Kernel.php(383): Illuminate\\Foundation\\Application->bootstrapWith()
#12 /var/www/emaparking_dss/vendor/laravel/framework/src/Illuminate/Foundation/Console/Kernel.php(153): Illuminate\\Foundation\\Console\\Kernel->bootstrap()
#13 Command line code(1): Illuminate\\Foundation\\Console\\Kernel->handle()
#14 {main}
"} 
[2025-03-11 18:15:40] local.ERROR: Class "\Themes\BC\ThemeProvider" not found {"exception":"[object] (Error(code: 0): Class \"\\Themes\\BC\\ThemeProvider\" not found at /var/www/emaparking_dss/themes/ThemeServiceProvider.php:23)
[stacktrace]
#0 /var/www/emaparking_dss/vendor/laravel/framework/src/Illuminate/Container/BoundMethod.php(36): Themes\\ThemeServiceProvider->boot()
#1 /var/www/emaparking_dss/vendor/laravel/framework/src/Illuminate/Container/Util.php(41): Illuminate\\Container\\BoundMethod::Illuminate\\Container\\{closure}()
#2 /var/www/emaparking_dss/vendor/laravel/framework/src/Illuminate/Container/BoundMethod.php(93): Illuminate\\Container\\Util::unwrapIfClosure()
#3 /var/www/emaparking_dss/vendor/laravel/framework/src/Illuminate/Container/BoundMethod.php(35): Illuminate\\Container\\BoundMethod::callBoundMethod()
#4 /var/www/emaparking_dss/vendor/laravel/framework/src/Illuminate/Container/Container.php(651): Illuminate\\Container\\BoundMethod::call()
#5 /var/www/emaparking_dss/vendor/laravel/framework/src/Illuminate/Foundation/Application.php(933): Illuminate\\Container\\Container->call()
#6 /var/www/emaparking_dss/vendor/laravel/framework/src/Illuminate/Foundation/Application.php(914): Illuminate\\Foundation\\Application->bootProvider()
#7 [internal function]: Illuminate\\Foundation\\Application->Illuminate\\Foundation\\{closure}()
#8 /var/www/emaparking_dss/vendor/laravel/framework/src/Illuminate/Foundation/Application.php(913): array_walk()
#9 /var/www/emaparking_dss/vendor/laravel/framework/src/Illuminate/Foundation/Bootstrap/BootProviders.php(17): Illuminate\\Foundation\\Application->boot()
#10 /var/www/emaparking_dss/vendor/laravel/framework/src/Illuminate/Foundation/Application.php(242): Illuminate\\Foundation\\Bootstrap\\BootProviders->bootstrap()
#11 /var/www/emaparking_dss/vendor/laravel/framework/src/Illuminate/Foundation/Console/Kernel.php(383): Illuminate\\Foundation\\Application->bootstrapWith()
#12 /var/www/emaparking_dss/vendor/laravel/framework/src/Illuminate/Foundation/Console/Kernel.php(153): Illuminate\\Foundation\\Console\\Kernel->bootstrap()
#13 Command line code(1): Illuminate\\Foundation\\Console\\Kernel->handle()
#14 {main}
"} 
